branch,date,hour,service,booked,no_show
B01,2025-04-02,10,ACCOUNT,1,0
B01,2025-04-02,11,ACCOUNT,2,1
B01,2025-04-02,11,LOAN,2,0
B01,2025-04-02,12,ACCOUNT,2,0
B01,2025-04-02,12,LOAN,2,0
B01,2025-04-02,14,ACCOUNT,1,0
B01,2025-04-02,14,LOAN,2,0
B01,2025-04-02,15,ACCOUNT,1,0
B01,2025-04-02,15,LOAN,2,1
B01,2025-04-03,10,LOAN,2,1
B01,2025-04-03,11,LOAN,2,0
B01,2025-04-03,12,ACCOUNT,3,0
B01,2025-04-03,12,LOAN,1,0
B01,2025-04-03,13,LOAN,1,0
B01,2025-04-03,14,ACCOUNT,2,0
B01,2025-04-03,14,LOAN,1,0
B01,2025-04-03,15,LOAN,2,0
B01,2025-04-04,10,ACCOUNT,1,0
B01,2025-04-04,11,ACCOUNT,1,0
B01,2025-04-04,11,LOAN,1,0
B01,2025-04-04,12,ACCOUNT,1,0
B01,2025-04-04,12,LOAN,3,1
B01,2025-04-04,13,ACCOUNT,1,0
B01,2025-04-04,13,LOAN,6,3
B01,2025-04-04,14,ACCOUNT,2,0
B01,2025-04-04,14,LOAN,1,0
B01,2025-04-04,15,ACCOUNT,1,0
B01,2025-04-04,15,LOAN,3,1
B01,2025-04-05,10,LOAN,1,0
B01,2025-04-05,11,LOAN,2,0
B01,2025-04-05,12,LOAN,5,3
B01,2025-04-05,13,ACCOUNT,2,0
B01,2025-04-05,13,LOAN,1,0
B01,2025-04-05,14,ACCOUNT,2,0
B01,2025-04-05,14,LOAN,2,0
B01,2025-04-05,15,LOAN,1,0
B01,2025-04-07,10,ACCOUNT,1,0
B01,2025-04-07,11,ACCOUNT,1,0
B01,2025-04-07,12,ACCOUNT,3,0
B01,2025-04-07,12,LOAN,1,0
B01,2025-04-07,13,ACCOUNT,1,0
B01,2025-04-07,15,ACCOUNT,1,0
B01,2025-04-07,15,LOAN,1,0
B01,2025-04-08,10,ACCOUNT,3,0
B01,2025-04-08,10,LOAN,2,0
B01,2025-04-08,11,ACCOUNT,4,1
B01,2025-04-08,11,LOAN,2,1
B01,2025-04-08,12,LOAN,2,0
B01,2025-04-08,15,LOAN,2,0
B01,2025-04-09,10,LOAN,1,0
B01,2025-04-09,11,ACCOUNT,2,1
B01,2025-04-09,12,ACCOUNT,1,0
B01,2025-04-09,12,LOAN,2,1
B01,2025-04-09,13,LOAN,1,0
B01,2025-04-09,14,ACCOUNT,3,1
B01,2025-04-09,15,LOAN,2,1
B01,2025-04-11,11,ACCOUNT,1,0
B01,2025-04-11,11,LOAN,1,0
B01,2025-04-11,12,ACCOUNT,1,0
B01,2025-04-11,12,LOAN,5,1
B01,2025-04-11,13,ACCOUNT,1,0
B01,2025-04-11,13,LOAN,8,4
B01,2025-04-11,14,ACCOUNT,1,0
B01,2025-04-11,14,LOAN,3,0
B01,2025-04-15,10,ACCOUNT,1,0
B01,2025-04-15,11,ACCOUNT,4,1
B01,2025-04-15,12,LOAN,1,0
B01,2025-04-15,13,ACCOUNT,2,0
B01,2025-04-15,13,LOAN,1,0
B01,2025-04-15,14,ACCOUNT,1,0
B01,2025-04-15,14,LOAN,2,1
B01,2025-04-15,15,ACCOUNT,3,1
B01,2025-04-15,15,LOAN,3,0
B01,2025-04-16,10,LOAN,1,0
B01,2025-04-16,12,LOAN,2,1
B01,2025-04-16,13,LOAN,1,0
B01,2025-04-16,14,ACCOUNT,1,0
B01,2025-04-16,14,LOAN,2,0
B01,2025-04-16,15,ACCOUNT,2,1
B01,2025-04-16,15,LOAN,1,0
B01,2025-04-17,10,ACCOUNT,2,0
B01,2025-04-17,11,ACCOUNT,2,0
B01,2025-04-17,12,ACCOUNT,1,0
B01,2025-04-17,13,LOAN,3,2
B01,2025-04-17,14,ACCOUNT,1,0
B01,2025-04-17,15,ACCOUNT,1,0
B01,2025-04-17,15,LOAN,2,1
B01,2025-04-19,10,ACCOUNT,1,0
B01,2025-04-19,10,LOAN,1,0
B01,2025-04-19,11,LOAN,1,0
B01,2025-04-19,12,ACCOUNT,2,1
B01,2025-04-19,12,LOAN,2,0
B01,2025-04-19,13,ACCOUNT,4,1
B01,2025-04-19,14,LOAN,1,0
B01,2025-04-19,15,LOAN,2,0
B01,2025-04-21,10,ACCOUNT,2,0
B01,2025-04-21,10,LOAN,1,0
B01,2025-04-21,11,ACCOUNT,1,0
B01,2025-04-21,11,LOAN,5,1
B01,2025-04-21,12,LOAN,2,0
B01,2025-04-21,13,ACCOUNT,1,0
B01,2025-04-21,13,LOAN,2,0
B01,2025-04-21,14,LOAN,2,0
B01,2025-04-21,15,LOAN,1,0
B01,2025-04-22,10,ACCOUNT,3,0
B01,2025-04-22,10,LOAN,2,0
B01,2025-04-22,11,ACCOUNT,1,0
B01,2025-04-22,11,LOAN,1,0
B01,2025-04-22,12,LOAN,3,1
B01,2025-04-22,13,ACCOUNT,4,1
B01,2025-04-22,13,LOAN,1,0
B01,2025-04-22,14,LOAN,1,0
B01,2025-04-22,15,LOAN,1,0
B01,2025-04-23,10,ACCOUNT,1,0
B01,2025-04-23,10,LOAN,1,0
B01,2025-04-23,11,ACCOUNT,1,0
B01,2025-04-23,11,LOAN,4,1
B01,2025-04-23,12,LOAN,3,0
B01,2025-04-23,14,ACCOUNT,1,0
B01,2025-04-24,10,LOAN,2,0
B01,2025-04-24,11,ACCOUNT,1,0
B01,2025-04-24,11,LOAN,3,1
B01,2025-04-24,12,ACCOUNT,1,0
B01,2025-04-24,12,LOAN,2,1
B01,2025-04-24,13,LOAN,1,0
B01,2025-04-24,14,LOAN,2,0
B01,2025-04-24,15,ACCOUNT,1,0
B01,2025-04-24,15,LOAN,2,0
B01,2025-04-25,10,ACCOUNT,3,1
B01,2025-04-25,10,LOAN,3,0
B01,2025-04-25,11,ACCOUNT,1,0
B01,2025-04-25,11,LOAN,3,1
B01,2025-04-25,12,ACCOUNT,1,0
B01,2025-04-25,12,LOAN,1,0
B01,2025-04-25,13,LOAN,1,0
B01,2025-04-25,14,ACCOUNT,2,0
B01,2025-04-25,14,LOAN,1,0
B01,2025-04-25,15,ACCOUNT,1,0
B01,2025-04-28,10,LOAN,1,0
B01,2025-04-28,11,LOAN,2,1
B01,2025-04-28,12,LOAN,1,0
B01,2025-04-28,13,LOAN,1,0
B01,2025-04-28,14,LOAN,1,0
B01,2025-04-28,15,ACCOUNT,2,1
B01,2025-04-28,15,LOAN,1,0
B01,2025-04-29,10,ACCOUNT,1,0
B01,2025-04-29,11,ACCOUNT,1,0
B01,2025-04-29,11,LOAN,2,0
B01,2025-04-29,13,LOAN,1,0
B01,2025-04-29,14,LOAN,1,0
B01,2025-04-29,15,ACCOUNT,1,0
B01,2025-05-02,11,ACCOUNT,1,0
B01,2025-05-02,11,LOAN,3,0
B01,2025-05-02,12,ACCOUNT,2,0
B01,2025-05-02,12,LOAN,7,3
B01,2025-05-02,13,ACCOUNT,5,1
B01,2025-05-02,13,LOAN,1,0
B01,2025-05-02,14,ACCOUNT,2,0
B01,2025-05-02,14,LOAN,1,0
B01,2025-05-02,15,ACCOUNT,2,0
B01,2025-05-02,15,LOAN,3,1
B01,2025-05-03,10,ACCOUNT,1,0
B01,2025-05-03,10,LOAN,3,1
B01,2025-05-03,11,ACCOUNT,1,0
B01,2025-05-03,11,LOAN,2,0
B01,2025-05-03,12,LOAN,4,0
B01,2025-05-03,14,LOAN,4,1
B01,2025-05-03,15,LOAN,3,1
B01,2025-05-05,10,LOAN,2,1
B01,2025-05-05,11,LOAN,2,0
B01,2025-05-05,12,ACCOUNT,1,0
B01,2025-05-05,12,LOAN,1,0
B01,2025-05-05,13,LOAN,1,0
B01,2025-05-05,14,ACCOUNT,3,1
B01,2025-05-05,15,LOAN,2,0
B01,2025-05-06,10,ACCOUNT,1,0
B01,2025-05-06,10,LOAN,1,0
B01,2025-05-06,11,ACCOUNT,2,0
B01,2025-05-06,11,LOAN,5,2
B01,2025-05-06,12,ACCOUNT,1,0
B01,2025-05-06,12,LOAN,5,2
B01,2025-05-06,13,LOAN,1,0
B01,2025-05-06,15,ACCOUNT,2,0
B01,2025-05-06,15,LOAN,2,0
B01,2025-05-07,10,ACCOUNT,1,0
B01,2025-05-07,11,ACCOUNT,3,1
B01,2025-05-07,11,LOAN,1,0
B01,2025-05-07,12,ACCOUNT,1,0
B01,2025-05-07,13,ACCOUNT,1,0
B01,2025-05-07,13,LOAN,3,1
B01,2025-05-07,14,ACCOUNT,2,1
B01,2025-05-07,14,LOAN,1,0
B01,2025-05-07,15,LOAN,1,0
B01,2025-05-08,10,ACCOUNT,1,0
B01,2025-05-08,10,LOAN,1,0
B01,2025-05-08,11,ACCOUNT,3,2
B01,2025-05-08,11,LOAN,2,0
B01,2025-05-08,12,LOAN,1,0
B01,2025-05-08,13,ACCOUNT,2,0
B01,2025-05-08,14,ACCOUNT,1,0
B01,2025-05-08,14,LOAN,2,1
B01,2025-05-09,10,ACCOUNT,3,1
B01,2025-05-09,10,LOAN,4,0
B01,2025-05-09,11,ACCOUNT,3,1
B01,2025-05-09,11,LOAN,2,0
B01,2025-05-09,12,LOAN,3,1
B01,2025-05-09,14,ACCOUNT,2,1
B01,2025-05-09,14,LOAN,1,0
B01,2025-05-09,15,LOAN,4,2
B01,2025-05-12,10,ACCOUNT,3,1
B01,2025-05-12,11,LOAN,2,1
B01,2025-05-12,12,LOAN,2,0
B01,2025-05-12,13,ACCOUNT,2,0
B01,2025-05-12,14,ACCOUNT,1,0
B01,2025-05-12,15,ACCOUNT,2,1
B01,2025-05-12,15,LOAN,1,0
B01,2025-05-13,10,ACCOUNT,3,1
B01,2025-05-13,10,LOAN,1,0
B01,2025-05-13,11,ACCOUNT,2,0
B01,2025-05-13,12,ACCOUNT,1,0
B01,2025-05-13,12,LOAN,1,0
B01,2025-05-13,13,ACCOUNT,1,0
B01,2025-05-13,13,LOAN,3,0
B01,2025-05-13,14,ACCOUNT,2,1
B01,2025-05-13,14,LOAN,2,1
B01,2025-05-13,15,ACCOUNT,1,0
B01,2025-05-13,15,LOAN,1,0
B01,2025-05-14,10,ACCOUNT,1,0
B01,2025-05-14,10,LOAN,3,1
B01,2025-05-14,11,ACCOUNT,2,0
B01,2025-05-14,13,ACCOUNT,2,0
B01,2025-05-14,14,ACCOUNT,2,0
B01,2025-05-14,14,LOAN,2,1
B01,2025-05-14,15,ACCOUNT,4,1
B01,2025-05-14,15,LOAN,1,0
B01,2025-05-15,10,ACCOUNT,1,0
B01,2025-05-15,10,LOAN,1,0
B01,2025-05-15,11,LOAN,3,1
B01,2025-05-15,12,LOAN,3,0
B01,2025-05-15,14,ACCOUNT,1,0
B01,2025-05-15,14,LOAN,1,0
B01,2025-05-15,15,ACCOUNT,2,1
B01,2025-05-15,15,LOAN,1,0
B01,2025-05-16,10,ACCOUNT,3,1
B01,2025-05-16,10,LOAN,2,0
B01,2025-05-16,11,LOAN,1,0
B01,2025-05-16,12,ACCOUNT,2,0
B01,2025-05-16,12,LOAN,5,2
B01,2025-05-16,13,ACCOUNT,1,0
B01,2025-05-16,15,ACCOUNT,1,0
B01,2025-05-16,15,LOAN,2,1
B01,2025-05-17,10,ACCOUNT,1,0
B01,2025-05-17,10,LOAN,2,0
B01,2025-05-17,11,LOAN,4,0
B01,2025-05-17,12,ACCOUNT,2,1
B01,2025-05-17,12,LOAN,4,2
B01,2025-05-17,13,ACCOUNT,1,0
B01,2025-05-17,14,ACCOUNT,2,1
B01,2025-05-17,14,LOAN,1,0
B01,2025-05-17,15,LOAN,1,0
B01,2025-05-19,10,ACCOUNT,1,0
B01,2025-05-19,10,LOAN,3,0
B01,2025-05-19,11,LOAN,5,2
B01,2025-05-19,12,ACCOUNT,2,0
B01,2025-05-19,12,LOAN,2,0
B01,2025-05-19,14,LOAN,1,0
B01,2025-05-19,15,ACCOUNT,1,0
B01,2025-05-19,15,LOAN,1,0
B01,2025-05-20,10,ACCOUNT,2,1
B01,2025-05-20,10,LOAN,1,0
B01,2025-05-20,11,ACCOUNT,4,1
B01,2025-05-20,11,LOAN,1,0
B01,2025-05-20,12,ACCOUNT,1,0
B01,2025-05-20,12,LOAN,2,0
B01,2025-05-20,13,LOAN,3,1
B01,2025-05-20,14,LOAN,2,0
B01,2025-05-20,15,LOAN,2,0
B01,2025-05-21,10,ACCOUNT,2,1
B01,2025-05-21,10,LOAN,1,0
B01,2025-05-21,11,ACCOUNT,2,0
B01,2025-05-21,13,LOAN,1,0
B01,2025-05-21,14,ACCOUNT,3,1
B01,2025-05-21,14,LOAN,3,1
B01,2025-05-21,15,ACCOUNT,1,0
B01,2025-05-21,15,LOAN,4,1
B01,2025-05-22,10,ACCOUNT,1,0
B01,2025-05-22,11,ACCOUNT,1,0
B01,2025-05-22,12,LOAN,3,1
B01,2025-05-22,13,LOAN,1,0
B01,2025-05-22,14,ACCOUNT,1,0
B01,2025-05-22,14,LOAN,2,1
B01,2025-05-22,15,LOAN,2,1
B01,2025-05-23,10,LOAN,1,0
B01,2025-05-23,11,ACCOUNT,3,1
B01,2025-05-23,11,LOAN,1,0
B01,2025-05-23,12,ACCOUNT,3,0
B01,2025-05-23,12,LOAN,1,0
B01,2025-05-23,13,LOAN,1,0
B01,2025-05-23,14,ACCOUNT,1,0
B01,2025-05-23,14,LOAN,6,2
B01,2025-05-23,15,LOAN,1,0
B01,2025-05-26,10,LOAN,1,0
B01,2025-05-26,11,LOAN,5,1
B01,2025-05-26,12,ACCOUNT,1,0
B01,2025-05-26,12,LOAN,3,0
B01,2025-05-26,13,ACCOUNT,1,0
B01,2025-05-26,13,LOAN,3,1
B01,2025-05-26,14,LOAN,3,0
B01,2025-05-26,15,LOAN,2,0
B01,2025-05-27,10,LOAN,2,0
B01,2025-05-27,11,LOAN,3,1
B01,2025-05-27,12,ACCOUNT,1,0
B01,2025-05-27,12,LOAN,2,0
B01,2025-05-27,13,LOAN,1,0
B01,2025-05-27,14,ACCOUNT,2,0
B01,2025-05-27,14,LOAN,1,0
B01,2025-05-27,15,LOAN,1,0
B01,2025-05-28,10,ACCOUNT,3,1
B01,2025-05-28,10,LOAN,2,1
B01,2025-05-28,11,ACCOUNT,1,0
B01,2025-05-28,12,ACCOUNT,1,0
B01,2025-05-28,13,ACCOUNT,1,0
B01,2025-05-28,13,LOAN,2,0
B01,2025-05-28,14,LOAN,1,0
B01,2025-05-28,15,LOAN,3,1
B01,2025-05-29,10,ACCOUNT,1,0
B01,2025-05-29,10,LOAN,2,0
B01,2025-05-29,11,ACCOUNT,3,1
B01,2025-05-29,12,LOAN,1,0
B01,2025-05-29,13,LOAN,2,0
B01,2025-05-29,14,ACCOUNT,1,0
B01,2025-05-29,14,LOAN,3,1
B01,2025-05-30,10,ACCOUNT,1,0
B01,2025-05-30,10,LOAN,1,0
B01,2025-05-30,11,LOAN,1,0
B01,2025-05-30,12,LOAN,3,0
B01,2025-05-30,13,LOAN,5,2
B01,2025-05-30,14,LOAN,3,0
B01,2025-05-30,15,ACCOUNT,3,0
B01,2025-05-30,15,LOAN,1,0
B01,2025-05-31,10,LOAN,2,0
B01,2025-05-31,11,ACCOUNT,1,0
B01,2025-05-31,11,LOAN,6,2
B01,2025-05-31,12,LOAN,1,0
B01,2025-05-31,14,LOAN,1,0
B01,2025-06-02,10,ACCOUNT,1,0
B01,2025-06-02,10,LOAN,4,0
B01,2025-06-02,11,ACCOUNT,1,0
B01,2025-06-02,11,LOAN,3,0
B01,2025-06-02,12,LOAN,2,0
B01,2025-06-02,13,LOAN,3,1
B01,2025-06-02,14,ACCOUNT,2,1
B01,2025-06-02,14,LOAN,2,1
B01,2025-06-02,15,LOAN,1,0
B01,2025-06-03,10,ACCOUNT,1,0
B01,2025-06-03,11,LOAN,2,1
B01,2025-06-03,12,ACCOUNT,1,0
B01,2025-06-03,12,LOAN,5,1
B01,2025-06-03,13,ACCOUNT,1,0
B01,2025-06-03,14,LOAN,3,1
B01,2025-06-04,10,ACCOUNT,3,2
B01,2025-06-04,10,LOAN,2,0
B01,2025-06-04,11,LOAN,2,0
B01,2025-06-04,12,LOAN,1,0
B01,2025-06-04,13,ACCOUNT,1,0
B01,2025-06-04,15,ACCOUNT,1,0
B01,2025-06-05,10,ACCOUNT,2,0
B01,2025-06-05,11,LOAN,1,0
B01,2025-06-05,12,LOAN,2,0
B01,2025-06-05,13,LOAN,1,0
B01,2025-06-05,14,ACCOUNT,2,0
B01,2025-06-05,14,LOAN,2,0
B01,2025-06-06,10,ACCOUNT,1,0
B01,2025-06-06,10,LOAN,3,1
B01,2025-06-06,11,ACCOUNT,1,0
B01,2025-06-06,11,LOAN,5,1
B01,2025-06-06,12,ACCOUNT,2,1
B01,2025-06-06,13,LOAN,4,1
B01,2025-06-06,14,LOAN,3,2
B01,2025-06-09,11,ACCOUNT,3,1
B01,2025-06-09,11,LOAN,4,2
B01,2025-06-09,12,ACCOUNT,2,0
B01,2025-06-09,12,LOAN,2,0
B01,2025-06-09,14,ACCOUNT,4,1
B01,2025-06-09,14,LOAN,5,1
B01,2025-06-09,15,LOAN,1,0
B01,2025-06-10,11,LOAN,3,1
B01,2025-06-10,13,LOAN,3,1
B01,2025-06-10,14,LOAN,4,1
B01,2025-06-10,15,ACCOUNT,1,0
B01,2025-06-11,10,ACCOUNT,1,0
B01,2025-06-11,10,LOAN,3,1
B01,2025-06-11,11,LOAN,2,1
B01,2025-06-11,13,ACCOUNT,1,0
B01,2025-06-11,14,LOAN,2,1
B01,2025-06-11,15,LOAN,1,0
B01,2025-06-12,11,ACCOUNT,3,0
B01,2025-06-12,11,LOAN,2,1
B01,2025-06-12,12,ACCOUNT,2,0
B01,2025-06-12,14,ACCOUNT,1,0
B01,2025-06-12,14,LOAN,1,0
B01,2025-06-13,10,LOAN,1,0
B01,2025-06-13,11,ACCOUNT,5,1
B01,2025-06-13,11,LOAN,2,1
B01,2025-06-13,12,LOAN,2,0
B01,2025-06-13,13,ACCOUNT,2,1
B01,2025-06-13,13,LOAN,1,0
B01,2025-06-13,14,LOAN,5,1
B01,2025-06-13,15,ACCOUNT,1,0
B01,2025-06-16,10,LOAN,1,0
B01,2025-06-16,11,ACCOUNT,2,0
B01,2025-06-16,11,LOAN,1,0
B01,2025-06-16,12,LOAN,1,0
B01,2025-06-16,13,ACCOUNT,2,1
B01,2025-06-16,13,LOAN,1,0
B01,2025-06-16,14,ACCOUNT,2,0
B01,2025-06-16,14,LOAN,1,0
B01,2025-06-16,15,LOAN,1,0
B01,2025-06-17,11,LOAN,2,0
B01,2025-06-17,12,LOAN,1,0
B01,2025-06-17,13,ACCOUNT,1,0
B01,2025-06-17,13,LOAN,1,0
B01,2025-06-17,14,ACCOUNT,1,0
B01,2025-06-17,14,LOAN,3,0
B01,2025-06-18,10,LOAN,1,0
B01,2025-06-18,12,ACCOUNT,2,0
B01,2025-06-18,12,LOAN,3,1
B01,2025-06-18,13,LOAN,1,0
B01,2025-06-18,15,LOAN,4,0
B01,2025-06-19,10,LOAN,1,0
B01,2025-06-19,11,ACCOUNT,6,2
B01,2025-06-19,11,LOAN,1,0
B01,2025-06-19,12,LOAN,3,1
B01,2025-06-19,14,ACCOUNT,2,0
B01,2025-06-19,14,LOAN,1,0
B01,2025-06-19,15,ACCOUNT,1,0
B01,2025-06-20,10,ACCOUNT,1,0
B01,2025-06-20,10,LOAN,1,0
B01,2025-06-20,11,ACCOUNT,1,0
B01,2025-06-20,13,LOAN,2,1
B01,2025-06-20,14,ACCOUNT,1,0
B01,2025-06-20,14,LOAN,4,1
B01,2025-06-20,15,ACCOUNT,1,0
B01,2025-06-20,15,LOAN,1,0
B01,2025-06-21,10,ACCOUNT,2,1
B01,2025-06-21,11,LOAN,1,0
B01,2025-06-21,12,LOAN,2,1
B01,2025-06-21,13,ACCOUNT,1,0
B01,2025-06-21,13,LOAN,1,0
B01,2025-06-21,14,LOAN,2,0
B01,2025-06-21,15,LOAN,1,0
B01,2025-06-23,10,ACCOUNT,4,1
B01,2025-06-23,10,LOAN,2,0
B01,2025-06-23,11,ACCOUNT,2,0
B01,2025-06-23,11,LOAN,2,0
B01,2025-06-23,12,ACCOUNT,3,1
B01,2025-06-23,12,LOAN,1,0
B01,2025-06-23,13,ACCOUNT,3,0
B01,2025-06-23,14,LOAN,2,1
B01,2025-06-23,15,LOAN,5,1
B01,2025-06-24,10,ACCOUNT,2,1
B01,2025-06-24,10,LOAN,1,0
B01,2025-06-24,11,LOAN,1,0
B01,2025-06-24,12,ACCOUNT,2,0
B01,2025-06-24,12,LOAN,2,0
B01,2025-06-24,13,ACCOUNT,1,0
B01,2025-06-24,13,LOAN,1,0
B01,2025-06-24,15,LOAN,1,0
B01,2025-06-25,10,LOAN,1,0
B01,2025-06-25,11,ACCOUNT,1,0
B01,2025-06-25,11,LOAN,4,2
B01,2025-06-25,12,LOAN,2,1
B01,2025-06-25,13,ACCOUNT,1,0
B01,2025-06-25,13,LOAN,1,0
B01,2025-06-25,14,ACCOUNT,1,0
B01,2025-06-25,14,LOAN,1,0
B01,2025-06-25,15,ACCOUNT,1,0
B01,2025-06-26,10,ACCOUNT,2,0
B01,2025-06-26,11,ACCOUNT,1,0
B01,2025-06-26,11,LOAN,3,1
B01,2025-06-26,13,ACCOUNT,3,1
B01,2025-06-26,14,ACCOUNT,2,0
B01,2025-06-26,14,LOAN,1,0
B01,2025-06-26,15,LOAN,5,2
B01,2025-06-27,10,LOAN,1,0
B01,2025-06-27,11,ACCOUNT,2,1
B01,2025-06-27,11,LOAN,1,0
B01,2025-06-27,12,ACCOUNT,1,0
B01,2025-06-27,12,LOAN,2,0
B01,2025-06-27,13,LOAN,4,2
B01,2025-06-27,14,LOAN,2,0
B01,2025-06-27,15,LOAN,1,0
B01,2025-06-30,10,ACCOUNT,2,1
B01,2025-06-30,10,LOAN,3,1
B01,2025-06-30,11,LOAN,4,0
B01,2025-06-30,12,ACCOUNT,6,2
B01,2025-06-30,12,LOAN,5,2
B01,2025-06-30,13,ACCOUNT,1,0
B01,2025-06-30,13,LOAN,4,1
B01,2025-06-30,14,LOAN,3,0
B01,2025-06-30,15,ACCOUNT,2,0
B01,2025-06-30,15,LOAN,1,0
B01,2025-07-01,11,ACCOUNT,3,1
B01,2025-07-01,11,LOAN,2,0
B01,2025-07-01,13,ACCOUNT,1,0
B01,2025-07-01,14,ACCOUNT,2,1
B01,2025-07-01,14,LOAN,1,0
B01,2025-07-01,15,ACCOUNT,3,2
B01,2025-07-02,10,ACCOUNT,1,0
B01,2025-07-02,10,LOAN,2,1
B01,2025-07-02,11,ACCOUNT,1,0
B01,2025-07-02,11,LOAN,1,0
B01,2025-07-02,15,LOAN,8,2
B01,2025-07-03,11,ACCOUNT,1,0
B01,2025-07-03,11,LOAN,4,1
B01,2025-07-03,12,LOAN,3,0
B01,2025-07-03,13,LOAN,1,0
B01,2025-07-03,14,ACCOUNT,2,1
B01,2025-07-03,14,LOAN,2,0
B01,2025-07-03,15,ACCOUNT,2,0
B01,2025-07-04,10,LOAN,1,0
B01,2025-07-04,11,ACCOUNT,2,0
B01,2025-07-04,11,LOAN,4,1
B01,2025-07-04,12,ACCOUNT,1,0
B01,2025-07-04,13,LOAN,2,1
B01,2025-07-04,14,LOAN,1,0
B01,2025-07-05,10,ACCOUNT,1,0
B01,2025-07-05,10,LOAN,2,1
B01,2025-07-05,11,ACCOUNT,1,0
B01,2025-07-05,11,LOAN,3,0
B01,2025-07-05,14,ACCOUNT,1,0
B01,2025-07-05,14,LOAN,2,1
B01,2025-07-07,10,ACCOUNT,1,0
B01,2025-07-07,10,LOAN,1,0
B01,2025-07-07,11,ACCOUNT,4,2
B01,2025-07-07,11,LOAN,1,0
B01,2025-07-07,12,ACCOUNT,3,1
B01,2025-07-07,12,LOAN,5,1
B01,2025-07-07,13,ACCOUNT,1,0
B01,2025-07-07,14,LOAN,1,0
B01,2025-07-07,15,ACCOUNT,1,0
B01,2025-07-07,15,LOAN,3,1
B01,2025-07-08,10,LOAN,1,0
B01,2025-07-08,11,LOAN,4,0
B01,2025-07-08,12,ACCOUNT,2,0
B01,2025-07-08,12,LOAN,4,0
B01,2025-07-08,14,ACCOUNT,1,0
B01,2025-07-08,14,LOAN,2,0
B01,2025-07-09,10,LOAN,1,0
B01,2025-07-09,11,ACCOUNT,1,0
B01,2025-07-09,11,LOAN,4,0
B01,2025-07-09,13,LOAN,3,1
B01,2025-07-10,11,ACCOUNT,1,0
B01,2025-07-10,12,LOAN,2,0
B01,2025-07-10,15,ACCOUNT,1,0
B01,2025-07-11,10,ACCOUNT,1,0
B01,2025-07-11,10,LOAN,1,0
B01,2025-07-11,12,ACCOUNT,1,0
B01,2025-07-11,12,LOAN,1,0
B01,2025-07-11,13,ACCOUNT,1,0
B01,2025-07-11,14,ACCOUNT,1,0
B01,2025-07-11,14,LOAN,6,1
B01,2025-07-11,15,LOAN,1,0
B01,2025-07-14,10,LOAN,5,2
B01,2025-07-14,11,ACCOUNT,1,0
B01,2025-07-14,11,LOAN,4,0
B01,2025-07-14,12,ACCOUNT,3,0
B01,2025-07-14,12,LOAN,2,0
B01,2025-07-14,14,LOAN,3,1
B01,2025-07-14,15,LOAN,3,2
B01,2025-07-15,10,ACCOUNT,1,0
B01,2025-07-15,10,LOAN,3,0
B01,2025-07-15,11,ACCOUNT,2,0
B01,2025-07-15,13,LOAN,2,1
B01,2025-07-15,14,ACCOUNT,1,0
B01,2025-07-15,14,LOAN,2,1
B01,2025-07-15,15,ACCOUNT,1,0
B01,2025-07-15,15,LOAN,1,0
B01,2025-07-16,10,LOAN,1,0
B01,2025-07-16,11,ACCOUNT,1,0
B01,2025-07-16,11,LOAN,3,1
B01,2025-07-16,12,LOAN,3,1
B01,2025-07-16,13,LOAN,1,0
B01,2025-07-16,14,LOAN,1,0
B01,2025-07-16,15,ACCOUNT,1,0
B01,2025-07-17,10,LOAN,2,0
B01,2025-07-17,12,ACCOUNT,2,0
B01,2025-07-17,12,LOAN,2,0
B01,2025-07-17,13,ACCOUNT,2,1
B01,2025-07-17,14,LOAN,2,0
B01,2025-07-17,15,LOAN,1,0
B01,2025-07-18,10,LOAN,2,1
B01,2025-07-18,11,ACCOUNT,1,0
B01,2025-07-18,13,LOAN,4,2
B01,2025-07-18,14,ACCOUNT,1,0
B01,2025-07-18,14,LOAN,3,0
B01,2025-07-19,10,ACCOUNT,3,1
B01,2025-07-19,10,LOAN,3,0
B01,2025-07-19,11,ACCOUNT,2,0
B01,2025-07-19,11,LOAN,2,0
B01,2025-07-19,12,ACCOUNT,2,1
B01,2025-07-19,12,LOAN,2,0
B01,2025-07-19,14,LOAN,4,1
B01,2025-07-19,15,LOAN,1,0
B01,2025-07-21,10,LOAN,3,0
B01,2025-07-21,11,ACCOUNT,1,0
B01,2025-07-21,11,LOAN,2,0
B01,2025-07-21,12,ACCOUNT,1,0
B01,2025-07-21,12,LOAN,1,0
B01,2025-07-21,13,LOAN,1,0
B01,2025-07-21,15,LOAN,1,0
B01,2025-07-22,11,ACCOUNT,2,1
B01,2025-07-22,11,LOAN,1,0
B01,2025-07-22,12,ACCOUNT,1,0
B01,2025-07-22,13,LOAN,1,0
B01,2025-07-23,10,LOAN,1,0
B01,2025-07-23,11,ACCOUNT,3,1
B01,2025-07-23,12,ACCOUNT,1,0
B01,2025-07-23,13,LOAN,1,0
B01,2025-07-23,14,LOAN,2,0
B01,2025-07-23,15,LOAN,2,0
B01,2025-07-24,11,ACCOUNT,2,0
B01,2025-07-24,11,LOAN,1,0
B01,2025-07-24,12,ACCOUNT,2,1
B01,2025-07-24,12,LOAN,1,0
B01,2025-07-24,13,ACCOUNT,1,0
B01,2025-07-24,13,LOAN,2,1
B01,2025-07-24,14,LOAN,1,0
B01,2025-07-24,15,ACCOUNT,2,1
B01,2025-07-25,10,LOAN,2,0
B01,2025-07-25,11,ACCOUNT,2,1
B01,2025-07-25,11,LOAN,3,0
B01,2025-07-25,13,ACCOUNT,7,1
B01,2025-07-25,13,LOAN,4,1
B01,2025-07-25,14,ACCOUNT,1,0
B01,2025-07-25,14,LOAN,2,1
B01,2025-07-28,10,ACCOUNT,2,0
B01,2025-07-28,10,LOAN,1,0
B01,2025-07-28,11,LOAN,6,2
B01,2025-07-28,12,ACCOUNT,5,1
B01,2025-07-28,12,LOAN,2,0
B01,2025-07-28,13,ACCOUNT,1,0
B01,2025-07-28,13,LOAN,1,0
B01,2025-07-28,14,ACCOUNT,1,0
B01,2025-07-28,14,LOAN,3,0
B01,2025-07-28,15,ACCOUNT,1,0
B01,2025-07-28,15,LOAN,2,0
B01,2025-07-29,12,ACCOUNT,1,0
B01,2025-07-29,12,LOAN,3,0
B01,2025-07-29,13,ACCOUNT,1,0
B01,2025-07-29,14,ACCOUNT,2,1
B01,2025-07-29,14,LOAN,2,1
B01,2025-07-30,10,ACCOUNT,8,2
B01,2025-07-30,12,ACCOUNT,3,1
B01,2025-07-30,12,LOAN,1,0
B01,2025-07-30,13,ACCOUNT,1,0
B01,2025-07-30,14,ACCOUNT,2,1
B01,2025-07-30,14,LOAN,2,0
B01,2025-07-30,15,LOAN,2,0
B01,2025-07-31,10,ACCOUNT,1,0
B01,2025-07-31,11,ACCOUNT,1,0
B01,2025-07-31,12,ACCOUNT,1,0
B01,2025-07-31,12,LOAN,3,1
B01,2025-07-31,14,LOAN,3,0
B01,2025-07-31,15,LOAN,2,1
B01,2025-08-01,10,LOAN,3,2
B01,2025-08-01,12,LOAN,1,0
B01,2025-08-01,13,LOAN,1,0
B01,2025-08-01,14,LOAN,1,0
B01,2025-08-02,10,ACCOUNT,3,1
B01,2025-08-02,10,LOAN,2,1
B01,2025-08-02,11,LOAN,4,2
B01,2025-08-02,12,ACCOUNT,2,1
B01,2025-08-02,13,ACCOUNT,1,0
B01,2025-08-02,13,LOAN,1,0
B01,2025-08-02,14,ACCOUNT,3,0
B01,2025-08-02,14,LOAN,3,0
B01,2025-08-02,15,ACCOUNT,3,1
B01,2025-08-04,10,LOAN,2,1
B01,2025-08-04,11,LOAN,1,0
B01,2025-08-04,12,LOAN,2,1
B01,2025-08-04,13,ACCOUNT,1,0
B01,2025-08-04,14,ACCOUNT,1,0
B01,2025-08-04,14,LOAN,3,1
B01,2025-08-04,15,ACCOUNT,1,0
B01,2025-08-05,10,LOAN,2,0
B01,2025-08-05,11,LOAN,2,0
B01,2025-08-05,12,LOAN,2,1
B01,2025-08-05,14,ACCOUNT,1,0
B01,2025-08-05,15,ACCOUNT,1,0
B01,2025-08-05,15,LOAN,2,0
B01,2025-08-06,10,LOAN,2,1
B01,2025-08-06,11,LOAN,1,0
B01,2025-08-06,12,LOAN,2,0
B01,2025-08-06,13,LOAN,4,1
B01,2025-08-06,14,ACCOUNT,3,0
B01,2025-08-06,14,LOAN,2,0
B01,2025-08-07,10,LOAN,1,0
B01,2025-08-07,11,LOAN,2,0
B01,2025-08-07,12,ACCOUNT,1,0
B01,2025-08-07,12,LOAN,3,0
B01,2025-08-07,13,LOAN,2,0
B01,2025-08-07,15,LOAN,4,1
B01,2025-08-11,10,ACCOUNT,1,0
B01,2025-08-11,10,LOAN,6,3
B01,2025-08-11,11,ACCOUNT,3,1
B01,2025-08-11,11,LOAN,3,1
B01,2025-08-11,12,LOAN,2,0
B01,2025-08-11,13,ACCOUNT,1,0
B01,2025-08-11,13,LOAN,8,3
B01,2025-08-11,14,ACCOUNT,1,0
B01,2025-08-11,14,LOAN,2,0
B01,2025-08-11,15,LOAN,2,0
B01,2025-08-12,10,ACCOUNT,2,0
B01,2025-08-12,10,LOAN,2,0
B01,2025-08-12,11,ACCOUNT,3,0
B01,2025-08-12,12,ACCOUNT,1,0
B01,2025-08-12,12,LOAN,4,2
B01,2025-08-12,13,LOAN,1,0
B01,2025-08-12,15,ACCOUNT,1,0
B01,2025-08-12,15,LOAN,1,0
B01,2025-08-13,10,ACCOUNT,2,0
B01,2025-08-13,10,LOAN,2,1
B01,2025-08-13,11,ACCOUNT,2,0
B01,2025-08-13,13,LOAN,1,0
B01,2025-08-13,15,LOAN,1,0
B01,2025-08-14,10,LOAN,2,0
B01,2025-08-14,12,ACCOUNT,1,0
B01,2025-08-14,13,LOAN,4,0
B01,2025-08-14,14,LOAN,2,1
B01,2025-08-14,15,ACCOUNT,1,0
B01,2025-08-14,15,LOAN,1,0
B01,2025-08-16,10,ACCOUNT,1,0
B01,2025-08-16,10,LOAN,3,1
B01,2025-08-16,11,ACCOUNT,1,0
B01,2025-08-16,11,LOAN,1,0
B01,2025-08-16,12,ACCOUNT,4,1
B01,2025-08-16,12,LOAN,1,0
B01,2025-08-16,13,ACCOUNT,2,0
B01,2025-08-16,14,ACCOUNT,2,1
B01,2025-08-16,14,LOAN,2,0
B01,2025-08-16,15,ACCOUNT,1,0
B01,2025-08-18,10,ACCOUNT,2,0
B01,2025-08-18,10,LOAN,1,0
B01,2025-08-18,11,ACCOUNT,1,0
B01,2025-08-18,11,LOAN,2,0
B01,2025-08-18,12,ACCOUNT,1,0
B01,2025-08-18,12,LOAN,5,2
B01,2025-08-18,13,ACCOUNT,1,0
B01,2025-08-18,13,LOAN,2,0
B01,2025-08-18,15,LOAN,4,2
B01,2025-08-19,10,ACCOUNT,1,0
B01,2025-08-19,11,ACCOUNT,2,1
B01,2025-08-19,11,LOAN,4,2
B01,2025-08-19,12,ACCOUNT,2,0
B01,2025-08-19,13,LOAN,1,0
B01,2025-08-19,14,ACCOUNT,2,0
B01,2025-08-19,14,LOAN,3,0
B01,2025-08-19,15,ACCOUNT,2,1
B01,2025-08-20,10,ACCOUNT,3,0
B01,2025-08-20,12,LOAN,2,0
B01,2025-08-20,13,ACCOUNT,2,1
B01,2025-08-20,13,LOAN,1,0
B01,2025-08-20,14,LOAN,2,1
B01,2025-08-21,10,ACCOUNT,1,0
B01,2025-08-21,10,LOAN,1,0
B01,2025-08-21,11,ACCOUNT,3,0
B01,2025-08-21,11,LOAN,2,0
B01,2025-08-21,12,LOAN,4,2
B01,2025-08-21,13,ACCOUNT,1,0
B01,2025-08-21,13,LOAN,1,0
B01,2025-08-21,14,LOAN,4,0
B01,2025-08-21,15,LOAN,2,0
B01,2025-08-22,10,ACCOUNT,2,1
B01,2025-08-22,11,ACCOUNT,1,0
B01,2025-08-22,11,LOAN,1,0
B01,2025-08-22,12,ACCOUNT,1,0
B01,2025-08-22,14,ACCOUNT,1,0
B01,2025-08-22,14,LOAN,2,0
B01,2025-08-22,15,LOAN,3,1
B01,2025-08-25,10,ACCOUNT,3,1
B01,2025-08-25,10,LOAN,5,2
B01,2025-08-25,11,ACCOUNT,1,0
B01,2025-08-25,11,LOAN,3,0
B01,2025-08-25,12,ACCOUNT,2,1
B01,2025-08-25,12,LOAN,3,0
B01,2025-08-25,13,ACCOUNT,2,1
B01,2025-08-25,13,LOAN,1,0
B01,2025-08-25,14,ACCOUNT,2,1
B01,2025-08-25,14,LOAN,1,0
B01,2025-08-25,15,LOAN,1,0
B01,2025-08-26,10,ACCOUNT,4,2
B01,2025-08-26,10,LOAN,5,2
B01,2025-08-26,11,ACCOUNT,2,1
B01,2025-08-26,11,LOAN,2,1
B01,2025-08-26,12,LOAN,1,0
B01,2025-08-26,13,LOAN,1,0
B01,2025-08-26,14,LOAN,1,0
B01,2025-08-26,15,ACCOUNT,2,1
B01,2025-08-26,15,LOAN,2,1
B01,2025-08-28,10,ACCOUNT,2,0
B01,2025-08-28,10,LOAN,1,0
B01,2025-08-28,11,ACCOUNT,2,0
B01,2025-08-28,12,LOAN,1,0
B01,2025-08-28,13,ACCOUNT,2,0
B01,2025-08-28,13,LOAN,1,0
B01,2025-08-28,14,LOAN,2,1
B01,2025-08-29,10,ACCOUNT,2,0
B01,2025-08-29,10,LOAN,2,1
B01,2025-08-29,11,ACCOUNT,1,0
B01,2025-08-29,11,LOAN,6,2
B01,2025-08-29,12,LOAN,1,0
B01,2025-08-29,14,ACCOUNT,3,0
B01,2025-08-29,14,LOAN,2,0
B01,2025-08-30,10,ACCOUNT,1,0
B01,2025-08-30,11,ACCOUNT,1,0
B01,2025-08-30,11,LOAN,2,0
B01,2025-08-30,12,ACCOUNT,1,0
B01,2025-08-30,12,LOAN,4,0
B01,2025-08-30,13,ACCOUNT,2,0
B01,2025-08-30,14,LOAN,2,1
B01,2025-08-30,15,LOAN,1,0
B01,2025-09-01,10,ACCOUNT,4,2
B01,2025-09-01,11,ACCOUNT,1,0
B01,2025-09-01,11,LOAN,1,0
B01,2025-09-01,12,ACCOUNT,1,0
B01,2025-09-01,13,ACCOUNT,1,0
B01,2025-09-01,13,LOAN,5,3
B01,2025-09-01,14,LOAN,2,0
B01,2025-09-01,15,ACCOUNT,5,1
B01,2025-09-01,15,LOAN,1,0
B01,2025-09-02,10,ACCOUNT,2,1
B01,2025-09-02,11,LOAN,1,0
B01,2025-09-02,12,ACCOUNT,2,1
B01,2025-09-02,12,LOAN,1,0
B01,2025-09-02,13,ACCOUNT,1,0
B01,2025-09-02,14,LOAN,1,0
B01,2025-09-02,15,LOAN,7,2
B01,2025-09-03,10,ACCOUNT,1,0
B01,2025-09-03,11,ACCOUNT,1,0
B01,2025-09-03,11,LOAN,3,2
B01,2025-09-03,12,ACCOUNT,1,0
B01,2025-09-03,14,LOAN,8,2
B01,2025-09-03,15,ACCOUNT,1,0
B01,2025-09-03,15,LOAN,2,0
B01,2025-09-04,11,LOAN,2,1
B01,2025-09-04,12,LOAN,2,1
B01,2025-09-04,14,LOAN,4,1
B01,2025-09-04,15,LOAN,1,0
B01,2025-09-06,10,ACCOUNT,2,0
B01,2025-09-06,10,LOAN,1,0
B01,2025-09-06,12,ACCOUNT,2,1
B01,2025-09-06,12,LOAN,2,0
B01,2025-09-06,15,ACCOUNT,1,0
B01,2025-09-06,15,LOAN,4,2
B01,2025-09-08,10,ACCOUNT,4,0
B01,2025-09-08,10,LOAN,1,0
B01,2025-09-08,11,ACCOUNT,2,1
B01,2025-09-08,11,LOAN,2,1
B01,2025-09-08,12,ACCOUNT,1,0
B01,2025-09-08,12,LOAN,5,0
B01,2025-09-08,13,ACCOUNT,3,1
B01,2025-09-08,13,LOAN,1,0
B01,2025-09-08,14,ACCOUNT,1,0
B01,2025-09-08,14,LOAN,3,1
B01,2025-09-08,15,ACCOUNT,1,0
B01,2025-09-09,11,LOAN,2,1
B01,2025-09-09,12,LOAN,2,0
B01,2025-09-09,13,ACCOUNT,4,3
B01,2025-09-09,13,LOAN,1,0
B01,2025-09-09,14,ACCOUNT,1,0
B01,2025-09-09,14,LOAN,1,0
B01,2025-09-09,15,LOAN,3,0
B01,2025-09-10,11,ACCOUNT,3,1
B01,2025-09-10,11,LOAN,3,0
B01,2025-09-10,13,LOAN,2,1
B01,2025-09-10,14,LOAN,1,0
B01,2025-09-10,15,LOAN,2,0
B01,2025-09-11,10,ACCOUNT,2,0
B01,2025-09-11,11,ACCOUNT,2,0
B01,2025-09-11,11,LOAN,5,1
B01,2025-09-11,13,ACCOUNT,3,0
B01,2025-09-11,13,LOAN,3,1
B01,2025-09-11,14,ACCOUNT,1,0
B01,2025-09-11,15,LOAN,2,0
B01,2025-09-12,10,ACCOUNT,1,0
B01,2025-09-12,10,LOAN,2,0
B01,2025-09-12,11,LOAN,2,1
B01,2025-09-12,12,LOAN,1,0
B01,2025-09-12,13,ACCOUNT,1,0
B01,2025-09-12,14,ACCOUNT,1,0
B01,2025-09-12,14,LOAN,3,1
B01,2025-09-12,15,LOAN,1,0
B01,2025-09-15,10,LOAN,3,1
B01,2025-09-15,11,ACCOUNT,2,1
B01,2025-09-15,11,LOAN,1,0
B01,2025-09-15,12,ACCOUNT,3,0
B01,2025-09-15,12,LOAN,1,0
B01,2025-09-15,13,LOAN,2,0
B01,2025-09-15,14,ACCOUNT,1,0
B01,2025-09-15,14,LOAN,2,0
B01,2025-09-16,10,ACCOUNT,1,0
B01,2025-09-16,11,ACCOUNT,2,1
B01,2025-09-16,11,LOAN,1,0
B01,2025-09-16,12,ACCOUNT,2,0
B01,2025-09-16,12,LOAN,3,0
B01,2025-09-16,13,ACCOUNT,4,1
B01,2025-09-16,13,LOAN,1,0
B01,2025-09-16,14,LOAN,2,0
B01,2025-09-16,15,LOAN,2,0
B01,2025-09-17,10,ACCOUNT,1,0
B01,2025-09-17,11,LOAN,5,1
B01,2025-09-17,12,ACCOUNT,1,0
B01,2025-09-17,12,LOAN,4,0
B01,2025-09-17,13,ACCOUNT,1,0
B01,2025-09-17,14,ACCOUNT,1,0
B01,2025-09-17,14,LOAN,2,1
B01,2025-09-17,15,LOAN,1,0
B01,2025-09-18,10,ACCOUNT,1,0
B01,2025-09-18,11,ACCOUNT,1,0
B01,2025-09-18,11,LOAN,6,2
B01,2025-09-18,12,LOAN,2,0
B01,2025-09-18,13,LOAN,1,0
B01,2025-09-18,14,ACCOUNT,2,0
B01,2025-09-18,14,LOAN,2,0
B01,2025-09-18,15,LOAN,3,1
B01,2025-09-19,10,LOAN,1,0
B01,2025-09-19,11,ACCOUNT,2,0
B01,2025-09-19,12,LOAN,1,0
B01,2025-09-19,13,ACCOUNT,1,0
B01,2025-09-19,14,ACCOUNT,1,0
B01,2025-09-19,14,LOAN,1,0
B01,2025-09-20,10,ACCOUNT,4,1
B01,2025-09-20,11,LOAN,2,1
B01,2025-09-20,12,LOAN,2,0
B01,2025-09-20,13,ACCOUNT,1,0
B01,2025-09-20,14,ACCOUNT,1,0
B01,2025-09-20,14,LOAN,5,2
B01,2025-09-20,15,ACCOUNT,1,0
B01,2025-09-20,15,LOAN,3,0
B01,2025-09-22,12,ACCOUNT,1,0
B01,2025-09-22,12,LOAN,2,1
B01,2025-09-22,13,LOAN,1,0
B01,2025-09-22,14,ACCOUNT,1,0
B01,2025-09-22,15,LOAN,1,0
B01,2025-09-23,11,ACCOUNT,3,1
B01,2025-09-23,11,LOAN,1,0
B01,2025-09-23,12,ACCOUNT,1,0
B01,2025-09-23,13,ACCOUNT,1,0
B01,2025-09-23,13,LOAN,2,0
B01,2025-09-23,14,ACCOUNT,1,0
B01,2025-09-23,14,LOAN,3,1
B01,2025-09-23,15,ACCOUNT,2,1
B01,2025-09-23,15,LOAN,1,0
B01,2025-09-24,10,LOAN,1,0
B01,2025-09-24,11,ACCOUNT,2,0
B01,2025-09-24,11,LOAN,1,0
B01,2025-09-24,12,ACCOUNT,1,0
B01,2025-09-24,12,LOAN,1,0
B01,2025-09-24,13,ACCOUNT,2,0
B01,2025-09-24,14,ACCOUNT,1,0
B01,2025-09-24,14,LOAN,2,0
B01,2025-09-25,10,LOAN,1,0
B01,2025-09-25,11,ACCOUNT,1,0
B01,2025-09-25,12,ACCOUNT,3,1
B01,2025-09-25,12,LOAN,1,0
B01,2025-09-25,13,LOAN,2,0
B01,2025-09-25,14,ACCOUNT,2,0
B01,2025-09-25,14,LOAN,1,0
B01,2025-09-25,15,ACCOUNT,3,2
B01,2025-09-25,15,LOAN,2,1
B01,2025-09-26,10,ACCOUNT,1,0
B01,2025-09-26,10,LOAN,1,0
B01,2025-09-26,11,ACCOUNT,1,0
B01,2025-09-26,11,LOAN,1,0
B01,2025-09-26,12,ACCOUNT,1,0
B01,2025-09-26,12,LOAN,1,0
B01,2025-09-26,13,ACCOUNT,2,0
B01,2025-09-26,13,LOAN,1,0
B01,2025-09-26,14,LOAN,3,0
B01,2025-09-26,15,LOAN,3,1
B01,2025-09-29,10,ACCOUNT,3,0
B01,2025-09-29,10,LOAN,1,0
B01,2025-09-29,11,LOAN,1,0
B01,2025-09-29,12,ACCOUNT,3,1
B01,2025-09-29,12,LOAN,2,0
B01,2025-09-29,14,ACCOUNT,4,2
B01,2025-09-29,14,LOAN,3,0
B01,2025-09-29,15,ACCOUNT,1,0
B01,2025-09-29,15,LOAN,1,0
B01,2025-09-30,11,ACCOUNT,2,1
B01,2025-09-30,11,LOAN,2,0
B01,2025-09-30,13,ACCOUNT,3,1
B01,2025-09-30,13,LOAN,2,1
B01,2025-09-30,14,ACCOUNT,2,1
B01,2025-09-30,14,LOAN,1,0
B01,2025-09-30,15,LOAN,3,0
B01,2025-10-03,10,ACCOUNT,4,2
B01,2025-10-03,11,ACCOUNT,2,0
B01,2025-10-03,11,LOAN,3,1
B01,2025-10-03,12,LOAN,2,0
B01,2025-10-03,13,ACCOUNT,1,0
B01,2025-10-03,13,LOAN,2,1
B01,2025-10-03,14,LOAN,1,0
B01,2025-10-03,15,LOAN,2,1
B01,2025-10-04,10,LOAN,1,0
B01,2025-10-04,11,ACCOUNT,1,0
B01,2025-10-04,11,LOAN,3,1
B01,2025-10-04,13,ACCOUNT,2,1
B01,2025-10-04,14,LOAN,4,1
B01,2025-10-04,15,LOAN,3,2
B01,2025-10-06,10,ACCOUNT,1,0
B01,2025-10-06,11,LOAN,5,1
B01,2025-10-06,12,ACCOUNT,4,1
B01,2025-10-06,12,LOAN,4,0
B01,2025-10-06,13,LOAN,3,2
B01,2025-10-06,14,LOAN,4,1
B01,2025-10-06,15,ACCOUNT,1,0
B01,2025-10-08,10,ACCOUNT,2,0
B01,2025-10-08,11,ACCOUNT,1,0
B01,2025-10-08,12,LOAN,3,0
B01,2025-10-08,14,ACCOUNT,1,0
B01,2025-10-08,15,LOAN,1,0
B01,2025-10-09,10,LOAN,1,0
B01,2025-10-09,11,ACCOUNT,1,0
B01,2025-10-09,11,LOAN,1,0
B01,2025-10-09,12,ACCOUNT,1,0
B01,2025-10-09,12,LOAN,1,0
B01,2025-10-09,13,ACCOUNT,1,0
B01,2025-10-09,13,LOAN,1,0
B01,2025-10-09,14,LOAN,1,0
B01,2025-10-09,15,LOAN,3,2
B01,2025-10-10,10,LOAN,1,0
B01,2025-10-10,12,LOAN,1,0
B01,2025-10-10,14,ACCOUNT,3,1
B01,2025-10-10,14,LOAN,1,0
B01,2025-10-10,15,ACCOUNT,2,1
B01,2025-10-10,15,LOAN,3,1
B01,2025-10-13,10,ACCOUNT,1,0
B01,2025-10-13,10,LOAN,3,1
B01,2025-10-13,11,ACCOUNT,2,1
B01,2025-10-13,11,LOAN,2,0
B01,2025-10-13,12,ACCOUNT,3,0
B01,2025-10-13,12,LOAN,2,0
B01,2025-10-13,13,LOAN,3,0
B01,2025-10-13,14,ACCOUNT,1,0
B01,2025-10-13,14,LOAN,1,0
B01,2025-10-13,15,ACCOUNT,1,0
B01,2025-10-13,15,LOAN,1,0
B01,2025-10-14,10,ACCOUNT,2,1
B01,2025-10-14,10,LOAN,1,0
B01,2025-10-14,11,ACCOUNT,4,1
B01,2025-10-14,11,LOAN,1,0
B01,2025-10-14,12,ACCOUNT,1,0
B01,2025-10-14,12,LOAN,4,1
B01,2025-10-14,14,LOAN,1,0
B01,2025-10-15,10,ACCOUNT,1,0
B01,2025-10-15,11,ACCOUNT,2,1
B01,2025-10-15,11,LOAN,1,0
B01,2025-10-15,12,LOAN,2,0
B01,2025-10-15,13,ACCOUNT,1,0
B01,2025-10-15,13,LOAN,1,0
B01,2025-10-15,14,ACCOUNT,2,0
B01,2025-10-15,14,LOAN,2,0
B01,2025-10-15,15,ACCOUNT,2,1
B01,2025-10-16,10,ACCOUNT,3,0
B01,2025-10-16,10,LOAN,2,1
B01,2025-10-16,11,ACCOUNT,4,1
B01,2025-10-16,11,LOAN,4,0
B01,2025-10-16,12,ACCOUNT,1,0
B01,2025-10-16,12,LOAN,4,0
B01,2025-10-16,13,LOAN,1,0
B01,2025-10-16,14,ACCOUNT,2,0
B01,2025-10-16,14,LOAN,2,0
B01,2025-10-16,15,LOAN,3,1
B01,2025-10-17,10,ACCOUNT,2,0
B01,2025-10-17,10,LOAN,2,0
B01,2025-10-17,11,LOAN,1,0
B01,2025-10-17,12,ACCOUNT,2,0
B01,2025-10-17,12,LOAN,2,1
B01,2025-10-17,14,LOAN,1,0
B01,2025-10-17,15,ACCOUNT,2,1
B01,2025-10-18,10,ACCOUNT,1,0
B01,2025-10-18,12,ACCOUNT,2,0
B01,2025-10-18,12,LOAN,1,0
B01,2025-10-18,13,ACCOUNT,2,0
B01,2025-10-18,13,LOAN,1,0
B01,2025-10-18,14,ACCOUNT,1,0
B01,2025-10-18,14,LOAN,1,0
B01,2025-10-18,15,LOAN,2,1
B01,2025-10-21,10,ACCOUNT,3,1
B01,2025-10-21,10,LOAN,1,0
B01,2025-10-21,11,ACCOUNT,1,0
B01,2025-10-21,11,LOAN,2,0
B01,2025-10-21,13,LOAN,1,0
B01,2025-10-21,14,LOAN,2,0
B01,2025-10-21,15,LOAN,1,0
B01,2025-10-23,10,ACCOUNT,1,0
B01,2025-10-23,11,ACCOUNT,1,0
B01,2025-10-23,11,LOAN,2,0
B01,2025-10-23,12,ACCOUNT,1,0
B01,2025-10-23,12,LOAN,1,0
B01,2025-10-23,13,LOAN,1,0
B01,2025-10-24,10,LOAN,2,1
B01,2025-10-24,11,ACCOUNT,2,0
B01,2025-10-24,11,LOAN,4,1
B01,2025-10-24,12,ACCOUNT,2,1
B01,2025-10-24,13,ACCOUNT,1,0
B01,2025-10-24,13,LOAN,2,0
B01,2025-10-24,14,LOAN,7,3
B01,2025-10-24,15,LOAN,1,0
B01,2025-10-27,11,ACCOUNT,2,1
B01,2025-10-27,11,LOAN,2,0
B01,2025-10-27,13,LOAN,1,0
B01,2025-10-27,14,ACCOUNT,2,0
B01,2025-10-27,15,LOAN,1,0
B01,2025-10-28,11,ACCOUNT,3,1
B01,2025-10-28,11,LOAN,3,1
B01,2025-10-28,13,ACCOUNT,1,0
B01,2025-10-28,14,ACCOUNT,1,0
B01,2025-10-28,15,ACCOUNT,1,0
B01,2025-10-29,10,ACCOUNT,1,0
B01,2025-10-29,10,LOAN,1,0
B01,2025-10-29,11,LOAN,1,0
B01,2025-10-29,12,ACCOUNT,2,1
B01,2025-10-29,13,ACCOUNT,2,1
B01,2025-10-29,13,LOAN,1,0
B01,2025-10-29,14,ACCOUNT,1,0
B01,2025-10-29,14,LOAN,1,0
B01,2025-10-29,15,ACCOUNT,2,0
B01,2025-10-29,15,LOAN,2,0
B01,2025-10-30,10,LOAN,3,1
B01,2025-10-30,11,LOAN,2,0
B01,2025-10-30,12,ACCOUNT,1,0
B01,2025-10-30,12,LOAN,1,0
B01,2025-10-30,14,ACCOUNT,2,0
B01,2025-10-30,15,LOAN,1,0
B01,2025-10-31,10,ACCOUNT,1,0
B01,2025-10-31,10,LOAN,1,0
B01,2025-10-31,11,ACCOUNT,5,2
B01,2025-10-31,12,ACCOUNT,1,0
B01,2025-10-31,13,ACCOUNT,3,1
B01,2025-10-31,14,ACCOUNT,1,0
B01,2025-10-31,14,LOAN,1,0
B01,2025-10-31,15,ACCOUNT,1,0
B01,2025-10-31,15,LOAN,2,1
B01,2025-11-03,10,ACCOUNT,1,0
B01,2025-11-03,10,LOAN,2,0
B01,2025-11-03,11,ACCOUNT,4,1
B01,2025-11-03,11,LOAN,3,1
B01,2025-11-03,12,ACCOUNT,4,0
B01,2025-11-03,12,LOAN,9,3
B01,2025-11-03,13,LOAN,6,1
B01,2025-11-03,14,LOAN,5,2
B01,2025-11-03,15,ACCOUNT,1,0
B01,2025-11-03,15,LOAN,1,0
B01,2025-11-04,10,LOAN,2,1
B01,2025-11-04,11,LOAN,1,0
B01,2025-11-04,12,LOAN,2,1
B01,2025-11-04,13,ACCOUNT,1,0
B01,2025-11-04,13,LOAN,3,1
B01,2025-11-04,14,LOAN,4,0
B01,2025-11-04,15,ACCOUNT,1,0
B01,2025-11-04,15,LOAN,4,1
B01,2025-11-05,10,ACCOUNT,3,1
B01,2025-11-05,10,LOAN,1,0
B01,2025-11-05,11,ACCOUNT,1,0
B01,2025-11-05,11,LOAN,1,0
B01,2025-11-05,12,ACCOUNT,1,0
B01,2025-11-05,13,ACCOUNT,1,0
B01,2025-11-05,13,LOAN,2,1
B01,2025-11-05,14,ACCOUNT,1,0
B01,2025-11-05,14,LOAN,1,0
B01,2025-11-06,10,ACCOUNT,2,0
B01,2025-11-06,10,LOAN,1,0
B01,2025-11-06,11,ACCOUNT,1,0
B01,2025-11-06,11,LOAN,4,1
B01,2025-11-06,12,ACCOUNT,3,1
B01,2025-11-06,12,LOAN,1,0
B01,2025-11-06,13,LOAN,3,1
B01,2025-11-06,14,LOAN,4,0
B01,2025-11-06,15,ACCOUNT,6,2
B01,2025-11-06,15,LOAN,1,0
B01,2025-11-07,10,ACCOUNT,1,0
B01,2025-11-07,10,LOAN,3,1
B01,2025-11-07,12,LOAN,6,1
B01,2025-11-07,13,LOAN,2,1
B01,2025-11-07,14,ACCOUNT,1,0
B01,2025-11-07,14,LOAN,2,0
B01,2025-11-07,15,ACCOUNT,1,0
B01,2025-11-07,15,LOAN,3,0
B01,2025-11-10,11,ACCOUNT,1,0
B01,2025-11-10,11,LOAN,3,0
B01,2025-11-10,12,LOAN,2,0
B01,2025-11-10,13,ACCOUNT,2,0
B01,2025-11-10,13,LOAN,2,1
B01,2025-11-10,14,ACCOUNT,1,0
B01,2025-11-10,14,LOAN,1,0
B01,2025-11-10,15,ACCOUNT,2,0
B01,2025-11-11,11,LOAN,2,1
B01,2025-11-11,12,ACCOUNT,2,1
B01,2025-11-11,13,ACCOUNT,1,0
B01,2025-11-11,14,ACCOUNT,1,0
B01,2025-11-11,14,LOAN,1,0
B01,2025-11-12,12,ACCOUNT,1,0
B01,2025-11-12,12,LOAN,4,1
B01,2025-11-12,13,ACCOUNT,1,0
B01,2025-11-12,14,ACCOUNT,3,1
B01,2025-11-12,14,LOAN,2,0
B01,2025-11-12,15,ACCOUNT,1,0
B01,2025-11-13,11,LOAN,1,0
B01,2025-11-13,12,ACCOUNT,2,1
B01,2025-11-13,13,ACCOUNT,1,0
B01,2025-11-13,14,ACCOUNT,1,0
B01,2025-11-13,15,LOAN,2,1
B01,2025-11-14,10,ACCOUNT,2,0
B01,2025-11-14,10,LOAN,2,0
B01,2025-11-14,11,ACCOUNT,1,0
B01,2025-11-14,11,LOAN,1,0
B01,2025-11-14,12,ACCOUNT,2,0
B01,2025-11-14,12,LOAN,2,0
B01,2025-11-14,13,ACCOUNT,2,0
B01,2025-11-14,13,LOAN,3,1
B01,2025-11-14,14,ACCOUNT,4,1
B01,2025-11-14,15,ACCOUNT,2,1
B01,2025-11-15,11,ACCOUNT,2,0
B01,2025-11-15,11,LOAN,3,1
B01,2025-11-15,12,ACCOUNT,1,0
B01,2025-11-15,12,LOAN,2,0
B01,2025-11-15,13,LOAN,3,0
B01,2025-11-15,14,ACCOUNT,4,1
B01,2025-11-15,14,LOAN,1,0
B01,2025-11-15,15,LOAN,1,0
B01,2025-11-17,10,ACCOUNT,1,0
B01,2025-11-17,10,LOAN,2,1
B01,2025-11-17,11,ACCOUNT,3,0
B01,2025-11-17,12,ACCOUNT,1,0
B01,2025-11-17,12,LOAN,1,0
B01,2025-11-17,13,ACCOUNT,3,0
B01,2025-11-17,13,LOAN,1,0
B01,2025-11-17,14,ACCOUNT,2,0
B01,2025-11-17,14,LOAN,6,2
B01,2025-11-18,10,LOAN,1,0
B01,2025-11-18,11,LOAN,4,1
B01,2025-11-18,12,LOAN,4,1
B01,2025-11-18,13,ACCOUNT,2,0
B01,2025-11-18,14,LOAN,1,0
B01,2025-11-18,15,ACCOUNT,1,0
B01,2025-11-18,15,LOAN,3,0
B01,2025-11-19,10,ACCOUNT,2,1
B01,2025-11-19,11,LOAN,1,0
B01,2025-11-19,12,ACCOUNT,2,1
B01,2025-11-19,12,LOAN,1,0
B01,2025-11-19,13,ACCOUNT,1,0
B01,2025-11-19,14,ACCOUNT,1,0
B01,2025-11-19,15,ACCOUNT,1,0
B01,2025-11-19,15,LOAN,2,1
B01,2025-11-20,14,ACCOUNT,1,0
B01,2025-11-20,14,LOAN,2,0
B01,2025-11-20,15,LOAN,2,0
B01,2025-11-21,10,ACCOUNT,1,0
B01,2025-11-21,10,LOAN,1,0
B01,2025-11-21,11,ACCOUNT,2,0
B01,2025-11-21,12,LOAN,1,0
B01,2025-11-21,13,ACCOUNT,2,1
B01,2025-11-21,14,ACCOUNT,1,0
B01,2025-11-21,14,LOAN,3,1
B01,2025-11-21,15,LOAN,2,0
B01,2025-11-24,10,LOAN,3,1
B01,2025-11-24,11,ACCOUNT,1,0
B01,2025-11-24,12,LOAN,4,0
B01,2025-11-24,13,ACCOUNT,1,0
B01,2025-11-24,13,LOAN,1,0
B01,2025-11-24,14,ACCOUNT,2,0
B01,2025-11-24,14,LOAN,4,0
B01,2025-11-24,15,ACCOUNT,4,2
B01,2025-11-24,15,LOAN,1,0
B01,2025-11-25,10,ACCOUNT,1,0
B01,2025-11-25,11,ACCOUNT,8,4
B01,2025-11-25,11,LOAN,5,0
B01,2025-11-25,12,ACCOUNT,1,0
B01,2025-11-25,12,LOAN,3,0
B01,2025-11-25,15,ACCOUNT,1,0
B01,2025-11-26,10,LOAN,1,0
B01,2025-11-26,11,LOAN,2,0
B01,2025-11-26,12,ACCOUNT,2,0
B01,2025-11-26,12,LOAN,3,0
B01,2025-11-26,13,ACCOUNT,3,1
B01,2025-11-26,14,LOAN,1,0
B01,2025-11-26,15,ACCOUNT,2,1
B01,2025-11-27,10,LOAN,3,0
B01,2025-11-27,11,ACCOUNT,2,0
B01,2025-11-27,11,LOAN,3,1
B01,2025-11-27,12,ACCOUNT,1,0
B01,2025-11-27,12,LOAN,5,0
B01,2025-11-27,13,ACCOUNT,1,0
B01,2025-11-27,13,LOAN,4,1
B01,2025-11-27,14,ACCOUNT,2,0
B01,2025-11-27,15,ACCOUNT,2,0
B01,2025-11-27,15,LOAN,2,0
B01,2025-11-28,10,LOAN,3,1
B01,2025-11-28,11,LOAN,1,0
B01,2025-11-28,12,ACCOUNT,1,0
B01,2025-11-28,13,ACCOUNT,1,0
B01,2025-11-28,13,LOAN,3,0
B01,2025-11-28,14,ACCOUNT,1,0
B01,2025-11-28,15,LOAN,1,0
B01,2025-11-29,10,ACCOUNT,2,0
B01,2025-11-29,10,LOAN,1,0
B01,2025-11-29,11,ACCOUNT,2,0
B01,2025-11-29,11,LOAN,2,0
B01,2025-11-29,12,LOAN,1,0
B01,2025-11-29,13,LOAN,2,0
B01,2025-11-29,14,LOAN,1,0
B01,2025-11-29,15,ACCOUNT,1,0
B01,2025-12-01,10,ACCOUNT,2,1
B01,2025-12-01,11,ACCOUNT,1,0
B01,2025-12-01,11,LOAN,1,0
B01,2025-12-01,12,LOAN,7,3
B01,2025-12-01,13,LOAN,1,0
B01,2025-12-01,14,ACCOUNT,1,0
B01,2025-12-01,15,ACCOUNT,2,0
B01,2025-12-01,15,LOAN,2,0
B01,2025-12-02,10,LOAN,4,1
B01,2025-12-02,11,ACCOUNT,4,2
B01,2025-12-02,11,LOAN,1,0
B01,2025-12-02,12,ACCOUNT,4,2
B01,2025-12-02,12,LOAN,3,0
B01,2025-12-02,13,ACCOUNT,1,0
B01,2025-12-02,14,ACCOUNT,2,0
B01,2025-12-02,14,LOAN,1,0
B01,2025-12-02,15,LOAN,1,0
B01,2025-12-03,10,LOAN,2,1
B01,2025-12-03,11,LOAN,1,0
B01,2025-12-03,12,LOAN,2,0
B01,2025-12-03,13,ACCOUNT,1,0
B01,2025-12-03,13,LOAN,2,1
B01,2025-12-04,10,ACCOUNT,1,0
B01,2025-12-04,11,ACCOUNT,1,0
B01,2025-12-04,11,LOAN,4,1
B01,2025-12-04,12,ACCOUNT,3,1
B01,2025-12-04,12,LOAN,1,0
B01,2025-12-04,13,ACCOUNT,2,1
B01,2025-12-04,13,LOAN,2,1
B01,2025-12-04,14,ACCOUNT,1,0
B01,2025-12-04,15,ACCOUNT,2,1
B01,2025-12-04,15,LOAN,1,0
B01,2025-12-05,10,LOAN,4,3
B01,2025-12-05,11,ACCOUNT,1,0
B01,2025-12-05,11,LOAN,4,0
B01,2025-12-05,12,ACCOUNT,2,1
B01,2025-12-05,12,LOAN,3,1
B01,2025-12-05,13,ACCOUNT,3,0
B01,2025-12-05,14,ACCOUNT,2,1
B01,2025-12-05,15,LOAN,2,0
B01,2025-12-06,10,LOAN,2,0
B01,2025-12-06,11,ACCOUNT,1,0
B01,2025-12-06,11,LOAN,3,0
B01,2025-12-06,12,LOAN,3,1
B01,2025-12-06,14,LOAN,5,1
B01,2025-12-06,15,LOAN,1,0
B01,2025-12-08,11,ACCOUNT,2,1
B01,2025-12-08,11,LOAN,3,0
B01,2025-12-08,12,ACCOUNT,2,1
B01,2025-12-08,12,LOAN,4,0
B01,2025-12-08,13,ACCOUNT,4,1
B01,2025-12-08,15,LOAN,1,0
B01,2025-12-09,11,LOAN,3,1
B01,2025-12-09,12,LOAN,1,0
B01,2025-12-09,13,ACCOUNT,1,0
B01,2025-12-09,13,LOAN,2,0
B01,2025-12-09,14,LOAN,2,0
B01,2025-12-10,10,LOAN,1,0
B01,2025-12-10,11,ACCOUNT,1,0
B01,2025-12-10,11,LOAN,3,1
B01,2025-12-10,12,ACCOUNT,1,0
B01,2025-12-10,12,LOAN,3,1
B01,2025-12-10,13,LOAN,1,0
B01,2025-12-10,14,LOAN,3,0
B01,2025-12-10,15,LOAN,1,0
B01,2025-12-11,10,ACCOUNT,1,0
B01,2025-12-11,10,LOAN,4,1
B01,2025-12-11,11,ACCOUNT,4,1
B01,2025-12-11,12,LOAN,2,0
B01,2025-12-11,13,LOAN,3,1
B01,2025-12-11,14,LOAN,3,0
B01,2025-12-11,15,ACCOUNT,1,0
B01,2025-12-12,10,LOAN,2,0
B01,2025-12-12,11,ACCOUNT,1,0
B01,2025-12-12,11,LOAN,4,1
B01,2025-12-12,12,ACCOUNT,4,1
B01,2025-12-12,12,LOAN,2,0
B01,2025-12-12,13,ACCOUNT,2,1
B01,2025-12-12,14,ACCOUNT,3,0
B01,2025-12-12,14,LOAN,1,0
B01,2025-12-15,10,LOAN,1,0
B01,2025-12-15,11,ACCOUNT,1,0
B01,2025-12-15,11,LOAN,2,0
B01,2025-12-15,12,ACCOUNT,1,0
B01,2025-12-15,12,LOAN,3,1
B01,2025-12-15,13,LOAN,2,1
B01,2025-12-15,14,LOAN,1,0
B01,2025-12-15,15,ACCOUNT,2,0
B01,2025-12-15,15,LOAN,1,0
B01,2025-12-16,11,LOAN,5,3
B01,2025-12-16,12,ACCOUNT,1,0
B01,2025-12-16,12,LOAN,2,0
B01,2025-12-16,13,LOAN,1,0
B01,2025-12-16,14,ACCOUNT,4,2
B01,2025-12-17,10,ACCOUNT,1,0
B01,2025-12-17,10,LOAN,1,0
B01,2025-12-17,11,ACCOUNT,1,0
B01,2025-12-17,11,LOAN,1,0
B01,2025-12-17,12,LOAN,3,1
B01,2025-12-17,13,LOAN,1,0
B01,2025-12-17,14,LOAN,5,2
B01,2025-12-18,10,ACCOUNT,3,0
B01,2025-12-18,11,LOAN,2,1
B01,2025-12-18,12,ACCOUNT,4,1
B01,2025-12-18,12,LOAN,3,0
B01,2025-12-18,13,ACCOUNT,1,0
B01,2025-12-18,13,LOAN,1,0
B01,2025-12-18,14,ACCOUNT,3,0
B01,2025-12-18,15,ACCOUNT,1,0
B01,2025-12-18,15,LOAN,1,0
B01,2025-12-19,11,ACCOUNT,3,0
B01,2025-12-19,11,LOAN,3,1
B01,2025-12-19,12,LOAN,3,0
B01,2025-12-19,14,LOAN,4,2
B01,2025-12-19,15,LOAN,2,1
B01,2025-12-20,10,LOAN,3,1
B01,2025-12-20,13,LOAN,3,2
B01,2025-12-20,14,ACCOUNT,3,1
B01,2025-12-20,14,LOAN,1,0
B01,2025-12-20,15,LOAN,2,0
B01,2025-12-22,10,LOAN,1,0
B01,2025-12-22,11,ACCOUNT,2,0
B01,2025-12-22,11,LOAN,4,1
B01,2025-12-22,12,ACCOUNT,2,0
B01,2025-12-22,12,LOAN,3,0
B01,2025-12-22,13,ACCOUNT,2,0
B01,2025-12-22,14,LOAN,3,1
B01,2025-12-22,15,LOAN,5,3
B01,2025-12-23,10,ACCOUNT,1,0
B01,2025-12-23,10,LOAN,1,0
B01,2025-12-23,11,ACCOUNT,1,0
B01,2025-12-23,11,LOAN,3,1
B01,2025-12-23,12,ACCOUNT,5,2
B01,2025-12-23,12,LOAN,3,1
B01,2025-12-23,13,ACCOUNT,1,0
B01,2025-12-23,13,LOAN,3,0
B01,2025-12-23,15,LOAN,4,2
B01,2025-12-24,10,ACCOUNT,2,0
B01,2025-12-24,10,LOAN,2,0
B01,2025-12-24,11,ACCOUNT,1,0
B01,2025-12-24,12,LOAN,4,2
B01,2025-12-24,13,ACCOUNT,1,0
B01,2025-12-24,14,ACCOUNT,2,1
B01,2025-12-24,14,LOAN,1,0
B01,2025-12-24,15,LOAN,1,0
B01,2025-12-26,11,ACCOUNT,3,1
B01,2025-12-26,11,LOAN,1,0
B01,2025-12-26,12,LOAN,1,0
B01,2025-12-26,13,LOAN,2,1
B01,2025-12-26,14,ACCOUNT,2,1
B01,2025-12-26,15,LOAN,2,0
B01,2025-12-29,10,ACCOUNT,3,0
B01,2025-12-29,10,LOAN,2,0
B01,2025-12-29,11,ACCOUNT,4,2
B01,2025-12-29,11,LOAN,3,1
B01,2025-12-29,12,ACCOUNT,4,1
B01,2025-12-29,12,LOAN,1,0
B01,2025-12-29,14,ACCOUNT,1,0
B01,2025-12-29,14,LOAN,2,0
B01,2025-12-29,15,ACCOUNT,3,2
B01,2025-12-29,15,LOAN,1,0
B01,2025-12-30,10,LOAN,1,0
B01,2025-12-30,11,LOAN,3,0
B01,2025-12-30,12,ACCOUNT,1,0
B01,2025-12-30,12,LOAN,1,0
B01,2025-12-30,14,ACCOUNT,2,1
B01,2025-12-30,14,LOAN,2,0
B01,2025-12-30,15,ACCOUNT,1,0
B01,2025-12-31,10,LOAN,1,0
B01,2025-12-31,11,ACCOUNT,2,1
B01,2025-12-31,11,LOAN,4,2
B01,2025-12-31,12,ACCOUNT,1,0
B01,2025-12-31,12,LOAN,2,0
B01,2025-12-31,13,ACCOUNT,3,0
B01,2025-12-31,13,LOAN,2,0
B01,2025-12-31,14,ACCOUNT,1,0
B01,2025-12-31,15,ACCOUNT,2,0
B01,2026-01-01,10,LOAN,4,1
B01,2026-01-01,11,LOAN,1,0
B01,2026-01-01,12,LOAN,4,2
B01,2026-01-01,14,ACCOUNT,2,1
B01,2026-01-01,14,LOAN,3,1
B01,2026-01-01,15,ACCOUNT,4,0
B01,2026-01-01,15,LOAN,2,1
B01,2026-01-02,10,ACCOUNT,2,0
B01,2026-01-02,10,LOAN,1,0
B01,2026-01-02,11,ACCOUNT,2,0
B01,2026-01-02,11,LOAN,1,0
B01,2026-01-02,12,LOAN,1,0
B01,2026-01-02,13,ACCOUNT,1,0
B01,2026-01-02,14,ACCOUNT,5,3
B01,2026-01-02,15,LOAN,2,0
B01,2026-01-03,12,LOAN,1,0
B01,2026-01-03,13,ACCOUNT,1,0
B01,2026-01-03,13,LOAN,1,0
B01,2026-01-03,14,ACCOUNT,1,0
B01,2026-01-03,14,LOAN,2,0
B01,2026-01-03,15,ACCOUNT,1,0
B01,2026-01-03,15,LOAN,1,0
B01,2026-01-05,10,LOAN,1,0
B01,2026-01-05,11,LOAN,2,0
B01,2026-01-05,12,LOAN,4,0
B01,2026-01-05,13,LOAN,3,0
B01,2026-01-05,15,LOAN,1,0
B01,2026-01-06,10,ACCOUNT,3,1
B01,2026-01-06,10,LOAN,3,1
B01,2026-01-06,11,ACCOUNT,1,0
B01,2026-01-06,11,LOAN,2,0
B01,2026-01-06,12,LOAN,4,0
B01,2026-01-06,14,ACCOUNT,2,0
B01,2026-01-06,14,LOAN,3,0
B01,2026-01-06,15,ACCOUNT,1,0
B01,2026-01-06,15,LOAN,1,0
B01,2026-01-07,10,ACCOUNT,1,0
B01,2026-01-07,10,LOAN,2,1
B01,2026-01-07,11,ACCOUNT,2,0
B01,2026-01-07,11,LOAN,1,0
B01,2026-01-07,12,ACCOUNT,2,1
B01,2026-01-07,12,LOAN,1,0
B01,2026-01-07,13,LOAN,1,0
B01,2026-01-08,10,ACCOUNT,2,0
B01,2026-01-08,10,LOAN,3,1
B01,2026-01-08,11,LOAN,5,1
B01,2026-01-08,12,ACCOUNT,1,0
B01,2026-01-08,14,LOAN,1,0
B01,2026-01-08,15,LOAN,3,1
B01,2026-01-09,10,ACCOUNT,1,0
B01,2026-01-09,10,LOAN,6,1
B01,2026-01-09,11,ACCOUNT,1,0
B01,2026-01-09,11,LOAN,6,2
B01,2026-01-09,12,ACCOUNT,5,1
B01,2026-01-09,12,LOAN,3,0
B01,2026-01-09,13,ACCOUNT,1,0
B01,2026-01-09,13,LOAN,1,0
B01,2026-01-09,14,ACCOUNT,2,1
B01,2026-01-09,15,ACCOUNT,1,0
B01,2026-01-09,15,LOAN,3,1
B01,2026-01-12,10,ACCOUNT,2,0
B01,2026-01-12,10,LOAN,1,0
B01,2026-01-12,11,ACCOUNT,1,0
B01,2026-01-12,11,LOAN,3,0
B01,2026-01-12,12,LOAN,5,1
B01,2026-01-12,13,LOAN,2,0
B01,2026-01-12,14,ACCOUNT,1,0
B01,2026-01-12,15,ACCOUNT,3,1
B01,2026-01-13,10,ACCOUNT,1,0
B01,2026-01-13,10,LOAN,1,0
B01,2026-01-13,11,ACCOUNT,1,0
B01,2026-01-13,11,LOAN,2,0
B01,2026-01-13,12,ACCOUNT,1,0
B01,2026-01-13,13,ACCOUNT,1,0
B01,2026-01-13,14,ACCOUNT,1,0
B01,2026-01-13,14,LOAN,4,1
B01,2026-01-13,15,ACCOUNT,2,0
B01,2026-01-13,15,LOAN,2,1
B01,2026-01-14,11,ACCOUNT,1,0
B01,2026-01-14,11,LOAN,4,1
B01,2026-01-14,12,ACCOUNT,1,0
B01,2026-01-14,14,LOAN,1,0
B01,2026-01-14,15,ACCOUNT,1,0
B01,2026-01-16,10,ACCOUNT,3,1
B01,2026-01-16,11,ACCOUNT,1,0
B01,2026-01-16,11,LOAN,1,0
B01,2026-01-16,12,LOAN,5,1
B01,2026-01-16,14,ACCOUNT,2,0
B01,2026-01-16,14,LOAN,3,0
B01,2026-01-16,15,ACCOUNT,1,0
B01,2026-01-16,15,LOAN,1,0
B01,2026-01-17,10,ACCOUNT,2,0
B01,2026-01-17,10,LOAN,1,0
B01,2026-01-17,11,ACCOUNT,1,0
B01,2026-01-17,11,LOAN,2,0
B01,2026-01-17,12,ACCOUNT,1,0
B01,2026-01-17,12,LOAN,1,0
B01,2026-01-17,13,ACCOUNT,3,1
B01,2026-01-17,13,LOAN,1,0
B01,2026-01-17,14,LOAN,3,0
B01,2026-01-19,10,LOAN,3,1
B01,2026-01-19,11,ACCOUNT,2,1
B01,2026-01-19,11,LOAN,3,0
B01,2026-01-19,12,ACCOUNT,2,1
B01,2026-01-19,12,LOAN,5,1
B01,2026-01-19,13,LOAN,1,0
B01,2026-01-19,14,ACCOUNT,1,0
B01,2026-01-19,14,LOAN,4,1
B01,2026-01-19,15,LOAN,3,0
B01,2026-01-20,10,ACCOUNT,1,0
B01,2026-01-20,11,ACCOUNT,3,0
B01,2026-01-20,11,LOAN,1,0
B01,2026-01-20,12,LOAN,1,0
B01,2026-01-20,13,ACCOUNT,1,0
B01,2026-01-20,13,LOAN,4,2
B01,2026-01-20,15,ACCOUNT,1,0
B01,2026-01-21,11,ACCOUNT,2,0
B01,2026-01-21,12,LOAN,4,2
B01,2026-01-21,13,ACCOUNT,1,0
B01,2026-01-21,13,LOAN,1,0
B01,2026-01-21,15,LOAN,2,0
B01,2026-01-22,10,ACCOUNT,1,0
B01,2026-01-22,10,LOAN,1,0
B01,2026-01-22,11,ACCOUNT,2,0
B01,2026-01-22,11,LOAN,1,0
B01,2026-01-22,12,LOAN,5,1
B01,2026-01-22,13,ACCOUNT,1,0
B01,2026-01-22,13,LOAN,1,0
B01,2026-01-22,14,LOAN,1,0
B01,2026-01-23,10,LOAN,3,1
B01,2026-01-23,11,LOAN,2,0
B01,2026-01-23,13,ACCOUNT,2,0
B01,2026-01-23,13,LOAN,1,0
B01,2026-01-23,14,ACCOUNT,3,0
B01,2026-01-23,15,LOAN,3,1
B01,2026-01-27,10,ACCOUNT,3,1
B01,2026-01-27,10,LOAN,2,1
B01,2026-01-27,11,ACCOUNT,1,0
B01,2026-01-27,11,LOAN,1,0
B01,2026-01-27,12,ACCOUNT,1,0
B01,2026-01-27,12,LOAN,1,0
B01,2026-01-27,13,ACCOUNT,2,0
B01,2026-01-27,14,ACCOUNT,2,0
B01,2026-01-28,11,ACCOUNT,1,0
B01,2026-01-28,11,LOAN,3,1
B01,2026-01-28,12,ACCOUNT,2,0
B01,2026-01-28,12,LOAN,1,0
B01,2026-01-28,13,LOAN,1,0
B01,2026-01-28,14,LOAN,1,0
B01,2026-01-29,10,ACCOUNT,4,1
B01,2026-01-29,10,LOAN,1,0
B01,2026-01-29,11,LOAN,5,2
B01,2026-01-29,12,LOAN,2,0
B01,2026-01-29,14,LOAN,3,1
B01,2026-01-29,15,ACCOUNT,1,0
B01,2026-01-30,10,ACCOUNT,1,0
B01,2026-01-30,10,LOAN,3,0
B01,2026-01-30,11,ACCOUNT,1,0
B01,2026-01-30,11,LOAN,2,1
B01,2026-01-30,12,LOAN,2,1
B01,2026-01-30,13,LOAN,4,1
B01,2026-01-30,15,ACCOUNT,1,0
B01,2026-01-30,15,LOAN,1,0
B01,2026-01-31,10,ACCOUNT,2,0
B01,2026-01-31,10,LOAN,1,0
B01,2026-01-31,11,ACCOUNT,1,0
B01,2026-01-31,11,LOAN,3,1
B01,2026-01-31,12,LOAN,2,1
B01,2026-01-31,14,ACCOUNT,1,0
B01,2026-01-31,15,LOAN,3,0
B01,2026-02-02,10,LOAN,1,0
B01,2026-02-02,11,LOAN,2,0
B01,2026-02-02,12,ACCOUNT,2,1
B01,2026-02-02,12,LOAN,2,0
B01,2026-02-02,13,LOAN,3,1
B01,2026-02-02,14,ACCOUNT,1,0
B01,2026-02-02,14,LOAN,4,1
B01,2026-02-02,15,ACCOUNT,4,1
B01,2026-02-02,15,LOAN,1,0
B01,2026-02-03,10,ACCOUNT,1,0
B01,2026-02-03,11,LOAN,1,0
B01,2026-02-03,12,ACCOUNT,1,0
B01,2026-02-03,12,LOAN,1,0
B01,2026-02-03,13,LOAN,1,0
B01,2026-02-03,14,ACCOUNT,2,1
B01,2026-02-03,14,LOAN,3,1
B01,2026-02-03,15,ACCOUNT,1,0
B01,2026-02-03,15,LOAN,1,0
B01,2026-02-04,10,ACCOUNT,1,0
B01,2026-02-04,10,LOAN,1,0
B01,2026-02-04,11,ACCOUNT,4,2
B01,2026-02-04,11,LOAN,2,1
B01,2026-02-04,13,LOAN,2,0
B01,2026-02-04,14,ACCOUNT,2,0
B01,2026-02-04,14,LOAN,1,0
B01,2026-02-05,10,LOAN,1,0
B01,2026-02-05,11,ACCOUNT,1,0
B01,2026-02-05,11,LOAN,2,0
B01,2026-02-05,12,LOAN,2,1
B01,2026-02-05,13,ACCOUNT,1,0
B01,2026-02-05,13,LOAN,2,0
B01,2026-02-05,14,LOAN,2,1
B01,2026-02-05,15,LOAN,1,0
B01,2026-02-06,11,ACCOUNT,1,0
B01,2026-02-06,11,LOAN,5,1
B01,2026-02-06,12,LOAN,4,0
B01,2026-02-06,13,LOAN,1,0
B01,2026-02-06,14,LOAN,1,0
B01,2026-02-06,15,LOAN,2,0
B01,2026-02-07,10,ACCOUNT,4,0
B01,2026-02-07,10,LOAN,2,0
B01,2026-02-07,11,ACCOUNT,1,0
B01,2026-02-07,11,LOAN,3,0
B01,2026-02-07,12,ACCOUNT,1,0
B01,2026-02-07,13,LOAN,1,0
B01,2026-02-07,14,ACCOUNT,3,1
B01,2026-02-07,15,ACCOUNT,3,1
B01,2026-02-09,11,ACCOUNT,2,0
B01,2026-02-09,11,LOAN,2,0
B01,2026-02-09,12,ACCOUNT,2,0
B01,2026-02-09,12,LOAN,2,1
B01,2026-02-09,13,ACCOUNT,1,0
B01,2026-02-09,13,LOAN,3,1
B01,2026-02-09,14,ACCOUNT,3,1
B01,2026-02-09,14,LOAN,4,0
B01,2026-02-09,15,LOAN,2,0
B01,2026-02-10,10,ACCOUNT,1,0
B01,2026-02-10,10,LOAN,4,0
B01,2026-02-10,11,ACCOUNT,1,0
B01,2026-02-10,11,LOAN,3,1
B01,2026-02-10,12,ACCOUNT,1,0
B01,2026-02-10,12,LOAN,3,0
B01,2026-02-10,13,LOAN,1,0
B01,2026-02-10,14,LOAN,3,1
B01,2026-02-10,15,ACCOUNT,2,1
B01,2026-02-10,15,LOAN,2,1
B01,2026-02-11,10,LOAN,1,0
B01,2026-02-11,11,ACCOUNT,3,0
B01,2026-02-11,12,ACCOUNT,2,0
B01,2026-02-11,12,LOAN,4,2
B01,2026-02-11,13,ACCOUNT,2,0
B01,2026-02-11,13,LOAN,3,1
B01,2026-02-11,15,LOAN,1,0
B01,2026-02-12,10,ACCOUNT,1,0
B01,2026-02-12,11,LOAN,4,2
B01,2026-02-12,12,ACCOUNT,2,0
B01,2026-02-12,12,LOAN,3,0
B01,2026-02-12,13,LOAN,1,0
B01,2026-02-12,14,ACCOUNT,2,1
B01,2026-02-12,14,LOAN,1,0
B01,2026-02-13,10,LOAN,1,0
B01,2026-02-13,11,LOAN,3,0
B01,2026-02-13,12,LOAN,3,1
B01,2026-02-13,13,ACCOUNT,2,1
B01,2026-02-13,13,LOAN,1,0
B01,2026-02-13,14,ACCOUNT,1,0
B01,2026-02-13,14,LOAN,2,1
B01,2026-02-13,15,ACCOUNT,2,0
B01,2026-02-13,15,LOAN,4,2
B01,2026-02-16,10,ACCOUNT,2,0
B01,2026-02-16,10,LOAN,2,0
B01,2026-02-16,11,ACCOUNT,1,0
B01,2026-02-16,11,LOAN,5,3
B01,2026-02-16,12,ACCOUNT,4,1
B01,2026-02-16,12,LOAN,1,0
B01,2026-02-16,13,LOAN,2,0
B01,2026-02-16,14,ACCOUNT,2,1
B01,2026-02-16,14,LOAN,3,1
B01,2026-02-17,10,ACCOUNT,1,0
B01,2026-02-17,10,LOAN,1,0
B01,2026-02-17,11,ACCOUNT,3,0
B01,2026-02-17,11,LOAN,2,0
B01,2026-02-17,12,LOAN,1,0
B01,2026-02-17,13,LOAN,2,1
B01,2026-02-17,14,ACCOUNT,4,2
B01,2026-02-17,14,LOAN,3,1
B01,2026-02-17,15,LOAN,1,0
B01,2026-02-18,10,ACCOUNT,2,1
B01,2026-02-18,11,LOAN,1,0
B01,2026-02-18,12,LOAN,2,1
B01,2026-02-18,13,ACCOUNT,2,0
B01,2026-02-18,14,LOAN,3,0
B01,2026-02-19,10,LOAN,2,0
B01,2026-02-19,11,LOAN,2,0
B01,2026-02-19,12,LOAN,1,0
B01,2026-02-19,13,LOAN,2,0
B01,2026-02-19,14,LOAN,2,1
B01,2026-02-19,15,ACCOUNT,1,0
B01,2026-02-19,15,LOAN,1,0
B01,2026-02-20,10,ACCOUNT,2,1
B01,2026-02-20,10,LOAN,2,0
B01,2026-02-20,11,LOAN,3,0
B01,2026-02-20,12,LOAN,6,1
B01,2026-02-20,14,ACCOUNT,1,0
B01,2026-02-21,10,LOAN,2,1
B01,2026-02-21,11,LOAN,1,0
B01,2026-02-21,12,ACCOUNT,1,0
B01,2026-02-21,13,LOAN,2,1
B01,2026-02-21,14,ACCOUNT,1,0
B01,2026-02-21,14,LOAN,1,0
B01,2026-02-21,15,ACCOUNT,2,1
B01,2026-02-21,15,LOAN,6,3
B01,2026-02-23,10,ACCOUNT,2,0
B01,2026-02-23,10,LOAN,2,0
B01,2026-02-23,11,ACCOUNT,1,0
B01,2026-02-23,12,LOAN,4,2
B01,2026-02-23,14,ACCOUNT,1,0
B01,2026-02-23,15,ACCOUNT,2,1
B01,2026-02-23,15,LOAN,2,0
B01,2026-02-24,10,ACCOUNT,1,0
B01,2026-02-24,11,LOAN,1,0
B01,2026-02-24,12,ACCOUNT,1,0
B01,2026-02-24,12,LOAN,2,0
B01,2026-02-24,14,LOAN,1,0
B01,2026-02-24,15,ACCOUNT,1,0
B01,2026-02-24,15,LOAN,2,1
B01,2026-02-25,10,LOAN,2,1
B01,2026-02-25,11,LOAN,2,0
B01,2026-02-25,13,ACCOUNT,1,0
B01,2026-02-25,13,LOAN,2,1
B01,2026-02-25,15,LOAN,1,0
B01,2026-02-26,10,ACCOUNT,2,0
B01,2026-02-26,11,LOAN,1,0
B01,2026-02-26,13,ACCOUNT,2,1
B01,2026-02-26,15,ACCOUNT,1,0
B01,2026-02-26,15,LOAN,3,1
B01,2026-02-27,10,ACCOUNT,3,1
B01,2026-02-27,10,LOAN,3,0
B01,2026-02-27,11,ACCOUNT,2,0
B01,2026-02-27,11,LOAN,2,0
B01,2026-02-27,12,ACCOUNT,1,0
B01,2026-02-27,12,LOAN,4,2
B01,2026-02-27,14,LOAN,2,0
B01,2026-02-27,15,LOAN,3,1
B01,2026-03-02,10,ACCOUNT,2,0
B01,2026-03-02,11,LOAN,1,0
B01,2026-03-02,12,ACCOUNT,2,0
B01,2026-03-02,12,LOAN,6,1
B01,2026-03-02,13,LOAN,1,0
B01,2026-03-02,14,LOAN,1,0
B01,2026-03-02,15,ACCOUNT,1,0
B01,2026-03-02,15,LOAN,4,2
B01,2026-03-03,10,LOAN,1,0
B01,2026-03-03,11,LOAN,1,0
B01,2026-03-03,12,LOAN,1,0
B01,2026-03-03,13,ACCOUNT,1,0
B01,2026-03-03,14,LOAN,2,1
B01,2026-03-03,15,ACCOUNT,2,0
B01,2026-03-04,10,LOAN,4,1
B01,2026-03-04,11,LOAN,5,2
B01,2026-03-04,12,ACCOUNT,2,0
B01,2026-03-04,12,LOAN,2,0
B01,2026-03-04,13,LOAN,1,0
B01,2026-03-04,14,LOAN,2,0
B01,2026-03-04,15,LOAN,1,0
B01,2026-03-05,10,ACCOUNT,1,0
B01,2026-03-05,11,LOAN,4,2
B01,2026-03-05,14,ACCOUNT,2,0
B01,2026-03-05,14,LOAN,4,0
B01,2026-03-05,15,ACCOUNT,2,0
B01,2026-03-05,15,LOAN,1,0
B01,2026-03-06,10,LOAN,3,1
B01,2026-03-06,11,ACCOUNT,1,0
B01,2026-03-06,12,ACCOUNT,1,0
B01,2026-03-06,12,LOAN,2,0
B01,2026-03-06,13,ACCOUNT,2,1
B01,2026-03-06,13,LOAN,4,2
B01,2026-03-06,14,ACCOUNT,1,0
B01,2026-03-06,14,LOAN,2,1
B01,2026-03-06,15,ACCOUNT,2,0
B01,2026-03-06,15,LOAN,4,1
B01,2026-03-07,11,ACCOUNT,2,0
B01,2026-03-07,12,ACCOUNT,1,0
B01,2026-03-07,12,LOAN,3,1
B01,2026-03-07,13,LOAN,4,1
B01,2026-03-07,15,LOAN,4,1
B01,2026-03-09,11,ACCOUNT,1,0
B01,2026-03-09,11,LOAN,5,2
B01,2026-03-09,12,ACCOUNT,4,2
B01,2026-03-09,12,LOAN,2,0
B01,2026-03-09,13,ACCOUNT,1,0
B01,2026-03-09,14,LOAN,1,0
B01,2026-03-09,15,LOAN,1,0
B01,2026-03-10,10,LOAN,1,0
B01,2026-03-10,11,ACCOUNT,1,0
B01,2026-03-10,11,LOAN,1,0
B01,2026-03-10,12,ACCOUNT,2,0
B01,2026-03-10,13,LOAN,1,0
B01,2026-03-10,14,ACCOUNT,2,1
B01,2026-03-10,14,LOAN,1,0
B01,2026-03-10,15,ACCOUNT,1,0
B01,2026-03-11,10,LOAN,1,0
B01,2026-03-11,11,LOAN,2,0
B01,2026-03-11,12,LOAN,3,1
B01,2026-03-11,13,ACCOUNT,3,0
B01,2026-03-11,13,LOAN,2,1
B01,2026-03-11,14,ACCOUNT,2,0
B01,2026-03-11,14,LOAN,1,0
B01,2026-03-11,15,LOAN,1,0
B01,2026-03-12,10,ACCOUNT,1,0
B01,2026-03-12,10,LOAN,3,0
B01,2026-03-12,11,ACCOUNT,1,0
B01,2026-03-12,11,LOAN,2,0
B01,2026-03-12,12,LOAN,1,0
B01,2026-03-12,14,LOAN,2,0
B01,2026-03-12,15,LOAN,3,1
B01,2026-03-13,11,ACCOUNT,1,0
B01,2026-03-13,11,LOAN,4,0
B01,2026-03-13,12,ACCOUNT,2,0
B01,2026-03-13,12,LOAN,2,0
B01,2026-03-13,13,LOAN,3,0
B01,2026-03-13,14,LOAN,2,0
B01,2026-03-13,15,LOAN,2,0
B01,2026-03-16,10,ACCOUNT,1,0
B01,2026-03-16,10,LOAN,5,1
B01,2026-03-16,11,ACCOUNT,1,0
B01,2026-03-16,11,LOAN,2,1
B01,2026-03-16,12,ACCOUNT,1,0
B01,2026-03-16,12,LOAN,2,0
B01,2026-03-16,13,ACCOUNT,2,0
B01,2026-03-16,14,LOAN,6,1
B01,2026-03-16,15,LOAN,4,2
B01,2026-03-17,10,ACCOUNT,1,0
B01,2026-03-17,10,LOAN,1,0
B01,2026-03-17,11,LOAN,1,0
B01,2026-03-17,12,LOAN,3,0
B01,2026-03-17,14,ACCOUNT,1,0
B01,2026-03-17,14,LOAN,2,0
B01,2026-03-17,15,LOAN,3,0
B01,2026-03-18,10,LOAN,1,0
B01,2026-03-18,11,ACCOUNT,3,0
B01,2026-03-18,11,LOAN,3,1
B01,2026-03-18,12,ACCOUNT,1,0
B01,2026-03-18,12,LOAN,2,0
B01,2026-03-18,13,ACCOUNT,1,0
B01,2026-03-18,13,LOAN,2,0
B01,2026-03-18,14,ACCOUNT,4,1
B01,2026-03-18,14,LOAN,1,0
B01,2026-03-18,15,ACCOUNT,1,0
B01,2026-03-18,15,LOAN,1,0
B01,2026-03-21,10,ACCOUNT,1,0
B01,2026-03-21,10,LOAN,6,2
B01,2026-03-21,11,ACCOUNT,2,1
B01,2026-03-21,11,LOAN,2,0
B01,2026-03-21,12,ACCOUNT,1,0
B01,2026-03-21,12,LOAN,2,0
B01,2026-03-21,13,LOAN,3,1
B01,2026-03-21,14,LOAN,2,0
B01,2026-03-21,15,LOAN,4,0
B01,2026-03-23,10,ACCOUNT,1,0
B01,2026-03-23,10,LOAN,1,0
B01,2026-03-23,11,ACCOUNT,2,0
B01,2026-03-23,11,LOAN,3,0
B01,2026-03-23,12,ACCOUNT,3,0
B01,2026-03-23,13,ACCOUNT,2,1
B01,2026-03-23,13,LOAN,4,0
B01,2026-03-23,14,ACCOUNT,1,0
B01,2026-03-23,15,ACCOUNT,1,0
B01,2026-03-24,10,LOAN,3,0
B01,2026-03-24,11,LOAN,4,1
B01,2026-03-24,12,ACCOUNT,9,2
B01,2026-03-24,12,LOAN,1,0
B01,2026-03-24,13,ACCOUNT,2,0
B01,2026-03-24,13,LOAN,3,1
B01,2026-03-24,14,ACCOUNT,2,0
B01,2026-03-24,14,LOAN,3,1
B01,2026-03-24,15,LOAN,2,0
B01,2026-03-25,10,ACCOUNT,2,0
B01,2026-03-25,10,LOAN,1,0
B01,2026-03-25,11,LOAN,1,0
B01,2026-03-25,12,LOAN,1,0
B01,2026-03-25,13,ACCOUNT,2,0
B01,2026-03-25,13,LOAN,1,0
B01,2026-03-25,14,ACCOUNT,2,0
B01,2026-03-25,14,LOAN,3,0
B01,2026-03-25,15,ACCOUNT,1,0
B01,2026-03-26,11,ACCOUNT,2,0
B01,2026-03-26,12,LOAN,1,0
B01,2026-03-26,13,ACCOUNT,1,0
B01,2026-03-26,13,LOAN,1,0
B01,2026-03-26,14,ACCOUNT,1,0
B01,2026-03-26,14,LOAN,3,0
B01,2026-03-26,15,ACCOUNT,1,0
B01,2026-03-26,15,LOAN,3,1
B01,2026-03-27,10,ACCOUNT,4,2
B01,2026-03-27,10,LOAN,3,1
B01,2026-03-27,11,LOAN,2,0
B01,2026-03-27,12,LOAN,2,0
B01,2026-03-27,13,ACCOUNT,1,0
B01,2026-03-27,13,LOAN,1,0
B01,2026-03-27,14,ACCOUNT,2,0
B01,2026-03-27,14,LOAN,5,1
B01,2026-03-30,10,ACCOUNT,1,0
B01,2026-03-30,10,LOAN,4,0
B01,2026-03-30,11,ACCOUNT,1,0
B01,2026-03-30,11,LOAN,1,0
B01,2026-03-30,12,ACCOUNT,3,0
B01,2026-03-30,12,LOAN,3,0
B01,2026-03-30,13,ACCOUNT,3,1
B01,2026-03-30,13,LOAN,4,0
B01,2026-03-30,14,ACCOUNT,4,1
B01,2026-03-30,14,LOAN,2,0
B01,2026-03-30,15,LOAN,2,0
B01,2026-04-02,10,LOAN,1,0
B01,2026-04-02,11,ACCOUNT,4,1
B01,2026-04-02,12,ACCOUNT,4,0
B01,2026-04-02,12,LOAN,3,0
B01,2026-04-02,14,LOAN,1,0
B01,2026-04-02,15,ACCOUNT,4,1
B01,2026-04-02,15,LOAN,3,0
B01,2026-04-04,11,LOAN,3,1
B01,2026-04-04,12,ACCOUNT,2,1
B01,2026-04-04,12,LOAN,2,0
B01,2026-04-04,14,ACCOUNT,4,1
B01,2026-04-04,14,LOAN,4,1
B01,2026-04-04,15,LOAN,1,0
B01,2026-04-06,10,LOAN,1,0
B01,2026-04-06,12,LOAN,1,0
B01,2026-04-06,13,LOAN,1,0
B01,2026-04-06,15,ACCOUNT,1,0
B01,2026-04-07,10,LOAN,2,0
B01,2026-04-07,11,ACCOUNT,2,0
B01,2026-04-07,11,LOAN,3,0
B01,2026-04-07,12,ACCOUNT,2,0
B01,2026-04-07,13,ACCOUNT,6,2
B01,2026-04-07,13,LOAN,1,0
B01,2026-04-07,15,ACCOUNT,1,0
B01,2026-04-07,15,LOAN,3,1
B01,2026-04-08,10,ACCOUNT,2,1
B01,2026-04-08,10,LOAN,2,1
B01,2026-04-08,11,ACCOUNT,1,0
B01,2026-04-08,11,LOAN,3,0
B01,2026-04-08,12,ACCOUNT,4,2
B01,2026-04-08,12,LOAN,2,1
B01,2026-04-08,13,ACCOUNT,1,0
B01,2026-04-08,13,LOAN,3,1
B01,2026-04-08,14,ACCOUNT,1,0
B01,2026-04-08,14,LOAN,2,0
B01,2026-04-08,15,LOAN,2,0
B01,2026-04-09,10,ACCOUNT,2,0
B01,2026-04-09,11,LOAN,5,2
B01,2026-04-09,12,ACCOUNT,3,2
B01,2026-04-09,12,LOAN,2,0
B01,2026-04-09,15,LOAN,2,1
B01,2026-04-10,10,ACCOUNT,2,1
B01,2026-04-10,10,LOAN,1,0
B01,2026-04-10,11,ACCOUNT,3,0
B01,2026-04-10,11,LOAN,1,0
B01,2026-04-10,12,ACCOUNT,1,0
B01,2026-04-10,12,LOAN,4,2
B01,2026-04-13,10,ACCOUNT,1,0
B01,2026-04-13,10,LOAN,2,0
B01,2026-04-13,11,ACCOUNT,1,0
B01,2026-04-13,11,LOAN,1,0
B01,2026-04-13,12,ACCOUNT,1,0
B01,2026-04-13,12,LOAN,2,0
B01,2026-04-13,13,ACCOUNT,4,1
B01,2026-04-13,13,LOAN,2,0
B01,2026-04-13,14,ACCOUNT,1,0
B01,2026-04-13,14,LOAN,4,1
B01,2026-04-13,15,LOAN,2,0
B01,2026-04-15,10,LOAN,4,2
B01,2026-04-15,11,ACCOUNT,1,0
B01,2026-04-15,11,LOAN,5,2
B01,2026-04-15,12,LOAN,2,1
B01,2026-04-15,13,LOAN,2,0
B01,2026-04-15,14,LOAN,2,0
B01,2026-04-15,15,ACCOUNT,2,0
B01,2026-04-16,12,ACCOUNT,2,1
B01,2026-04-16,12,LOAN,1,0
B01,2026-04-16,13,ACCOUNT,2,0
B01,2026-04-16,13,LOAN,1,0
B01,2026-04-16,14,LOAN,1,0
B01,2026-04-16,15,LOAN,1,0
B01,2026-04-17,10,LOAN,1,0
B01,2026-04-17,11,ACCOUNT,2,1
B01,2026-04-17,11,LOAN,6,0
B01,2026-04-17,12,ACCOUNT,3,1
B01,2026-04-17,13,ACCOUNT,2,0
B01,2026-04-17,13,LOAN,1,0
B01,2026-04-17,14,ACCOUNT,1,0
B01,2026-04-17,15,ACCOUNT,1,0
B01,2026-04-17,15,LOAN,1,0
B01,2026-04-18,10,LOAN,1,0
B01,2026-04-18,11,ACCOUNT,1,0
B01,2026-04-18,11,LOAN,3,0
B01,2026-04-18,12,ACCOUNT,2,0
B01,2026-04-18,12,LOAN,5,0
B01,2026-04-18,13,ACCOUNT,1,0
B01,2026-04-18,13,LOAN,3,1
B01,2026-04-18,14,LOAN,2,0
B01,2026-04-18,15,ACCOUNT,2,1
B01,2026-04-20,10,ACCOUNT,3,0
B01,2026-04-20,10,LOAN,1,0
B01,2026-04-20,11,ACCOUNT,6,2
B01,2026-04-20,11,LOAN,4,0
B01,2026-04-20,12,ACCOUNT,2,0
B01,2026-04-20,12,LOAN,2,0
B01,2026-04-20,13,ACCOUNT,1,0
B01,2026-04-20,14,ACCOUNT,1,0
B01,2026-04-20,15,LOAN,1,0
B01,2026-04-21,10,ACCOUNT,1,0
B01,2026-04-21,10,LOAN,4,0
B01,2026-04-21,11,LOAN,3,0
B01,2026-04-21,12,ACCOUNT,1,0
B01,2026-04-21,12,LOAN,1,0
B01,2026-04-21,13,ACCOUNT,1,0
B01,2026-04-21,13,LOAN,2,0
B01,2026-04-21,14,ACCOUNT,2,1
B01,2026-04-21,15,LOAN,7,3
B01,2026-04-22,10,ACCOUNT,1,0
B01,2026-04-22,11,LOAN,1,0
B01,2026-04-22,12,ACCOUNT,2,0
B01,2026-04-22,12,LOAN,1,0
B01,2026-04-22,13,ACCOUNT,3,0
B01,2026-04-22,13,LOAN,6,2
B01,2026-04-22,14,LOAN,2,1
B01,2026-04-22,15,LOAN,1,0
B01,2026-04-23,10,LOAN,1,0
B01,2026-04-23,11,ACCOUNT,1,0
B01,2026-04-23,11,LOAN,1,0
B01,2026-04-23,12,ACCOUNT,1,0
B01,2026-04-23,12,LOAN,3,1
B01,2026-04-23,13,LOAN,1,0
B01,2026-04-23,14,LOAN,4,2
B01,2026-04-24,10,ACCOUNT,2,0
B01,2026-04-24,10,LOAN,1,0
B01,2026-04-24,11,ACCOUNT,1,0
B01,2026-04-24,11,LOAN,3,1
B01,2026-04-24,12,ACCOUNT,6,2
B01,2026-04-24,12,LOAN,1,0
B01,2026-04-24,13,LOAN,2,1
B01,2026-04-27,10,ACCOUNT,4,1
B01,2026-04-27,10,LOAN,2,1
B01,2026-04-27,11,LOAN,2,0
B01,2026-04-27,12,ACCOUNT,2,1
B01,2026-04-27,12,LOAN,3,1
B01,2026-04-27,13,ACCOUNT,1,0
B01,2026-04-27,13,LOAN,5,1
B01,2026-04-27,14,LOAN,6,1
B01,2026-04-27,15,ACCOUNT,4,3
B01,2026-04-27,15,LOAN,3,1
B01,2026-04-28,12,ACCOUNT,3,1
B01,2026-04-28,12,LOAN,1,0
B01,2026-04-28,13,ACCOUNT,1,0
B01,2026-04-28,14,LOAN,2,0
B01,2026-04-29,10,ACCOUNT,1,0
B01,2026-04-29,10,LOAN,1,0
B01,2026-04-29,11,ACCOUNT,3,1
B01,2026-04-29,11,LOAN,2,0
B01,2026-04-29,12,ACCOUNT,1,0
B01,2026-04-29,12,LOAN,3,1
B01,2026-04-29,14,LOAN,2,1
B01,2026-04-29,15,LOAN,1,0
B01,2026-04-30,10,LOAN,4,2
B01,2026-04-30,11,ACCOUNT,3,0
B01,2026-04-30,11,LOAN,1,0
B01,2026-04-30,12,LOAN,1,0
B01,2026-04-30,13,ACCOUNT,1,0
B01,2026-04-30,13,LOAN,2,0
B01,2026-04-30,14,ACCOUNT,1,0
B01,2026-04-30,14,LOAN,1,0
B01,2026-04-30,15,LOAN,2,0
B01,2026-05-02,10,ACCOUNT,1,0
B01,2026-05-02,10,LOAN,2,0
B01,2026-05-02,11,ACCOUNT,2,0
B01,2026-05-02,11,LOAN,1,0
B01,2026-05-02,12,ACCOUNT,2,1
B01,2026-05-02,12,LOAN,3,1
B01,2026-05-02,13,LOAN,3,0
B01,2026-05-02,14,LOAN,1,0
B01,2026-05-04,10,LOAN,2,0
B01,2026-05-04,11,LOAN,1,0
B01,2026-05-04,12,ACCOUNT,4,0
B01,2026-05-04,14,ACCOUNT,3,0
B01,2026-05-04,15,ACCOUNT,1,0
B01,2026-05-04,15,LOAN,1,0
B01,2026-05-05,10,ACCOUNT,2,0
B01,2026-05-05,11,LOAN,3,0
B01,2026-05-05,12,LOAN,6,1
B01,2026-05-05,13,ACCOUNT,1,0
B01,2026-05-05,13,LOAN,1,0
B01,2026-05-05,15,LOAN,3,1
B01,2026-05-06,10,LOAN,1,0
B01,2026-05-06,11,ACCOUNT,3,0
B01,2026-05-06,11,LOAN,1,0
B01,2026-05-06,12,LOAN,2,0
B01,2026-05-06,14,ACCOUNT,2,0
B01,2026-05-06,15,LOAN,1,0
B01,2026-05-07,10,ACCOUNT,1,0
B01,2026-05-07,10,LOAN,1,0
B01,2026-05-07,11,ACCOUNT,2,0
B01,2026-05-07,11,LOAN,5,0
B01,2026-05-07,12,LOAN,2,1
B01,2026-05-07,13,ACCOUNT,1,0
B01,2026-05-07,13,LOAN,5,2
B01,2026-05-07,14,ACCOUNT,1,0
B01,2026-05-07,14,LOAN,3,1
B01,2026-05-07,15,ACCOUNT,1,0
B01,2026-05-08,10,ACCOUNT,1,0
B01,2026-05-08,10,LOAN,2,1
B01,2026-05-08,11,LOAN,5,1
B01,2026-05-08,12,ACCOUNT,1,0
B01,2026-05-08,12,LOAN,1,0
B01,2026-05-08,13,ACCOUNT,2,1
B01,2026-05-08,13,LOAN,6,2
B01,2026-05-08,14,ACCOUNT,2,0
B01,2026-05-08,14,LOAN,2,0
B01,2026-05-08,15,ACCOUNT,1,0
B01,2026-05-11,10,ACCOUNT,1,0
B01,2026-05-11,10,LOAN,2,0
B01,2026-05-11,11,ACCOUNT,1,0
B01,2026-05-11,12,LOAN,3,0
B01,2026-05-11,14,ACCOUNT,4,1
B01,2026-05-11,14,LOAN,3,0
B01,2026-05-12,10,LOAN,1,0
B01,2026-05-12,11,ACCOUNT,1,0
B01,2026-05-12,11,LOAN,3,1
B01,2026-05-12,12,ACCOUNT,3,1
B01,2026-05-12,12,LOAN,4,1
B01,2026-05-12,13,LOAN,1,0
B01,2026-05-12,14,ACCOUNT,1,0
B01,2026-05-12,15,LOAN,3,1
B01,2026-05-13,10,ACCOUNT,1,0
B01,2026-05-13,10,LOAN,2,0
B01,2026-05-13,11,LOAN,3,0
B01,2026-05-13,13,ACCOUNT,2,0
B01,2026-05-13,13,LOAN,1,0
B01,2026-05-13,14,LOAN,1,0
B01,2026-05-13,15,ACCOUNT,1,0
B01,2026-05-13,15,LOAN,3,1
B01,2026-05-14,10,LOAN,3,0
B01,2026-05-14,11,ACCOUNT,1,0
B01,2026-05-14,11,LOAN,1,0
B01,2026-05-14,12,ACCOUNT,1,0
B01,2026-05-14,12,LOAN,2,1
B01,2026-05-14,13,LOAN,2,1
B01,2026-05-14,14,LOAN,1,0
B01,2026-05-14,15,LOAN,3,0
B01,2026-05-15,10,ACCOUNT,4,1
B01,2026-05-15,10,LOAN,1,0
B01,2026-05-15,11,ACCOUNT,1,0
B01,2026-05-15,11,LOAN,2,1
B01,2026-05-15,12,ACCOUNT,2,0
B01,2026-05-15,15,LOAN,2,0
B01,2026-05-16,11,ACCOUNT,1,0
B01,2026-05-16,12,ACCOUNT,3,1
B01,2026-05-16,13,ACCOUNT,1,0
B01,2026-05-16,13,LOAN,1,0
B01,2026-05-18,10,ACCOUNT,1,0
B01,2026-05-18,11,LOAN,3,1
B01,2026-05-18,12,LOAN,1,0
B01,2026-05-18,13,ACCOUNT,2,0
B01,2026-05-18,13,LOAN,1,0
B01,2026-05-18,14,ACCOUNT,1,0
B01,2026-05-18,14,LOAN,1,0
B01,2026-05-18,15,ACCOUNT,3,1
B01,2026-05-18,15,LOAN,2,0
B01,2026-05-19,10,ACCOUNT,3,0
B01,2026-05-19,10,LOAN,4,2
B01,2026-05-19,11,LOAN,1,0
B01,2026-05-19,12,LOAN,2,0
B01,2026-05-19,13,ACCOUNT,1,0
B01,2026-05-19,13,LOAN,1,0
B01,2026-05-19,14,ACCOUNT,1,0
B01,2026-05-20,11,LOAN,1,0
B01,2026-05-20,12,ACCOUNT,1,0
B01,2026-05-20,12,LOAN,1,0
B01,2026-05-20,14,ACCOUNT,3,1
B01,2026-05-20,14,LOAN,2,1
B01,2026-05-20,15,LOAN,1,0
B01,2026-05-21,10,ACCOUNT,1,0
B01,2026-05-21,10,LOAN,1,0
B01,2026-05-21,11,LOAN,3,1
B01,2026-05-21,12,LOAN,1,0
B01,2026-05-21,14,ACCOUNT,1,0
B01,2026-05-21,14,LOAN,1,0
B01,2026-05-21,15,LOAN,1,0
B01,2026-05-22,10,ACCOUNT,1,0
B01,2026-05-22,10,LOAN,1,0
B01,2026-05-22,11,ACCOUNT,1,0
B01,2026-05-22,11,LOAN,4,0
B01,2026-05-22,12,LOAN,2,0
B01,2026-05-22,13,LOAN,1,0
B01,2026-05-22,14,ACCOUNT,1,0
B01,2026-05-22,15,LOAN,2,0
B01,2026-05-25,10,ACCOUNT,2,0
B01,2026-05-25,11,ACCOUNT,2,0
B01,2026-05-25,11,LOAN,6,1
B01,2026-05-25,12,ACCOUNT,1,0
B01,2026-05-25,12,LOAN,2,0
B01,2026-05-25,13,ACCOUNT,1,0
B01,2026-05-25,14,LOAN,4,0
B01,2026-05-25,15,ACCOUNT,1,0
B01,2026-05-25,15,LOAN,3,1
B01,2026-05-26,10,ACCOUNT,1,0
B01,2026-05-26,10,LOAN,2,0
B01,2026-05-26,11,LOAN,4,2
B01,2026-05-26,12,ACCOUNT,3,0
B01,2026-05-26,13,LOAN,2,0
B01,2026-05-26,14,ACCOUNT,4,1
B01,2026-05-26,14,LOAN,4,1
B01,2026-05-26,15,LOAN,1,0
B01,2026-05-28,10,LOAN,1,0
B01,2026-05-28,11,ACCOUNT,1,0
B01,2026-05-28,13,LOAN,1,0
B01,2026-05-28,14,LOAN,3,1
B01,2026-05-28,15,ACCOUNT,2,0
B01,2026-05-28,15,LOAN,1,0
B01,2026-05-29,10,ACCOUNT,4,2
B01,2026-05-29,10,LOAN,1,0
B01,2026-05-29,11,ACCOUNT,2,1
B01,2026-05-29,11,LOAN,3,2
B01,2026-05-29,12,LOAN,3,1
B01,2026-05-29,13,ACCOUNT,1,0
B01,2026-05-29,13,LOAN,3,0
B01,2026-05-29,14,LOAN,2,1
B01,2026-05-29,15,LOAN,1,0
B01,2026-05-30,11,ACCOUNT,2,0
B01,2026-05-30,11,LOAN,4,2
B01,2026-05-30,12,LOAN,2,0
B01,2026-05-30,13,LOAN,1,0
B01,2026-05-30,14,LOAN,1,0
B01,2026-05-30,15,ACCOUNT,1,0
B01,2026-05-30,15,LOAN,1,0
B01,2026-06-01,10,ACCOUNT,3,0
B01,2026-06-01,10,LOAN,2,1
B01,2026-06-01,11,ACCOUNT,1,0
B01,2026-06-01,11,LOAN,3,1
B01,2026-06-01,12,ACCOUNT,2,1
B01,2026-06-01,13,ACCOUNT,1,0
B01,2026-06-01,13,LOAN,1,0
B01,2026-06-01,14,LOAN,2,0
B01,2026-06-01,15,ACCOUNT,1,0
B01,2026-06-02,10,ACCOUNT,4,0
B01,2026-06-02,10,LOAN,1,0
B01,2026-06-02,11,ACCOUNT,3,0
B01,2026-06-02,11,LOAN,1,0
B01,2026-06-02,12,ACCOUNT,2,0
B01,2026-06-02,12,LOAN,2,0
B01,2026-06-02,13,ACCOUNT,2,1
B01,2026-06-02,13,LOAN,2,0
B01,2026-06-02,14,ACCOUNT,1,0
B01,2026-06-02,14,LOAN,5,1
B01,2026-06-02,15,ACCOUNT,1,0
B01,2026-06-02,15,LOAN,2,0
B01,2026-06-03,11,ACCOUNT,2,0
B01,2026-06-03,11,LOAN,2,1
B01,2026-06-03,12,ACCOUNT,2,0
B01,2026-06-03,12,LOAN,2,1
B01,2026-06-03,13,LOAN,2,0
B01,2026-06-04,10,LOAN,2,1
B01,2026-06-04,11,ACCOUNT,3,2
B01,2026-06-04,11,LOAN,2,0
B01,2026-06-04,12,ACCOUNT,1,0
B01,2026-06-04,12,LOAN,2,1
B01,2026-06-04,13,ACCOUNT,1,0
B01,2026-06-04,13,LOAN,1,0
B01,2026-06-04,15,ACCOUNT,2,1
B01,2026-06-04,15,LOAN,1,0
B01,2026-06-05,10,LOAN,2,0
B01,2026-06-05,11,ACCOUNT,3,1
B01,2026-06-05,11,LOAN,1,0
B01,2026-06-05,12,ACCOUNT,1,0
B01,2026-06-05,12,LOAN,5,0
B01,2026-06-05,13,ACCOUNT,6,1
B01,2026-06-05,13,LOAN,4,1
B01,2026-06-05,14,ACCOUNT,4,2
B01,2026-06-05,14,LOAN,4,1
B01,2026-06-05,15,LOAN,3,2
B01,2026-06-06,10,ACCOUNT,2,0
B01,2026-06-06,10,LOAN,2,0
B01,2026-06-06,11,ACCOUNT,1,0
B01,2026-06-06,11,LOAN,3,0
B01,2026-06-06,12,LOAN,5,3
B01,2026-06-06,13,ACCOUNT,2,0
B01,2026-06-06,14,LOAN,3,1
B01,2026-06-06,15,ACCOUNT,1,0
B01,2026-06-08,10,LOAN,7,3
B01,2026-06-08,11,LOAN,2,0
B01,2026-06-08,12,LOAN,2,1
B01,2026-06-08,13,LOAN,1,0
B01,2026-06-08,14,ACCOUNT,1,0
B01,2026-06-08,14,LOAN,2,1
B01,2026-06-09,11,LOAN,3,1
B01,2026-06-09,12,ACCOUNT,1,0
B01,2026-06-09,12,LOAN,1,0
B01,2026-06-09,13,ACCOUNT,1,0
B01,2026-06-09,14,LOAN,2,1
B01,2026-06-09,15,ACCOUNT,2,0
B01,2026-06-10,10,ACCOUNT,1,0
B01,2026-06-10,11,ACCOUNT,2,0
B01,2026-06-10,11,LOAN,3,1
B01,2026-06-10,12,ACCOUNT,2,0
B01,2026-06-10,12,LOAN,4,1
B01,2026-06-10,13,ACCOUNT,2,0
B01,2026-06-10,13,LOAN,4,0
B01,2026-06-10,14,ACCOUNT,1,0
B01,2026-06-10,14,LOAN,5,1
B01,2026-06-10,15,ACCOUNT,1,0
B01,2026-06-11,10,ACCOUNT,1,0
B01,2026-06-11,10,LOAN,4,2
B01,2026-06-11,11,ACCOUNT,2,1
B01,2026-06-11,11,LOAN,4,1
B01,2026-06-11,12,LOAN,2,1
B01,2026-06-11,13,ACCOUNT,2,0
B01,2026-06-11,13,LOAN,1,0
B01,2026-06-11,14,ACCOUNT,1,0
B01,2026-06-11,14,LOAN,4,0
B01,2026-06-11,15,LOAN,1,0
B01,2026-06-12,10,ACCOUNT,2,0
B01,2026-06-12,10,LOAN,2,0
B01,2026-06-12,11,ACCOUNT,1,0
B01,2026-06-12,11,LOAN,3,1
B01,2026-06-12,12,ACCOUNT,3,0
B01,2026-06-12,12,LOAN,1,0
B01,2026-06-12,13,ACCOUNT,2,0
B01,2026-06-12,13,LOAN,1,0
B01,2026-06-12,14,LOAN,2,0
B01,2026-06-12,15,ACCOUNT,3,1
B01,2026-06-15,10,LOAN,2,0
B01,2026-06-15,12,ACCOUNT,1,0
B01,2026-06-15,12,LOAN,2,0
B01,2026-06-15,13,LOAN,3,1
B01,2026-06-15,14,LOAN,5,0
B01,2026-06-15,15,LOAN,2,0
B01,2026-06-16,10,LOAN,2,0
B01,2026-06-16,11,ACCOUNT,1,0
B01,2026-06-16,11,LOAN,2,1
B01,2026-06-16,12,ACCOUNT,6,2
B01,2026-06-16,12,LOAN,2,0
B01,2026-06-16,13,LOAN,1,0
B01,2026-06-16,14,LOAN,1,0
B01,2026-06-16,15,ACCOUNT,1,0
B01,2026-06-17,10,LOAN,4,1
B01,2026-06-17,11,ACCOUNT,1,0
B01,2026-06-17,11,LOAN,2,0
B01,2026-06-17,12,LOAN,3,0
B01,2026-06-17,13,ACCOUNT,1,0
B01,2026-06-17,13,LOAN,1,0
B01,2026-06-17,14,ACCOUNT,2,0
B01,2026-06-17,14,LOAN,5,2
B01,2026-06-17,15,LOAN,1,0
B01,2026-06-18,10,LOAN,1,0
B01,2026-06-18,11,LOAN,2,0
B01,2026-06-18,12,ACCOUNT,7,3
B01,2026-06-18,13,ACCOUNT,1,0
B01,2026-06-18,13,LOAN,3,0
B01,2026-06-18,14,ACCOUNT,1,0
B01,2026-06-18,15,LOAN,3,1
B01,2026-06-19,11,ACCOUNT,2,1
B01,2026-06-19,11,LOAN,2,1
B01,2026-06-19,12,LOAN,2,1
B01,2026-06-19,13,ACCOUNT,2,0
B01,2026-06-19,13,LOAN,1,0
B01,2026-06-19,14,ACCOUNT,2,0
B01,2026-06-19,15,ACCOUNT,1,0
B01,2026-06-19,15,LOAN,2,0
B01,2026-06-20,10,ACCOUNT,1,0
B01,2026-06-20,11,LOAN,4,1
B01,2026-06-20,12,LOAN,3,2
B01,2026-06-20,13,LOAN,1,0
B01,2026-06-20,14,ACCOUNT,1,0
B01,2026-06-20,14,LOAN,2,1
B01,2026-06-20,15,LOAN,1,0
B01,2026-06-22,10,ACCOUNT,1,0
B01,2026-06-22,11,ACCOUNT,1,0
B01,2026-06-22,11,LOAN,1,0
B01,2026-06-22,12,LOAN,1,0
B01,2026-06-22,13,ACCOUNT,1,0
B01,2026-06-22,13,LOAN,1,0
B01,2026-06-22,14,LOAN,1,0
B01,2026-06-22,15,LOAN,2,1
B01,2026-06-23,10,ACCOUNT,2,0
B01,2026-06-23,10,LOAN,1,0
B01,2026-06-23,11,ACCOUNT,2,0
B01,2026-06-23,11,LOAN,4,1
B01,2026-06-23,12,ACCOUNT,4,0
B01,2026-06-23,12,LOAN,3,1
B01,2026-06-23,13,LOAN,1,0
B01,2026-06-23,14,LOAN,3,0
B01,2026-06-23,15,LOAN,1,0
B01,2026-06-24,10,ACCOUNT,2,1
B01,2026-06-24,11,LOAN,2,1
B01,2026-06-24,12,ACCOUNT,1,0
B01,2026-06-24,12,LOAN,2,0
B01,2026-06-24,13,ACCOUNT,1,0
B01,2026-06-24,14,ACCOUNT,1,0
B01,2026-06-24,15,ACCOUNT,1,0
B01,2026-06-24,15,LOAN,3,1
B01,2026-06-25,10,ACCOUNT,1,0
B01,2026-06-25,10,LOAN,1,0
B01,2026-06-25,11,ACCOUNT,1,0
B01,2026-06-25,12,ACCOUNT,1,0
B01,2026-06-25,12,LOAN,1,0
B01,2026-06-25,13,LOAN,1,0
B01,2026-06-25,15,ACCOUNT,1,0
B01,2026-06-25,15,LOAN,2,1
B01,2026-06-29,10,LOAN,4,2
B01,2026-06-29,11,LOAN,4,1
B01,2026-06-29,12,ACCOUNT,1,0
B01,2026-06-29,13,ACCOUNT,2,0
B01,2026-06-29,13,LOAN,3,1
B01,2026-06-29,14,ACCOUNT,3,0
B01,2026-06-29,14,LOAN,3,0
B01,2026-06-29,15,ACCOUNT,1,0
B01,2026-06-29,15,LOAN,1,0
B01,2026-06-30,11,ACCOUNT,1,0
B01,2026-06-30,11,LOAN,2,0
B01,2026-06-30,12,ACCOUNT,1,0
B01,2026-06-30,12,LOAN,3,0
B01,2026-06-30,13,ACCOUNT,3,0
B01,2026-06-30,13,LOAN,2,1
B01,2026-06-30,15,ACCOUNT,2,0
B01,2026-06-30,15,LOAN,3,1
B01,2026-07-01,11,LOAN,4,0
B01,2026-07-01,12,ACCOUNT,2,0
B01,2026-07-01,12,LOAN,3,1
B01,2026-07-01,13,ACCOUNT,1,0
B01,2026-07-01,13,LOAN,3,1
B01,2026-07-01,14,LOAN,1,0
B01,2026-07-02,10,LOAN,1,0
B01,2026-07-02,11,ACCOUNT,1,0
B01,2026-07-02,11,LOAN,2,1
B01,2026-07-02,12,ACCOUNT,1,0
B01,2026-07-02,12,LOAN,2,0
B01,2026-07-02,13,LOAN,1,0
B01,2026-07-02,14,LOAN,2,1
B01,2026-07-03,10,ACCOUNT,1,0
B01,2026-07-03,11,ACCOUNT,2,1
B01,2026-07-03,11,LOAN,1,0
B01,2026-07-03,14,LOAN,1,0
B01,2026-07-03,15,ACCOUNT,2,0
B01,2026-07-04,11,ACCOUNT,1,0
B01,2026-07-04,11,LOAN,1,0
B01,2026-07-04,12,LOAN,2,1
B01,2026-07-04,13,ACCOUNT,1,0
B01,2026-07-04,14,LOAN,1,0
B01,2026-07-06,11,ACCOUNT,3,1
B01,2026-07-06,11,LOAN,1,0
B01,2026-07-06,12,ACCOUNT,3,0
B01,2026-07-06,12,LOAN,1,0
B01,2026-07-06,13,ACCOUNT,1,0
B01,2026-07-06,13,LOAN,3,1
B01,2026-07-06,14,ACCOUNT,1,0
B01,2026-07-06,14,LOAN,2,0
B01,2026-07-06,15,LOAN,1,0
B01,2026-07-07,10,LOAN,1,0
B01,2026-07-07,11,ACCOUNT,2,0
B01,2026-07-07,11,LOAN,3,0
B01,2026-07-07,12,ACCOUNT,2,1
B01,2026-07-07,12,LOAN,1,0
B01,2026-07-07,13,LOAN,5,2
B01,2026-07-07,15,ACCOUNT,2,0
B01,2026-07-07,15,LOAN,1,0
B01,2026-07-08,10,LOAN,1,0
B01,2026-07-08,12,LOAN,2,0
B01,2026-07-08,13,ACCOUNT,2,0
B01,2026-07-08,15,ACCOUNT,1,0
B01,2026-07-08,15,LOAN,3,0
B01,2026-07-09,10,LOAN,3,1
B01,2026-07-09,11,ACCOUNT,2,0
B01,2026-07-09,12,ACCOUNT,2,1
B01,2026-07-09,12,LOAN,3,0
B01,2026-07-09,13,LOAN,1,0
B01,2026-07-09,14,ACCOUNT,1,0
B01,2026-07-09,15,ACCOUNT,1,0
B01,2026-07-09,15,LOAN,1,0
B01,2026-07-10,10,ACCOUNT,2,1
B01,2026-07-10,12,ACCOUNT,2,0
B01,2026-07-10,13,ACCOUNT,1,0
B01,2026-07-10,15,LOAN,1,0
B01,2026-07-13,10,ACCOUNT,2,0
B01,2026-07-13,11,LOAN,4,1
B01,2026-07-13,12,ACCOUNT,5,1
B01,2026-07-13,12,LOAN,3,1
B01,2026-07-13,14,ACCOUNT,1,0
B01,2026-07-13,14,LOAN,1,0
B01,2026-07-13,15,ACCOUNT,2,0
B01,2026-07-13,15,LOAN,1,0
B01,2026-07-14,12,LOAN,1,0
B01,2026-07-14,13,LOAN,1,0
B01,2026-07-14,14,ACCOUNT,1,0
B01,2026-07-14,14,LOAN,1,0
B01,2026-07-14,15,ACCOUNT,1,0
B01,2026-07-15,11,LOAN,2,0
B01,2026-07-15,12,ACCOUNT,1,0
B01,2026-07-15,12,LOAN,4,0
B01,2026-07-15,13,ACCOUNT,1,0
B01,2026-07-15,13,LOAN,2,0
B01,2026-07-15,14,ACCOUNT,1,0
B01,2026-07-15,14,LOAN,3,1
B01,2026-07-15,15,ACCOUNT,1,0
B01,2026-07-16,11,LOAN,2,0
B01,2026-07-16,12,ACCOUNT,1,0
B01,2026-07-16,12,LOAN,2,1
B01,2026-07-16,14,LOAN,2,1
B01,2026-07-16,15,ACCOUNT,1,0
B01,2026-07-17,10,LOAN,2,0
B01,2026-07-17,11,ACCOUNT,3,0
B01,2026-07-17,11,LOAN,4,1
B01,2026-07-17,12,LOAN,1,0
B01,2026-07-17,13,LOAN,2,1
B01,2026-07-18,10,ACCOUNT,3,0
B01,2026-07-18,10,LOAN,1,0
B01,2026-07-18,11,LOAN,1,0
B01,2026-07-18,12,LOAN,1,0
B01,2026-07-18,14,ACCOUNT,1,0
B01,2026-07-18,14,LOAN,2,0
B01,2026-07-18,15,ACCOUNT,1,0
B01,2026-07-18,15,LOAN,2,0
B01,2026-07-20,10,ACCOUNT,1,0
B01,2026-07-20,10,LOAN,4,0
B01,2026-07-20,11,ACCOUNT,3,1
B01,2026-07-20,11,LOAN,2,0
B01,2026-07-20,12,ACCOUNT,1,0
B01,2026-07-20,13,LOAN,1,0
B01,2026-07-20,14,ACCOUNT,5,0
B01,2026-07-20,14,LOAN,2,0
B01,2026-07-20,15,LOAN,1,0
B01,2026-07-21,10,ACCOUNT,1,0
B01,2026-07-21,12,LOAN,1,0
B01,2026-07-21,14,ACCOUNT,4,1
B01,2026-07-21,14,LOAN,3,1
B01,2026-07-22,10,LOAN,1,0
B01,2026-07-22,11,LOAN,5,2
B01,2026-07-22,12,ACCOUNT,2,0
B01,2026-07-22,12,LOAN,4,2
B01,2026-07-22,14,ACCOUNT,1,0
B01,2026-07-22,14,LOAN,2,0
B01,2026-07-22,15,ACCOUNT,1,0
B01,2026-07-22,15,LOAN,1,0
B01,2026-07-23,10,LOAN,2,0
B01,2026-07-23,11,ACCOUNT,1,0
B01,2026-07-23,12,ACCOUNT,1,0
B01,2026-07-23,12,LOAN,6,3
B01,2026-07-23,13,ACCOUNT,1,0
B01,2026-07-23,13,LOAN,1,0
B01,2026-07-23,14,LOAN,2,1
B01,2026-07-23,15,LOAN,1,0
B01,2026-07-24,10,LOAN,2,0
B01,2026-07-24,11,ACCOUNT,2,1
B01,2026-07-24,11,LOAN,1,0
B01,2026-07-24,12,ACCOUNT,1,0
B01,2026-07-24,12,LOAN,2,0
B01,2026-07-24,13,ACCOUNT,3,1
B01,2026-07-24,14,LOAN,4,2
B01,2026-07-24,15,LOAN,1,0
B01,2026-07-27,10,ACCOUNT,1,0
B01,2026-07-27,11,ACCOUNT,2,0
B01,2026-07-27,12,ACCOUNT,3,0
B01,2026-07-27,12,LOAN,1,0
B01,2026-07-27,13,LOAN,3,1
B01,2026-07-27,14,LOAN,3,0
B01,2026-07-28,10,LOAN,3,1
B01,2026-07-28,11,ACCOUNT,1,0
B01,2026-07-28,11,LOAN,4,1
B01,2026-07-28,12,ACCOUNT,2,0
B01,2026-07-28,12,LOAN,2,1
B01,2026-07-28,13,LOAN,1,0
B01,2026-07-29,11,ACCOUNT,1,0
B01,2026-07-29,12,LOAN,2,0
B01,2026-07-29,14,LOAN,1,0
B01,2026-07-29,15,LOAN,1,0
B01,2026-07-30,10,LOAN,1,0
B01,2026-07-30,11,LOAN,1,0
B01,2026-07-30,12,LOAN,3,1
B01,2026-07-30,14,ACCOUNT,1,0
B01,2026-07-30,14,LOAN,1,0
B01,2026-07-31,10,ACCOUNT,3,0
B01,2026-07-31,10,LOAN,2,0
B01,2026-07-31,11,LOAN,2,1
B01,2026-07-31,12,ACCOUNT,2,0
B01,2026-07-31,12,LOAN,2,0
B01,2026-07-31,13,LOAN,4,2
B01,2026-07-31,14,ACCOUNT,1,0
B01,2026-07-31,14,LOAN,3,1
B01,2026-08-01,10,ACCOUNT,1,0
B01,2026-08-01,10,LOAN,3,0
B01,2026-08-01,11,LOAN,2,1
B01,2026-08-01,13,ACCOUNT,3,2
B01,2026-08-01,13,LOAN,3,1
B01,2026-08-01,14,ACCOUNT,1,0
B01,2026-08-01,14,LOAN,3,1
B01,2026-08-03,10,LOAN,1,0
B01,2026-08-03,11,ACCOUNT,2,1
B01,2026-08-03,11,LOAN,1,0
B01,2026-08-03,12,ACCOUNT,3,1
B01,2026-08-03,12,LOAN,3,0
B01,2026-08-03,13,ACCOUNT,2,1
B01,2026-08-03,13,LOAN,2,1
B01,2026-08-03,14,ACCOUNT,1,0
B01,2026-08-03,14,LOAN,1,0
B01,2026-08-03,15,ACCOUNT,2,0
B01,2026-08-03,15,LOAN,2,0
B01,2026-08-04,10,ACCOUNT,2,0
B01,2026-08-04,10,LOAN,3,1
B01,2026-08-04,11,LOAN,4,0
B01,2026-08-04,12,LOAN,2,1
B01,2026-08-04,14,ACCOUNT,1,0
B01,2026-08-04,15,ACCOUNT,1,0
B01,2026-08-05,10,ACCOUNT,1,0
B01,2026-08-05,10,LOAN,2,1
B01,2026-08-05,11,ACCOUNT,1,0
B01,2026-08-05,11,LOAN,1,0
B01,2026-08-05,12,ACCOUNT,2,0
B01,2026-08-05,12,LOAN,1,0
B01,2026-08-05,15,LOAN,1,0
B01,2026-08-06,10,ACCOUNT,2,1
B01,2026-08-06,11,LOAN,1,0
B01,2026-08-06,12,LOAN,3,1
B01,2026-08-06,13,LOAN,1,0
B01,2026-08-06,14,ACCOUNT,2,1
B01,2026-08-06,14,LOAN,3,1
B01,2026-08-06,15,ACCOUNT,1,0
B01,2026-08-06,15,LOAN,1,0
B01,2026-08-07,10,ACCOUNT,2,1
B01,2026-08-07,10,LOAN,2,0
B01,2026-08-07,11,ACCOUNT,3,1
B01,2026-08-07,11,LOAN,1,0
B01,2026-08-07,12,ACCOUNT,1,0
B01,2026-08-07,12,LOAN,1,0
B01,2026-08-07,13,ACCOUNT,1,0
B01,2026-08-07,14,ACCOUNT,1,0
B01,2026-08-07,14,LOAN,2,0
B01,2026-08-07,15,LOAN,1,0
B01,2026-08-10,11,ACCOUNT,3,1
B01,2026-08-10,12,ACCOUNT,2,0
B01,2026-08-10,12,LOAN,3,1
B01,2026-08-10,13,LOAN,1,0
B01,2026-08-10,15,ACCOUNT,1,0
B01,2026-08-10,15,LOAN,1,0
B01,2026-08-11,11,ACCOUNT,2,1
B01,2026-08-11,12,LOAN,5,2
B01,2026-08-11,13,LOAN,1,0
B01,2026-08-11,14,ACCOUNT,2,0
B01,2026-08-11,14,LOAN,2,0
B01,2026-08-11,15,LOAN,2,0
B01,2026-08-12,10,LOAN,1,0
B01,2026-08-12,11,ACCOUNT,3,1
B01,2026-08-12,12,ACCOUNT,3,0
B01,2026-08-12,13,LOAN,3,1
B01,2026-08-12,14,ACCOUNT,1,0
B01,2026-08-12,14,LOAN,2,0
B01,2026-08-12,15,LOAN,1,0
B01,2026-08-13,10,LOAN,2,0
B01,2026-08-13,11,ACCOUNT,2,0
B01,2026-08-13,12,ACCOUNT,1,0
B01,2026-08-13,12,LOAN,4,1
B01,2026-08-13,14,LOAN,2,0
B01,2026-08-13,15,LOAN,2,0
B01,2026-08-14,11,ACCOUNT,2,0
B01,2026-08-14,11,LOAN,2,0
B01,2026-08-14,12,LOAN,5,1
B01,2026-08-14,13,LOAN,3,1
B01,2026-08-14,14,LOAN,1,0
B01,2026-08-17,10,LOAN,1,0
B01,2026-08-17,11,ACCOUNT,4,1
B01,2026-08-17,11,LOAN,1,0
B01,2026-08-17,12,ACCOUNT,3,0
B01,2026-08-17,12,LOAN,1,0
B01,2026-08-17,13,ACCOUNT,3,1
B01,2026-08-18,10,ACCOUNT,1,0
B01,2026-08-18,10,LOAN,2,0
B01,2026-08-18,11,ACCOUNT,4,1
B01,2026-08-18,11,LOAN,2,0
B01,2026-08-18,12,ACCOUNT,3,1
B01,2026-08-18,12,LOAN,3,1
B01,2026-08-18,13,LOAN,3,1
B01,2026-08-18,15,ACCOUNT,1,0
B01,2026-08-19,10,ACCOUNT,1,0
B01,2026-08-19,10,LOAN,2,0
B01,2026-08-19,11,ACCOUNT,1,0
B01,2026-08-19,11,LOAN,2,1
B01,2026-08-19,12,ACCOUNT,1,0
B01,2026-08-19,12,LOAN,2,0
B01,2026-08-19,13,ACCOUNT,3,1
B01,2026-08-19,14,ACCOUNT,1,0
B01,2026-08-19,14,LOAN,2,0
B01,2026-08-20,10,ACCOUNT,1,0
B01,2026-08-20,10,LOAN,1,0
B01,2026-08-20,11,ACCOUNT,2,0
B01,2026-08-20,12,ACCOUNT,1,0
B01,2026-08-20,13,ACCOUNT,1,0
B01,2026-08-20,13,LOAN,2,0
B01,2026-08-20,14,ACCOUNT,1,0
B01,2026-08-20,14,LOAN,2,0
B01,2026-08-20,15,LOAN,1,0
B01,2026-08-21,10,LOAN,1,0
B01,2026-08-21,11,ACCOUNT,2,1
B01,2026-08-21,11,LOAN,1,0
B01,2026-08-21,13,ACCOUNT,3,0
B01,2026-08-21,13,LOAN,4,2
B01,2026-08-21,14,ACCOUNT,3,1
B01,2026-08-21,14,LOAN,1,0
B01,2026-08-21,15,LOAN,2,1
B01,2026-08-24,10,LOAN,2,0
B01,2026-08-24,11,LOAN,4,0
B01,2026-08-24,12,ACCOUNT,3,2
B01,2026-08-24,12,LOAN,4,1
B01,2026-08-24,14,LOAN,1,0
B01,2026-08-24,15,LOAN,3,0
B01,2026-08-25,10,ACCOUNT,2,0
B01,2026-08-25,10,LOAN,1,0
B01,2026-08-25,11,ACCOUNT,4,1
B01,2026-08-25,12,ACCOUNT,1,0
B01,2026-08-25,12,LOAN,3,0
B01,2026-08-25,13,LOAN,1,0
B01,2026-08-25,14,ACCOUNT,1,0
B01,2026-08-25,14,LOAN,4,1
B01,2026-08-25,15,ACCOUNT,1,0
B01,2026-08-27,11,LOAN,2,1
B01,2026-08-27,12,LOAN,2,0
B01,2026-08-27,14,ACCOUNT,1,0
B01,2026-08-27,14,LOAN,1,0
B01,2026-08-27,15,ACCOUNT,1,0
B01,2026-08-28,10,ACCOUNT,1,0
B01,2026-08-28,10,LOAN,1,0
B01,2026-08-28,11,LOAN,3,1
B01,2026-08-28,12,ACCOUNT,3,1
B01,2026-08-28,12,LOAN,3,1
B01,2026-08-28,13,ACCOUNT,1,0
B01,2026-08-28,14,LOAN,1,0
B01,2026-08-28,15,LOAN,2,1
B01,2026-08-29,11,ACCOUNT,3,1
B01,2026-08-29,12,LOAN,3,0
B01,2026-08-29,14,ACCOUNT,1,0
B01,2026-08-29,15,LOAN,1,0
B01,2026-08-31,10,ACCOUNT,2,0
B01,2026-08-31,11,ACCOUNT,4,1
B01,2026-08-31,11,LOAN,1,0
B01,2026-08-31,12,LOAN,1,0
B01,2026-08-31,13,ACCOUNT,2,0
B01,2026-08-31,13,LOAN,1,0
B01,2026-08-31,14,LOAN,2,1
B01,2026-08-31,15,ACCOUNT,2,0
B01,2026-09-01,10,ACCOUNT,3,1
B01,2026-09-01,10,LOAN,2,0
B01,2026-09-01,11,LOAN,3,0
B01,2026-09-01,12,ACCOUNT,1,0
B01,2026-09-01,12,LOAN,3,1
B01,2026-09-01,13,LOAN,1,0
B01,2026-09-01,14,LOAN,6,2
B01,2026-09-01,15,ACCOUNT,2,0
B01,2026-09-01,15,LOAN,1,0
B01,2026-09-02,10,ACCOUNT,2,1
B01,2026-09-02,10,LOAN,1,0
B01,2026-09-02,11,ACCOUNT,3,2
B01,2026-09-02,11,LOAN,3,1
B01,2026-09-02,12,ACCOUNT,1,0
B01,2026-09-02,13,LOAN,1,0
B01,2026-09-02,14,LOAN,1,0
B01,2026-09-02,15,ACCOUNT,2,1
B01,2026-09-03,11,ACCOUNT,1,0
B01,2026-09-03,11,LOAN,3,0
B01,2026-09-03,12,LOAN,1,0
B01,2026-09-03,14,ACCOUNT,1,0
B01,2026-09-03,14,LOAN,2,0
B01,2026-09-03,15,LOAN,5,1
B01,2026-09-04,10,ACCOUNT,1,0
B01,2026-09-04,10,LOAN,1,0
B01,2026-09-04,11,ACCOUNT,2,0
B01,2026-09-04,11,LOAN,2,0
B01,2026-09-04,12,ACCOUNT,1,0
B01,2026-09-04,12,LOAN,2,0
B01,2026-09-04,13,ACCOUNT,1,0
B01,2026-09-04,13,LOAN,1,0
B01,2026-09-04,14,ACCOUNT,1,0
B01,2026-09-04,14,LOAN,1,0
B01,2026-09-04,15,ACCOUNT,1,0
B01,2026-09-05,10,LOAN,1,0
B01,2026-09-05,11,LOAN,2,0
B01,2026-09-05,12,LOAN,2,1
B01,2026-09-05,13,LOAN,3,1
B01,2026-09-05,14,ACCOUNT,1,0
B01,2026-09-05,15,ACCOUNT,1,0
B01,2026-09-05,15,LOAN,2,1
B01,2026-09-07,10,ACCOUNT,4,1
B01,2026-09-07,10,LOAN,1,0
B01,2026-09-07,11,ACCOUNT,4,1
B01,2026-09-07,11,LOAN,1,0
B01,2026-09-07,12,LOAN,2,0
B01,2026-09-07,13,LOAN,1,0
B01,2026-09-07,14,ACCOUNT,2,0
B01,2026-09-07,14,LOAN,1,0
B01,2026-09-07,15,LOAN,1,0
B01,2026-09-08,10,ACCOUNT,3,0
B01,2026-09-08,10,LOAN,2,1
B01,2026-09-08,11,ACCOUNT,2,0
B01,2026-09-08,11,LOAN,1,0
B01,2026-09-08,12,ACCOUNT,1,0
B01,2026-09-08,12,LOAN,1,0
B01,2026-09-08,13,ACCOUNT,1,0
B01,2026-09-08,14,LOAN,1,0
B01,2026-09-09,12,LOAN,2,0
B01,2026-09-09,13,LOAN,3,1
B01,2026-09-09,14,ACCOUNT,1,0
B01,2026-09-09,14,LOAN,2,0
B01,2026-09-09,15,LOAN,2,0
B01,2026-09-10,10,LOAN,4,2
B01,2026-09-10,11,ACCOUNT,2,0
B01,2026-09-10,11,LOAN,2,0
B01,2026-09-10,12,LOAN,4,1
B01,2026-09-10,13,ACCOUNT,1,0
B01,2026-09-10,13,LOAN,1,0
B01,2026-09-10,14,ACCOUNT,2,1
B01,2026-09-10,14,LOAN,3,0
B01,2026-09-10,15,LOAN,3,1
B01,2026-09-11,10,ACCOUNT,2,1
B01,2026-09-11,10,LOAN,7,2
B01,2026-09-11,11,ACCOUNT,4,2
B01,2026-09-11,11,LOAN,5,0
B01,2026-09-11,12,ACCOUNT,1,0
B01,2026-09-11,13,ACCOUNT,1,0
B01,2026-09-11,14,ACCOUNT,1,0
B01,2026-09-11,14,LOAN,1,0
B01,2026-09-15,10,ACCOUNT,2,0
B01,2026-09-15,11,ACCOUNT,1,0
B01,2026-09-15,11,LOAN,2,1
B01,2026-09-15,12,LOAN,2,0
B01,2026-09-15,13,LOAN,1,0
B01,2026-09-15,15,ACCOUNT,2,0
B01,2026-09-15,15,LOAN,2,1
B01,2026-09-16,10,ACCOUNT,2,0
B01,2026-09-16,10,LOAN,4,1
B01,2026-09-16,11,ACCOUNT,1,0
B01,2026-09-16,11,LOAN,1,0
B01,2026-09-16,12,LOAN,2,0
B01,2026-09-16,14,LOAN,2,1
B01,2026-09-16,15,LOAN,4,1
B01,2026-09-17,10,ACCOUNT,1,0
B01,2026-09-17,12,LOAN,1,0
B01,2026-09-17,13,ACCOUNT,1,0
B01,2026-09-17,13,LOAN,1,0
B01,2026-09-17,14,ACCOUNT,4,1
B01,2026-09-17,14,LOAN,2,0
B01,2026-09-18,10,LOAN,3,1
B01,2026-09-18,11,ACCOUNT,2,1
B01,2026-09-18,11,LOAN,4,0
B01,2026-09-18,12,ACCOUNT,2,1
B01,2026-09-18,12,LOAN,4,1
B01,2026-09-18,13,ACCOUNT,3,0
B01,2026-09-18,13,LOAN,1,0
B01,2026-09-18,14,ACCOUNT,2,1
B01,2026-09-18,14,LOAN,1,0
B01,2026-09-18,15,LOAN,1,0
B01,2026-09-19,10,ACCOUNT,1,0
B01,2026-09-19,10,LOAN,1,0
B01,2026-09-19,12,ACCOUNT,3,0
B01,2026-09-19,12,LOAN,1,0
B01,2026-09-19,13,LOAN,2,0
B01,2026-09-19,14,ACCOUNT,1,0
B01,2026-09-19,14,LOAN,1,0
B01,2026-09-19,15,ACCOUNT,2,0
B01,2026-09-19,15,LOAN,1,0
B01,2026-09-21,10,ACCOUNT,1,0
B01,2026-09-21,10,LOAN,2,0
B01,2026-09-21,11,ACCOUNT,2,0
B01,2026-09-21,11,LOAN,2,0
B01,2026-09-21,12,ACCOUNT,2,0
B01,2026-09-21,12,LOAN,8,2
B01,2026-09-21,13,ACCOUNT,1,0
B01,2026-09-21,13,LOAN,2,0
B01,2026-09-21,14,LOAN,4,1
B01,2026-09-21,15,ACCOUNT,1,0
B01,2026-09-21,15,LOAN,5,1
B01,2026-09-22,10,LOAN,1,0
B01,2026-09-22,11,ACCOUNT,1,0
B01,2026-09-22,11,LOAN,2,0
B01,2026-09-22,12,ACCOUNT,1,0
B01,2026-09-22,13,LOAN,1,0
B01,2026-09-22,14,ACCOUNT,2,0
B01,2026-09-22,15,ACCOUNT,1,0
B01,2026-09-22,15,LOAN,2,1
B01,2026-09-23,10,ACCOUNT,2,1
B01,2026-09-23,11,ACCOUNT,2,0
B01,2026-09-23,11,LOAN,1,0
B01,2026-09-23,12,ACCOUNT,1,0
B01,2026-09-23,13,LOAN,2,0
B01,2026-09-23,14,LOAN,3,0
B01,2026-09-23,15,ACCOUNT,1,0
B01,2026-09-24,10,LOAN,1,0
B01,2026-09-24,11,ACCOUNT,1,0
B01,2026-09-24,11,LOAN,2,1
B01,2026-09-24,12,LOAN,3,0
B01,2026-09-24,14,ACCOUNT,1,0
B01,2026-09-24,14,LOAN,3,0
B01,2026-09-24,15,ACCOUNT,1,0
B01,2026-09-24,15,LOAN,3,1
B01,2026-09-25,10,ACCOUNT,1,0
B01,2026-09-25,11,LOAN,4,1
B01,2026-09-25,12,ACCOUNT,1,0
B01,2026-09-25,13,ACCOUNT,1,0
B01,2026-09-25,14,ACCOUNT,1,0
B01,2026-09-25,14,LOAN,2,0
B01,2026-09-25,15,LOAN,2,0
B01,2026-09-28,10,ACCOUNT,2,0
B01,2026-09-28,11,LOAN,2,0
B01,2026-09-28,12,LOAN,6,1
B01,2026-09-28,13,ACCOUNT,2,0
B01,2026-09-28,13,LOAN,1,0
B01,2026-09-28,14,LOAN,6,1
B01,2026-09-28,15,ACCOUNT,2,1
B01,2026-09-28,15,LOAN,3,0
B01,2026-09-29,10,ACCOUNT,1,0
B01,2026-09-29,12,LOAN,3,0
B01,2026-09-29,15,ACCOUNT,1,0
B01,2026-09-30,10,ACCOUNT,1,0
B01,2026-09-30,11,LOAN,4,0
B01,2026-09-30,12,LOAN,4,1
B01,2026-09-30,13,ACCOUNT,3,1
B01,2026-09-30,13,LOAN,2,0
B01,2026-09-30,14,ACCOUNT,1,0
B01,2026-09-30,14,LOAN,1,0
B01,2026-09-30,15,LOAN,1,0
B01,2026-10-01,10,LOAN,2,0
B01,2026-10-01,11,LOAN,2,0
B01,2026-10-01,12,ACCOUNT,1,0
B01,2026-10-03,11,ACCOUNT,1,0
B01,2026-10-03,11,LOAN,1,0
B01,2026-10-03,12,ACCOUNT,2,0
B01,2026-10-03,14,LOAN,3,0
B01,2026-10-03,15,ACCOUNT,1,0
B01,2026-10-03,15,LOAN,2,0
B01,2026-10-05,10,ACCOUNT,2,0
B01,2026-10-05,10,LOAN,2,0
B01,2026-10-05,11,ACCOUNT,4,0
B01,2026-10-05,12,LOAN,3,0
B01,2026-10-05,13,LOAN,3,0
B01,2026-10-05,14,ACCOUNT,2,0
B01,2026-10-05,14,LOAN,2,0
B01,2026-10-06,11,LOAN,1,0
B01,2026-10-06,12,ACCOUNT,1,0
B01,2026-10-06,13,LOAN,3,0
B01,2026-10-06,14,ACCOUNT,1,0
B01,2026-10-06,14,LOAN,3,0
B01,2026-10-06,15,ACCOUNT,1,0
B01,2026-10-06,15,LOAN,2,0
B01,2026-10-07,10,ACCOUNT,2,0
B01,2026-10-07,10,LOAN,3,0
B01,2026-10-07,12,ACCOUNT,2,0
B01,2026-10-07,12,LOAN,4,0
B01,2026-10-07,13,ACCOUNT,1,0
B01,2026-10-07,13,LOAN,2,0
B01,2026-10-07,14,LOAN,2,0
B01,2026-10-07,15,LOAN,2,0
B02,2025-04-02,10,LOAN,5,1
B02,2025-04-02,11,ACCOUNT,2,0
B02,2025-04-02,11,LOAN,4,1
B02,2025-04-02,12,ACCOUNT,3,1
B02,2025-04-02,12,LOAN,14,3
B02,2025-04-02,13,ACCOUNT,4,2
B02,2025-04-02,13,LOAN,1,0
B02,2025-04-02,14,LOAN,2,0
B02,2025-04-02,15,ACCOUNT,1,0
B02,2025-04-02,15,LOAN,1,0
B02,2025-04-03,10,LOAN,1,0
B02,2025-04-03,11,ACCOUNT,1,0
B02,2025-04-03,11,LOAN,6,2
B02,2025-04-03,12,ACCOUNT,1,0
B02,2025-04-03,13,ACCOUNT,1,0
B02,2025-04-03,14,ACCOUNT,1,0
B02,2025-04-03,15,ACCOUNT,3,1
B02,2025-04-03,15,LOAN,3,1
B02,2025-04-04,10,LOAN,1,0
B02,2025-04-04,11,ACCOUNT,3,0
B02,2025-04-04,11,LOAN,3,0
B02,2025-04-04,12,ACCOUNT,1,0
B02,2025-04-04,12,LOAN,3,0
B02,2025-04-04,13,ACCOUNT,2,1
B02,2025-04-04,14,ACCOUNT,1,0
B02,2025-04-04,14,LOAN,4,0
B02,2025-04-04,15,LOAN,4,1
B02,2025-04-05,10,ACCOUNT,1,0
B02,2025-04-05,10,LOAN,2,0
B02,2025-04-05,11,LOAN,6,2
B02,2025-04-05,12,ACCOUNT,1,0
B02,2025-04-05,12,LOAN,3,1
B02,2025-04-05,13,ACCOUNT,3,0
B02,2025-04-05,14,ACCOUNT,2,1
B02,2025-04-05,14,LOAN,6,2
B02,2025-04-05,15,ACCOUNT,2,0
B02,2025-04-05,15,LOAN,4,0
B02,2025-04-07,10,ACCOUNT,4,2
B02,2025-04-07,10,LOAN,1,0
B02,2025-04-07,11,ACCOUNT,2,1
B02,2025-04-07,11,LOAN,9,2
B02,2025-04-07,12,LOAN,9,0
B02,2025-04-07,13,ACCOUNT,1,0
B02,2025-04-07,13,LOAN,10,3
B02,2025-04-07,14,ACCOUNT,2,0
B02,2025-04-07,14,LOAN,2,0
B02,2025-04-07,15,ACCOUNT,1,0
B02,2025-04-07,15,LOAN,3,1
B02,2025-04-08,10,ACCOUNT,5,1
B02,2025-04-08,10,LOAN,5,2
B02,2025-04-08,11,ACCOUNT,3,0
B02,2025-04-08,11,LOAN,1,0
B02,2025-04-08,12,ACCOUNT,2,1
B02,2025-04-08,12,LOAN,5,2
B02,2025-04-08,13,LOAN,3,0
B02,2025-04-08,14,ACCOUNT,3,0
B02,2025-04-08,14,LOAN,1,0
B02,2025-04-08,15,ACCOUNT,1,0
B02,2025-04-09,10,ACCOUNT,3,0
B02,2025-04-09,10,LOAN,2,0
B02,2025-04-09,11,LOAN,4,1
B02,2025-04-09,12,ACCOUNT,5,1
B02,2025-04-09,12,LOAN,7,2
B02,2025-04-09,13,LOAN,6,2
B02,2025-04-09,14,ACCOUNT,2,0
B02,2025-04-09,14,LOAN,4,1
B02,2025-04-09,15,LOAN,3,1
B02,2025-04-11,10,ACCOUNT,4,1
B02,2025-04-11,10,LOAN,3,0
B02,2025-04-11,11,LOAN,3,0
B02,2025-04-11,12,ACCOUNT,2,0
B02,2025-04-11,12,LOAN,2,0
B02,2025-04-11,13,LOAN,1,0
B02,2025-04-11,14,ACCOUNT,3,1
B02,2025-04-11,14,LOAN,3,2
B02,2025-04-11,15,ACCOUNT,1,0
B02,2025-04-11,15,LOAN,4,0
B02,2025-04-15,10,ACCOUNT,2,0
B02,2025-04-15,10,LOAN,1,0
B02,2025-04-15,11,ACCOUNT,5,1
B02,2025-04-15,11,LOAN,1,0
B02,2025-04-15,12,ACCOUNT,1,0
B02,2025-04-15,12,LOAN,1,0
B02,2025-04-15,13,LOAN,3,0
B02,2025-04-15,14,ACCOUNT,2,1
B02,2025-04-15,14,LOAN,3,0
B02,2025-04-15,15,ACCOUNT,2,0
B02,2025-04-15,15,LOAN,2,0
B02,2025-04-16,10,ACCOUNT,2,0
B02,2025-04-16,10,LOAN,12,5
B02,2025-04-16,11,ACCOUNT,6,1
B02,2025-04-16,11,LOAN,4,1
B02,2025-04-16,12,ACCOUNT,1,0
B02,2025-04-16,12,LOAN,4,0
B02,2025-04-16,13,LOAN,2,0
B02,2025-04-16,14,LOAN,1,0
B02,2025-04-16,15,LOAN,1,0
B02,2025-04-17,10,ACCOUNT,1,0
B02,2025-04-17,10,LOAN,4,1
B02,2025-04-17,11,LOAN,5,1
B02,2025-04-17,12,LOAN,7,2
B02,2025-04-17,13,ACCOUNT,1,0
B02,2025-04-17,14,ACCOUNT,1,0
B02,2025-04-17,14,LOAN,1,0
B02,2025-04-17,15,ACCOUNT,2,0
B02,2025-04-19,10,ACCOUNT,5,1
B02,2025-04-19,10,LOAN,3,0
B02,2025-04-19,11,ACCOUNT,3,0
B02,2025-04-19,11,LOAN,5,0
B02,2025-04-19,12,ACCOUNT,4,1
B02,2025-04-19,12,LOAN,1,0
B02,2025-04-19,13,ACCOUNT,2,0
B02,2025-04-19,13,LOAN,3,1
B02,2025-04-19,14,ACCOUNT,1,0
B02,2025-04-19,14,LOAN,4,2
B02,2025-04-19,15,ACCOUNT,4,0
B02,2025-04-19,15,LOAN,1,0
B02,2025-04-21,10,ACCOUNT,2,0
B02,2025-04-21,10,LOAN,4,0
B02,2025-04-21,11,ACCOUNT,5,1
B02,2025-04-21,11,LOAN,3,0
B02,2025-04-21,12,ACCOUNT,4,2
B02,2025-04-21,12,LOAN,4,2
B02,2025-04-21,13,ACCOUNT,3,1
B02,2025-04-21,13,LOAN,1,0
B02,2025-04-21,14,ACCOUNT,1,0
B02,2025-04-21,14,LOAN,4,1
B02,2025-04-21,15,LOAN,4,0
B02,2025-04-22,10,ACCOUNT,5,1
B02,2025-04-22,10,LOAN,2,0
B02,2025-04-22,11,ACCOUNT,3,0
B02,2025-04-22,11,LOAN,5,1
B02,2025-04-22,12,ACCOUNT,2,1
B02,2025-04-22,12,LOAN,3,0
B02,2025-04-22,13,ACCOUNT,1,0
B02,2025-04-22,13,LOAN,1,0
B02,2025-04-22,14,ACCOUNT,2,1
B02,2025-04-22,14,LOAN,2,0
B02,2025-04-22,15,LOAN,7,3
B02,2025-04-23,10,LOAN,2,0
B02,2025-04-23,11,ACCOUNT,5,0
B02,2025-04-23,11,LOAN,5,1
B02,2025-04-23,12,ACCOUNT,4,1
B02,2025-04-23,12,LOAN,6,1
B02,2025-04-23,13,ACCOUNT,1,0
B02,2025-04-23,13,LOAN,3,0
B02,2025-04-23,14,ACCOUNT,1,0
B02,2025-04-23,14,LOAN,6,1
B02,2025-04-23,15,ACCOUNT,1,0
B02,2025-04-23,15,LOAN,1,0
B02,2025-04-24,10,ACCOUNT,2,1
B02,2025-04-24,10,LOAN,5,2
B02,2025-04-24,11,ACCOUNT,8,3
B02,2025-04-24,11,LOAN,3,1
B02,2025-04-24,12,ACCOUNT,2,0
B02,2025-04-24,12,LOAN,5,2
B02,2025-04-24,13,ACCOUNT,2,1
B02,2025-04-24,13,LOAN,3,0
B02,2025-04-24,14,ACCOUNT,3,0
B02,2025-04-24,14,LOAN,1,0
B02,2025-04-24,15,ACCOUNT,4,0
B02,2025-04-24,15,LOAN,2,0
B02,2025-04-25,10,ACCOUNT,4,2
B02,2025-04-25,10,LOAN,4,1
B02,2025-04-25,11,LOAN,8,2
B02,2025-04-25,12,ACCOUNT,4,1
B02,2025-04-25,12,LOAN,2,0
B02,2025-04-25,14,ACCOUNT,1,0
B02,2025-04-25,14,LOAN,6,1
B02,2025-04-25,15,ACCOUNT,2,1
B02,2025-04-25,15,LOAN,5,2
B02,2025-04-28,10,ACCOUNT,2,0
B02,2025-04-28,10,LOAN,3,1
B02,2025-04-28,11,ACCOUNT,2,0
B02,2025-04-28,12,ACCOUNT,1,0
B02,2025-04-28,12,LOAN,4,0
B02,2025-04-28,13,ACCOUNT,4,1
B02,2025-04-28,13,LOAN,4,0
B02,2025-04-28,14,LOAN,5,1
B02,2025-04-28,15,ACCOUNT,1,0
B02,2025-04-28,15,LOAN,1,0
B02,2025-04-29,10,ACCOUNT,1,0
B02,2025-04-29,10,LOAN,3,0
B02,2025-04-29,11,LOAN,5,1
B02,2025-04-29,12,ACCOUNT,4,1
B02,2025-04-29,12,LOAN,8,2
B02,2025-04-29,13,LOAN,4,1
B02,2025-04-29,14,ACCOUNT,4,1
B02,2025-04-29,14,LOAN,4,0
B02,2025-04-29,15,LOAN,4,0
B02,2025-05-02,10,ACCOUNT,4,0
B02,2025-05-02,10,LOAN,4,0
B02,2025-05-02,11,ACCOUNT,2,0
B02,2025-05-02,11,LOAN,4,0
B02,2025-05-02,12,ACCOUNT,2,1
B02,2025-05-02,12,LOAN,5,2
B02,2025-05-02,13,ACCOUNT,3,1
B02,2025-05-02,13,LOAN,2,0
B02,2025-05-02,14,ACCOUNT,1,0
B02,2025-05-02,14,LOAN,1,0
B02,2025-05-02,15,ACCOUNT,1,0
B02,2025-05-02,15,LOAN,2,0
B02,2025-05-03,10,ACCOUNT,1,0
B02,2025-05-03,10,LOAN,1,0
B02,2025-05-03,11,ACCOUNT,5,2
B02,2025-05-03,11,LOAN,3,0
B02,2025-05-03,12,ACCOUNT,1,0
B02,2025-05-03,12,LOAN,6,1
B02,2025-05-03,13,ACCOUNT,2,0
B02,2025-05-03,13,LOAN,4,0
B02,2025-05-03,14,ACCOUNT,1,0
B02,2025-05-03,14,LOAN,7,2
B02,2025-05-05,10,ACCOUNT,3,0
B02,2025-05-05,10,LOAN,4,0
B02,2025-05-05,11,ACCOUNT,4,0
B02,2025-05-05,11,LOAN,7,2
B02,2025-05-05,12,ACCOUNT,4,0
B02,2025-05-05,12,LOAN,9,3
B02,2025-05-05,13,ACCOUNT,2,0
B02,2025-05-05,13,LOAN,1,0
B02,2025-05-05,14,ACCOUNT,2,0
B02,2025-05-05,14,LOAN,3,0
B02,2025-05-05,15,ACCOUNT,6,2
B02,2025-05-05,15,LOAN,5,0
B02,2025-05-06,10,ACCOUNT,5,1
B02,2025-05-06,10,LOAN,5,0
B02,2025-05-06,11,ACCOUNT,4,1
B02,2025-05-06,11,LOAN,9,3
B02,2025-05-06,12,ACCOUNT,4,1
B02,2025-05-06,12,LOAN,9,2
B02,2025-05-06,13,ACCOUNT,2,0
B02,2025-05-06,14,ACCOUNT,3,0
B02,2025-05-06,14,LOAN,3,1
B02,2025-05-06,15,ACCOUNT,2,0
B02,2025-05-06,15,LOAN,1,0
B02,2025-05-07,10,ACCOUNT,4,1
B02,2025-05-07,10,LOAN,2,0
B02,2025-05-07,11,ACCOUNT,1,0
B02,2025-05-07,11,LOAN,5,2
B02,2025-05-07,12,LOAN,3,0
B02,2025-05-07,13,ACCOUNT,1,0
B02,2025-05-07,13,LOAN,2,0
B02,2025-05-07,14,ACCOUNT,4,1
B02,2025-05-07,14,LOAN,2,0
B02,2025-05-07,15,ACCOUNT,1,0
B02,2025-05-07,15,LOAN,4,0
B02,2025-05-08,10,ACCOUNT,1,0
B02,2025-05-08,11,ACCOUNT,5,1
B02,2025-05-08,11,LOAN,7,2
B02,2025-05-08,12,LOAN,2,0
B02,2025-05-08,13,ACCOUNT,2,0
B02,2025-05-08,13,LOAN,3,1
B02,2025-05-08,14,LOAN,2,0
B02,2025-05-08,15,ACCOUNT,1,0
B02,2025-05-08,15,LOAN,7,3
B02,2025-05-09,10,ACCOUNT,1,0
B02,2025-05-09,10,LOAN,2,0
B02,2025-05-09,11,LOAN,7,2
B02,2025-05-09,12,ACCOUNT,3,1
B02,2025-05-09,12,LOAN,8,1
B02,2025-05-09,14,LOAN,3,1
B02,2025-05-09,15,LOAN,1,0
B02,2025-05-12,10,ACCOUNT,4,1
B02,2025-05-12,10,LOAN,2,0
B02,2025-05-12,11,ACCOUNT,3,1
B02,2025-05-12,11,LOAN,6,2
B02,2025-05-12,12,ACCOUNT,2,0
B02,2025-05-12,12,LOAN,1,0
B02,2025-05-12,13,ACCOUNT,1,0
B02,2025-05-12,13,LOAN,5,2
B02,2025-05-12,14,LOAN,2,0
B02,2025-05-12,15,LOAN,1,0
B02,2025-05-13,10,ACCOUNT,1,0
B02,2025-05-13,11,ACCOUNT,2,0
B02,2025-05-13,12,ACCOUNT,3,1
B02,2025-05-13,12,LOAN,4,0
B02,2025-05-13,13,LOAN,2,0
B02,2025-05-13,14,ACCOUNT,4,1
B02,2025-05-13,14,LOAN,5,0
B02,2025-05-13,15,ACCOUNT,3,0
B02,2025-05-13,15,LOAN,2,0
B02,2025-05-14,10,LOAN,2,0
B02,2025-05-14,11,ACCOUNT,4,2
B02,2025-05-14,11,LOAN,1,0
B02,2025-05-14,13,ACCOUNT,3,0
B02,2025-05-14,13,LOAN,1,0
B02,2025-05-14,14,ACCOUNT,3,0
B02,2025-05-14,14,LOAN,2,0
B02,2025-05-14,15,LOAN,5,0
B02,2025-05-15,10,ACCOUNT,3,1
B02,2025-05-15,10,LOAN,4,0
B02,2025-05-15,11,ACCOUNT,2,1
B02,2025-05-15,11,LOAN,5,2
B02,2025-05-15,12,ACCOUNT,1,0
B02,2025-05-15,12,LOAN,6,1
B02,2025-05-15,13,LOAN,3,0
B02,2025-05-15,14,ACCOUNT,1,0
B02,2025-05-15,15,LOAN,1,0
B02,2025-05-16,10,ACCOUNT,1,0
B02,2025-05-16,10,LOAN,1,0
B02,2025-05-16,11,ACCOUNT,4,0
B02,2025-05-16,11,LOAN,6,2
B02,2025-05-16,12,ACCOUNT,4,1
B02,2025-05-16,12,LOAN,4,1
B02,2025-05-16,13,ACCOUNT,3,0
B02,2025-05-16,13,LOAN,3,1
B02,2025-05-16,14,ACCOUNT,1,0
B02,2025-05-16,14,LOAN,1,0
B02,2025-05-16,15,LOAN,5,2
B02,2025-05-17,10,ACCOUNT,2,0
B02,2025-05-17,10,LOAN,4,0
B02,2025-05-17,11,ACCOUNT,6,1
B02,2025-05-17,11,LOAN,3,0
B02,2025-05-17,12,ACCOUNT,3,1
B02,2025-05-17,12,LOAN,4,0
B02,2025-05-17,13,ACCOUNT,2,1
B02,2025-05-17,13,LOAN,3,2
B02,2025-05-17,14,ACCOUNT,2,0
B02,2025-05-17,14,LOAN,6,1
B02,2025-05-17,15,ACCOUNT,1,0
B02,2025-05-17,15,LOAN,2,0
B02,2025-05-19,10,ACCOUNT,3,1
B02,2025-05-19,10,LOAN,7,1
B02,2025-05-19,11,LOAN,5,1
B02,2025-05-19,12,ACCOUNT,1,0
B02,2025-05-19,12,LOAN,7,3
B02,2025-05-19,13,ACCOUNT,2,1
B02,2025-05-19,13,LOAN,3,0
B02,2025-05-19,14,ACCOUNT,2,0
B02,2025-05-19,14,LOAN,3,0
B02,2025-05-19,15,ACCOUNT,4,2
B02,2025-05-19,15,LOAN,1,0
B02,2025-05-20,10,ACCOUNT,3,1
B02,2025-05-20,10,LOAN,2,1
B02,2025-05-20,11,ACCOUNT,2,0
B02,2025-05-20,11,LOAN,5,1
B02,2025-05-20,12,ACCOUNT,5,2
B02,2025-05-20,12,LOAN,7,2
B02,2025-05-20,13,ACCOUNT,2,0
B02,2025-05-20,13,LOAN,3,1
B02,2025-05-20,14,LOAN,10,2
B02,2025-05-20,15,ACCOUNT,2,0
B02,2025-05-20,15,LOAN,2,0
B02,2025-05-21,10,LOAN,4,0
B02,2025-05-21,11,ACCOUNT,3,0
B02,2025-05-21,11,LOAN,3,0
B02,2025-05-21,12,ACCOUNT,4,1
B02,2025-05-21,12,LOAN,1,0
B02,2025-05-21,13,ACCOUNT,2,0
B02,2025-05-21,13,LOAN,1,0
B02,2025-05-21,14,ACCOUNT,1,0
B02,2025-05-21,15,ACCOUNT,2,1
B02,2025-05-21,15,LOAN,2,0
B02,2025-05-22,10,ACCOUNT,1,0
B02,2025-05-22,10,LOAN,5,3
B02,2025-05-22,11,ACCOUNT,2,0
B02,2025-05-22,11,LOAN,4,1
B02,2025-05-22,12,ACCOUNT,1,0
B02,2025-05-22,12,LOAN,4,0
B02,2025-05-22,13,ACCOUNT,1,0
B02,2025-05-22,13,LOAN,6,0
B02,2025-05-22,14,ACCOUNT,5,3
B02,2025-05-22,14,LOAN,3,1
B02,2025-05-22,15,LOAN,2,0
B02,2025-05-23,10,ACCOUNT,6,2
B02,2025-05-23,10,LOAN,1,0
B02,2025-05-23,11,ACCOUNT,2,0
B02,2025-05-23,11,LOAN,6,1
B02,2025-05-23,12,LOAN,3,1
B02,2025-05-23,14,ACCOUNT,2,0
B02,2025-05-23,14,LOAN,3,0
B02,2025-05-23,15,ACCOUNT,3,1
B02,2025-05-26,10,ACCOUNT,2,0
B02,2025-05-26,10,LOAN,1,0
B02,2025-05-26,11,ACCOUNT,3,0
B02,2025-05-26,11,LOAN,5,1
B02,2025-05-26,12,ACCOUNT,2,0
B02,2025-05-26,12,LOAN,8,2
B02,2025-05-26,13,ACCOUNT,4,1
B02,2025-05-26,13,LOAN,7,1
B02,2025-05-26,14,ACCOUNT,4,0
B02,2025-05-26,14,LOAN,7,1
B02,2025-05-26,15,ACCOUNT,5,3
B02,2025-05-26,15,LOAN,4,1
B02,2025-05-27,10,ACCOUNT,1,0
B02,2025-05-27,10,LOAN,5,0
B02,2025-05-27,11,ACCOUNT,2,0
B02,2025-05-27,11,LOAN,5,1
B02,2025-05-27,12,ACCOUNT,2,0
B02,2025-05-27,12,LOAN,5,1
B02,2025-05-27,13,LOAN,8,1
B02,2025-05-27,14,ACCOUNT,4,1
B02,2025-05-27,14,LOAN,2,0
B02,2025-05-27,15,ACCOUNT,1,0
B02,2025-05-27,15,LOAN,5,2
B02,2025-05-28,10,ACCOUNT,3,1
B02,2025-05-28,10,LOAN,5,1
B02,2025-05-28,11,ACCOUNT,4,2
B02,2025-05-28,11,LOAN,3,0
B02,2025-05-28,12,ACCOUNT,1,0
B02,2025-05-28,12,LOAN,2,0
B02,2025-05-28,13,LOAN,1,0
B02,2025-05-28,14,ACCOUNT,1,0
B02,2025-05-28,14,LOAN,6,0
B02,2025-05-28,15,LOAN,3,0
B02,2025-05-29,10,ACCOUNT,3,1
B02,2025-05-29,11,ACCOUNT,4,0
B02,2025-05-29,11,LOAN,3,0
B02,2025-05-29,12,ACCOUNT,1,0
B02,2025-05-29,12,LOAN,2,0
B02,2025-05-29,13,ACCOUNT,1,0
B02,2025-05-29,13,LOAN,3,1
B02,2025-05-29,14,LOAN,1,0
B02,2025-05-29,15,LOAN,3,1
B02,2025-05-30,10,ACCOUNT,3,1
B02,2025-05-30,10,LOAN,4,1
B02,2025-05-30,11,ACCOUNT,6,3
B02,2025-05-30,11,LOAN,4,0
B02,2025-05-30,12,ACCOUNT,1,0
B02,2025-05-30,12,LOAN,1,0
B02,2025-05-30,13,ACCOUNT,2,1
B02,2025-05-30,13,LOAN,4,1
B02,2025-05-30,14,ACCOUNT,2,0
B02,2025-05-30,14,LOAN,2,0
B02,2025-05-30,15,ACCOUNT,1,0
B02,2025-05-30,15,LOAN,1,0
B02,2025-05-31,10,ACCOUNT,4,1
B02,2025-05-31,10,LOAN,1,0
B02,2025-05-31,11,ACCOUNT,1,0
B02,2025-05-31,11,LOAN,1,0
B02,2025-05-31,12,ACCOUNT,1,0
B02,2025-05-31,12,LOAN,4,0
B02,2025-05-31,13,LOAN,3,1
B02,2025-05-31,14,ACCOUNT,5,1
B02,2025-05-31,14,LOAN,3,0
B02,2025-05-31,15,LOAN,3,0
B02,2025-06-02,10,ACCOUNT,3,1
B02,2025-06-02,10,LOAN,1,0
B02,2025-06-02,11,ACCOUNT,5,2
B02,2025-06-02,11,LOAN,4,1
B02,2025-06-02,12,ACCOUNT,3,0
B02,2025-06-02,12,LOAN,4,0
B02,2025-06-02,13,LOAN,3,0
B02,2025-06-02,14,ACCOUNT,1,0
B02,2025-06-02,14,LOAN,1,0
B02,2025-06-02,15,ACCOUNT,1,0
B02,2025-06-02,15,LOAN,4,0
B02,2025-06-03,10,ACCOUNT,3,0
B02,2025-06-03,10,LOAN,2,1
B02,2025-06-03,11,ACCOUNT,2,0
B02,2025-06-03,11,LOAN,5,1
B02,2025-06-03,12,ACCOUNT,6,3
B02,2025-06-03,12,LOAN,6,1
B02,2025-06-03,13,ACCOUNT,1,0
B02,2025-06-03,13,LOAN,5,1
B02,2025-06-03,14,ACCOUNT,3,1
B02,2025-06-03,14,LOAN,2,1
B02,2025-06-03,15,ACCOUNT,1,0
B02,2025-06-04,10,ACCOUNT,3,0
B02,2025-06-04,10,LOAN,1,0
B02,2025-06-04,11,LOAN,5,1
B02,2025-06-04,12,ACCOUNT,2,1
B02,2025-06-04,12,LOAN,1,0
B02,2025-06-04,13,LOAN,3,1
B02,2025-06-04,14,LOAN,6,1
B02,2025-06-04,15,ACCOUNT,4,0
B02,2025-06-04,15,LOAN,1,0
B02,2025-06-05,10,ACCOUNT,3,1
B02,2025-06-05,10,LOAN,1,0
B02,2025-06-05,11,ACCOUNT,2,1
B02,2025-06-05,11,LOAN,1,0
B02,2025-06-05,12,ACCOUNT,2,0
B02,2025-06-05,12,LOAN,9,3
B02,2025-06-05,13,ACCOUNT,1,0
B02,2025-06-05,13,LOAN,4,0
B02,2025-06-05,15,ACCOUNT,2,0
B02,2025-06-06,10,LOAN,2,1
B02,2025-06-06,11,ACCOUNT,4,0
B02,2025-06-06,11,LOAN,1,0
B02,2025-06-06,12,ACCOUNT,3,1
B02,2025-06-06,12,LOAN,1,0
B02,2025-06-06,13,LOAN,4,1
B02,2025-06-06,14,ACCOUNT,1,0
B02,2025-06-06,14,LOAN,2,0
B02,2025-06-06,15,ACCOUNT,1,0
B02,2025-06-06,15,LOAN,2,0
B02,2025-06-09,10,ACCOUNT,3,0
B02,2025-06-09,10,LOAN,2,1
B02,2025-06-09,11,ACCOUNT,2,0
B02,2025-06-09,11,LOAN,3,0
B02,2025-06-09,12,ACCOUNT,1,0
B02,2025-06-09,12,LOAN,4,1
B02,2025-06-09,13,ACCOUNT,1,0
B02,2025-06-09,13,LOAN,5,2
B02,2025-06-09,14,ACCOUNT,4,0
B02,2025-06-09,14,LOAN,2,0
B02,2025-06-09,15,ACCOUNT,4,0
B02,2025-06-09,15,LOAN,5,1
B02,2025-06-10,10,ACCOUNT,4,1
B02,2025-06-10,10,LOAN,3,1
B02,2025-06-10,11,ACCOUNT,9,2
B02,2025-06-10,11,LOAN,6,2
B02,2025-06-10,12,ACCOUNT,1,0
B02,2025-06-10,12,LOAN,4,1
B02,2025-06-10,13,ACCOUNT,1,0
B02,2025-06-10,14,ACCOUNT,2,0
B02,2025-06-10,14,LOAN,1,0
B02,2025-06-10,15,ACCOUNT,4,1
B02,2025-06-10,15,LOAN,3,0
B02,2025-06-11,10,LOAN,3,1
B02,2025-06-11,11,ACCOUNT,8,3
B02,2025-06-11,11,LOAN,3,1
B02,2025-06-11,12,ACCOUNT,1,0
B02,2025-06-11,12,LOAN,10,3
B02,2025-06-11,13,LOAN,2,0
B02,2025-06-11,14,ACCOUNT,4,1
B02,2025-06-11,14,LOAN,4,2
B02,2025-06-11,15,ACCOUNT,2,0
B02,2025-06-11,15,LOAN,1,0
B02,2025-06-12,10,LOAN,1,0
B02,2025-06-12,11,ACCOUNT,1,0
B02,2025-06-12,11,LOAN,5,2
B02,2025-06-12,12,ACCOUNT,4,2
B02,2025-06-12,12,LOAN,5,1
B02,2025-06-12,13,LOAN,1,0
B02,2025-06-12,14,ACCOUNT,1,0
B02,2025-06-12,14,LOAN,2,0
B02,2025-06-12,15,ACCOUNT,3,0
B02,2025-06-12,15,LOAN,3,1
B02,2025-06-13,10,ACCOUNT,3,0
B02,2025-06-13,10,LOAN,1,0
B02,2025-06-13,11,ACCOUNT,1,0
B02,2025-06-13,11,LOAN,4,0
B02,2025-06-13,12,ACCOUNT,5,2
B02,2025-06-13,12,LOAN,2,0
B02,2025-06-13,13,ACCOUNT,4,1
B02,2025-06-13,13,LOAN,3,1
B02,2025-06-13,14,ACCOUNT,1,0
B02,2025-06-13,14,LOAN,2,0
B02,2025-06-13,15,ACCOUNT,1,0
B02,2025-06-16,10,ACCOUNT,4,1
B02,2025-06-16,10,LOAN,10,5
B02,2025-06-16,11,ACCOUNT,5,1
B02,2025-06-16,11,LOAN,5,0
B02,2025-06-16,12,ACCOUNT,5,1
B02,2025-06-16,12,LOAN,4,0
B02,2025-06-16,13,ACCOUNT,1,0
B02,2025-06-16,13,LOAN,2,0
B02,2025-06-16,14,ACCOUNT,1,0
B02,2025-06-16,14,LOAN,1,0
B02,2025-06-16,15,ACCOUNT,5,2
B02,2025-06-16,15,LOAN,7,2
B02,2025-06-17,10,LOAN,1,0
B02,2025-06-17,11,LOAN,3,0
B02,2025-06-17,12,ACCOUNT,4,1
B02,2025-06-17,12,LOAN,7,2
B02,2025-06-17,13,ACCOUNT,2,1
B02,2025-06-17,14,LOAN,1,0
B02,2025-06-17,15,LOAN,2,0
B02,2025-06-18,10,ACCOUNT,4,1
B02,2025-06-18,10,LOAN,2,0
B02,2025-06-18,11,LOAN,3,2
B02,2025-06-18,12,ACCOUNT,2,0
B02,2025-06-18,12,LOAN,2,0
B02,2025-06-18,13,LOAN,2,0
B02,2025-06-18,14,LOAN,2,0
B02,2025-06-18,15,LOAN,4,1
B02,2025-06-19,10,ACCOUNT,4,1
B02,2025-06-19,10,LOAN,4,2
B02,2025-06-19,11,ACCOUNT,1,0
B02,2025-06-19,11,LOAN,9,1
B02,2025-06-19,12,LOAN,1,0
B02,2025-06-19,13,ACCOUNT,1,0
B02,2025-06-19,13,LOAN,2,0
B02,2025-06-19,14,ACCOUNT,1,0
B02,2025-06-19,14,LOAN,4,0
B02,2025-06-19,15,LOAN,1,0
B02,2025-06-20,10,ACCOUNT,5,1
B02,2025-06-20,10,LOAN,5,2
B02,2025-06-20,11,LOAN,2,0
B02,2025-06-20,12,ACCOUNT,2,0
B02,2025-06-20,12,LOAN,1,0
B02,2025-06-20,13,ACCOUNT,3,0
B02,2025-06-20,13,LOAN,4,0
B02,2025-06-20,14,ACCOUNT,2,0
B02,2025-06-20,14,LOAN,5,1
B02,2025-06-20,15,ACCOUNT,2,0
B02,2025-06-20,15,LOAN,4,2
B02,2025-06-21,10,ACCOUNT,1,0
B02,2025-06-21,10,LOAN,5,1
B02,2025-06-21,11,ACCOUNT,5,1
B02,2025-06-21,11,LOAN,4,1
B02,2025-06-21,12,ACCOUNT,4,0
B02,2025-06-21,12,LOAN,2,0
B02,2025-06-21,13,ACCOUNT,5,0
B02,2025-06-21,13,LOAN,4,1
B02,2025-06-21,14,ACCOUNT,5,0
B02,2025-06-21,14,LOAN,3,0
B02,2025-06-21,15,LOAN,3,1
B02,2025-06-23,10,ACCOUNT,2,1
B02,2025-06-23,11,ACCOUNT,2,0
B02,2025-06-23,11,LOAN,5,0
B02,2025-06-23,12,ACCOUNT,3,0
B02,2025-06-23,12,LOAN,1,0
B02,2025-06-23,13,ACCOUNT,2,1
B02,2025-06-23,13,LOAN,2,0
B02,2025-06-23,14,ACCOUNT,4,2
B02,2025-06-23,14,LOAN,4,1
B02,2025-06-23,15,ACCOUNT,4,1
B02,2025-06-24,10,ACCOUNT,3,1
B02,2025-06-24,10,LOAN,4,0
B02,2025-06-24,11,ACCOUNT,3,0
B02,2025-06-24,11,LOAN,1,0
B02,2025-06-24,12,ACCOUNT,5,2
B02,2025-06-24,12,LOAN,8,3
B02,2025-06-24,13,ACCOUNT,2,0
B02,2025-06-24,13,LOAN,3,0
B02,2025-06-24,14,ACCOUNT,3,0
B02,2025-06-24,14,LOAN,3,1
B02,2025-06-24,15,ACCOUNT,4,1
B02,2025-06-24,15,LOAN,2,0
B02,2025-06-25,10,ACCOUNT,1,0
B02,2025-06-25,10,LOAN,1,0
B02,2025-06-25,11,ACCOUNT,1,0
B02,2025-06-25,11,LOAN,1,0
B02,2025-06-25,12,LOAN,3,0
B02,2025-06-25,13,ACCOUNT,1,0
B02,2025-06-25,13,LOAN,2,0
B02,2025-06-25,14,ACCOUNT,3,1
B02,2025-06-25,14,LOAN,4,1
B02,2025-06-25,15,ACCOUNT,1,0
B02,2025-06-25,15,LOAN,2,0
B02,2025-06-26,11,ACCOUNT,2,0
B02,2025-06-26,11,LOAN,8,3
B02,2025-06-26,12,ACCOUNT,2,0
B02,2025-06-26,12,LOAN,1,0
B02,2025-06-26,13,LOAN,2,0
B02,2025-06-26,14,ACCOUNT,4,2
B02,2025-06-26,14,LOAN,4,2
B02,2025-06-26,15,ACCOUNT,3,1
B02,2025-06-26,15,LOAN,5,0
B02,2025-06-27,10,ACCOUNT,4,1
B02,2025-06-27,10,LOAN,2,1
B02,2025-06-27,11,ACCOUNT,4,1
B02,2025-06-27,11,LOAN,2,0
B02,2025-06-27,12,LOAN,3,1
B02,2025-06-27,13,ACCOUNT,2,0
B02,2025-06-27,13,LOAN,3,1
B02,2025-06-27,14,ACCOUNT,2,0
B02,2025-06-27,14,LOAN,4,1
B02,2025-06-27,15,ACCOUNT,1,0
B02,2025-06-27,15,LOAN,3,0
B02,2025-06-30,10,ACCOUNT,5,1
B02,2025-06-30,10,LOAN,3,0
B02,2025-06-30,11,ACCOUNT,2,0
B02,2025-06-30,11,LOAN,1,0
B02,2025-06-30,12,ACCOUNT,2,0
B02,2025-06-30,12,LOAN,1,0
B02,2025-06-30,13,ACCOUNT,5,2
B02,2025-06-30,13,LOAN,1,0
B02,2025-06-30,14,ACCOUNT,3,0
B02,2025-06-30,14,LOAN,7,1
B02,2025-06-30,15,ACCOUNT,8,2
B02,2025-06-30,15,LOAN,1,0
B02,2025-07-01,10,ACCOUNT,4,1
B02,2025-07-01,11,ACCOUNT,2,0
B02,2025-07-01,11,LOAN,7,3
B02,2025-07-01,12,ACCOUNT,2,1
B02,2025-07-01,12,LOAN,4,1
B02,2025-07-01,13,ACCOUNT,2,1
B02,2025-07-01,13,LOAN,3,0
B02,2025-07-01,14,ACCOUNT,4,1
B02,2025-07-01,14,LOAN,3,0
B02,2025-07-01,15,ACCOUNT,1,0
B02,2025-07-01,15,LOAN,1,0
B02,2025-07-02,10,ACCOUNT,2,0
B02,2025-07-02,10,LOAN,1,0
B02,2025-07-02,11,LOAN,4,1
B02,2025-07-02,12,ACCOUNT,2,0
B02,2025-07-02,12,LOAN,1,0
B02,2025-07-02,13,LOAN,2,0
B02,2025-07-02,14,LOAN,2,0
B02,2025-07-02,15,ACCOUNT,1,0
B02,2025-07-02,15,LOAN,1,0
B02,2025-07-03,10,ACCOUNT,3,0
B02,2025-07-03,10,LOAN,3,0
B02,2025-07-03,11,ACCOUNT,2,1
B02,2025-07-03,12,ACCOUNT,3,1
B02,2025-07-03,12,LOAN,1,0
B02,2025-07-03,13,ACCOUNT,1,0
B02,2025-07-03,13,LOAN,2,0
B02,2025-07-03,14,ACCOUNT,4,1
B02,2025-07-03,14,LOAN,8,3
B02,2025-07-03,15,ACCOUNT,2,0
B02,2025-07-03,15,LOAN,1,0
B02,2025-07-04,10,LOAN,8,2
B02,2025-07-04,11,ACCOUNT,2,0
B02,2025-07-04,11,LOAN,2,0
B02,2025-07-04,12,ACCOUNT,2,0
B02,2025-07-04,12,LOAN,2,0
B02,2025-07-04,13,ACCOUNT,4,1
B02,2025-07-04,14,ACCOUNT,3,0
B02,2025-07-04,14,LOAN,1,0
B02,2025-07-04,15,ACCOUNT,1,0
B02,2025-07-05,10,LOAN,2,0
B02,2025-07-05,11,LOAN,5,1
B02,2025-07-05,12,ACCOUNT,5,1
B02,2025-07-05,13,ACCOUNT,2,1
B02,2025-07-05,13,LOAN,4,0
B02,2025-07-05,14,LOAN,5,3
B02,2025-07-05,15,ACCOUNT,4,1
B02,2025-07-07,10,ACCOUNT,3,0
B02,2025-07-07,11,ACCOUNT,5,2
B02,2025-07-07,11,LOAN,4,1
B02,2025-07-07,12,ACCOUNT,5,2
B02,2025-07-07,12,LOAN,12,4
B02,2025-07-07,13,ACCOUNT,1,0
B02,2025-07-07,13,LOAN,3,0
B02,2025-07-07,14,ACCOUNT,1,0
B02,2025-07-07,14,LOAN,6,1
B02,2025-07-07,15,ACCOUNT,1,0
B02,2025-07-08,10,ACCOUNT,2,0
B02,2025-07-08,10,LOAN,3,0
B02,2025-07-08,11,LOAN,3,0
B02,2025-07-08,12,ACCOUNT,3,2
B02,2025-07-08,12,LOAN,7,2
B02,2025-07-08,13,ACCOUNT,1,0
B02,2025-07-08,14,LOAN,2,0
B02,2025-07-08,15,ACCOUNT,1,0
B02,2025-07-08,15,LOAN,3,0
B02,2025-07-09,10,LOAN,1,0
B02,2025-07-09,11,ACCOUNT,6,1
B02,2025-07-09,11,LOAN,5,2
B02,2025-07-09,12,ACCOUNT,5,1
B02,2025-07-09,12,LOAN,1,0
B02,2025-07-09,13,LOAN,4,1
B02,2025-07-09,14,ACCOUNT,1,0
B02,2025-07-09,14,LOAN,2,0
B02,2025-07-09,15,ACCOUNT,2,0
B02,2025-07-09,15,LOAN,1,0
B02,2025-07-10,10,ACCOUNT,4,0
B02,2025-07-10,10,LOAN,7,2
B02,2025-07-10,11,ACCOUNT,2,0
B02,2025-07-10,11,LOAN,3,0
B02,2025-07-10,12,ACCOUNT,1,0
B02,2025-07-10,12,LOAN,1,0
B02,2025-07-10,13,ACCOUNT,1,0
B02,2025-07-10,13,LOAN,3,0
B02,2025-07-10,14,ACCOUNT,5,1
B02,2025-07-10,15,ACCOUNT,1,0
B02,2025-07-10,15,LOAN,2,0
B02,2025-07-11,10,ACCOUNT,3,1
B02,2025-07-11,11,ACCOUNT,4,1
B02,2025-07-11,11,LOAN,4,2
B02,2025-07-11,12,ACCOUNT,4,0
B02,2025-07-11,12,LOAN,4,1
B02,2025-07-11,13,ACCOUNT,1,0
B02,2025-07-11,13,LOAN,3,0
B02,2025-07-11,14,ACCOUNT,1,0
B02,2025-07-11,14,LOAN,3,1
B02,2025-07-11,15,ACCOUNT,1,0
B02,2025-07-14,10,LOAN,1,0
B02,2025-07-14,11,ACCOUNT,3,0
B02,2025-07-14,11,LOAN,4,2
B02,2025-07-14,12,ACCOUNT,1,0
B02,2025-07-14,12,LOAN,8,2
B02,2025-07-14,13,ACCOUNT,1,0
B02,2025-07-14,13,LOAN,2,0
B02,2025-07-14,14,ACCOUNT,7,2
B02,2025-07-14,14,LOAN,8,3
B02,2025-07-14,15,ACCOUNT,2,0
B02,2025-07-14,15,LOAN,3,0
B02,2025-07-15,10,ACCOUNT,1,0
B02,2025-07-15,10,LOAN,2,0
B02,2025-07-15,11,LOAN,1,0
B02,2025-07-15,12,ACCOUNT,1,0
B02,2025-07-15,12,LOAN,2,0
B02,2025-07-15,13,ACCOUNT,1,0
B02,2025-07-15,13,LOAN,2,0
B02,2025-07-15,14,ACCOUNT,3,1
B02,2025-07-15,14,LOAN,1,0
B02,2025-07-15,15,LOAN,1,0
B02,2025-07-16,10,ACCOUNT,2,0
B02,2025-07-16,10,LOAN,3,0
B02,2025-07-16,12,ACCOUNT,2,0
B02,2025-07-16,12,LOAN,4,1
B02,2025-07-16,13,LOAN,2,0
B02,2025-07-16,14,ACCOUNT,1,0
B02,2025-07-17,10,LOAN,2,1
B02,2025-07-17,11,LOAN,2,0
B02,2025-07-17,12,ACCOUNT,1,0
B02,2025-07-17,12,LOAN,2,1
B02,2025-07-17,13,LOAN,4,1
B02,2025-07-17,14,ACCOUNT,4,1
B02,2025-07-17,14,LOAN,2,0
B02,2025-07-17,15,ACCOUNT,1,0
B02,2025-07-17,15,LOAN,1,0
B02,2025-07-18,10,ACCOUNT,6,2
B02,2025-07-18,10,LOAN,3,0
B02,2025-07-18,11,ACCOUNT,4,1
B02,2025-07-18,11,LOAN,6,0
B02,2025-07-18,12,ACCOUNT,3,0
B02,2025-07-18,12,LOAN,6,0
B02,2025-07-18,13,ACCOUNT,1,0
B02,2025-07-18,14,LOAN,3,1
B02,2025-07-18,15,ACCOUNT,1,0
B02,2025-07-18,15,LOAN,1,0
B02,2025-07-19,10,ACCOUNT,1,0
B02,2025-07-19,10,LOAN,7,2
B02,2025-07-19,11,ACCOUNT,2,0
B02,2025-07-19,11,LOAN,5,0
B02,2025-07-19,12,ACCOUNT,2,0
B02,2025-07-19,12,LOAN,7,1
B02,2025-07-19,13,ACCOUNT,3,0
B02,2025-07-19,13,LOAN,3,0
B02,2025-07-19,14,ACCOUNT,2,0
B02,2025-07-19,14,LOAN,2,0
B02,2025-07-19,15,ACCOUNT,1,0
B02,2025-07-19,15,LOAN,5,0
B02,2025-07-21,10,ACCOUNT,3,1
B02,2025-07-21,10,LOAN,10,2
B02,2025-07-21,11,ACCOUNT,3,0
B02,2025-07-21,11,LOAN,3,0
B02,2025-07-21,12,ACCOUNT,5,1
B02,2025-07-21,12,LOAN,10,1
B02,2025-07-21,13,ACCOUNT,2,1
B02,2025-07-21,13,LOAN,3,0
B02,2025-07-21,14,ACCOUNT,2,0
B02,2025-07-21,14,LOAN,4,1
B02,2025-07-21,15,ACCOUNT,1,0
B02,2025-07-21,15,LOAN,7,3
B02,2025-07-22,10,ACCOUNT,2,1
B02,2025-07-22,10,LOAN,2,0
B02,2025-07-22,11,ACCOUNT,3,1
B02,2025-07-22,11,LOAN,1,0
B02,2025-07-22,12,ACCOUNT,1,0
B02,2025-07-22,12,LOAN,3,0
B02,2025-07-22,13,LOAN,1,0
B02,2025-07-22,14,ACCOUNT,2,0
B02,2025-07-22,14,LOAN,3,1
B02,2025-07-22,15,ACCOUNT,4,0
B02,2025-07-22,15,LOAN,1,0
B02,2025-07-23,10,ACCOUNT,4,2
B02,2025-07-23,11,ACCOUNT,1,0
B02,2025-07-23,11,LOAN,4,1
B02,2025-07-23,12,ACCOUNT,3,0
B02,2025-07-23,12,LOAN,3,1
B02,2025-07-23,13,LOAN,2,1
B02,2025-07-23,15,ACCOUNT,1,0
B02,2025-07-24,10,ACCOUNT,3,1
B02,2025-07-24,10,LOAN,5,1
B02,2025-07-24,11,ACCOUNT,7,1
B02,2025-07-24,11,LOAN,1,0
B02,2025-07-24,12,ACCOUNT,2,0
B02,2025-07-24,12,LOAN,4,0
B02,2025-07-24,13,ACCOUNT,1,0
B02,2025-07-24,15,LOAN,3,1
B02,2025-07-25,10,ACCOUNT,3,1
B02,2025-07-25,10,LOAN,5,1
B02,2025-07-25,11,ACCOUNT,4,1
B02,2025-07-25,11,LOAN,4,1
B02,2025-07-25,12,ACCOUNT,1,0
B02,2025-07-25,12,LOAN,1,0
B02,2025-07-25,13,ACCOUNT,1,0
B02,2025-07-25,13,LOAN,2,0
B02,2025-07-25,14,ACCOUNT,2,0
B02,2025-07-25,14,LOAN,1,0
B02,2025-07-25,15,ACCOUNT,2,0
B02,2025-07-25,15,LOAN,3,0
B02,2025-07-28,10,ACCOUNT,4,1
B02,2025-07-28,10,LOAN,1,0
B02,2025-07-28,11,ACCOUNT,8,3
B02,2025-07-28,11,LOAN,5,1
B02,2025-07-28,12,ACCOUNT,6,1
B02,2025-07-28,12,LOAN,7,1
B02,2025-07-28,13,ACCOUNT,2,1
B02,2025-07-28,13,LOAN,2,0
B02,2025-07-28,14,ACCOUNT,2,0
B02,2025-07-28,14,LOAN,2,0
B02,2025-07-28,15,ACCOUNT,3,0
B02,2025-07-28,15,LOAN,1,0
B02,2025-07-29,10,ACCOUNT,2,0
B02,2025-07-29,11,ACCOUNT,7,1
B02,2025-07-29,11,LOAN,5,1
B02,2025-07-29,12,ACCOUNT,4,2
B02,2025-07-29,12,LOAN,2,1
B02,2025-07-29,13,LOAN,3,2
B02,2025-07-29,15,ACCOUNT,1,0
B02,2025-07-29,15,LOAN,5,2
B02,2025-07-30,11,ACCOUNT,2,0
B02,2025-07-30,11,LOAN,4,1
B02,2025-07-30,12,ACCOUNT,1,0
B02,2025-07-30,12,LOAN,2,0
B02,2025-07-30,13,LOAN,5,2
B02,2025-07-30,14,ACCOUNT,2,1
B02,2025-07-30,14,LOAN,8,3
B02,2025-07-30,15,ACCOUNT,1,0
B02,2025-07-30,15,LOAN,2,1
B02,2025-07-31,10,LOAN,1,0
B02,2025-07-31,11,ACCOUNT,2,0
B02,2025-07-31,11,LOAN,3,0
B02,2025-07-31,12,LOAN,2,0
B02,2025-07-31,14,ACCOUNT,4,2
B02,2025-07-31,14,LOAN,3,0
B02,2025-07-31,15,LOAN,2,0
B02,2025-08-01,10,ACCOUNT,3,1
B02,2025-08-01,10,LOAN,3,1
B02,2025-08-01,11,ACCOUNT,5,1
B02,2025-08-01,11,LOAN,7,3
B02,2025-08-01,12,ACCOUNT,2,0
B02,2025-08-01,13,ACCOUNT,2,0
B02,2025-08-01,13,LOAN,4,1
B02,2025-08-01,14,ACCOUNT,4,1
B02,2025-08-01,14,LOAN,4,1
B02,2025-08-01,15,ACCOUNT,1,0
B02,2025-08-01,15,LOAN,1,0
B02,2025-08-02,10,ACCOUNT,3,1
B02,2025-08-02,10,LOAN,4,1
B02,2025-08-02,11,ACCOUNT,2,0
B02,2025-08-02,11,LOAN,2,0
B02,2025-08-02,12,ACCOUNT,2,0
B02,2025-08-02,12,LOAN,2,1
B02,2025-08-02,13,ACCOUNT,2,0
B02,2025-08-02,13,LOAN,2,0
B02,2025-08-02,14,LOAN,4,1
B02,2025-08-02,15,ACCOUNT,2,0
B02,2025-08-02,15,LOAN,2,0
B02,2025-08-04,10,ACCOUNT,3,1
B02,2025-08-04,10,LOAN,6,1
B02,2025-08-04,11,ACCOUNT,2,0
B02,2025-08-04,11,LOAN,4,1
B02,2025-08-04,12,ACCOUNT,2,0
B02,2025-08-04,12,LOAN,3,1
B02,2025-08-04,13,ACCOUNT,1,0
B02,2025-08-04,13,LOAN,4,0
B02,2025-08-04,14,ACCOUNT,1,0
B02,2025-08-04,14,LOAN,4,1
B02,2025-08-04,15,ACCOUNT,3,0
B02,2025-08-04,15,LOAN,2,0
B02,2025-08-05,10,ACCOUNT,1,0
B02,2025-08-05,10,LOAN,3,0
B02,2025-08-05,11,ACCOUNT,1,0
B02,2025-08-05,11,LOAN,3,0
B02,2025-08-05,12,ACCOUNT,4,0
B02,2025-08-05,12,LOAN,3,0
B02,2025-08-05,13,LOAN,1,0
B02,2025-08-05,14,ACCOUNT,5,2
B02,2025-08-05,14,LOAN,9,3
B02,2025-08-05,15,ACCOUNT,2,0
B02,2025-08-05,15,LOAN,2,0
B02,2025-08-06,10,LOAN,9,2
B02,2025-08-06,11,ACCOUNT,1,0
B02,2025-08-06,11,LOAN,1,0
B02,2025-08-06,12,ACCOUNT,1,0
B02,2025-08-06,12,LOAN,9,2
B02,2025-08-06,13,LOAN,4,0
B02,2025-08-06,14,LOAN,2,0
B02,2025-08-06,15,ACCOUNT,3,0
B02,2025-08-06,15,LOAN,2,0
B02,2025-08-07,10,ACCOUNT,5,3
B02,2025-08-07,10,LOAN,4,0
B02,2025-08-07,11,ACCOUNT,3,1
B02,2025-08-07,11,LOAN,2,0
B02,2025-08-07,12,ACCOUNT,2,0
B02,2025-08-07,12,LOAN,5,2
B02,2025-08-07,13,ACCOUNT,1,0
B02,2025-08-07,13,LOAN,5,0
B02,2025-08-07,14,ACCOUNT,2,0
B02,2025-08-07,14,LOAN,1,0
B02,2025-08-07,15,ACCOUNT,1,0
B02,2025-08-07,15,LOAN,2,1
B02,2025-08-11,10,ACCOUNT,1,0
B02,2025-08-11,10,LOAN,3,0
B02,2025-08-11,11,ACCOUNT,4,1
B02,2025-08-11,11,LOAN,11,3
B02,2025-08-11,12,ACCOUNT,5,2
B02,2025-08-11,12,LOAN,8,2
B02,2025-08-11,13,ACCOUNT,5,2
B02,2025-08-11,13,LOAN,1,0
B02,2025-08-11,14,ACCOUNT,1,0
B02,2025-08-11,14,LOAN,6,1
B02,2025-08-11,15,ACCOUNT,2,0
B02,2025-08-11,15,LOAN,5,2
B02,2025-08-12,10,ACCOUNT,1,0
B02,2025-08-12,10,LOAN,1,0
B02,2025-08-12,11,ACCOUNT,1,0
B02,2025-08-12,11,LOAN,1,0
B02,2025-08-12,12,ACCOUNT,2,0
B02,2025-08-12,12,LOAN,5,3
B02,2025-08-12,13,LOAN,4,1
B02,2025-08-12,14,ACCOUNT,4,1
B02,2025-08-12,14,LOAN,5,0
B02,2025-08-12,15,LOAN,2,1
B02,2025-08-13,11,ACCOUNT,3,1
B02,2025-08-13,12,ACCOUNT,2,0
B02,2025-08-13,12,LOAN,2,0
B02,2025-08-13,13,ACCOUNT,1,0
B02,2025-08-13,13,LOAN,2,0
B02,2025-08-13,14,ACCOUNT,3,0
B02,2025-08-13,14,LOAN,2,1
B02,2025-08-13,15,ACCOUNT,3,0
B02,2025-08-13,15,LOAN,3,0
B02,2025-08-14,10,LOAN,1,0
B02,2025-08-14,11,ACCOUNT,2,1
B02,2025-08-14,11,LOAN,4,1
B02,2025-08-14,12,ACCOUNT,2,1
B02,2025-08-14,13,ACCOUNT,1,0
B02,2025-08-14,13,LOAN,1,0
B02,2025-08-14,14,ACCOUNT,3,1
B02,2025-08-14,14,LOAN,5,0
B02,2025-08-14,15,ACCOUNT,5,2
B02,2025-08-14,15,LOAN,1,0
B02,2025-08-16,10,ACCOUNT,1,0
B02,2025-08-16,10,LOAN,3,0
B02,2025-08-16,11,ACCOUNT,5,1
B02,2025-08-16,11,LOAN,9,3
B02,2025-08-16,12,ACCOUNT,2,0
B02,2025-08-16,12,LOAN,4,0
B02,2025-08-16,13,ACCOUNT,3,1
B02,2025-08-16,13,LOAN,4,1
B02,2025-08-16,14,LOAN,5,1
B02,2025-08-16,15,ACCOUNT,3,1
B02,2025-08-16,15,LOAN,3,1
B02,2025-08-18,10,ACCOUNT,2,0
B02,2025-08-18,10,LOAN,1,0
B02,2025-08-18,11,ACCOUNT,2,1
B02,2025-08-18,11,LOAN,1,0
B02,2025-08-18,12,ACCOUNT,2,1
B02,2025-08-18,13,ACCOUNT,1,0
B02,2025-08-18,13,LOAN,1,0
B02,2025-08-18,14,ACCOUNT,1,0
B02,2025-08-18,14,LOAN,7,1
B02,2025-08-18,15,ACCOUNT,1,0
B02,2025-08-18,15,LOAN,1,0
B02,2025-08-19,10,ACCOUNT,2,0
B02,2025-08-19,10,LOAN,2,0
B02,2025-08-19,11,ACCOUNT,4,0
B02,2025-08-19,11,LOAN,2,0
B02,2025-08-19,12,ACCOUNT,2,0
B02,2025-08-19,12,LOAN,2,0
B02,2025-08-19,13,ACCOUNT,2,0
B02,2025-08-19,14,ACCOUNT,3,1
B02,2025-08-19,14,LOAN,4,1
B02,2025-08-19,15,ACCOUNT,2,1
B02,2025-08-19,15,LOAN,1,0
B02,2025-08-20,10,LOAN,1,0
B02,2025-08-20,11,ACCOUNT,6,1
B02,2025-08-20,11,LOAN,2,0
B02,2025-08-20,12,ACCOUNT,4,0
B02,2025-08-20,12,LOAN,7,1
B02,2025-08-20,13,ACCOUNT,1,0
B02,2025-08-20,14,ACCOUNT,3,0
B02,2025-08-20,14,LOAN,3,0
B02,2025-08-20,15,ACCOUNT,1,0
B02,2025-08-20,15,LOAN,3,0
B02,2025-08-21,10,LOAN,1,0
B02,2025-08-21,11,ACCOUNT,4,1
B02,2025-08-21,11,LOAN,1,0
B02,2025-08-21,12,ACCOUNT,3,1
B02,2025-08-21,13,LOAN,5,2
B02,2025-08-21,14,ACCOUNT,1,0
B02,2025-08-21,14,LOAN,7,3
B02,2025-08-21,15,LOAN,1,0
B02,2025-08-22,10,ACCOUNT,5,0
B02,2025-08-22,10,LOAN,3,0
B02,2025-08-22,11,ACCOUNT,6,1
B02,2025-08-22,11,LOAN,6,1
B02,2025-08-22,12,ACCOUNT,2,0
B02,2025-08-22,12,LOAN,1,0
B02,2025-08-22,13,ACCOUNT,1,0
B02,2025-08-22,13,LOAN,3,1
B02,2025-08-22,14,ACCOUNT,6,1
B02,2025-08-22,14,LOAN,9,4
B02,2025-08-22,15,ACCOUNT,1,0
B02,2025-08-22,15,LOAN,4,1
B02,2025-08-25,10,ACCOUNT,5,2
B02,2025-08-25,10,LOAN,4,1
B02,2025-08-25,11,ACCOUNT,1,0
B02,2025-08-25,11,LOAN,2,0
B02,2025-08-25,12,ACCOUNT,1,0
B02,2025-08-25,12,LOAN,3,0
B02,2025-08-25,13,ACCOUNT,2,0
B02,2025-08-25,13,LOAN,3,1
B02,2025-08-25,14,ACCOUNT,4,0
B02,2025-08-25,14,LOAN,6,1
B02,2025-08-25,15,ACCOUNT,3,1
B02,2025-08-25,15,LOAN,5,0
B02,2025-08-26,10,LOAN,4,1
B02,2025-08-26,11,ACCOUNT,4,0
B02,2025-08-26,12,ACCOUNT,1,0
B02,2025-08-26,12,LOAN,6,2
B02,2025-08-26,13,ACCOUNT,4,0
B02,2025-08-26,13,LOAN,5,1
B02,2025-08-26,14,ACCOUNT,5,1
B02,2025-08-26,14,LOAN,5,1
B02,2025-08-26,15,ACCOUNT,3,1
B02,2025-08-26,15,LOAN,3,0
B02,2025-08-28,10,ACCOUNT,2,1
B02,2025-08-28,10,LOAN,1,0
B02,2025-08-28,11,LOAN,2,1
B02,2025-08-28,12,ACCOUNT,3,1
B02,2025-08-28,12,LOAN,7,0
B02,2025-08-28,13,ACCOUNT,2,0
B02,2025-08-28,13,LOAN,1,0
B02,2025-08-28,14,LOAN,1,0
B02,2025-08-28,15,ACCOUNT,3,1
B02,2025-08-28,15,LOAN,1,0
B02,2025-08-29,10,ACCOUNT,7,3
B02,2025-08-29,10,LOAN,3,0
B02,2025-08-29,11,ACCOUNT,6,1
B02,2025-08-29,11,LOAN,5,1
B02,2025-08-29,12,ACCOUNT,3,0
B02,2025-08-29,12,LOAN,4,0
B02,2025-08-29,13,ACCOUNT,4,1
B02,2025-08-29,13,LOAN,1,0
B02,2025-08-29,14,ACCOUNT,1,0
B02,2025-08-29,15,ACCOUNT,4,0
B02,2025-08-29,15,LOAN,4,2
B02,2025-08-30,10,ACCOUNT,4,1
B02,2025-08-30,10,LOAN,5,2
B02,2025-08-30,11,ACCOUNT,2,0
B02,2025-08-30,12,ACCOUNT,4,1
B02,2025-08-30,12,LOAN,2,0
B02,2025-08-30,13,LOAN,1,0
B02,2025-08-30,14,ACCOUNT,1,0
B02,2025-08-30,14,LOAN,4,1
B02,2025-08-30,15,ACCOUNT,2,0
B02,2025-08-30,15,LOAN,2,0
B02,2025-09-01,10,ACCOUNT,2,0
B02,2025-09-01,10,LOAN,3,0
B02,2025-09-01,11,ACCOUNT,3,1
B02,2025-09-01,11,LOAN,3,0
B02,2025-09-01,12,ACCOUNT,6,2
B02,2025-09-01,12,LOAN,1,0
B02,2025-09-01,13,LOAN,1,0
B02,2025-09-01,14,ACCOUNT,2,0
B02,2025-09-01,14,LOAN,5,0
B02,2025-09-01,15,ACCOUNT,3,1
B02,2025-09-01,15,LOAN,2,1
B02,2025-09-02,10,LOAN,2,0
B02,2025-09-02,11,ACCOUNT,1,0
B02,2025-09-02,11,LOAN,6,1
B02,2025-09-02,12,ACCOUNT,2,0
B02,2025-09-02,12,LOAN,7,2
B02,2025-09-02,13,ACCOUNT,2,0
B02,2025-09-02,13,LOAN,4,3
B02,2025-09-02,14,ACCOUNT,5,3
B02,2025-09-02,14,LOAN,1,0
B02,2025-09-02,15,ACCOUNT,1,0
B02,2025-09-02,15,LOAN,4,1
B02,2025-09-03,10,ACCOUNT,3,1
B02,2025-09-03,10,LOAN,1,0
B02,2025-09-03,11,ACCOUNT,1,0
B02,2025-09-03,11,LOAN,8,2
B02,2025-09-03,12,ACCOUNT,4,0
B02,2025-09-03,12,LOAN,4,0
B02,2025-09-03,13,ACCOUNT,1,0
B02,2025-09-03,13,LOAN,6,3
B02,2025-09-03,14,ACCOUNT,2,0
B02,2025-09-03,14,LOAN,7,2
B02,2025-09-03,15,ACCOUNT,1,0
B02,2025-09-04,10,ACCOUNT,6,3
B02,2025-09-04,10,LOAN,1,0
B02,2025-09-04,11,ACCOUNT,1,0
B02,2025-09-04,11,LOAN,1,0
B02,2025-09-04,12,ACCOUNT,3,1
B02,2025-09-04,12,LOAN,6,2
B02,2025-09-04,13,ACCOUNT,1,0
B02,2025-09-04,13,LOAN,2,0
B02,2025-09-04,14,ACCOUNT,1,0
B02,2025-09-04,14,LOAN,2,0
B02,2025-09-04,15,ACCOUNT,2,0
B02,2025-09-04,15,LOAN,3,1
B02,2025-09-06,10,ACCOUNT,4,1
B02,2025-09-06,10,LOAN,4,1
B02,2025-09-06,11,ACCOUNT,5,1
B02,2025-09-06,11,LOAN,8,2
B02,2025-09-06,12,ACCOUNT,3,1
B02,2025-09-06,12,LOAN,9,3
B02,2025-09-06,13,ACCOUNT,4,2
B02,2025-09-06,13,LOAN,5,1
B02,2025-09-06,14,ACCOUNT,4,0
B02,2025-09-06,14,LOAN,2,0
B02,2025-09-06,15,ACCOUNT,1,0
B02,2025-09-06,15,LOAN,7,2
B02,2025-09-08,10,ACCOUNT,2,1
B02,2025-09-08,10,LOAN,3,0
B02,2025-09-08,11,ACCOUNT,7,0
B02,2025-09-08,11,LOAN,7,2
B02,2025-09-08,13,ACCOUNT,1,0
B02,2025-09-08,14,ACCOUNT,4,1
B02,2025-09-08,14,LOAN,8,2
B02,2025-09-08,15,ACCOUNT,1,0
B02,2025-09-08,15,LOAN,5,2
B02,2025-09-09,10,ACCOUNT,6,2
B02,2025-09-09,10,LOAN,1,0
B02,2025-09-09,11,ACCOUNT,3,0
B02,2025-09-09,11,LOAN,3,1
B02,2025-09-09,12,ACCOUNT,2,0
B02,2025-09-09,12,LOAN,6,2
B02,2025-09-09,13,ACCOUNT,4,1
B02,2025-09-09,13,LOAN,1,0
B02,2025-09-09,14,ACCOUNT,2,0
B02,2025-09-09,14,LOAN,3,0
B02,2025-09-09,15,ACCOUNT,1,0
B02,2025-09-09,15,LOAN,3,0
B02,2025-09-10,10,ACCOUNT,4,2
B02,2025-09-10,10,LOAN,3,0
B02,2025-09-10,11,ACCOUNT,3,0
B02,2025-09-10,11,LOAN,6,0
B02,2025-09-10,12,ACCOUNT,2,0
B02,2025-09-10,13,ACCOUNT,3,1
B02,2025-09-10,13,LOAN,2,0
B02,2025-09-10,14,ACCOUNT,2,0
B02,2025-09-10,14,LOAN,3,1
B02,2025-09-10,15,LOAN,2,1
B02,2025-09-11,10,ACCOUNT,1,0
B02,2025-09-11,10,LOAN,1,0
B02,2025-09-11,11,ACCOUNT,9,3
B02,2025-09-11,11,LOAN,3,1
B02,2025-09-11,12,ACCOUNT,2,0
B02,2025-09-11,12,LOAN,1,0
B02,2025-09-11,13,ACCOUNT,1,0
B02,2025-09-11,13,LOAN,8,2
B02,2025-09-11,14,ACCOUNT,3,0
B02,2025-09-11,14,LOAN,5,2
B02,2025-09-11,15,LOAN,3,1
B02,2025-09-12,10,ACCOUNT,2,1
B02,2025-09-12,10,LOAN,1,0
B02,2025-09-12,11,ACCOUNT,1,0
B02,2025-09-12,12,ACCOUNT,4,0
B02,2025-09-12,12,LOAN,3,1
B02,2025-09-12,13,ACCOUNT,2,0
B02,2025-09-12,13,LOAN,2,0
B02,2025-09-12,14,ACCOUNT,3,0
B02,2025-09-12,14,LOAN,1,0
B02,2025-09-12,15,ACCOUNT,2,0
B02,2025-09-12,15,LOAN,2,0
B02,2025-09-15,10,ACCOUNT,3,1
B02,2025-09-15,10,LOAN,2,0
B02,2025-09-15,11,ACCOUNT,4,1
B02,2025-09-15,12,ACCOUNT,3,1
B02,2025-09-15,12,LOAN,6,1
B02,2025-09-15,13,ACCOUNT,1,0
B02,2025-09-15,14,ACCOUNT,3,1
B02,2025-09-15,14,LOAN,2,0
B02,2025-09-15,15,ACCOUNT,1,0
B02,2025-09-15,15,LOAN,1,0
B02,2025-09-16,10,ACCOUNT,2,0
B02,2025-09-16,10,LOAN,3,1
B02,2025-09-16,11,ACCOUNT,2,0
B02,2025-09-16,11,LOAN,4,0
B02,2025-09-16,12,ACCOUNT,1,0
B02,2025-09-16,12,LOAN,7,2
B02,2025-09-16,13,LOAN,1,0
B02,2025-09-16,14,ACCOUNT,2,0
B02,2025-09-16,15,LOAN,7,0
B02,2025-09-17,10,ACCOUNT,2,0
B02,2025-09-17,10,LOAN,1,0
B02,2025-09-17,11,ACCOUNT,2,0
B02,2025-09-17,11,LOAN,3,0
B02,2025-09-17,12,ACCOUNT,6,2
B02,2025-09-17,12,LOAN,3,1
B02,2025-09-17,13,ACCOUNT,3,0
B02,2025-09-17,13,LOAN,1,0
B02,2025-09-17,14,ACCOUNT,1,0
B02,2025-09-17,14,LOAN,3,0
B02,2025-09-17,15,ACCOUNT,1,0
B02,2025-09-18,10,ACCOUNT,2,0
B02,2025-09-18,10,LOAN,4,2
B02,2025-09-18,11,ACCOUNT,6,0
B02,2025-09-18,11,LOAN,6,2
B02,2025-09-18,12,ACCOUNT,3,0
B02,2025-09-18,12,LOAN,3,0
B02,2025-09-18,13,ACCOUNT,4,2
B02,2025-09-18,13,LOAN,2,1
B02,2025-09-18,14,ACCOUNT,2,1
B02,2025-09-18,14,LOAN,3,0
B02,2025-09-18,15,ACCOUNT,2,1
B02,2025-09-18,15,LOAN,1,0
B02,2025-09-19,10,ACCOUNT,3,0
B02,2025-09-19,11,ACCOUNT,2,0
B02,2025-09-19,11,LOAN,2,0
B02,2025-09-19,12,ACCOUNT,2,1
B02,2025-09-19,12,LOAN,2,1
B02,2025-09-19,13,LOAN,3,0
B02,2025-09-19,14,ACCOUNT,1,0
B02,2025-09-19,14,LOAN,2,1
B02,2025-09-19,15,ACCOUNT,3,1
B02,2025-09-19,15,LOAN,1,0
B02,2025-09-20,10,ACCOUNT,2,1
B02,2025-09-20,10,LOAN,3,0
B02,2025-09-20,11,ACCOUNT,2,0
B02,2025-09-20,11,LOAN,1,0
B02,2025-09-20,12,ACCOUNT,1,0
B02,2025-09-20,12,LOAN,4,0
B02,2025-09-20,14,ACCOUNT,2,1
B02,2025-09-20,14,LOAN,4,2
B02,2025-09-20,15,ACCOUNT,3,1
B02,2025-09-20,15,LOAN,2,0
B02,2025-09-22,10,ACCOUNT,2,0
B02,2025-09-22,10,LOAN,8,2
B02,2025-09-22,11,ACCOUNT,4,1
B02,2025-09-22,11,LOAN,4,0
B02,2025-09-22,12,ACCOUNT,2,0
B02,2025-09-22,12,LOAN,7,2
B02,2025-09-22,13,ACCOUNT,4,1
B02,2025-09-22,13,LOAN,7,3
B02,2025-09-22,14,ACCOUNT,1,0
B02,2025-09-22,14,LOAN,6,2
B02,2025-09-22,15,ACCOUNT,4,1
B02,2025-09-22,15,LOAN,1,0
B02,2025-09-23,10,ACCOUNT,1,0
B02,2025-09-23,10,LOAN,12,3
B02,2025-09-23,11,LOAN,5,0
B02,2025-09-23,12,ACCOUNT,1,0
B02,2025-09-23,12,LOAN,10,3
B02,2025-09-23,13,LOAN,2,0
B02,2025-09-23,14,LOAN,3,1
B02,2025-09-23,15,ACCOUNT,3,1
B02,2025-09-23,15,LOAN,1,0
B02,2025-09-24,10,ACCOUNT,1,0
B02,2025-09-24,10,LOAN,5,1
B02,2025-09-24,11,ACCOUNT,3,0
B02,2025-09-24,11,LOAN,5,1
B02,2025-09-24,12,ACCOUNT,2,0
B02,2025-09-24,12,LOAN,4,1
B02,2025-09-24,13,ACCOUNT,3,1
B02,2025-09-24,13,LOAN,3,1
B02,2025-09-24,14,ACCOUNT,3,0
B02,2025-09-24,14,LOAN,4,1
B02,2025-09-24,15,LOAN,3,0
B02,2025-09-25,10,ACCOUNT,4,1
B02,2025-09-25,10,LOAN,1,0
B02,2025-09-25,11,LOAN,4,1
B02,2025-09-25,12,ACCOUNT,1,0
B02,2025-09-25,12,LOAN,4,2
B02,2025-09-25,13,ACCOUNT,2,1
B02,2025-09-25,13,LOAN,4,0
B02,2025-09-25,14,ACCOUNT,1,0
B02,2025-09-25,15,LOAN,2,0
B02,2025-09-26,10,ACCOUNT,3,0
B02,2025-09-26,10,LOAN,4,0
B02,2025-09-26,11,LOAN,10,4
B02,2025-09-26,12,ACCOUNT,3,1
B02,2025-09-26,12,LOAN,3,1
B02,2025-09-26,14,ACCOUNT,7,2
B02,2025-09-26,14,LOAN,3,1
B02,2025-09-26,15,ACCOUNT,1,0
B02,2025-09-26,15,LOAN,2,1
B02,2025-09-29,10,ACCOUNT,2,0
B02,2025-09-29,10,LOAN,3,1
B02,2025-09-29,11,ACCOUNT,10,3
B02,2025-09-29,11,LOAN,7,3
B02,2025-09-29,12,ACCOUNT,2,0
B02,2025-09-29,12,LOAN,4,1
B02,2025-09-29,13,ACCOUNT,1,0
B02,2025-09-29,13,LOAN,4,0
B02,2025-09-29,14,ACCOUNT,3,0
B02,2025-09-29,14,LOAN,5,1
B02,2025-09-29,15,ACCOUNT,1,0
B02,2025-09-29,15,LOAN,1,0
B02,2025-09-30,10,ACCOUNT,1,0
B02,2025-09-30,11,LOAN,4,0
B02,2025-09-30,12,ACCOUNT,1,0
B02,2025-09-30,12,LOAN,2,1
B02,2025-09-30,13,ACCOUNT,2,1
B02,2025-09-30,13,LOAN,3,0
B02,2025-09-30,14,LOAN,4,1
B02,2025-09-30,15,ACCOUNT,2,0
B02,2025-09-30,15,LOAN,1,0
B02,2025-10-03,10,ACCOUNT,2,0
B02,2025-10-03,10,LOAN,4,0
B02,2025-10-03,11,ACCOUNT,5,2
B02,2025-10-03,11,LOAN,4,0
B02,2025-10-03,12,ACCOUNT,4,1
B02,2025-10-03,12,LOAN,6,1
B02,2025-10-03,13,LOAN,3,0
B02,2025-10-03,14,ACCOUNT,3,1
B02,2025-10-03,14,LOAN,3,0
B02,2025-10-03,15,ACCOUNT,3,0
B02,2025-10-03,15,LOAN,4,1
B02,2025-10-04,10,ACCOUNT,1,0
B02,2025-10-04,10,LOAN,3,0
B02,2025-10-04,11,ACCOUNT,3,1
B02,2025-10-04,12,ACCOUNT,3,0
B02,2025-10-04,12,LOAN,5,0
B02,2025-10-04,13,LOAN,1,0
B02,2025-10-04,14,ACCOUNT,3,0
B02,2025-10-04,14,LOAN,4,0
B02,2025-10-04,15,ACCOUNT,1,0
B02,2025-10-04,15,LOAN,3,1
B02,2025-10-06,10,ACCOUNT,4,2
B02,2025-10-06,10,LOAN,3,0
B02,2025-10-06,11,ACCOUNT,2,0
B02,2025-10-06,11,LOAN,4,0
B02,2025-10-06,12,LOAN,3,1
B02,2025-10-06,13,LOAN,4,0
B02,2025-10-06,14,ACCOUNT,4,1
B02,2025-10-06,14,LOAN,6,1
B02,2025-10-06,15,ACCOUNT,2,1
B02,2025-10-06,15,LOAN,1,0
B02,2025-10-08,10,ACCOUNT,1,0
B02,2025-10-08,10,LOAN,2,0
B02,2025-10-08,11,LOAN,3,0
B02,2025-10-08,12,ACCOUNT,3,1
B02,2025-10-08,12,LOAN,5,1
B02,2025-10-08,13,ACCOUNT,2,1
B02,2025-10-08,13,LOAN,1,0
B02,2025-10-08,14,LOAN,1,0
B02,2025-10-08,15,ACCOUNT,2,1
B02,2025-10-08,15,LOAN,3,1
B02,2025-10-09,10,ACCOUNT,2,0
B02,2025-10-09,10,LOAN,5,2
B02,2025-10-09,11,ACCOUNT,3,0
B02,2025-10-09,11,LOAN,1,0
B02,2025-10-09,12,LOAN,4,2
B02,2025-10-09,13,ACCOUNT,2,0
B02,2025-10-09,13,LOAN,3,1
B02,2025-10-09,14,LOAN,3,1
B02,2025-10-09,15,ACCOUNT,3,1
B02,2025-10-09,15,LOAN,1,0
B02,2025-10-10,10,ACCOUNT,3,0
B02,2025-10-10,10,LOAN,3,1
B02,2025-10-10,11,ACCOUNT,5,1
B02,2025-10-10,11,LOAN,3,0
B02,2025-10-10,12,ACCOUNT,3,1
B02,2025-10-10,12,LOAN,2,0
B02,2025-10-10,13,LOAN,4,2
B02,2025-10-10,14,LOAN,8,2
B02,2025-10-10,15,ACCOUNT,1,0
B02,2025-10-10,15,LOAN,2,0
B02,2025-10-13,10,ACCOUNT,6,1
B02,2025-10-13,11,ACCOUNT,1,0
B02,2025-10-13,11,LOAN,7,0
B02,2025-10-13,12,ACCOUNT,4,1
B02,2025-10-13,12,LOAN,2,0
B02,2025-10-13,13,ACCOUNT,5,3
B02,2025-10-13,13,LOAN,3,0
B02,2025-10-13,14,LOAN,3,0
B02,2025-10-13,15,ACCOUNT,4,1
B02,2025-10-13,15,LOAN,1,0
B02,2025-10-14,10,LOAN,2,0
B02,2025-10-14,11,ACCOUNT,3,0
B02,2025-10-14,11,LOAN,5,0
B02,2025-10-14,12,ACCOUNT,2,0
B02,2025-10-14,12,LOAN,2,1
B02,2025-10-14,13,ACCOUNT,1,0
B02,2025-10-14,13,LOAN,2,0
B02,2025-10-14,14,ACCOUNT,8,3
B02,2025-10-14,14,LOAN,4,1
B02,2025-10-14,15,ACCOUNT,1,0
B02,2025-10-14,15,LOAN,4,0
B02,2025-10-15,10,ACCOUNT,2,0
B02,2025-10-15,10,LOAN,5,1
B02,2025-10-15,11,LOAN,3,0
B02,2025-10-15,12,ACCOUNT,1,0
B02,2025-10-15,12,LOAN,4,1
B02,2025-10-15,13,ACCOUNT,3,0
B02,2025-10-15,13,LOAN,4,1
B02,2025-10-15,14,ACCOUNT,2,0
B02,2025-10-15,14,LOAN,9,1
B02,2025-10-15,15,ACCOUNT,1,0
B02,2025-10-15,15,LOAN,1,0
B02,2025-10-16,10,ACCOUNT,4,2
B02,2025-10-16,10,LOAN,7,2
B02,2025-10-16,11,ACCOUNT,7,1
B02,2025-10-16,11,LOAN,3,0
B02,2025-10-16,12,ACCOUNT,1,0
B02,2025-10-16,12,LOAN,3,0
B02,2025-10-16,13,ACCOUNT,2,0
B02,2025-10-16,13,LOAN,3,1
B02,2025-10-16,14,ACCOUNT,1,0
B02,2025-10-16,14,LOAN,6,2
B02,2025-10-16,15,ACCOUNT,1,0
B02,2025-10-16,15,LOAN,5,1
B02,2025-10-17,10,ACCOUNT,1,0
B02,2025-10-17,10,LOAN,2,1
B02,2025-10-17,11,ACCOUNT,6,1
B02,2025-10-17,11,LOAN,1,0
B02,2025-10-17,12,LOAN,4,0
B02,2025-10-17,13,LOAN,1,0
B02,2025-10-17,14,LOAN,1,0
B02,2025-10-17,15,ACCOUNT,4,1
B02,2025-10-17,15,LOAN,6,3
B02,2025-10-18,10,ACCOUNT,1,0
B02,2025-10-18,10,LOAN,1,0
B02,2025-10-18,11,ACCOUNT,2,0
B02,2025-10-18,11,LOAN,3,0
B02,2025-10-18,12,ACCOUNT,5,2
B02,2025-10-18,12,LOAN,5,2
B02,2025-10-18,13,ACCOUNT,1,0
B02,2025-10-18,13,LOAN,3,0
B02,2025-10-18,14,ACCOUNT,2,1
B02,2025-10-18,14,LOAN,11,2
B02,2025-10-18,15,ACCOUNT,2,0
B02,2025-10-18,15,LOAN,3,0
B02,2025-10-21,10,ACCOUNT,5,1
B02,2025-10-21,10,LOAN,1,0
B02,2025-10-21,11,ACCOUNT,6,3
B02,2025-10-21,11,LOAN,6,0
B02,2025-10-21,12,ACCOUNT,5,0
B02,2025-10-21,12,LOAN,7,2
B02,2025-10-21,13,ACCOUNT,5,1
B02,2025-10-21,13,LOAN,4,1
B02,2025-10-21,14,LOAN,1,0
B02,2025-10-21,15,ACCOUNT,1,0
B02,2025-10-21,15,LOAN,3,1
B02,2025-10-23,10,ACCOUNT,3,0
B02,2025-10-23,10,LOAN,3,0
B02,2025-10-23,11,LOAN,3,0
B02,2025-10-23,12,LOAN,4,1
B02,2025-10-23,13,ACCOUNT,3,0
B02,2025-10-23,13,LOAN,5,1
B02,2025-10-23,14,ACCOUNT,5,2
B02,2025-10-23,14,LOAN,3,1
B02,2025-10-23,15,ACCOUNT,1,0
B02,2025-10-23,15,LOAN,1,0
B02,2025-10-24,10,LOAN,2,1
B02,2025-10-24,11,ACCOUNT,3,0
B02,2025-10-24,11,LOAN,4,1
B02,2025-10-24,12,ACCOUNT,5,1
B02,2025-10-24,12,LOAN,4,1
B02,2025-10-24,13,LOAN,5,0
B02,2025-10-24,14,ACCOUNT,1,0
B02,2025-10-24,15,ACCOUNT,1,0
B02,2025-10-24,15,LOAN,2,0
B02,2025-10-27,10,LOAN,8,2
B02,2025-10-27,11,ACCOUNT,2,0
B02,2025-10-27,11,LOAN,2,0
B02,2025-10-27,12,ACCOUNT,1,0
B02,2025-10-27,12,LOAN,3,0
B02,2025-10-27,13,ACCOUNT,1,0
B02,2025-10-27,13,LOAN,2,0
B02,2025-10-27,14,LOAN,2,0
B02,2025-10-27,15,LOAN,4,1
B02,2025-10-28,10,ACCOUNT,2,1
B02,2025-10-28,11,ACCOUNT,4,0
B02,2025-10-28,11,LOAN,6,2
B02,2025-10-28,12,ACCOUNT,1,0
B02,2025-10-28,13,LOAN,4,1
B02,2025-10-28,14,ACCOUNT,5,2
B02,2025-10-28,15,LOAN,1,0
B02,2025-10-29,10,ACCOUNT,5,1
B02,2025-10-29,10,LOAN,2,1
B02,2025-10-29,11,ACCOUNT,2,0
B02,2025-10-29,11,LOAN,4,1
B02,2025-10-29,12,ACCOUNT,2,0
B02,2025-10-29,12,LOAN,1,0
B02,2025-10-29,13,ACCOUNT,2,1
B02,2025-10-29,13,LOAN,2,0
B02,2025-10-29,14,ACCOUNT,3,1
B02,2025-10-29,14,LOAN,13,4
B02,2025-10-29,15,ACCOUNT,3,0
B02,2025-10-29,15,LOAN,3,2
B02,2025-10-30,10,ACCOUNT,1,0
B02,2025-10-30,11,LOAN,2,0
B02,2025-10-30,12,LOAN,1,0
B02,2025-10-30,13,ACCOUNT,2,0
B02,2025-10-30,13,LOAN,3,1
B02,2025-10-30,14,ACCOUNT,1,0
B02,2025-10-30,14,LOAN,4,2
B02,2025-10-30,15,ACCOUNT,3,0
B02,2025-10-31,10,ACCOUNT,4,1
B02,2025-10-31,10,LOAN,3,0
B02,2025-10-31,11,ACCOUNT,1,0
B02,2025-10-31,11,LOAN,5,0
B02,2025-10-31,12,ACCOUNT,3,0
B02,2025-10-31,12,LOAN,4,0
B02,2025-10-31,13,ACCOUNT,2,0
B02,2025-10-31,13,LOAN,7,2
B02,2025-10-31,14,ACCOUNT,1,0
B02,2025-10-31,14,LOAN,7,1
B02,2025-10-31,15,ACCOUNT,2,0
B02,2025-11-03,10,ACCOUNT,5,2
B02,2025-11-03,10,LOAN,3,1
B02,2025-11-03,11,ACCOUNT,3,0
B02,2025-11-03,11,LOAN,2,0
B02,2025-11-03,12,ACCOUNT,3,1
B02,2025-11-03,12,LOAN,1,0
B02,2025-11-03,13,ACCOUNT,1,0
B02,2025-11-03,13,LOAN,6,2
B02,2025-11-03,14,ACCOUNT,5,0
B02,2025-11-03,14,LOAN,5,1
B02,2025-11-03,15,ACCOUNT,5,1
B02,2025-11-03,15,LOAN,5,2
B02,2025-11-04,10,ACCOUNT,1,0
B02,2025-11-04,10,LOAN,8,1
B02,2025-11-04,11,ACCOUNT,2,1
B02,2025-11-04,11,LOAN,10,3
B02,2025-11-04,12,ACCOUNT,3,1
B02,2025-11-04,12,LOAN,4,0
B02,2025-11-04,13,ACCOUNT,1,0
B02,2025-11-04,13,LOAN,3,0
B02,2025-11-04,15,LOAN,7,1
B02,2025-11-05,10,ACCOUNT,3,0
B02,2025-11-05,10,LOAN,4,2
B02,2025-11-05,11,ACCOUNT,2,0
B02,2025-11-05,11,LOAN,1,0
B02,2025-11-05,12,LOAN,4,0
B02,2025-11-05,13,LOAN,2,0
B02,2025-11-05,14,ACCOUNT,2,1
B02,2025-11-05,14,LOAN,5,1
B02,2025-11-05,15,ACCOUNT,1,0
B02,2025-11-05,15,LOAN,1,0
B02,2025-11-06,10,ACCOUNT,4,1
B02,2025-11-06,11,ACCOUNT,1,0
B02,2025-11-06,11,LOAN,4,1
B02,2025-11-06,12,LOAN,1,0
B02,2025-11-06,14,ACCOUNT,1,0
B02,2025-11-06,14,LOAN,1,0
B02,2025-11-06,15,ACCOUNT,3,0
B02,2025-11-06,15,LOAN,1,0
B02,2025-11-07,10,LOAN,2,0
B02,2025-11-07,11,ACCOUNT,5,0
B02,2025-11-07,11,LOAN,2,0
B02,2025-11-07,12,ACCOUNT,2,1
B02,2025-11-07,12,LOAN,8,2
B02,2025-11-07,13,ACCOUNT,2,0
B02,2025-11-07,13,LOAN,4,0
B02,2025-11-07,14,ACCOUNT,1,0
B02,2025-11-07,14,LOAN,5,2
B02,2025-11-07,15,ACCOUNT,3,2
B02,2025-11-07,15,LOAN,7,1
B02,2025-11-10,10,ACCOUNT,1,0
B02,2025-11-10,10,LOAN,4,0
B02,2025-11-10,11,ACCOUNT,6,2
B02,2025-11-10,11,LOAN,2,0
B02,2025-11-10,12,ACCOUNT,2,1
B02,2025-11-10,12,LOAN,1,0
B02,2025-11-10,13,ACCOUNT,5,2
B02,2025-11-10,14,ACCOUNT,3,0
B02,2025-11-10,14,LOAN,4,0
B02,2025-11-10,15,LOAN,5,1
B02,2025-11-11,10,LOAN,6,2
B02,2025-11-11,11,LOAN,1,0
B02,2025-11-11,12,ACCOUNT,1,0
B02,2025-11-11,12,LOAN,6,2
B02,2025-11-11,13,LOAN,1,0
B02,2025-11-11,14,ACCOUNT,1,0
B02,2025-11-11,14,LOAN,4,1
B02,2025-11-11,15,ACCOUNT,1,0
B02,2025-11-11,15,LOAN,2,0
B02,2025-11-12,10,ACCOUNT,1,0
B02,2025-11-12,10,LOAN,4,0
B02,2025-11-12,11,ACCOUNT,2,0
B02,2025-11-12,11,LOAN,3,1
B02,2025-11-12,12,ACCOUNT,1,0
B02,2025-11-12,12,LOAN,1,0
B02,2025-11-12,13,ACCOUNT,2,0
B02,2025-11-12,13,LOAN,3,1
B02,2025-11-12,14,ACCOUNT,1,0
B02,2025-11-12,14,LOAN,5,0
B02,2025-11-12,15,LOAN,1,0
B02,2025-11-13,10,ACCOUNT,3,1
B02,2025-11-13,10,LOAN,1,0
B02,2025-11-13,11,ACCOUNT,4,0
B02,2025-11-13,11,LOAN,4,0
B02,2025-11-13,12,ACCOUNT,1,0
B02,2025-11-13,12,LOAN,1,0
B02,2025-11-13,13,ACCOUNT,2,0
B02,2025-11-13,13,LOAN,5,2
B02,2025-11-13,14,ACCOUNT,3,0
B02,2025-11-13,14,LOAN,2,0
B02,2025-11-13,15,ACCOUNT,3,0
B02,2025-11-14,10,LOAN,3,2
B02,2025-11-14,11,ACCOUNT,2,0
B02,2025-11-14,11,LOAN,5,1
B02,2025-11-14,12,ACCOUNT,3,2
B02,2025-11-14,12,LOAN,2,0
B02,2025-11-14,13,LOAN,1,0
B02,2025-11-14,14,ACCOUNT,2,1
B02,2025-11-14,14,LOAN,3,0
B02,2025-11-14,15,ACCOUNT,2,0
B02,2025-11-14,15,LOAN,5,0
B02,2025-11-15,10,ACCOUNT,6,2
B02,2025-11-15,10,LOAN,5,2
B02,2025-11-15,11,ACCOUNT,1,0
B02,2025-11-15,11,LOAN,6,0
B02,2025-11-15,12,ACCOUNT,1,0
B02,2025-11-15,12,LOAN,11,4
B02,2025-11-15,13,ACCOUNT,2,0
B02,2025-11-15,13,LOAN,6,2
B02,2025-11-15,14,ACCOUNT,3,2
B02,2025-11-15,14,LOAN,7,0
B02,2025-11-15,15,LOAN,5,1
B02,2025-11-17,10,ACCOUNT,4,1
B02,2025-11-17,10,LOAN,2,0
B02,2025-11-17,11,ACCOUNT,3,1
B02,2025-11-17,11,LOAN,3,0
B02,2025-11-17,12,ACCOUNT,7,2
B02,2025-11-17,12,LOAN,7,0
B02,2025-11-17,13,ACCOUNT,3,1
B02,2025-11-17,13,LOAN,3,0
B02,2025-11-17,14,ACCOUNT,3,1
B02,2025-11-17,14,LOAN,5,0
B02,2025-11-17,15,ACCOUNT,2,1
B02,2025-11-17,15,LOAN,2,1
B02,2025-11-18,10,ACCOUNT,3,0
B02,2025-11-18,11,LOAN,1,0
B02,2025-11-18,12,LOAN,2,0
B02,2025-11-18,14,LOAN,3,1
B02,2025-11-18,15,ACCOUNT,1,0
B02,2025-11-18,15,LOAN,3,2
B02,2025-11-19,10,ACCOUNT,3,1
B02,2025-11-19,10,LOAN,1,0
B02,2025-11-19,11,ACCOUNT,3,0
B02,2025-11-19,11,LOAN,4,1
B02,2025-11-19,12,LOAN,4,2
B02,2025-11-19,13,LOAN,2,0
B02,2025-11-19,14,ACCOUNT,1,0
B02,2025-11-19,14,LOAN,3,1
B02,2025-11-19,15,LOAN,1,0
B02,2025-11-20,10,ACCOUNT,3,0
B02,2025-11-20,10,LOAN,1,0
B02,2025-11-20,11,LOAN,1,0
B02,2025-11-20,12,ACCOUNT,4,1
B02,2025-11-20,13,ACCOUNT,3,1
B02,2025-11-20,14,ACCOUNT,2,1
B02,2025-11-20,14,LOAN,3,0
B02,2025-11-20,15,ACCOUNT,1,0
B02,2025-11-20,15,LOAN,2,0
B02,2025-11-21,11,ACCOUNT,3,0
B02,2025-11-21,11,LOAN,3,0
B02,2025-11-21,12,ACCOUNT,2,0
B02,2025-11-21,12,LOAN,2,0
B02,2025-11-21,13,ACCOUNT,2,1
B02,2025-11-21,13,LOAN,2,1
B02,2025-11-21,14,ACCOUNT,2,0
B02,2025-11-21,14,LOAN,2,0
B02,2025-11-21,15,ACCOUNT,2,0
B02,2025-11-21,15,LOAN,5,2
B02,2025-11-24,10,ACCOUNT,5,1
B02,2025-11-24,10,LOAN,4,1
B02,2025-11-24,11,ACCOUNT,5,1
B02,2025-11-24,11,LOAN,4,0
B02,2025-11-24,12,ACCOUNT,3,0
B02,2025-11-24,12,LOAN,2,0
B02,2025-11-24,13,ACCOUNT,3,0
B02,2025-11-24,13,LOAN,3,0
B02,2025-11-24,14,ACCOUNT,1,0
B02,2025-11-24,14,LOAN,1,0
B02,2025-11-24,15,ACCOUNT,3,0
B02,2025-11-24,15,LOAN,2,1
B02,2025-11-25,10,ACCOUNT,1,0
B02,2025-11-25,10,LOAN,5,0
B02,2025-11-25,11,LOAN,7,1
B02,2025-11-25,12,ACCOUNT,1,0
B02,2025-11-25,12,LOAN,6,0
B02,2025-11-25,13,ACCOUNT,4,2
B02,2025-11-25,13,LOAN,3,0
B02,2025-11-25,14,ACCOUNT,3,0
B02,2025-11-25,14,LOAN,7,2
B02,2025-11-26,10,ACCOUNT,4,3
B02,2025-11-26,11,ACCOUNT,5,1
B02,2025-11-26,11,LOAN,1,0
B02,2025-11-26,12,ACCOUNT,2,0
B02,2025-11-26,12,LOAN,8,2
B02,2025-11-26,13,ACCOUNT,1,0
B02,2025-11-26,13,LOAN,3,1
B02,2025-11-26,14,ACCOUNT,1,0
B02,2025-11-26,14,LOAN,6,1
B02,2025-11-26,15,LOAN,1,0
B02,2025-11-27,10,ACCOUNT,2,0
B02,2025-11-27,10,LOAN,1,0
B02,2025-11-27,11,ACCOUNT,3,1
B02,2025-11-27,11,LOAN,6,1
B02,2025-11-27,12,ACCOUNT,2,0
B02,2025-11-27,13,ACCOUNT,1,0
B02,2025-11-27,13,LOAN,3,1
B02,2025-11-27,14,ACCOUNT,3,1
B02,2025-11-27,14,LOAN,5,0
B02,2025-11-27,15,ACCOUNT,3,0
B02,2025-11-27,15,LOAN,3,1
B02,2025-11-28,10,ACCOUNT,1,0
B02,2025-11-28,10,LOAN,7,3
B02,2025-11-28,11,ACCOUNT,6,2
B02,2025-11-28,11,LOAN,5,0
B02,2025-11-28,12,ACCOUNT,2,0
B02,2025-11-28,12,LOAN,4,0
B02,2025-11-28,13,ACCOUNT,2,0
B02,2025-11-28,13,LOAN,3,1
B02,2025-11-28,14,LOAN,1,0
B02,2025-11-28,15,ACCOUNT,2,0
B02,2025-11-28,15,LOAN,3,1
B02,2025-11-29,10,ACCOUNT,4,2
B02,2025-11-29,10,LOAN,3,0
B02,2025-11-29,11,LOAN,1,0
B02,2025-11-29,12,LOAN,3,0
B02,2025-11-29,13,LOAN,1,0
B02,2025-11-29,14,ACCOUNT,3,0
B02,2025-11-29,14,LOAN,1,0
B02,2025-11-29,15,ACCOUNT,2,1
B02,2025-11-29,15,LOAN,4,2
B02,2025-12-01,10,ACCOUNT,1,0
B02,2025-12-01,10,LOAN,6,1
B02,2025-12-01,11,ACCOUNT,7,1
B02,2025-12-01,11,LOAN,3,0
B02,2025-12-01,12,LOAN,10,2
B02,2025-12-01,13,ACCOUNT,1,0
B02,2025-12-01,13,LOAN,4,1
B02,2025-12-01,14,ACCOUNT,1,0
B02,2025-12-01,14,LOAN,1,0
B02,2025-12-01,15,ACCOUNT,1,0
B02,2025-12-01,15,LOAN,3,1
B02,2025-12-02,10,ACCOUNT,3,1
B02,2025-12-02,10,LOAN,1,0
B02,2025-12-02,11,ACCOUNT,3,0
B02,2025-12-02,11,LOAN,4,1
B02,2025-12-02,12,ACCOUNT,3,1
B02,2025-12-02,12,LOAN,6,2
B02,2025-12-02,13,ACCOUNT,2,0
B02,2025-12-02,13,LOAN,1,0
B02,2025-12-02,14,ACCOUNT,2,1
B02,2025-12-02,14,LOAN,3,0
B02,2025-12-02,15,ACCOUNT,1,0
B02,2025-12-03,10,ACCOUNT,1,0
B02,2025-12-03,10,LOAN,5,0
B02,2025-12-03,11,ACCOUNT,5,1
B02,2025-12-03,11,LOAN,8,3
B02,2025-12-03,12,LOAN,4,0
B02,2025-12-03,13,ACCOUNT,1,0
B02,2025-12-03,13,LOAN,4,1
B02,2025-12-03,14,LOAN,3,1
B02,2025-12-03,15,ACCOUNT,1,0
B02,2025-12-03,15,LOAN,1,0
B02,2025-12-04,10,ACCOUNT,3,1
B02,2025-12-04,11,ACCOUNT,8,2
B02,2025-12-04,11,LOAN,3,0
B02,2025-12-04,12,ACCOUNT,1,0
B02,2025-12-04,12,LOAN,6,3
B02,2025-12-04,13,ACCOUNT,2,1
B02,2025-12-04,13,LOAN,1,0
B02,2025-12-04,14,ACCOUNT,5,2
B02,2025-12-04,14,LOAN,3,0
B02,2025-12-04,15,ACCOUNT,3,0
B02,2025-12-04,15,LOAN,2,0
B02,2025-12-05,10,ACCOUNT,4,1
B02,2025-12-05,10,LOAN,2,0
B02,2025-12-05,11,ACCOUNT,6,0
B02,2025-12-05,11,LOAN,6,2
B02,2025-12-05,12,LOAN,6,2
B02,2025-12-05,13,LOAN,2,0
B02,2025-12-05,14,ACCOUNT,2,1
B02,2025-12-05,14,LOAN,1,0
B02,2025-12-05,15,ACCOUNT,1,0
B02,2025-12-05,15,LOAN,2,0
B02,2025-12-06,10,ACCOUNT,3,1
B02,2025-12-06,10,LOAN,1,0
B02,2025-12-06,11,ACCOUNT,2,0
B02,2025-12-06,11,LOAN,4,1
B02,2025-12-06,12,ACCOUNT,4,1
B02,2025-12-06,12,LOAN,3,0
B02,2025-12-06,13,ACCOUNT,4,1
B02,2025-12-06,14,LOAN,5,1
B02,2025-12-06,15,ACCOUNT,2,0
B02,2025-12-06,15,LOAN,4,1
B02,2025-12-08,10,ACCOUNT,1,0
B02,2025-12-08,10,LOAN,3,0
B02,2025-12-08,11,ACCOUNT,1,0
B02,2025-12-08,11,LOAN,11,0
B02,2025-12-08,12,ACCOUNT,2,0
B02,2025-12-08,12,LOAN,4,1
B02,2025-12-08,13,LOAN,3,0
B02,2025-12-08,14,ACCOUNT,3,1
B02,2025-12-08,14,LOAN,12,4
B02,2025-12-08,15,LOAN,5,0
B02,2025-12-09,10,ACCOUNT,5,1
B02,2025-12-09,10,LOAN,1,0
B02,2025-12-09,11,ACCOUNT,2,0
B02,2025-12-09,11,LOAN,2,0
B02,2025-12-09,12,ACCOUNT,2,0
B02,2025-12-09,12,LOAN,6,1
B02,2025-12-09,13,LOAN,1,0
B02,2025-12-09,14,ACCOUNT,2,0
B02,2025-12-09,14,LOAN,5,1
B02,2025-12-09,15,ACCOUNT,5,3
B02,2025-12-09,15,LOAN,5,0
B02,2025-12-10,10,ACCOUNT,5,1
B02,2025-12-10,10,LOAN,1,0
B02,2025-12-10,11,ACCOUNT,1,0
B02,2025-12-10,11,LOAN,8,2
B02,2025-12-10,12,ACCOUNT,3,0
B02,2025-12-10,12,LOAN,10,2
B02,2025-12-10,13,ACCOUNT,1,0
B02,2025-12-10,13,LOAN,8,2
B02,2025-12-10,14,ACCOUNT,3,0
B02,2025-12-10,14,LOAN,4,2
B02,2025-12-10,15,ACCOUNT,1,0
B02,2025-12-11,10,ACCOUNT,2,0
B02,2025-12-11,10,LOAN,3,0
B02,2025-12-11,11,ACCOUNT,1,0
B02,2025-12-11,11,LOAN,6,1
B02,2025-12-11,12,ACCOUNT,2,1
B02,2025-12-11,12,LOAN,4,1
B02,2025-12-11,13,ACCOUNT,2,0
B02,2025-12-11,13,LOAN,1,0
B02,2025-12-11,14,ACCOUNT,1,0
B02,2025-12-11,14,LOAN,6,1
B02,2025-12-11,15,ACCOUNT,4,1
B02,2025-12-11,15,LOAN,4,1
B02,2025-12-12,10,ACCOUNT,3,0
B02,2025-12-12,10,LOAN,2,0
B02,2025-12-12,11,ACCOUNT,4,1
B02,2025-12-12,11,LOAN,5,2
B02,2025-12-12,12,ACCOUNT,7,3
B02,2025-12-12,12,LOAN,3,1
B02,2025-12-12,13,ACCOUNT,2,0
B02,2025-12-12,14,ACCOUNT,2,0
B02,2025-12-12,14,LOAN,1,0
B02,2025-12-12,15,ACCOUNT,3,0
B02,2025-12-12,15,LOAN,3,1
B02,2025-12-15,10,ACCOUNT,3,0
B02,2025-12-15,10,LOAN,5,0
B02,2025-12-15,11,ACCOUNT,4,0
B02,2025-12-15,11,LOAN,6,0
B02,2025-12-15,12,ACCOUNT,7,3
B02,2025-12-15,12,LOAN,14,2
B02,2025-12-15,13,ACCOUNT,4,2
B02,2025-12-15,13,LOAN,7,2
B02,2025-12-15,14,ACCOUNT,3,1
B02,2025-12-15,14,LOAN,4,0
B02,2025-12-15,15,ACCOUNT,4,1
B02,2025-12-15,15,LOAN,7,1
B02,2025-12-16,10,LOAN,4,1
B02,2025-12-16,11,LOAN,3,0
B02,2025-12-16,12,ACCOUNT,2,0
B02,2025-12-16,12,LOAN,9,2
B02,2025-12-16,13,ACCOUNT,1,0
B02,2025-12-16,13,LOAN,7,3
B02,2025-12-16,14,LOAN,5,1
B02,2025-12-16,15,ACCOUNT,3,0
B02,2025-12-17,10,ACCOUNT,1,0
B02,2025-12-17,10,LOAN,2,0
B02,2025-12-17,11,ACCOUNT,1,0
B02,2025-12-17,11,LOAN,3,1
B02,2025-12-17,12,ACCOUNT,4,0
B02,2025-12-17,12,LOAN,8,2
B02,2025-12-17,13,ACCOUNT,1,0
B02,2025-12-17,13,LOAN,1,0
B02,2025-12-17,14,ACCOUNT,7,2
B02,2025-12-17,14,LOAN,2,0
B02,2025-12-17,15,ACCOUNT,1,0
B02,2025-12-17,15,LOAN,1,0
B02,2025-12-18,10,ACCOUNT,2,0
B02,2025-12-18,10,LOAN,3,0
B02,2025-12-18,11,ACCOUNT,1,0
B02,2025-12-18,11,LOAN,5,1
B02,2025-12-18,12,ACCOUNT,2,0
B02,2025-12-18,12,LOAN,1,0
B02,2025-12-18,13,ACCOUNT,2,0
B02,2025-12-18,13,LOAN,1,0
B02,2025-12-18,14,LOAN,4,0
B02,2025-12-18,15,ACCOUNT,3,1
B02,2025-12-18,15,LOAN,1,0
B02,2025-12-19,10,ACCOUNT,2,0
B02,2025-12-19,10,LOAN,1,0
B02,2025-12-19,11,ACCOUNT,2,0
B02,2025-12-19,11,LOAN,4,1
B02,2025-12-19,12,ACCOUNT,1,0
B02,2025-12-19,12,LOAN,4,1
B02,2025-12-19,13,ACCOUNT,1,0
B02,2025-12-19,13,LOAN,2,0
B02,2025-12-19,14,ACCOUNT,5,1
B02,2025-12-19,14,LOAN,6,1
B02,2025-12-19,15,ACCOUNT,2,0
B02,2025-12-19,15,LOAN,2,0
B02,2025-12-20,10,LOAN,4,1
B02,2025-12-20,11,ACCOUNT,2,1
B02,2025-12-20,11,LOAN,3,0
B02,2025-12-20,12,ACCOUNT,3,0
B02,2025-12-20,12,LOAN,8,2
B02,2025-12-20,13,ACCOUNT,4,1
B02,2025-12-20,13,LOAN,1,0
B02,2025-12-20,14,ACCOUNT,2,0
B02,2025-12-20,14,LOAN,5,1
B02,2025-12-20,15,ACCOUNT,1,0
B02,2025-12-20,15,LOAN,3,0
B02,2025-12-22,10,ACCOUNT,1,0
B02,2025-12-22,10,LOAN,8,2
B02,2025-12-22,11,ACCOUNT,2,0
B02,2025-12-22,11,LOAN,6,1
B02,2025-12-22,12,ACCOUNT,2,1
B02,2025-12-22,12,LOAN,4,1
B02,2025-12-22,13,LOAN,4,0
B02,2025-12-22,14,ACCOUNT,5,1
B02,2025-12-22,14,LOAN,8,2
B02,2025-12-22,15,LOAN,4,2
B02,2025-12-23,10,ACCOUNT,4,1
B02,2025-12-23,10,LOAN,3,0
B02,2025-12-23,11,LOAN,4,0
B02,2025-12-23,12,ACCOUNT,1,0
B02,2025-12-23,12,LOAN,5,2
B02,2025-12-23,13,LOAN,3,1
B02,2025-12-23,14,ACCOUNT,2,0
B02,2025-12-23,14,LOAN,2,0
B02,2025-12-23,15,ACCOUNT,2,0
B02,2025-12-23,15,LOAN,2,0
B02,2025-12-24,10,ACCOUNT,3,1
B02,2025-12-24,10,LOAN,3,1
B02,2025-12-24,11,ACCOUNT,1,0
B02,2025-12-24,11,LOAN,5,1
B02,2025-12-24,12,ACCOUNT,3,0
B02,2025-12-24,12,LOAN,6,1
B02,2025-12-24,13,ACCOUNT,6,1
B02,2025-12-24,13,LOAN,4,0
B02,2025-12-24,14,ACCOUNT,3,1
B02,2025-12-24,14,LOAN,4,1
B02,2025-12-24,15,LOAN,6,1
B02,2025-12-26,10,ACCOUNT,1,0
B02,2025-12-26,10,LOAN,2,0
B02,2025-12-26,11,ACCOUNT,1,0
B02,2025-12-26,11,LOAN,4,1
B02,2025-12-26,12,ACCOUNT,1,0
B02,2025-12-26,12,LOAN,2,0
B02,2025-12-26,13,ACCOUNT,4,2
B02,2025-12-26,14,LOAN,2,0
B02,2025-12-26,15,ACCOUNT,3,1
B02,2025-12-29,10,ACCOUNT,4,2
B02,2025-12-29,10,LOAN,3,1
B02,2025-12-29,11,ACCOUNT,4,2
B02,2025-12-29,11,LOAN,1,0
B02,2025-12-29,12,ACCOUNT,4,1
B02,2025-12-29,12,LOAN,5,1
B02,2025-12-29,13,ACCOUNT,1,0
B02,2025-12-29,13,LOAN,1,0
B02,2025-12-29,14,LOAN,9,2
B02,2025-12-29,15,ACCOUNT,1,0
B02,2025-12-29,15,LOAN,3,0
B02,2025-12-30,10,ACCOUNT,1,0
B02,2025-12-30,10,LOAN,2,0
B02,2025-12-30,11,ACCOUNT,6,2
B02,2025-12-30,11,LOAN,6,1
B02,2025-12-30,12,ACCOUNT,4,0
B02,2025-12-30,12,LOAN,9,1
B02,2025-12-30,13,ACCOUNT,1,0
B02,2025-12-30,14,LOAN,5,1
B02,2025-12-30,15,ACCOUNT,2,0
B02,2025-12-30,15,LOAN,1,0
B02,2025-12-31,10,ACCOUNT,1,0
B02,2025-12-31,10,LOAN,2,0
B02,2025-12-31,11,LOAN,1,0
B02,2025-12-31,12,LOAN,3,1
B02,2025-12-31,13,LOAN,5,1
B02,2025-12-31,14,ACCOUNT,5,2
B02,2025-12-31,14,LOAN,2,0
B02,2025-12-31,15,LOAN,7,2
B02,2026-01-01,10,LOAN,3,1
B02,2026-01-01,11,ACCOUNT,2,0
B02,2026-01-01,11,LOAN,1,0
B02,2026-01-01,12,ACCOUNT,1,0
B02,2026-01-01,12,LOAN,5,0
B02,2026-01-01,13,ACCOUNT,3,2
B02,2026-01-01,13,LOAN,6,2
B02,2026-01-01,14,ACCOUNT,2,1
B02,2026-01-01,14,LOAN,3,0
B02,2026-01-01,15,ACCOUNT,3,0
B02,2026-01-01,15,LOAN,1,0
B02,2026-01-02,10,ACCOUNT,1,0
B02,2026-01-02,10,LOAN,1,0
B02,2026-01-02,11,ACCOUNT,1,0
B02,2026-01-02,11,LOAN,6,2
B02,2026-01-02,12,ACCOUNT,2,0
B02,2026-01-02,12,LOAN,9,1
B02,2026-01-02,13,ACCOUNT,3,1
B02,2026-01-02,13,LOAN,4,0
B02,2026-01-02,14,ACCOUNT,11,3
B02,2026-01-02,14,LOAN,5,1
B02,2026-01-02,15,ACCOUNT,2,1
B02,2026-01-02,15,LOAN,4,1
B02,2026-01-03,10,ACCOUNT,4,1
B02,2026-01-03,11,ACCOUNT,3,0
B02,2026-01-03,11,LOAN,1,0
B02,2026-01-03,12,ACCOUNT,2,1
B02,2026-01-03,12,LOAN,5,1
B02,2026-01-03,13,ACCOUNT,3,0
B02,2026-01-03,13,LOAN,3,0
B02,2026-01-03,14,ACCOUNT,1,0
B02,2026-01-03,14,LOAN,2,0
B02,2026-01-03,15,LOAN,4,2
B02,2026-01-05,10,LOAN,5,2
B02,2026-01-05,11,ACCOUNT,6,0
B02,2026-01-05,11,LOAN,7,1
B02,2026-01-05,12,ACCOUNT,2,1
B02,2026-01-05,12,LOAN,1,0
B02,2026-01-05,13,ACCOUNT,1,0
B02,2026-01-05,14,ACCOUNT,3,0
B02,2026-01-05,14,LOAN,2,0
B02,2026-01-05,15,ACCOUNT,1,0
B02,2026-01-05,15,LOAN,4,0
B02,2026-01-06,10,ACCOUNT,2,0
B02,2026-01-06,10,LOAN,1,0
B02,2026-01-06,11,ACCOUNT,1,0
B02,2026-01-06,11,LOAN,7,2
B02,2026-01-06,12,ACCOUNT,4,1
B02,2026-01-06,12,LOAN,2,0
B02,2026-01-06,13,ACCOUNT,3,0
B02,2026-01-06,13,LOAN,5,2
B02,2026-01-06,14,LOAN,4,0
B02,2026-01-06,15,LOAN,1,0
B02,2026-01-07,10,LOAN,1,0
B02,2026-01-07,11,ACCOUNT,1,0
B02,2026-01-07,12,ACCOUNT,3,0
B02,2026-01-07,12,LOAN,8,2
B02,2026-01-07,13,ACCOUNT,3,0
B02,2026-01-07,13,LOAN,7,2
B02,2026-01-07,14,ACCOUNT,1,0
B02,2026-01-07,14,LOAN,3,1
B02,2026-01-07,15,ACCOUNT,2,0
B02,2026-01-07,15,LOAN,3,1
B02,2026-01-08,10,ACCOUNT,2,0
B02,2026-01-08,11,ACCOUNT,3,1
B02,2026-01-08,11,LOAN,3,0
B02,2026-01-08,12,ACCOUNT,2,0
B02,2026-01-08,12,LOAN,7,4
B02,2026-01-08,13,ACCOUNT,1,0
B02,2026-01-08,13,LOAN,1,0
B02,2026-01-08,14,LOAN,3,0
B02,2026-01-08,15,ACCOUNT,2,1
B02,2026-01-08,15,LOAN,4,1
B02,2026-01-09,10,ACCOUNT,4,2
B02,2026-01-09,10,LOAN,2,0
B02,2026-01-09,11,ACCOUNT,1,0
B02,2026-01-09,11,LOAN,4,0
B02,2026-01-09,12,ACCOUNT,5,0
B02,2026-01-09,12,LOAN,8,1
B02,2026-01-09,13,LOAN,2,0
B02,2026-01-09,14,ACCOUNT,1,0
B02,2026-01-09,14,LOAN,8,2
B02,2026-01-09,15,LOAN,1,0
B02,2026-01-12,10,ACCOUNT,1,0
B02,2026-01-12,10,LOAN,4,0
B02,2026-01-12,11,ACCOUNT,3,1
B02,2026-01-12,11,LOAN,4,0
B02,2026-01-12,12,ACCOUNT,1,0
B02,2026-01-12,12,LOAN,5,0
B02,2026-01-12,13,ACCOUNT,5,1
B02,2026-01-12,13,LOAN,3,1
B02,2026-01-12,14,ACCOUNT,3,2
B02,2026-01-12,14,LOAN,6,2
B02,2026-01-12,15,ACCOUNT,2,0
B02,2026-01-12,15,LOAN,4,0
B02,2026-01-13,10,ACCOUNT,2,0
B02,2026-01-13,10,LOAN,8,1
B02,2026-01-13,11,ACCOUNT,1,0
B02,2026-01-13,11,LOAN,8,2
B02,2026-01-13,12,ACCOUNT,9,3
B02,2026-01-13,12,LOAN,6,0
B02,2026-01-13,13,ACCOUNT,1,0
B02,2026-01-13,13,LOAN,1,0
B02,2026-01-13,14,ACCOUNT,2,0
B02,2026-01-13,14,LOAN,8,2
B02,2026-01-13,15,ACCOUNT,1,0
B02,2026-01-13,15,LOAN,2,1
B02,2026-01-14,10,ACCOUNT,3,1
B02,2026-01-14,10,LOAN,3,0
B02,2026-01-14,11,ACCOUNT,8,2
B02,2026-01-14,11,LOAN,6,1
B02,2026-01-14,12,ACCOUNT,1,0
B02,2026-01-14,12,LOAN,1,0
B02,2026-01-14,13,LOAN,2,0
B02,2026-01-14,14,ACCOUNT,4,0
B02,2026-01-14,14,LOAN,5,0
B02,2026-01-14,15,ACCOUNT,2,0
B02,2026-01-14,15,LOAN,1,0
B02,2026-01-16,10,ACCOUNT,1,0
B02,2026-01-16,10,LOAN,1,0
B02,2026-01-16,11,ACCOUNT,3,1
B02,2026-01-16,11,LOAN,3,0
B02,2026-01-16,12,ACCOUNT,1,0
B02,2026-01-16,12,LOAN,2,0
B02,2026-01-16,13,ACCOUNT,3,1
B02,2026-01-16,13,LOAN,2,0
B02,2026-01-16,14,LOAN,2,0
B02,2026-01-16,15,LOAN,3,0
B02,2026-01-17,10,ACCOUNT,2,1
B02,2026-01-17,10,LOAN,4,0
B02,2026-01-17,11,ACCOUNT,4,0
B02,2026-01-17,11,LOAN,6,2
B02,2026-01-17,12,ACCOUNT,4,0
B02,2026-01-17,12,LOAN,8,2
B02,2026-01-17,13,ACCOUNT,3,1
B02,2026-01-17,13,LOAN,3,0
B02,2026-01-17,14,ACCOUNT,2,0
B02,2026-01-17,14,LOAN,6,2
B02,2026-01-17,15,ACCOUNT,5,1
B02,2026-01-17,15,LOAN,6,1
B02,2026-01-19,10,ACCOUNT,1,0
B02,2026-01-19,10,LOAN,2,0
B02,2026-01-19,11,ACCOUNT,1,0
B02,2026-01-19,11,LOAN,3,1
B02,2026-01-19,12,LOAN,2,0
B02,2026-01-19,13,ACCOUNT,2,1
B02,2026-01-19,13,LOAN,2,0
B02,2026-01-19,14,ACCOUNT,4,0
B02,2026-01-19,14,LOAN,5,0
B02,2026-01-19,15,ACCOUNT,1,0
B02,2026-01-19,15,LOAN,3,1
B02,2026-01-20,10,ACCOUNT,1,0
B02,2026-01-20,10,LOAN,2,0
B02,2026-01-20,11,ACCOUNT,2,0
B02,2026-01-20,11,LOAN,3,1
B02,2026-01-20,12,LOAN,4,1
B02,2026-01-20,13,LOAN,2,0
B02,2026-01-20,14,ACCOUNT,2,0
B02,2026-01-20,14,LOAN,2,0
B02,2026-01-20,15,ACCOUNT,2,1
B02,2026-01-20,15,LOAN,3,0
B02,2026-01-21,10,ACCOUNT,3,1
B02,2026-01-21,10,LOAN,4,1
B02,2026-01-21,11,LOAN,3,1
B02,2026-01-21,12,ACCOUNT,1,0
B02,2026-01-21,12,LOAN,3,1
B02,2026-01-21,13,ACCOUNT,2,1
B02,2026-01-21,13,LOAN,2,0
B02,2026-01-21,14,ACCOUNT,1,0
B02,2026-01-21,14,LOAN,2,0
B02,2026-01-21,15,ACCOUNT,1,0
B02,2026-01-21,15,LOAN,2,1
B02,2026-01-22,10,ACCOUNT,1,0
B02,2026-01-22,10,LOAN,1,0
B02,2026-01-22,11,ACCOUNT,1,0
B02,2026-01-22,11,LOAN,5,1
B02,2026-01-22,12,ACCOUNT,2,1
B02,2026-01-22,12,LOAN,3,1
B02,2026-01-22,13,LOAN,3,0
B02,2026-01-22,14,ACCOUNT,4,0
B02,2026-01-22,14,LOAN,6,2
B02,2026-01-22,15,ACCOUNT,4,0
B02,2026-01-22,15,LOAN,1,0
B02,2026-01-23,10,ACCOUNT,1,0
B02,2026-01-23,10,LOAN,1,0
B02,2026-01-23,11,LOAN,6,0
B02,2026-01-23,12,ACCOUNT,3,1
B02,2026-01-23,12,LOAN,4,1
B02,2026-01-23,13,ACCOUNT,3,0
B02,2026-01-23,13,LOAN,6,3
B02,2026-01-23,14,ACCOUNT,8,3
B02,2026-01-23,14,LOAN,3,0
B02,2026-01-23,15,ACCOUNT,2,0
B02,2026-01-23,15,LOAN,4,1
B02,2026-01-27,10,ACCOUNT,2,0
B02,2026-01-27,10,LOAN,2,0
B02,2026-01-27,11,ACCOUNT,1,0
B02,2026-01-27,11,LOAN,2,0
B02,2026-01-27,12,ACCOUNT,2,0
B02,2026-01-27,12,LOAN,3,0
B02,2026-01-27,13,ACCOUNT,3,1
B02,2026-01-27,13,LOAN,4,0
B02,2026-01-27,14,ACCOUNT,1,0
B02,2026-01-27,14,LOAN,4,0
B02,2026-01-27,15,ACCOUNT,1,0
B02,2026-01-27,15,LOAN,2,0
B02,2026-01-28,10,ACCOUNT,4,1
B02,2026-01-28,10,LOAN,3,0
B02,2026-01-28,11,ACCOUNT,3,0
B02,2026-01-28,11,LOAN,5,0
B02,2026-01-28,12,ACCOUNT,4,0
B02,2026-01-28,12,LOAN,10,3
B02,2026-01-28,13,ACCOUNT,2,0
B02,2026-01-28,13,LOAN,5,0
B02,2026-01-28,14,ACCOUNT,3,1
B02,2026-01-28,14,LOAN,4,0
B02,2026-01-28,15,ACCOUNT,1,0
B02,2026-01-28,15,LOAN,2,1
B02,2026-01-29,10,ACCOUNT,2,0
B02,2026-01-29,10,LOAN,4,1
B02,2026-01-29,11,ACCOUNT,3,0
B02,2026-01-29,11,LOAN,5,1
B02,2026-01-29,12,ACCOUNT,1,0
B02,2026-01-29,12,LOAN,2,0
B02,2026-01-29,13,ACCOUNT,6,2
B02,2026-01-29,14,ACCOUNT,1,0
B02,2026-01-29,14,LOAN,2,0
B02,2026-01-29,15,ACCOUNT,4,0
B02,2026-01-29,15,LOAN,2,0
B02,2026-01-30,10,ACCOUNT,5,0
B02,2026-01-30,10,LOAN,2,0
B02,2026-01-30,11,ACCOUNT,8,2
B02,2026-01-30,11,LOAN,4,2
B02,2026-01-30,12,ACCOUNT,6,1
B02,2026-01-30,12,LOAN,3,1
B02,2026-01-30,13,ACCOUNT,1,0
B02,2026-01-30,13,LOAN,4,1
B02,2026-01-30,14,ACCOUNT,5,1
B02,2026-01-30,14,LOAN,2,0
B02,2026-01-30,15,LOAN,1,0
B02,2026-01-31,10,ACCOUNT,3,0
B02,2026-01-31,10,LOAN,1,0
B02,2026-01-31,11,ACCOUNT,8,3
B02,2026-01-31,11,LOAN,8,1
B02,2026-01-31,12,ACCOUNT,6,3
B02,2026-01-31,12,LOAN,6,0
B02,2026-01-31,13,ACCOUNT,3,1
B02,2026-01-31,13,LOAN,2,0
B02,2026-01-31,14,ACCOUNT,3,1
B02,2026-01-31,14,LOAN,4,1
B02,2026-01-31,15,LOAN,2,0
B02,2026-02-02,10,ACCOUNT,2,1
B02,2026-02-02,10,LOAN,1,0
B02,2026-02-02,11,ACCOUNT,6,1
B02,2026-02-02,11,LOAN,8,2
B02,2026-02-02,12,ACCOUNT,6,2
B02,2026-02-02,12,LOAN,4,0
B02,2026-02-02,13,LOAN,3,1
B02,2026-02-02,14,ACCOUNT,2,0
B02,2026-02-02,14,LOAN,7,2
B02,2026-02-02,15,ACCOUNT,2,0
B02,2026-02-02,15,LOAN,9,2
B02,2026-02-03,10,ACCOUNT,1,0
B02,2026-02-03,10,LOAN,2,0
B02,2026-02-03,11,ACCOUNT,2,1
B02,2026-02-03,11,LOAN,7,2
B02,2026-02-03,12,ACCOUNT,5,1
B02,2026-02-03,12,LOAN,3,0
B02,2026-02-03,13,LOAN,4,0
B02,2026-02-03,14,ACCOUNT,2,0
B02,2026-02-03,14,LOAN,1,0
B02,2026-02-03,15,LOAN,1,0
B02,2026-02-04,10,ACCOUNT,1,0
B02,2026-02-04,10,LOAN,4,0
B02,2026-02-04,11,ACCOUNT,3,1
B02,2026-02-04,11,LOAN,6,1
B02,2026-02-04,12,ACCOUNT,2,0
B02,2026-02-04,12,LOAN,10,1
B02,2026-02-04,13,ACCOUNT,3,2
B02,2026-02-04,13,LOAN,4,1
B02,2026-02-04,14,ACCOUNT,3,1
B02,2026-02-04,14,LOAN,9,2
B02,2026-02-04,15,LOAN,4,1
B02,2026-02-05,10,ACCOUNT,1,0
B02,2026-02-05,10,LOAN,1,0
B02,2026-02-05,11,ACCOUNT,5,1
B02,2026-02-05,11,LOAN,7,2
B02,2026-02-05,12,ACCOUNT,4,2
B02,2026-02-05,12,LOAN,4,2
B02,2026-02-05,13,ACCOUNT,1,0
B02,2026-02-05,14,ACCOUNT,2,0
B02,2026-02-05,14,LOAN,4,0
B02,2026-02-05,15,ACCOUNT,4,2
B02,2026-02-05,15,LOAN,3,1
B02,2026-02-06,10,ACCOUNT,1,0
B02,2026-02-06,11,ACCOUNT,5,2
B02,2026-02-06,11,LOAN,2,0
B02,2026-02-06,12,ACCOUNT,2,0
B02,2026-02-06,12,LOAN,1,0
B02,2026-02-06,13,ACCOUNT,3,0
B02,2026-02-06,13,LOAN,3,1
B02,2026-02-06,14,ACCOUNT,1,0
B02,2026-02-06,14,LOAN,4,1
B02,2026-02-06,15,LOAN,1,0
B02,2026-02-07,11,ACCOUNT,3,0
B02,2026-02-07,11,LOAN,1,0
B02,2026-02-07,12,ACCOUNT,2,0
B02,2026-02-07,12,LOAN,1,0
B02,2026-02-07,13,ACCOUNT,1,0
B02,2026-02-07,13,LOAN,5,2
B02,2026-02-07,14,ACCOUNT,3,1
B02,2026-02-07,14,LOAN,5,1
B02,2026-02-07,15,ACCOUNT,1,0
B02,2026-02-07,15,LOAN,2,0
B02,2026-02-09,10,ACCOUNT,4,0
B02,2026-02-09,10,LOAN,5,0
B02,2026-02-09,11,ACCOUNT,6,2
B02,2026-02-09,11,LOAN,5,1
B02,2026-02-09,12,ACCOUNT,3,1
B02,2026-02-09,12,LOAN,1,0
B02,2026-02-09,13,ACCOUNT,2,0
B02,2026-02-09,13,LOAN,4,1
B02,2026-02-09,14,ACCOUNT,1,0
B02,2026-02-09,14,LOAN,2,0
B02,2026-02-09,15,ACCOUNT,3,1
B02,2026-02-09,15,LOAN,3,0
B02,2026-02-10,10,ACCOUNT,1,0
B02,2026-02-10,10,LOAN,1,0
B02,2026-02-10,11,ACCOUNT,1,0
B02,2026-02-10,11,LOAN,3,1
B02,2026-02-10,12,LOAN,3,0
B02,2026-02-10,13,ACCOUNT,1,0
B02,2026-02-10,13,LOAN,5,2
B02,2026-02-10,14,LOAN,1,0
B02,2026-02-10,15,LOAN,4,0
B02,2026-02-11,10,LOAN,3,0
B02,2026-02-11,11,ACCOUNT,2,1
B02,2026-02-11,11,LOAN,2,0
B02,2026-02-11,12,LOAN,5,0
B02,2026-02-11,13,ACCOUNT,2,1
B02,2026-02-11,13,LOAN,1,0
B02,2026-02-11,14,ACCOUNT,2,0
B02,2026-02-11,14,LOAN,5,1
B02,2026-02-11,15,ACCOUNT,3,1
B02,2026-02-11,15,LOAN,7,3
B02,2026-02-12,10,ACCOUNT,1,0
B02,2026-02-12,10,LOAN,4,1
B02,2026-02-12,11,LOAN,4,0
B02,2026-02-12,12,LOAN,1,0
B02,2026-02-12,13,LOAN,2,0
B02,2026-02-12,14,ACCOUNT,2,0
B02,2026-02-12,14,LOAN,5,0
B02,2026-02-12,15,LOAN,3,0
B02,2026-02-13,10,ACCOUNT,3,0
B02,2026-02-13,10,LOAN,4,0
B02,2026-02-13,11,ACCOUNT,4,1
B02,2026-02-13,11,LOAN,4,1
B02,2026-02-13,12,LOAN,2,0
B02,2026-02-13,13,ACCOUNT,4,1
B02,2026-02-13,13,LOAN,5,2
B02,2026-02-13,14,ACCOUNT,1,0
B02,2026-02-13,14,LOAN,9,3
B02,2026-02-13,15,ACCOUNT,2,0
B02,2026-02-13,15,LOAN,5,0
B02,2026-02-16,10,ACCOUNT,3,0
B02,2026-02-16,10,LOAN,6,1
B02,2026-02-16,11,ACCOUNT,4,1
B02,2026-02-16,11,LOAN,5,0
B02,2026-02-16,12,ACCOUNT,2,0
B02,2026-02-16,12,LOAN,13,3
B02,2026-02-16,13,ACCOUNT,3,1
B02,2026-02-16,13,LOAN,1,0
B02,2026-02-16,14,ACCOUNT,3,0
B02,2026-02-16,14,LOAN,2,0
B02,2026-02-16,15,ACCOUNT,1,0
B02,2026-02-16,15,LOAN,6,2
B02,2026-02-17,10,ACCOUNT,5,2
B02,2026-02-17,10,LOAN,4,2
B02,2026-02-17,11,ACCOUNT,8,4
B02,2026-02-17,11,LOAN,7,2
B02,2026-02-17,12,ACCOUNT,3,0
B02,2026-02-17,12,LOAN,3,0
B02,2026-02-17,13,LOAN,2,0
B02,2026-02-17,14,LOAN,1,0
B02,2026-02-17,15,ACCOUNT,1,0
B02,2026-02-17,15,LOAN,1,0
B02,2026-02-18,11,LOAN,4,0
B02,2026-02-18,12,ACCOUNT,2,0
B02,2026-02-18,12,LOAN,2,1
B02,2026-02-18,13,ACCOUNT,1,0
B02,2026-02-18,13,LOAN,4,1
B02,2026-02-18,14,ACCOUNT,2,0
B02,2026-02-18,14,LOAN,2,0
B02,2026-02-18,15,ACCOUNT,1,0
B02,2026-02-18,15,LOAN,1,0
B02,2026-02-19,10,ACCOUNT,2,0
B02,2026-02-19,10,LOAN,1,0
B02,2026-02-19,11,LOAN,4,0
B02,2026-02-19,12,ACCOUNT,2,0
B02,2026-02-19,12,LOAN,8,2
B02,2026-02-19,13,LOAN,2,0
B02,2026-02-19,14,ACCOUNT,5,3
B02,2026-02-19,14,LOAN,3,0
B02,2026-02-19,15,ACCOUNT,1,0
B02,2026-02-19,15,LOAN,4,1
B02,2026-02-20,10,ACCOUNT,1,0
B02,2026-02-20,11,ACCOUNT,7,1
B02,2026-02-20,11,LOAN,3,0
B02,2026-02-20,12,ACCOUNT,4,1
B02,2026-02-20,12,LOAN,8,2
B02,2026-02-20,13,ACCOUNT,4,1
B02,2026-02-20,13,LOAN,4,2
B02,2026-02-20,14,ACCOUNT,1,0
B02,2026-02-20,14,LOAN,3,0
B02,2026-02-20,15,ACCOUNT,1,0
B02,2026-02-20,15,LOAN,4,0
B02,2026-02-21,10,ACCOUNT,2,0
B02,2026-02-21,10,LOAN,3,1
B02,2026-02-21,11,ACCOUNT,1,0
B02,2026-02-21,11,LOAN,3,1
B02,2026-02-21,12,ACCOUNT,1,0
B02,2026-02-21,12,LOAN,3,1
B02,2026-02-21,13,ACCOUNT,2,0
B02,2026-02-21,13,LOAN,6,1
B02,2026-02-21,14,ACCOUNT,4,0
B02,2026-02-21,14,LOAN,5,0
B02,2026-02-21,15,LOAN,5,2
B02,2026-02-23,10,ACCOUNT,4,1
B02,2026-02-23,10,LOAN,3,0
B02,2026-02-23,11,ACCOUNT,5,1
B02,2026-02-23,11,LOAN,4,0
B02,2026-02-23,12,ACCOUNT,1,0
B02,2026-02-23,12,LOAN,6,2
B02,2026-02-23,13,ACCOUNT,4,0
B02,2026-02-23,13,LOAN,6,2
B02,2026-02-23,14,ACCOUNT,2,1
B02,2026-02-23,14,LOAN,2,0
B02,2026-02-24,10,LOAN,2,0
B02,2026-02-24,11,ACCOUNT,2,0
B02,2026-02-24,12,ACCOUNT,4,2
B02,2026-02-24,12,LOAN,2,0
B02,2026-02-24,13,ACCOUNT,1,0
B02,2026-02-24,13,LOAN,4,2
B02,2026-02-24,14,ACCOUNT,2,1
B02,2026-02-24,14,LOAN,9,1
B02,2026-02-24,15,ACCOUNT,1,0
B02,2026-02-24,15,LOAN,1,0
B02,2026-02-25,10,ACCOUNT,3,1
B02,2026-02-25,11,LOAN,3,0
B02,2026-02-25,12,ACCOUNT,1,0
B02,2026-02-25,12,LOAN,2,0
B02,2026-02-25,13,ACCOUNT,4,1
B02,2026-02-25,13,LOAN,1,0
B02,2026-02-25,14,LOAN,3,0
B02,2026-02-25,15,LOAN,2,1
B02,2026-02-26,10,ACCOUNT,5,1
B02,2026-02-26,10,LOAN,1,0
B02,2026-02-26,11,ACCOUNT,1,0
B02,2026-02-26,11,LOAN,3,0
B02,2026-02-26,12,ACCOUNT,4,1
B02,2026-02-26,12,LOAN,3,1
B02,2026-02-26,13,LOAN,4,1
B02,2026-02-26,14,LOAN,2,0
B02,2026-02-26,15,ACCOUNT,1,0
B02,2026-02-26,15,LOAN,3,0
B02,2026-02-27,10,ACCOUNT,3,0
B02,2026-02-27,10,LOAN,3,0
B02,2026-02-27,11,ACCOUNT,4,2
B02,2026-02-27,11,LOAN,5,2
B02,2026-02-27,12,LOAN,4,1
B02,2026-02-27,13,ACCOUNT,3,1
B02,2026-02-27,14,LOAN,5,0
B02,2026-02-27,15,ACCOUNT,1,0
B02,2026-02-27,15,LOAN,3,1
B02,2026-03-02,10,ACCOUNT,3,1
B02,2026-03-02,10,LOAN,4,0
B02,2026-03-02,11,ACCOUNT,5,1
B02,2026-03-02,11,LOAN,4,1
B02,2026-03-02,12,ACCOUNT,3,0
B02,2026-03-02,12,LOAN,8,1
B02,2026-03-02,13,ACCOUNT,4,1
B02,2026-03-02,13,LOAN,5,1
B02,2026-03-02,14,ACCOUNT,1,0
B02,2026-03-02,14,LOAN,8,2
B02,2026-03-02,15,ACCOUNT,2,0
B02,2026-03-02,15,LOAN,3,0
B02,2026-03-03,10,ACCOUNT,2,0
B02,2026-03-03,11,ACCOUNT,4,1
B02,2026-03-03,11,LOAN,3,1
B02,2026-03-03,12,ACCOUNT,1,0
B02,2026-03-03,12,LOAN,3,0
B02,2026-03-03,14,ACCOUNT,1,0
B02,2026-03-03,14,LOAN,3,1
B02,2026-03-03,15,ACCOUNT,1,0
B02,2026-03-03,15,LOAN,1,0
B02,2026-03-04,10,ACCOUNT,2,0
B02,2026-03-04,10,LOAN,4,0
B02,2026-03-04,11,ACCOUNT,2,0
B02,2026-03-04,11,LOAN,5,0
B02,2026-03-04,12,LOAN,5,3
B02,2026-03-04,13,ACCOUNT,1,0
B02,2026-03-04,13,LOAN,5,1
B02,2026-03-04,14,ACCOUNT,2,0
B02,2026-03-04,14,LOAN,2,0
B02,2026-03-04,15,ACCOUNT,1,0
B02,2026-03-04,15,LOAN,2,1
B02,2026-03-05,10,ACCOUNT,4,1
B02,2026-03-05,10,LOAN,2,0
B02,2026-03-05,11,ACCOUNT,2,1
B02,2026-03-05,11,LOAN,4,0
B02,2026-03-05,12,ACCOUNT,1,0
B02,2026-03-05,12,LOAN,2,0
B02,2026-03-05,13,ACCOUNT,1,0
B02,2026-03-05,13,LOAN,5,2
B02,2026-03-05,14,ACCOUNT,5,2
B02,2026-03-05,14,LOAN,5,1
B02,2026-03-05,15,ACCOUNT,1,0
B02,2026-03-05,15,LOAN,10,2
B02,2026-03-06,10,ACCOUNT,2,0
B02,2026-03-06,10,LOAN,3,1
B02,2026-03-06,11,ACCOUNT,2,0
B02,2026-03-06,11,LOAN,3,1
B02,2026-03-06,12,ACCOUNT,2,1
B02,2026-03-06,12,LOAN,2,0
B02,2026-03-06,13,ACCOUNT,3,2
B02,2026-03-06,13,LOAN,3,1
B02,2026-03-06,14,LOAN,4,0
B02,2026-03-06,15,ACCOUNT,1,0
B02,2026-03-06,15,LOAN,2,1
B02,2026-03-07,10,ACCOUNT,3,0
B02,2026-03-07,10,LOAN,3,1
B02,2026-03-07,11,ACCOUNT,8,2
B02,2026-03-07,11,LOAN,10,1
B02,2026-03-07,12,ACCOUNT,1,0
B02,2026-03-07,12,LOAN,6,2
B02,2026-03-07,13,ACCOUNT,2,0
B02,2026-03-07,13,LOAN,3,0
B02,2026-03-07,14,ACCOUNT,2,0
B02,2026-03-07,14,LOAN,1,0
B02,2026-03-07,15,ACCOUNT,1,0
B02,2026-03-07,15,LOAN,2,1
B02,2026-03-09,10,ACCOUNT,4,1
B02,2026-03-09,10,LOAN,3,0
B02,2026-03-09,11,ACCOUNT,7,2
B02,2026-03-09,11,LOAN,4,1
B02,2026-03-09,12,ACCOUNT,5,2
B02,2026-03-09,12,LOAN,4,0
B02,2026-03-09,13,ACCOUNT,2,0
B02,2026-03-09,13,LOAN,1,0
B02,2026-03-09,14,LOAN,4,0
B02,2026-03-09,15,ACCOUNT,1,0
B02,2026-03-09,15,LOAN,2,0
B02,2026-03-10,10,ACCOUNT,4,1
B02,2026-03-10,11,ACCOUNT,2,0
B02,2026-03-10,11,LOAN,2,1
B02,2026-03-10,12,ACCOUNT,2,1
B02,2026-03-10,12,LOAN,4,0
B02,2026-03-10,13,ACCOUNT,1,0
B02,2026-03-10,13,LOAN,2,0
B02,2026-03-10,14,LOAN,6,1
B02,2026-03-10,15,ACCOUNT,5,1
B02,2026-03-10,15,LOAN,4,1
B02,2026-03-11,10,LOAN,1,0
B02,2026-03-11,11,ACCOUNT,3,0
B02,2026-03-11,11,LOAN,5,0
B02,2026-03-11,12,LOAN,4,0
B02,2026-03-11,13,ACCOUNT,2,1
B02,2026-03-11,13,LOAN,1,0
B02,2026-03-11,14,ACCOUNT,2,0
B02,2026-03-11,14,LOAN,7,3
B02,2026-03-11,15,ACCOUNT,1,0
B02,2026-03-11,15,LOAN,5,1
B02,2026-03-12,10,ACCOUNT,1,0
B02,2026-03-12,10,LOAN,6,1
B02,2026-03-12,11,ACCOUNT,2,0
B02,2026-03-12,11,LOAN,5,2
B02,2026-03-12,12,ACCOUNT,3,0
B02,2026-03-12,12,LOAN,2,0
B02,2026-03-12,13,ACCOUNT,5,1
B02,2026-03-12,13,LOAN,4,0
B02,2026-03-12,14,ACCOUNT,8,3
B02,2026-03-12,14,LOAN,4,0
B02,2026-03-12,15,ACCOUNT,3,0
B02,2026-03-12,15,LOAN,2,0
B02,2026-03-13,10,LOAN,4,0
B02,2026-03-13,11,ACCOUNT,1,0
B02,2026-03-13,11,LOAN,1,0
B02,2026-03-13,12,LOAN,1,0
B02,2026-03-13,13,ACCOUNT,1,0
B02,2026-03-13,13,LOAN,2,0
B02,2026-03-13,14,ACCOUNT,2,0
B02,2026-03-13,14,LOAN,1,0
B02,2026-03-13,15,ACCOUNT,5,1
B02,2026-03-13,15,LOAN,2,0
B02,2026-03-16,10,ACCOUNT,4,0
B02,2026-03-16,10,LOAN,6,2
B02,2026-03-16,11,ACCOUNT,3,0
B02,2026-03-16,11,LOAN,7,2
B02,2026-03-16,12,ACCOUNT,5,0
B02,2026-03-16,12,LOAN,7,2
B02,2026-03-16,13,ACCOUNT,4,1
B02,2026-03-16,13,LOAN,8,2
B02,2026-03-16,14,ACCOUNT,6,1
B02,2026-03-16,14,LOAN,3,1
B02,2026-03-16,15,ACCOUNT,3,0
B02,2026-03-16,15,LOAN,10,1
B02,2026-03-17,10,ACCOUNT,5,1
B02,2026-03-17,10,LOAN,4,0
B02,2026-03-17,11,ACCOUNT,2,0
B02,2026-03-17,11,LOAN,6,2
B02,2026-03-17,12,ACCOUNT,3,0
B02,2026-03-17,12,LOAN,12,4
B02,2026-03-17,13,ACCOUNT,1,0
B02,2026-03-17,13,LOAN,1,0
B02,2026-03-17,14,ACCOUNT,2,0
B02,2026-03-17,14,LOAN,3,0
B02,2026-03-17,15,ACCOUNT,1,0
B02,2026-03-17,15,LOAN,6,2
B02,2026-03-18,10,ACCOUNT,5,1
B02,2026-03-18,10,LOAN,1,0
B02,2026-03-18,11,ACCOUNT,4,1
B02,2026-03-18,11,LOAN,16,5
B02,2026-03-18,12,ACCOUNT,2,0
B02,2026-03-18,12,LOAN,7,1
B02,2026-03-18,13,ACCOUNT,1,0
B02,2026-03-18,13,LOAN,6,0
B02,2026-03-18,14,LOAN,5,2
B02,2026-03-18,15,ACCOUNT,3,1
B02,2026-03-18,15,LOAN,5,1
B02,2026-03-21,10,ACCOUNT,3,0
B02,2026-03-21,10,LOAN,3,1
B02,2026-03-21,11,ACCOUNT,8,1
B02,2026-03-21,11,LOAN,8,1
B02,2026-03-21,12,ACCOUNT,3,0
B02,2026-03-21,12,LOAN,6,1
B02,2026-03-21,13,ACCOUNT,3,1
B02,2026-03-21,13,LOAN,4,0
B02,2026-03-21,14,ACCOUNT,3,1
B02,2026-03-21,14,LOAN,6,0
B02,2026-03-21,15,ACCOUNT,2,0
B02,2026-03-21,15,LOAN,2,0
B02,2026-03-23,10,ACCOUNT,4,0
B02,2026-03-23,10,LOAN,8,2
B02,2026-03-23,11,ACCOUNT,5,0
B02,2026-03-23,11,LOAN,6,1
B02,2026-03-23,12,ACCOUNT,3,1
B02,2026-03-23,12,LOAN,4,1
B02,2026-03-23,13,ACCOUNT,3,0
B02,2026-03-23,13,LOAN,6,2
B02,2026-03-23,14,ACCOUNT,3,1
B02,2026-03-23,14,LOAN,5,1
B02,2026-03-23,15,LOAN,5,0
B02,2026-03-24,10,ACCOUNT,1,0
B02,2026-03-24,10,LOAN,2,0
B02,2026-03-24,11,ACCOUNT,4,0
B02,2026-03-24,11,LOAN,6,0
B02,2026-03-24,12,ACCOUNT,3,1
B02,2026-03-24,12,LOAN,1,0
B02,2026-03-24,13,ACCOUNT,2,0
B02,2026-03-24,13,LOAN,4,0
B02,2026-03-24,14,ACCOUNT,7,3
B02,2026-03-24,14,LOAN,5,0
B02,2026-03-24,15,ACCOUNT,2,0
B02,2026-03-24,15,LOAN,1,0
B02,2026-03-25,10,ACCOUNT,2,0
B02,2026-03-25,10,LOAN,3,0
B02,2026-03-25,11,ACCOUNT,3,1
B02,2026-03-25,11,LOAN,6,1
B02,2026-03-25,12,ACCOUNT,3,0
B02,2026-03-25,12,LOAN,5,1
B02,2026-03-25,13,ACCOUNT,1,0
B02,2026-03-25,13,LOAN,2,0
B02,2026-03-25,14,ACCOUNT,3,1
B02,2026-03-25,14,LOAN,8,1
B02,2026-03-25,15,ACCOUNT,3,1
B02,2026-03-25,15,LOAN,5,0
B02,2026-03-26,10,ACCOUNT,1,0
B02,2026-03-26,10,LOAN,5,1
B02,2026-03-26,11,ACCOUNT,4,2
B02,2026-03-26,11,LOAN,5,1
B02,2026-03-26,12,ACCOUNT,1,0
B02,2026-03-26,12,LOAN,1,0
B02,2026-03-26,13,ACCOUNT,4,1
B02,2026-03-26,13,LOAN,6,0
B02,2026-03-26,14,LOAN,6,2
B02,2026-03-26,15,LOAN,7,1
B02,2026-03-27,10,ACCOUNT,4,0
B02,2026-03-27,10,LOAN,2,0
B02,2026-03-27,11,ACCOUNT,1,0
B02,2026-03-27,11,LOAN,8,3
B02,2026-03-27,12,ACCOUNT,3,0
B02,2026-03-27,12,LOAN,2,0
B02,2026-03-27,13,ACCOUNT,1,0
B02,2026-03-27,13,LOAN,5,0
B02,2026-03-27,14,ACCOUNT,1,0
B02,2026-03-27,14,LOAN,2,0
B02,2026-03-27,15,ACCOUNT,2,0
B02,2026-03-27,15,LOAN,1,0
B02,2026-03-30,10,ACCOUNT,5,2
B02,2026-03-30,10,LOAN,5,1
B02,2026-03-30,11,ACCOUNT,5,0
B02,2026-03-30,11,LOAN,10,1
B02,2026-03-30,12,ACCOUNT,1,0
B02,2026-03-30,12,LOAN,8,2
B02,2026-03-30,13,LOAN,4,0
B02,2026-03-30,14,ACCOUNT,3,0
B02,2026-03-30,14,LOAN,10,2
B02,2026-03-30,15,ACCOUNT,1,0
B02,2026-03-30,15,LOAN,6,1
B02,2026-04-02,10,ACCOUNT,4,0
B02,2026-04-02,10,LOAN,3,0
B02,2026-04-02,11,ACCOUNT,5,2
B02,2026-04-02,11,LOAN,4,1
B02,2026-04-02,12,ACCOUNT,1,0
B02,2026-04-02,13,ACCOUNT,2,0
B02,2026-04-02,13,LOAN,2,1
B02,2026-04-02,14,ACCOUNT,3,1
B02,2026-04-02,14,LOAN,2,0
B02,2026-04-02,15,ACCOUNT,4,1
B02,2026-04-02,15,LOAN,4,0
B02,2026-04-04,10,LOAN,12,4
B02,2026-04-04,11,ACCOUNT,3,1
B02,2026-04-04,11,LOAN,7,3
B02,2026-04-04,12,ACCOUNT,6,0
B02,2026-04-04,12,LOAN,11,3
B02,2026-04-04,13,ACCOUNT,1,0
B02,2026-04-04,13,LOAN,4,1
B02,2026-04-04,14,ACCOUNT,2,0
B02,2026-04-04,14,LOAN,5,1
B02,2026-04-04,15,LOAN,4,1
B02,2026-04-06,10,ACCOUNT,3,0
B02,2026-04-06,10,LOAN,6,2
B02,2026-04-06,11,ACCOUNT,3,1
B02,2026-04-06,11,LOAN,3,1
B02,2026-04-06,12,ACCOUNT,6,1
B02,2026-04-06,12,LOAN,12,4
B02,2026-04-06,13,ACCOUNT,2,0
B02,2026-04-06,13,LOAN,10,1
B02,2026-04-06,14,ACCOUNT,9,3
B02,2026-04-06,14,LOAN,10,2
B02,2026-04-06,15,ACCOUNT,4,1
B02,2026-04-06,15,LOAN,3,0
B02,2026-04-07,10,LOAN,1,0
B02,2026-04-07,11,ACCOUNT,4,1
B02,2026-04-07,11,LOAN,5,1
B02,2026-04-07,12,ACCOUNT,2,0
B02,2026-04-07,12,LOAN,3,0
B02,2026-04-07,13,ACCOUNT,4,1
B02,2026-04-07,13,LOAN,3,0
B02,2026-04-07,14,ACCOUNT,1,0
B02,2026-04-07,14,LOAN,2,0
B02,2026-04-07,15,ACCOUNT,2,0
B02,2026-04-07,15,LOAN,6,2
B02,2026-04-08,10,ACCOUNT,2,1
B02,2026-04-08,10,LOAN,2,1
B02,2026-04-08,11,ACCOUNT,6,0
B02,2026-04-08,11,LOAN,8,3
B02,2026-04-08,12,ACCOUNT,3,0
B02,2026-04-08,13,LOAN,1,0
B02,2026-04-08,14,ACCOUNT,1,0
B02,2026-04-08,15,ACCOUNT,1,0
B02,2026-04-08,15,LOAN,8,4
B02,2026-04-09,10,LOAN,1,0
B02,2026-04-09,11,ACCOUNT,7,0
B02,2026-04-09,11,LOAN,6,1
B02,2026-04-09,12,ACCOUNT,1,0
B02,2026-04-09,12,LOAN,6,1
B02,2026-04-09,13,ACCOUNT,2,0
B02,2026-04-09,13,LOAN,1,0
B02,2026-04-09,14,ACCOUNT,7,3
B02,2026-04-09,14,LOAN,1,0
B02,2026-04-09,15,ACCOUNT,3,1
B02,2026-04-09,15,LOAN,3,0
B02,2026-04-10,10,ACCOUNT,2,0
B02,2026-04-10,10,LOAN,5,0
B02,2026-04-10,11,ACCOUNT,5,1
B02,2026-04-10,11,LOAN,3,1
B02,2026-04-10,12,LOAN,2,0
B02,2026-04-10,13,ACCOUNT,3,0
B02,2026-04-10,13,LOAN,2,0
B02,2026-04-10,14,ACCOUNT,1,0
B02,2026-04-10,14,LOAN,7,1
B02,2026-04-10,15,ACCOUNT,2,0
B02,2026-04-10,15,LOAN,4,1
B02,2026-04-13,10,ACCOUNT,5,1
B02,2026-04-13,10,LOAN,7,2
B02,2026-04-13,11,ACCOUNT,1,0
B02,2026-04-13,11,LOAN,8,1
B02,2026-04-13,12,LOAN,5,1
B02,2026-04-13,13,ACCOUNT,1,0
B02,2026-04-13,13,LOAN,3,1
B02,2026-04-13,14,ACCOUNT,2,0
B02,2026-04-13,14,LOAN,2,0
B02,2026-04-13,15,ACCOUNT,3,1
B02,2026-04-13,15,LOAN,5,0
B02,2026-04-15,10,ACCOUNT,2,0
B02,2026-04-15,10,LOAN,4,2
B02,2026-04-15,11,ACCOUNT,5,1
B02,2026-04-15,11,LOAN,3,1
B02,2026-04-15,12,ACCOUNT,5,0
B02,2026-04-15,13,ACCOUNT,4,2
B02,2026-04-15,13,LOAN,3,1
B02,2026-04-15,14,ACCOUNT,3,0
B02,2026-04-15,14,LOAN,5,2
B02,2026-04-15,15,ACCOUNT,1,0
B02,2026-04-15,15,LOAN,1,0
B02,2026-04-16,10,ACCOUNT,1,0
B02,2026-04-16,10,LOAN,1,0
B02,2026-04-16,11,ACCOUNT,3,1
B02,2026-04-16,11,LOAN,1,0
B02,2026-04-16,12,ACCOUNT,2,1
B02,2026-04-16,12,LOAN,7,1
B02,2026-04-16,13,ACCOUNT,2,0
B02,2026-04-16,13,LOAN,2,0
B02,2026-04-16,14,ACCOUNT,1,0
B02,2026-04-16,14,LOAN,5,0
B02,2026-04-16,15,ACCOUNT,3,1
B02,2026-04-16,15,LOAN,1,0
B02,2026-04-17,10,ACCOUNT,6,3
B02,2026-04-17,10,LOAN,3,0
B02,2026-04-17,11,ACCOUNT,6,2
B02,2026-04-17,11,LOAN,9,1
B02,2026-04-17,12,ACCOUNT,3,0
B02,2026-04-17,12,LOAN,1,0
B02,2026-04-17,13,ACCOUNT,1,0
B02,2026-04-17,13,LOAN,5,1
B02,2026-04-17,14,ACCOUNT,4,1
B02,2026-04-17,14,LOAN,5,1
B02,2026-04-17,15,ACCOUNT,2,0
B02,2026-04-17,15,LOAN,7,1
B02,2026-04-18,10,ACCOUNT,1,0
B02,2026-04-18,10,LOAN,3,1
B02,2026-04-18,11,ACCOUNT,8,1
B02,2026-04-18,11,LOAN,8,4
B02,2026-04-18,12,ACCOUNT,5,1
B02,2026-04-18,12,LOAN,5,0
B02,2026-04-18,13,ACCOUNT,1,0
B02,2026-04-18,13,LOAN,4,2
B02,2026-04-18,14,LOAN,2,0
B02,2026-04-18,15,ACCOUNT,3,0
B02,2026-04-18,15,LOAN,3,0
B02,2026-04-20,10,LOAN,3,0
B02,2026-04-20,11,ACCOUNT,1,0
B02,2026-04-20,11,LOAN,2,0
B02,2026-04-20,12,ACCOUNT,10,2
B02,2026-04-20,12,LOAN,5,1
B02,2026-04-20,13,ACCOUNT,3,1
B02,2026-04-20,13,LOAN,6,1
B02,2026-04-20,14,ACCOUNT,3,1
B02,2026-04-20,15,ACCOUNT,4,1
B02,2026-04-20,15,LOAN,1,0
B02,2026-04-21,10,ACCOUNT,2,0
B02,2026-04-21,10,LOAN,9,4
B02,2026-04-21,11,ACCOUNT,1,0
B02,2026-04-21,11,LOAN,5,1
B02,2026-04-21,12,ACCOUNT,3,0
B02,2026-04-21,12,LOAN,2,0
B02,2026-04-21,13,ACCOUNT,2,0
B02,2026-04-21,14,ACCOUNT,2,1
B02,2026-04-21,14,LOAN,1,0
B02,2026-04-21,15,ACCOUNT,1,0
B02,2026-04-21,15,LOAN,3,1
B02,2026-04-22,10,ACCOUNT,5,0
B02,2026-04-22,10,LOAN,6,2
B02,2026-04-22,11,ACCOUNT,1,0
B02,2026-04-22,11,LOAN,4,1
B02,2026-04-22,12,ACCOUNT,3,0
B02,2026-04-22,12,LOAN,6,1
B02,2026-04-22,13,ACCOUNT,3,1
B02,2026-04-22,13,LOAN,3,1
B02,2026-04-22,14,ACCOUNT,1,0
B02,2026-04-22,14,LOAN,5,0
B02,2026-04-22,15,ACCOUNT,1,0
B02,2026-04-22,15,LOAN,1,0
B02,2026-04-23,11,ACCOUNT,3,0
B02,2026-04-23,11,LOAN,2,0
B02,2026-04-23,12,LOAN,6,1
B02,2026-04-23,13,ACCOUNT,3,1
B02,2026-04-23,13,LOAN,3,0
B02,2026-04-23,14,ACCOUNT,1,0
B02,2026-04-23,14,LOAN,7,2
B02,2026-04-23,15,ACCOUNT,1,0
B02,2026-04-23,15,LOAN,3,0
B02,2026-04-24,10,ACCOUNT,2,1
B02,2026-04-24,10,LOAN,2,0
B02,2026-04-24,11,ACCOUNT,3,1
B02,2026-04-24,11,LOAN,7,2
B02,2026-04-24,12,ACCOUNT,8,2
B02,2026-04-24,12,LOAN,7,1
B02,2026-04-24,13,LOAN,2,0
B02,2026-04-24,14,LOAN,2,0
B02,2026-04-24,15,ACCOUNT,8,1
B02,2026-04-24,15,LOAN,1,0
B02,2026-04-27,10,ACCOUNT,1,0
B02,2026-04-27,10,LOAN,3,0
B02,2026-04-27,11,ACCOUNT,3,0
B02,2026-04-27,11,LOAN,5,2
B02,2026-04-27,12,ACCOUNT,3,0
B02,2026-04-27,12,LOAN,5,1
B02,2026-04-27,13,ACCOUNT,1,0
B02,2026-04-27,13,LOAN,3,0
B02,2026-04-27,14,ACCOUNT,4,1
B02,2026-04-27,14,LOAN,4,0
B02,2026-04-27,15,ACCOUNT,3,1
B02,2026-04-27,15,LOAN,5,0
B02,2026-04-28,10,ACCOUNT,6,1
B02,2026-04-28,10,LOAN,2,0
B02,2026-04-28,11,LOAN,2,0
B02,2026-04-28,12,ACCOUNT,4,1
B02,2026-04-28,12,LOAN,2,0
B02,2026-04-28,13,ACCOUNT,1,0
B02,2026-04-28,13,LOAN,3,0
B02,2026-04-28,14,ACCOUNT,2,0
B02,2026-04-28,14,LOAN,2,0
B02,2026-04-28,15,ACCOUNT,1,0
B02,2026-04-28,15,LOAN,4,0
B02,2026-04-29,10,ACCOUNT,5,1
B02,2026-04-29,10,LOAN,2,1
B02,2026-04-29,11,ACCOUNT,2,0
B02,2026-04-29,11,LOAN,2,0
B02,2026-04-29,12,ACCOUNT,5,0
B02,2026-04-29,12,LOAN,1,0
B02,2026-04-29,13,ACCOUNT,3,1
B02,2026-04-29,13,LOAN,2,1
B02,2026-04-29,14,LOAN,5,0
B02,2026-04-29,15,ACCOUNT,1,0
B02,2026-04-29,15,LOAN,1,0
B02,2026-04-30,10,LOAN,1,0
B02,2026-04-30,11,ACCOUNT,4,0
B02,2026-04-30,11,LOAN,3,1
B02,2026-04-30,12,ACCOUNT,1,0
B02,2026-04-30,12,LOAN,3,0
B02,2026-04-30,13,ACCOUNT,3,0
B02,2026-04-30,13,LOAN,4,0
B02,2026-04-30,14,ACCOUNT,3,1
B02,2026-04-30,14,LOAN,2,0
B02,2026-04-30,15,ACCOUNT,1,0
B02,2026-04-30,15,LOAN,3,0
B02,2026-05-02,10,ACCOUNT,5,1
B02,2026-05-02,10,LOAN,5,1
B02,2026-05-02,11,ACCOUNT,3,0
B02,2026-05-02,11,LOAN,8,1
B02,2026-05-02,12,ACCOUNT,2,0
B02,2026-05-02,12,LOAN,4,1
B02,2026-05-02,13,ACCOUNT,2,0
B02,2026-05-02,13,LOAN,2,0
B02,2026-05-02,14,ACCOUNT,1,0
B02,2026-05-02,14,LOAN,7,1
B02,2026-05-02,15,LOAN,3,1
B02,2026-05-04,10,ACCOUNT,4,0
B02,2026-05-04,10,LOAN,5,1
B02,2026-05-04,11,ACCOUNT,7,2
B02,2026-05-04,11,LOAN,6,1
B02,2026-05-04,12,ACCOUNT,3,1
B02,2026-05-04,12,LOAN,2,0
B02,2026-05-04,13,ACCOUNT,5,0
B02,2026-05-04,13,LOAN,4,1
B02,2026-05-04,14,ACCOUNT,1,0
B02,2026-05-04,15,ACCOUNT,1,0
B02,2026-05-04,15,LOAN,3,0
B02,2026-05-05,10,ACCOUNT,4,1
B02,2026-05-05,10,LOAN,5,1
B02,2026-05-05,11,ACCOUNT,6,1
B02,2026-05-05,11,LOAN,6,1
B02,2026-05-05,12,ACCOUNT,1,0
B02,2026-05-05,12,LOAN,2,0
B02,2026-05-05,13,ACCOUNT,3,0
B02,2026-05-05,13,LOAN,3,1
B02,2026-05-05,14,ACCOUNT,3,0
B02,2026-05-05,14,LOAN,8,2
B02,2026-05-05,15,ACCOUNT,3,0
B02,2026-05-05,15,LOAN,3,0
B02,2026-05-06,10,ACCOUNT,2,0
B02,2026-05-06,10,LOAN,1,0
B02,2026-05-06,11,ACCOUNT,2,0
B02,2026-05-06,11,LOAN,1,0
B02,2026-05-06,12,ACCOUNT,1,0
B02,2026-05-06,12,LOAN,2,0
B02,2026-05-06,13,LOAN,4,1
B02,2026-05-06,14,LOAN,3,1
B02,2026-05-06,15,ACCOUNT,3,1
B02,2026-05-06,15,LOAN,7,3
B02,2026-05-07,10,ACCOUNT,1,0
B02,2026-05-07,10,LOAN,3,0
B02,2026-05-07,11,ACCOUNT,1,0
B02,2026-05-07,11,LOAN,5,1
B02,2026-05-07,12,ACCOUNT,2,0
B02,2026-05-07,12,LOAN,4,1
B02,2026-05-07,13,ACCOUNT,2,0
B02,2026-05-07,13,LOAN,1,0
B02,2026-05-07,14,ACCOUNT,1,0
B02,2026-05-07,14,LOAN,1,0
B02,2026-05-07,15,LOAN,5,0
B02,2026-05-08,10,ACCOUNT,2,0
B02,2026-05-08,10,LOAN,3,1
B02,2026-05-08,11,ACCOUNT,2,0
B02,2026-05-08,11,LOAN,5,1
B02,2026-05-08,12,ACCOUNT,9,3
B02,2026-05-08,12,LOAN,4,0
B02,2026-05-08,13,ACCOUNT,1,0
B02,2026-05-08,13,LOAN,4,1
B02,2026-05-08,14,ACCOUNT,1,0
B02,2026-05-08,14,LOAN,2,0
B02,2026-05-08,15,ACCOUNT,1,0
B02,2026-05-08,15,LOAN,3,1
B02,2026-05-11,10,ACCOUNT,2,1
B02,2026-05-11,10,LOAN,1,0
B02,2026-05-11,11,ACCOUNT,10,4
B02,2026-05-11,11,LOAN,3,0
B02,2026-05-11,12,LOAN,1,0
B02,2026-05-11,13,ACCOUNT,3,0
B02,2026-05-11,13,LOAN,1,0
B02,2026-05-11,14,LOAN,6,2
B02,2026-05-11,15,ACCOUNT,1,0
B02,2026-05-11,15,LOAN,5,1
B02,2026-05-12,10,ACCOUNT,5,1
B02,2026-05-12,10,LOAN,2,0
B02,2026-05-12,11,LOAN,2,0
B02,2026-05-12,12,ACCOUNT,6,2
B02,2026-05-12,12,LOAN,1,0
B02,2026-05-12,13,ACCOUNT,5,1
B02,2026-05-12,13,LOAN,7,0
B02,2026-05-12,14,ACCOUNT,3,0
B02,2026-05-12,15,ACCOUNT,2,0
B02,2026-05-12,15,LOAN,7,2
B02,2026-05-13,10,LOAN,3,1
B02,2026-05-13,11,ACCOUNT,5,1
B02,2026-05-13,11,LOAN,6,2
B02,2026-05-13,12,ACCOUNT,1,0
B02,2026-05-13,12,LOAN,4,0
B02,2026-05-13,13,ACCOUNT,3,2
B02,2026-05-13,13,LOAN,3,1
B02,2026-05-13,14,ACCOUNT,1,0
B02,2026-05-13,14,LOAN,3,0
B02,2026-05-13,15,LOAN,3,0
B02,2026-05-14,10,ACCOUNT,3,1
B02,2026-05-14,10,LOAN,3,0
B02,2026-05-14,11,ACCOUNT,3,0
B02,2026-05-14,11,LOAN,4,1
B02,2026-05-14,12,LOAN,2,1
B02,2026-05-14,13,ACCOUNT,3,1
B02,2026-05-14,13,LOAN,7,3
B02,2026-05-14,14,ACCOUNT,2,0
B02,2026-05-14,14,LOAN,4,1
B02,2026-05-14,15,ACCOUNT,4,0
B02,2026-05-14,15,LOAN,3,0
B02,2026-05-15,10,ACCOUNT,2,0
B02,2026-05-15,10,LOAN,1,0
B02,2026-05-15,11,ACCOUNT,2,0
B02,2026-05-15,11,LOAN,12,3
B02,2026-05-15,12,ACCOUNT,3,0
B02,2026-05-15,12,LOAN,4,1
B02,2026-05-15,13,ACCOUNT,8,3
B02,2026-05-15,13,LOAN,3,0
B02,2026-05-15,14,ACCOUNT,5,1
B02,2026-05-15,14,LOAN,1,0
B02,2026-05-15,15,LOAN,3,0
B02,2026-05-16,10,ACCOUNT,1,0
B02,2026-05-16,10,LOAN,4,1
B02,2026-05-16,11,ACCOUNT,4,0
B02,2026-05-16,11,LOAN,1,0
B02,2026-05-16,12,ACCOUNT,1,0
B02,2026-05-16,12,LOAN,4,0
B02,2026-05-16,13,LOAN,3,0
B02,2026-05-16,14,ACCOUNT,4,2
B02,2026-05-16,15,ACCOUNT,1,0
B02,2026-05-16,15,LOAN,2,0
B02,2026-05-18,10,ACCOUNT,2,0
B02,2026-05-18,10,LOAN,3,0
B02,2026-05-18,11,ACCOUNT,2,0
B02,2026-05-18,11,LOAN,5,1
B02,2026-05-18,12,ACCOUNT,3,0
B02,2026-05-18,12,LOAN,13,3
B02,2026-05-18,13,LOAN,3,1
B02,2026-05-18,14,ACCOUNT,5,1
B02,2026-05-18,14,LOAN,2,0
B02,2026-05-18,15,ACCOUNT,3,1
B02,2026-05-18,15,LOAN,3,0
B02,2026-05-19,10,ACCOUNT,3,1
B02,2026-05-19,10,LOAN,2,0
B02,2026-05-19,11,ACCOUNT,4,1
B02,2026-05-19,11,LOAN,6,2
B02,2026-05-19,12,ACCOUNT,2,0
B02,2026-05-19,12,LOAN,8,2
B02,2026-05-19,13,ACCOUNT,5,1
B02,2026-05-19,13,LOAN,2,1
B02,2026-05-19,14,ACCOUNT,4,0
B02,2026-05-19,14,LOAN,6,2
B02,2026-05-19,15,LOAN,3,1
B02,2026-05-20,10,ACCOUNT,3,1
B02,2026-05-20,10,LOAN,1,0
B02,2026-05-20,11,ACCOUNT,4,1
B02,2026-05-20,11,LOAN,4,1
B02,2026-05-20,12,ACCOUNT,4,1
B02,2026-05-20,12,LOAN,8,4
B02,2026-05-20,13,ACCOUNT,2,1
B02,2026-05-20,13,LOAN,4,2
B02,2026-05-20,14,ACCOUNT,3,0
B02,2026-05-20,14,LOAN,4,2
B02,2026-05-20,15,ACCOUNT,1,0
B02,2026-05-20,15,LOAN,2,0
B02,2026-05-21,10,ACCOUNT,1,0
B02,2026-05-21,10,LOAN,5,1
B02,2026-05-21,11,LOAN,1,0
B02,2026-05-21,12,ACCOUNT,2,0
B02,2026-05-21,12,LOAN,1,0
B02,2026-05-21,13,LOAN,6,2
B02,2026-05-21,14,ACCOUNT,4,2
B02,2026-05-21,14,LOAN,4,0
B02,2026-05-21,15,ACCOUNT,3,2
B02,2026-05-21,15,LOAN,2,0
B02,2026-05-22,10,ACCOUNT,2,0
B02,2026-05-22,10,LOAN,1,0
B02,2026-05-22,11,ACCOUNT,1,0
B02,2026-05-22,11,LOAN,7,2
B02,2026-05-22,12,ACCOUNT,1,0
B02,2026-05-22,12,LOAN,4,0
B02,2026-05-22,13,ACCOUNT,1,0
B02,2026-05-22,13,LOAN,2,0
B02,2026-05-22,14,ACCOUNT,4,1
B02,2026-05-22,14,LOAN,3,0
B02,2026-05-22,15,ACCOUNT,2,0
B02,2026-05-22,15,LOAN,2,0
B02,2026-05-25,10,ACCOUNT,4,1
B02,2026-05-25,10,LOAN,3,0
B02,2026-05-25,11,ACCOUNT,2,1
B02,2026-05-25,11,LOAN,7,2
B02,2026-05-25,12,ACCOUNT,4,0
B02,2026-05-25,12,LOAN,5,0
B02,2026-05-25,13,ACCOUNT,1,0
B02,2026-05-25,13,LOAN,2,0
B02,2026-05-25,14,LOAN,3,0
B02,2026-05-25,15,ACCOUNT,3,1
B02,2026-05-25,15,LOAN,7,1
B02,2026-05-26,10,LOAN,6,2
B02,2026-05-26,11,ACCOUNT,4,1
B02,2026-05-26,11,LOAN,5,0
B02,2026-05-26,12,ACCOUNT,5,1
B02,2026-05-26,12,LOAN,6,2
B02,2026-05-26,13,LOAN,4,0
B02,2026-05-26,14,LOAN,6,1
B02,2026-05-26,15,ACCOUNT,7,3
B02,2026-05-26,15,LOAN,4,1
B02,2026-05-28,10,LOAN,2,0
B02,2026-05-28,11,ACCOUNT,1,0
B02,2026-05-28,11,LOAN,3,1
B02,2026-05-28,12,ACCOUNT,2,1
B02,2026-05-28,12,LOAN,6,3
B02,2026-05-28,13,LOAN,3,1
B02,2026-05-28,14,ACCOUNT,2,0
B02,2026-05-28,14,LOAN,1,0
B02,2026-05-28,15,ACCOUNT,2,0
B02,2026-05-28,15,LOAN,1,0
B02,2026-05-29,10,ACCOUNT,2,0
B02,2026-05-29,11,ACCOUNT,2,0
B02,2026-05-29,11,LOAN,2,1
B02,2026-05-29,12,ACCOUNT,7,1
B02,2026-05-29,12,LOAN,4,1
B02,2026-05-29,13,LOAN,6,2
B02,2026-05-29,14,ACCOUNT,4,0
B02,2026-05-29,14,LOAN,6,4
B02,2026-05-29,15,ACCOUNT,3,1
B02,2026-05-29,15,LOAN,1,0
B02,2026-05-30,10,ACCOUNT,2,0
B02,2026-05-30,10,LOAN,1,0
B02,2026-05-30,11,ACCOUNT,3,1
B02,2026-05-30,11,LOAN,4,1
B02,2026-05-30,12,ACCOUNT,2,0
B02,2026-05-30,12,LOAN,3,0
B02,2026-05-30,13,ACCOUNT,2,1
B02,2026-05-30,13,LOAN,6,1
B02,2026-05-30,14,ACCOUNT,3,0
B02,2026-05-30,14,LOAN,4,2
B02,2026-05-30,15,LOAN,4,1
B02,2026-06-01,10,LOAN,6,0
B02,2026-06-01,11,ACCOUNT,8,1
B02,2026-06-01,11,LOAN,8,1
B02,2026-06-01,12,ACCOUNT,1,0
B02,2026-06-01,12,LOAN,15,7
B02,2026-06-01,13,ACCOUNT,3,1
B02,2026-06-01,13,LOAN,5,1
B02,2026-06-01,14,ACCOUNT,2,1
B02,2026-06-01,14,LOAN,3,0
B02,2026-06-01,15,ACCOUNT,3,0
B02,2026-06-01,15,LOAN,4,0
B02,2026-06-02,10,ACCOUNT,1,0
B02,2026-06-02,10,LOAN,2,0
B02,2026-06-02,11,ACCOUNT,3,0
B02,2026-06-02,11,LOAN,4,1
B02,2026-06-02,12,ACCOUNT,5,2
B02,2026-06-02,12,LOAN,4,0
B02,2026-06-02,13,ACCOUNT,1,0
B02,2026-06-02,14,ACCOUNT,1,0
B02,2026-06-02,14,LOAN,1,0
B02,2026-06-02,15,ACCOUNT,1,0
B02,2026-06-02,15,LOAN,3,0
B02,2026-06-03,10,ACCOUNT,6,3
B02,2026-06-03,10,LOAN,10,5
B02,2026-06-03,11,ACCOUNT,1,0
B02,2026-06-03,11,LOAN,5,1
B02,2026-06-03,12,ACCOUNT,1,0
B02,2026-06-03,12,LOAN,3,0
B02,2026-06-03,13,ACCOUNT,1,0
B02,2026-06-03,14,ACCOUNT,2,0
B02,2026-06-03,14,LOAN,8,2
B02,2026-06-03,15,ACCOUNT,4,1
B02,2026-06-03,15,LOAN,4,1
B02,2026-06-04,10,ACCOUNT,2,0
B02,2026-06-04,11,LOAN,7,1
B02,2026-06-04,12,ACCOUNT,3,0
B02,2026-06-04,12,LOAN,4,2
B02,2026-06-04,13,LOAN,3,0
B02,2026-06-04,14,ACCOUNT,3,0
B02,2026-06-04,14,LOAN,4,1
B02,2026-06-04,15,ACCOUNT,2,0
B02,2026-06-04,15,LOAN,3,1
B02,2026-06-05,10,ACCOUNT,3,0
B02,2026-06-05,10,LOAN,5,1
B02,2026-06-05,11,ACCOUNT,6,0
B02,2026-06-05,11,LOAN,4,0
B02,2026-06-05,12,LOAN,11,4
B02,2026-06-05,13,ACCOUNT,3,1
B02,2026-06-05,13,LOAN,1,0
B02,2026-06-05,14,ACCOUNT,1,0
B02,2026-06-05,14,LOAN,3,0
B02,2026-06-05,15,ACCOUNT,4,1
B02,2026-06-05,15,LOAN,4,0
B02,2026-06-06,10,ACCOUNT,2,0
B02,2026-06-06,10,LOAN,3,0
B02,2026-06-06,11,LOAN,2,0
B02,2026-06-06,12,ACCOUNT,1,0
B02,2026-06-06,12,LOAN,3,0
B02,2026-06-06,13,ACCOUNT,3,0
B02,2026-06-06,13,LOAN,4,1
B02,2026-06-06,14,ACCOUNT,6,3
B02,2026-06-06,14,LOAN,4,0
B02,2026-06-06,15,ACCOUNT,1,0
B02,2026-06-06,15,LOAN,3,1
B02,2026-06-08,10,ACCOUNT,1,0
B02,2026-06-08,10,LOAN,2,0
B02,2026-06-08,11,ACCOUNT,6,2
B02,2026-06-08,11,LOAN,5,0
B02,2026-06-08,12,ACCOUNT,3,0
B02,2026-06-08,12,LOAN,11,3
B02,2026-06-08,13,ACCOUNT,1,0
B02,2026-06-08,13,LOAN,6,2
B02,2026-06-08,14,ACCOUNT,6,0
B02,2026-06-08,14,LOAN,6,3
B02,2026-06-08,15,ACCOUNT,6,1
B02,2026-06-08,15,LOAN,4,0
B02,2026-06-09,10,ACCOUNT,1,0
B02,2026-06-09,10,LOAN,1,0
B02,2026-06-09,11,ACCOUNT,1,0
B02,2026-06-09,11,LOAN,9,3
B02,2026-06-09,12,ACCOUNT,2,0
B02,2026-06-09,12,LOAN,4,0
B02,2026-06-09,13,ACCOUNT,3,1
B02,2026-06-09,14,LOAN,4,0
B02,2026-06-09,15,ACCOUNT,3,0
B02,2026-06-09,15,LOAN,5,0
B02,2026-06-10,10,ACCOUNT,1,0
B02,2026-06-10,10,LOAN,5,1
B02,2026-06-10,11,ACCOUNT,1,0
B02,2026-06-10,12,ACCOUNT,2,0
B02,2026-06-10,12,LOAN,7,1
B02,2026-06-10,13,ACCOUNT,3,0
B02,2026-06-10,14,ACCOUNT,1,0
B02,2026-06-10,14,LOAN,6,2
B02,2026-06-10,15,LOAN,2,1
B02,2026-06-11,10,ACCOUNT,3,1
B02,2026-06-11,10,LOAN,4,0
B02,2026-06-11,11,ACCOUNT,1,0
B02,2026-06-11,11,LOAN,5,1
B02,2026-06-11,12,LOAN,8,3
B02,2026-06-11,13,ACCOUNT,4,1
B02,2026-06-11,13,LOAN,7,2
B02,2026-06-11,14,ACCOUNT,1,0
B02,2026-06-11,14,LOAN,6,0
B02,2026-06-11,15,ACCOUNT,1,0
B02,2026-06-11,15,LOAN,3,1
B02,2026-06-12,10,ACCOUNT,6,2
B02,2026-06-12,11,ACCOUNT,2,0
B02,2026-06-12,11,LOAN,1,0
B02,2026-06-12,12,ACCOUNT,3,0
B02,2026-06-12,12,LOAN,1,0
B02,2026-06-12,13,ACCOUNT,3,0
B02,2026-06-12,13,LOAN,4,1
B02,2026-06-12,14,ACCOUNT,4,1
B02,2026-06-12,14,LOAN,2,1
B02,2026-06-12,15,ACCOUNT,1,0
B02,2026-06-15,10,ACCOUNT,3,0
B02,2026-06-15,11,LOAN,10,1
B02,2026-06-15,12,ACCOUNT,2,0
B02,2026-06-15,12,LOAN,4,0
B02,2026-06-15,13,ACCOUNT,4,1
B02,2026-06-15,13,LOAN,2,0
B02,2026-06-15,14,ACCOUNT,1,0
B02,2026-06-15,14,LOAN,5,1
B02,2026-06-15,15,ACCOUNT,8,2
B02,2026-06-15,15,LOAN,1,0
B02,2026-06-16,10,ACCOUNT,3,0
B02,2026-06-16,10,LOAN,4,1
B02,2026-06-16,11,ACCOUNT,3,0
B02,2026-06-16,11,LOAN,7,2
B02,2026-06-16,12,LOAN,2,0
B02,2026-06-16,13,ACCOUNT,3,1
B02,2026-06-16,13,LOAN,4,1
B02,2026-06-16,14,ACCOUNT,4,2
B02,2026-06-16,15,ACCOUNT,1,0
B02,2026-06-16,15,LOAN,5,1
B02,2026-06-17,10,ACCOUNT,1,0
B02,2026-06-17,10,LOAN,3,0
B02,2026-06-17,11,ACCOUNT,2,0
B02,2026-06-17,11,LOAN,1,0
B02,2026-06-17,12,ACCOUNT,7,3
B02,2026-06-17,12,LOAN,2,0
B02,2026-06-17,13,ACCOUNT,1,0
B02,2026-06-17,13,LOAN,5,1
B02,2026-06-17,14,ACCOUNT,2,1
B02,2026-06-17,14,LOAN,1,0
B02,2026-06-17,15,LOAN,2,0
B02,2026-06-18,10,LOAN,2,0
B02,2026-06-18,11,ACCOUNT,2,0
B02,2026-06-18,11,LOAN,7,0
B02,2026-06-18,12,ACCOUNT,2,0
B02,2026-06-18,12,LOAN,3,0
B02,2026-06-18,13,ACCOUNT,1,0
B02,2026-06-18,13,LOAN,2,0
B02,2026-06-18,14,ACCOUNT,2,0
B02,2026-06-18,15,ACCOUNT,1,0
B02,2026-06-18,15,LOAN,1,0
B02,2026-06-19,10,ACCOUNT,3,0
B02,2026-06-19,11,ACCOUNT,3,1
B02,2026-06-19,11,LOAN,4,1
B02,2026-06-19,12,ACCOUNT,1,0
B02,2026-06-19,12,LOAN,4,0
B02,2026-06-19,14,ACCOUNT,4,1
B02,2026-06-19,14,LOAN,4,1
B02,2026-06-19,15,ACCOUNT,9,4
B02,2026-06-20,10,ACCOUNT,4,1
B02,2026-06-20,10,LOAN,6,3
B02,2026-06-20,11,ACCOUNT,1,0
B02,2026-06-20,11,LOAN,1,0
B02,2026-06-20,12,ACCOUNT,4,0
B02,2026-06-20,12,LOAN,4,0
B02,2026-06-20,13,ACCOUNT,2,1
B02,2026-06-20,13,LOAN,4,1
B02,2026-06-20,14,ACCOUNT,1,0
B02,2026-06-20,14,LOAN,8,2
B02,2026-06-20,15,ACCOUNT,2,0
B02,2026-06-20,15,LOAN,2,1
B02,2026-06-22,10,ACCOUNT,3,0
B02,2026-06-22,10,LOAN,1,0
B02,2026-06-22,11,ACCOUNT,10,3
B02,2026-06-22,11,LOAN,2,0
B02,2026-06-22,12,ACCOUNT,4,2
B02,2026-06-22,12,LOAN,5,0
B02,2026-06-22,13,ACCOUNT,3,1
B02,2026-06-22,13,LOAN,2,0
B02,2026-06-22,14,ACCOUNT,1,0
B02,2026-06-22,14,LOAN,5,1
B02,2026-06-22,15,LOAN,4,0
B02,2026-06-23,10,LOAN,6,3
B02,2026-06-23,11,ACCOUNT,4,1
B02,2026-06-23,11,LOAN,2,0
B02,2026-06-23,12,ACCOUNT,4,1
B02,2026-06-23,12,LOAN,2,0
B02,2026-06-23,13,ACCOUNT,4,1
B02,2026-06-23,13,LOAN,7,1
B02,2026-06-23,14,ACCOUNT,2,0
B02,2026-06-23,14,LOAN,2,0
B02,2026-06-24,10,ACCOUNT,1,0
B02,2026-06-24,10,LOAN,2,0
B02,2026-06-24,11,ACCOUNT,1,0
B02,2026-06-24,11,LOAN,8,2
B02,2026-06-24,12,ACCOUNT,2,0
B02,2026-06-24,12,LOAN,2,0
B02,2026-06-24,13,ACCOUNT,3,1
B02,2026-06-24,14,LOAN,6,2
B02,2026-06-24,15,ACCOUNT,1,0
B02,2026-06-24,15,LOAN,1,0
B02,2026-06-25,10,ACCOUNT,4,0
B02,2026-06-25,10,LOAN,2,0
B02,2026-06-25,11,ACCOUNT,2,0
B02,2026-06-25,11,LOAN,1,0
B02,2026-06-25,12,ACCOUNT,2,0
B02,2026-06-25,12,LOAN,1,0
B02,2026-06-25,13,ACCOUNT,2,0
B02,2026-06-25,13,LOAN,4,1
B02,2026-06-25,14,ACCOUNT,4,1
B02,2026-06-25,14,LOAN,2,0
B02,2026-06-25,15,ACCOUNT,3,0
B02,2026-06-25,15,LOAN,6,1
B02,2026-06-29,10,ACCOUNT,2,0
B02,2026-06-29,11,ACCOUNT,5,2
B02,2026-06-29,11,LOAN,7,2
B02,2026-06-29,12,ACCOUNT,4,1
B02,2026-06-29,12,LOAN,9,3
B02,2026-06-29,13,ACCOUNT,2,0
B02,2026-06-29,13,LOAN,1,0
B02,2026-06-29,14,ACCOUNT,3,0
B02,2026-06-29,14,LOAN,3,0
B02,2026-06-29,15,ACCOUNT,1,0
B02,2026-06-29,15,LOAN,2,0
B02,2026-06-30,10,ACCOUNT,2,0
B02,2026-06-30,10,LOAN,2,0
B02,2026-06-30,11,ACCOUNT,1,0
B02,2026-06-30,11,LOAN,1,0
B02,2026-06-30,12,ACCOUNT,1,0
B02,2026-06-30,12,LOAN,1,0
B02,2026-06-30,13,ACCOUNT,2,0
B02,2026-06-30,13,LOAN,7,3
B02,2026-06-30,14,ACCOUNT,2,0
B02,2026-06-30,14,LOAN,4,0
B02,2026-06-30,15,ACCOUNT,4,1
B02,2026-06-30,15,LOAN,5,1
B02,2026-07-01,10,ACCOUNT,1,0
B02,2026-07-01,10,LOAN,3,0
B02,2026-07-01,11,ACCOUNT,3,1
B02,2026-07-01,11,LOAN,3,0
B02,2026-07-01,12,ACCOUNT,3,1
B02,2026-07-01,12,LOAN,9,1
B02,2026-07-01,13,LOAN,4,0
B02,2026-07-01,14,ACCOUNT,3,0
B02,2026-07-01,14,LOAN,3,1
B02,2026-07-01,15,ACCOUNT,2,0
B02,2026-07-01,15,LOAN,4,0
B02,2026-07-02,10,ACCOUNT,5,1
B02,2026-07-02,10,LOAN,1,0
B02,2026-07-02,11,ACCOUNT,1,0
B02,2026-07-02,11,LOAN,10,1
B02,2026-07-02,12,ACCOUNT,3,0
B02,2026-07-02,12,LOAN,3,0
B02,2026-07-02,13,ACCOUNT,2,0
B02,2026-07-02,13,LOAN,3,0
B02,2026-07-02,14,ACCOUNT,3,1
B02,2026-07-02,15,LOAN,2,1
B02,2026-07-03,10,ACCOUNT,3,0
B02,2026-07-03,10,LOAN,3,0
B02,2026-07-03,11,ACCOUNT,5,0
B02,2026-07-03,11,LOAN,5,1
B02,2026-07-03,12,ACCOUNT,6,1
B02,2026-07-03,12,LOAN,2,0
B02,2026-07-03,13,ACCOUNT,1,0
B02,2026-07-03,13,LOAN,1,0
B02,2026-07-03,14,LOAN,2,0
B02,2026-07-03,15,LOAN,1,0
B02,2026-07-04,10,ACCOUNT,6,0
B02,2026-07-04,10,LOAN,2,1
B02,2026-07-04,11,LOAN,4,0
B02,2026-07-04,12,ACCOUNT,2,0
B02,2026-07-04,12,LOAN,5,0
B02,2026-07-04,13,LOAN,8,1
B02,2026-07-04,14,ACCOUNT,5,2
B02,2026-07-04,14,LOAN,4,1
B02,2026-07-04,15,LOAN,8,1
B02,2026-07-06,10,ACCOUNT,4,1
B02,2026-07-06,10,LOAN,7,2
B02,2026-07-06,11,ACCOUNT,4,1
B02,2026-07-06,11,LOAN,6,2
B02,2026-07-06,12,ACCOUNT,4,0
B02,2026-07-06,12,LOAN,5,1
B02,2026-07-06,13,LOAN,5,1
B02,2026-07-06,14,ACCOUNT,3,2
B02,2026-07-06,14,LOAN,7,0
B02,2026-07-06,15,ACCOUNT,1,0
B02,2026-07-06,15,LOAN,7,1
B02,2026-07-07,10,ACCOUNT,4,1
B02,2026-07-07,10,LOAN,2,0
B02,2026-07-07,11,ACCOUNT,7,1
B02,2026-07-07,11,LOAN,3,0
B02,2026-07-07,12,LOAN,2,0
B02,2026-07-07,13,ACCOUNT,1,0
B02,2026-07-07,13,LOAN,3,1
B02,2026-07-07,14,LOAN,2,0
B02,2026-07-07,15,ACCOUNT,2,0
B02,2026-07-07,15,LOAN,3,0
B02,2026-07-08,10,LOAN,2,1
B02,2026-07-08,11,ACCOUNT,4,1
B02,2026-07-08,11,LOAN,5,1
B02,2026-07-08,12,LOAN,2,0
B02,2026-07-08,13,ACCOUNT,1,0
B02,2026-07-08,13,LOAN,2,0
B02,2026-07-08,14,ACCOUNT,4,1
B02,2026-07-08,14,LOAN,3,0
B02,2026-07-08,15,ACCOUNT,4,1
B02,2026-07-08,15,LOAN,4,1
B02,2026-07-09,10,ACCOUNT,2,0
B02,2026-07-09,10,LOAN,4,0
B02,2026-07-09,11,ACCOUNT,1,0
B02,2026-07-09,11,LOAN,5,1
B02,2026-07-09,12,ACCOUNT,3,1
B02,2026-07-09,12,LOAN,10,3
B02,2026-07-09,13,ACCOUNT,1,0
B02,2026-07-09,14,LOAN,2,0
B02,2026-07-09,15,ACCOUNT,2,1
B02,2026-07-09,15,LOAN,5,2
B02,2026-07-10,10,ACCOUNT,4,2
B02,2026-07-10,10,LOAN,3,0
B02,2026-07-10,11,ACCOUNT,7,2
B02,2026-07-10,11,LOAN,10,3
B02,2026-07-10,12,ACCOUNT,4,0
B02,2026-07-10,12,LOAN,6,1
B02,2026-07-10,13,ACCOUNT,4,2
B02,2026-07-10,13,LOAN,4,1
B02,2026-07-10,14,ACCOUNT,3,0
B02,2026-07-10,14,LOAN,7,2
B02,2026-07-10,15,ACCOUNT,4,0
B02,2026-07-10,15,LOAN,5,0
B02,2026-07-13,10,ACCOUNT,8,0
B02,2026-07-13,10,LOAN,3,0
B02,2026-07-13,11,ACCOUNT,5,0
B02,2026-07-13,11,LOAN,2,0
B02,2026-07-13,12,ACCOUNT,2,0
B02,2026-07-13,12,LOAN,9,2
B02,2026-07-13,13,ACCOUNT,2,1
B02,2026-07-13,13,LOAN,4,1
B02,2026-07-13,14,ACCOUNT,2,0
B02,2026-07-13,14,LOAN,4,0
B02,2026-07-13,15,ACCOUNT,1,0
B02,2026-07-13,15,LOAN,9,3
B02,2026-07-14,10,ACCOUNT,4,1
B02,2026-07-14,10,LOAN,4,1
B02,2026-07-14,11,ACCOUNT,2,0
B02,2026-07-14,11,LOAN,4,1
B02,2026-07-14,12,ACCOUNT,4,1
B02,2026-07-14,12,LOAN,5,1
B02,2026-07-14,13,ACCOUNT,1,0
B02,2026-07-14,13,LOAN,5,0
B02,2026-07-14,14,ACCOUNT,3,1
B02,2026-07-14,14,LOAN,2,0
B02,2026-07-14,15,ACCOUNT,5,2
B02,2026-07-14,15,LOAN,3,1
B02,2026-07-15,10,LOAN,2,1
B02,2026-07-15,11,ACCOUNT,3,0
B02,2026-07-15,11,LOAN,4,1
B02,2026-07-15,12,ACCOUNT,1,0
B02,2026-07-15,12,LOAN,4,0
B02,2026-07-15,13,LOAN,2,0
B02,2026-07-15,14,ACCOUNT,1,0
B02,2026-07-15,14,LOAN,3,1
B02,2026-07-15,15,ACCOUNT,3,0
B02,2026-07-15,15,LOAN,2,0
B02,2026-07-16,10,ACCOUNT,1,0
B02,2026-07-16,10,LOAN,7,1
B02,2026-07-16,11,ACCOUNT,1,0
B02,2026-07-16,11,LOAN,7,3
B02,2026-07-16,12,ACCOUNT,2,1
B02,2026-07-16,12,LOAN,3,0
B02,2026-07-16,13,ACCOUNT,4,2
B02,2026-07-16,13,LOAN,5,2
B02,2026-07-16,14,ACCOUNT,1,0
B02,2026-07-16,14,LOAN,7,1
B02,2026-07-16,15,ACCOUNT,1,0
B02,2026-07-16,15,LOAN,1,0
B02,2026-07-17,10,ACCOUNT,1,0
B02,2026-07-17,10,LOAN,2,0
B02,2026-07-17,11,ACCOUNT,5,1
B02,2026-07-17,11,LOAN,3,1
B02,2026-07-17,12,ACCOUNT,2,1
B02,2026-07-17,12,LOAN,6,1
B02,2026-07-17,13,ACCOUNT,3,0
B02,2026-07-17,13,LOAN,2,0
B02,2026-07-17,14,LOAN,8,3
B02,2026-07-17,15,ACCOUNT,3,1
B02,2026-07-17,15,LOAN,5,1
B02,2026-07-18,10,ACCOUNT,2,0
B02,2026-07-18,10,LOAN,1,0
B02,2026-07-18,11,ACCOUNT,4,1
B02,2026-07-18,11,LOAN,6,1
B02,2026-07-18,12,ACCOUNT,7,2
B02,2026-07-18,12,LOAN,3,0
B02,2026-07-18,13,LOAN,6,1
B02,2026-07-18,14,ACCOUNT,1,0
B02,2026-07-18,14,LOAN,4,0
B02,2026-07-18,15,ACCOUNT,3,1
B02,2026-07-18,15,LOAN,6,1
B02,2026-07-20,10,ACCOUNT,2,0
B02,2026-07-20,10,LOAN,7,1
B02,2026-07-20,11,ACCOUNT,3,2
B02,2026-07-20,11,LOAN,5,1
B02,2026-07-20,12,ACCOUNT,1,0
B02,2026-07-20,13,ACCOUNT,1,0
B02,2026-07-20,13,LOAN,3,0
B02,2026-07-20,14,ACCOUNT,4,1
B02,2026-07-20,14,LOAN,8,3
B02,2026-07-20,15,ACCOUNT,2,1
B02,2026-07-20,15,LOAN,6,1
B02,2026-07-21,10,ACCOUNT,5,2
B02,2026-07-21,10,LOAN,10,4
B02,2026-07-21,11,ACCOUNT,3,0
B02,2026-07-21,11,LOAN,7,1
B02,2026-07-21,12,ACCOUNT,2,0
B02,2026-07-21,12,LOAN,5,1
B02,2026-07-21,13,ACCOUNT,2,0
B02,2026-07-21,13,LOAN,6,1
B02,2026-07-21,14,ACCOUNT,1,0
B02,2026-07-21,14,LOAN,2,0
B02,2026-07-21,15,ACCOUNT,1,0
B02,2026-07-21,15,LOAN,4,1
B02,2026-07-22,10,ACCOUNT,1,0
B02,2026-07-22,10,LOAN,1,0
B02,2026-07-22,11,LOAN,6,1
B02,2026-07-22,12,ACCOUNT,2,1
B02,2026-07-22,12,LOAN,3,1
B02,2026-07-22,13,ACCOUNT,1,0
B02,2026-07-22,13,LOAN,2,0
B02,2026-07-22,14,LOAN,4,1
B02,2026-07-22,15,LOAN,1,0
B02,2026-07-23,10,ACCOUNT,3,0
B02,2026-07-23,10,LOAN,3,1
B02,2026-07-23,11,ACCOUNT,1,0
B02,2026-07-23,11,LOAN,9,2
B02,2026-07-23,12,ACCOUNT,1,0
B02,2026-07-23,12,LOAN,6,2
B02,2026-07-23,13,ACCOUNT,6,2
B02,2026-07-23,14,ACCOUNT,2,0
B02,2026-07-23,14,LOAN,7,1
B02,2026-07-23,15,ACCOUNT,2,0
B02,2026-07-23,15,LOAN,3,0
B02,2026-07-24,10,ACCOUNT,3,1
B02,2026-07-24,10,LOAN,4,0
B02,2026-07-24,11,ACCOUNT,9,1
B02,2026-07-24,11,LOAN,5,0
B02,2026-07-24,12,ACCOUNT,2,1
B02,2026-07-24,12,LOAN,11,1
B02,2026-07-24,13,ACCOUNT,4,1
B02,2026-07-24,14,ACCOUNT,2,0
B02,2026-07-24,14,LOAN,4,2
B02,2026-07-24,15,ACCOUNT,1,0
B02,2026-07-24,15,LOAN,6,2
B02,2026-07-27,10,ACCOUNT,5,1
B02,2026-07-27,10,LOAN,4,2
B02,2026-07-27,11,ACCOUNT,4,0
B02,2026-07-27,11,LOAN,2,0
B02,2026-07-27,12,ACCOUNT,1,0
B02,2026-07-27,12,LOAN,6,1
B02,2026-07-27,13,ACCOUNT,3,1
B02,2026-07-27,13,LOAN,2,0
B02,2026-07-27,14,ACCOUNT,4,1
B02,2026-07-27,14,LOAN,7,2
B02,2026-07-27,15,ACCOUNT,2,1
B02,2026-07-27,15,LOAN,5,0
B02,2026-07-28,10,ACCOUNT,4,1
B02,2026-07-28,11,ACCOUNT,2,0
B02,2026-07-28,11,LOAN,2,0
B02,2026-07-28,12,LOAN,4,0
B02,2026-07-28,13,LOAN,5,2
B02,2026-07-28,14,ACCOUNT,3,0
B02,2026-07-28,14,LOAN,1,0
B02,2026-07-28,15,LOAN,2,1
B02,2026-07-29,10,ACCOUNT,3,1
B02,2026-07-29,10,LOAN,5,1
B02,2026-07-29,11,LOAN,2,0
B02,2026-07-29,12,ACCOUNT,1,0
B02,2026-07-29,12,LOAN,1,0
B02,2026-07-29,13,ACCOUNT,1,0
B02,2026-07-29,13,LOAN,2,0
B02,2026-07-29,14,ACCOUNT,2,0
B02,2026-07-29,14,LOAN,3,0
B02,2026-07-29,15,ACCOUNT,10,3
B02,2026-07-29,15,LOAN,6,2
B02,2026-07-30,10,ACCOUNT,2,0
B02,2026-07-30,10,LOAN,3,1
B02,2026-07-30,11,ACCOUNT,5,2
B02,2026-07-30,11,LOAN,2,0
B02,2026-07-30,12,LOAN,7,2
B02,2026-07-30,13,ACCOUNT,3,1
B02,2026-07-30,13,LOAN,8,3
B02,2026-07-30,14,ACCOUNT,2,0
B02,2026-07-30,14,LOAN,7,2
B02,2026-07-30,15,ACCOUNT,3,0
B02,2026-07-30,15,LOAN,2,0
B02,2026-07-31,10,ACCOUNT,4,2
B02,2026-07-31,10,LOAN,5,1
B02,2026-07-31,11,ACCOUNT,8,2
B02,2026-07-31,11,LOAN,1,0
B02,2026-07-31,12,ACCOUNT,3,1
B02,2026-07-31,12,LOAN,6,0
B02,2026-07-31,13,LOAN,2,0
B02,2026-07-31,14,ACCOUNT,2,0
B02,2026-07-31,14,LOAN,4,0
B02,2026-07-31,15,ACCOUNT,2,1
B02,2026-07-31,15,LOAN,4,0
B02,2026-08-01,10,ACCOUNT,4,0
B02,2026-08-01,10,LOAN,1,0
B02,2026-08-01,11,ACCOUNT,2,1
B02,2026-08-01,12,ACCOUNT,6,2
B02,2026-08-01,12,LOAN,1,0
B02,2026-08-01,13,ACCOUNT,1,0
B02,2026-08-01,13,LOAN,7,3
B02,2026-08-01,14,ACCOUNT,2,0
B02,2026-08-01,14,LOAN,5,2
B02,2026-08-01,15,ACCOUNT,5,0
B02,2026-08-01,15,LOAN,4,0
B02,2026-08-03,10,ACCOUNT,8,5
B02,2026-08-03,10,LOAN,3,0
B02,2026-08-03,11,ACCOUNT,3,0
B02,2026-08-03,11,LOAN,2,0
B02,2026-08-03,12,ACCOUNT,4,1
B02,2026-08-03,12,LOAN,2,0
B02,2026-08-03,13,ACCOUNT,1,0
B02,2026-08-03,14,ACCOUNT,1,0
B02,2026-08-03,14,LOAN,2,0
B02,2026-08-03,15,ACCOUNT,3,1
B02,2026-08-03,15,LOAN,3,1
B02,2026-08-04,10,ACCOUNT,4,0
B02,2026-08-04,10,LOAN,7,1
B02,2026-08-04,11,ACCOUNT,2,0
B02,2026-08-04,11,LOAN,9,2
B02,2026-08-04,12,ACCOUNT,3,0
B02,2026-08-04,12,LOAN,11,4
B02,2026-08-04,13,LOAN,6,1
B02,2026-08-04,15,LOAN,1,0
B02,2026-08-05,10,ACCOUNT,2,0
B02,2026-08-05,10,LOAN,1,0
B02,2026-08-05,11,ACCOUNT,5,2
B02,2026-08-05,11,LOAN,5,1
B02,2026-08-05,12,ACCOUNT,2,0
B02,2026-08-05,12,LOAN,10,2
B02,2026-08-05,13,ACCOUNT,1,0
B02,2026-08-05,13,LOAN,2,0
B02,2026-08-05,14,ACCOUNT,2,1
B02,2026-08-05,14,LOAN,1,0
B02,2026-08-05,15,ACCOUNT,4,1
B02,2026-08-05,15,LOAN,6,0
B02,2026-08-06,10,ACCOUNT,4,1
B02,2026-08-06,10,LOAN,2,0
B02,2026-08-06,11,ACCOUNT,2,1
B02,2026-08-06,11,LOAN,5,1
B02,2026-08-06,12,ACCOUNT,5,0
B02,2026-08-06,13,ACCOUNT,3,1
B02,2026-08-06,13,LOAN,3,0
B02,2026-08-06,14,ACCOUNT,2,0
B02,2026-08-06,14,LOAN,4,0
B02,2026-08-06,15,LOAN,2,0
B02,2026-08-07,10,ACCOUNT,4,2
B02,2026-08-07,10,LOAN,2,1
B02,2026-08-07,11,ACCOUNT,8,2
B02,2026-08-07,11,LOAN,5,0
B02,2026-08-07,12,ACCOUNT,3,1
B02,2026-08-07,12,LOAN,4,0
B02,2026-08-07,13,ACCOUNT,2,0
B02,2026-08-07,13,LOAN,4,0
B02,2026-08-07,14,ACCOUNT,2,0
B02,2026-08-07,15,LOAN,2,0
B02,2026-08-10,10,ACCOUNT,2,1
B02,2026-08-10,10,LOAN,3,0
B02,2026-08-10,11,ACCOUNT,1,0
B02,2026-08-10,11,LOAN,2,0
B02,2026-08-10,12,LOAN,1,0
B02,2026-08-10,13,ACCOUNT,4,1
B02,2026-08-10,13,LOAN,8,2
B02,2026-08-10,14,ACCOUNT,2,0
B02,2026-08-10,14,LOAN,7,1
B02,2026-08-10,15,ACCOUNT,1,0
B02,2026-08-10,15,LOAN,3,0
B02,2026-08-11,10,ACCOUNT,9,2
B02,2026-08-11,10,LOAN,1,0
B02,2026-08-11,11,ACCOUNT,2,0
B02,2026-08-11,11,LOAN,10,1
B02,2026-08-11,12,ACCOUNT,1,0
B02,2026-08-11,12,LOAN,5,2
B02,2026-08-11,13,ACCOUNT,1,0
B02,2026-08-11,13,LOAN,4,1
B02,2026-08-11,14,ACCOUNT,3,0
B02,2026-08-11,14,LOAN,4,0
B02,2026-08-11,15,ACCOUNT,2,0
B02,2026-08-11,15,LOAN,2,0
B02,2026-08-12,10,ACCOUNT,1,0
B02,2026-08-12,10,LOAN,5,1
B02,2026-08-12,11,ACCOUNT,2,1
B02,2026-08-12,11,LOAN,2,0
B02,2026-08-12,12,ACCOUNT,1,0
B02,2026-08-12,12,LOAN,1,0
B02,2026-08-12,13,LOAN,4,1
B02,2026-08-12,14,LOAN,1,0
B02,2026-08-12,15,LOAN,5,1
B02,2026-08-13,10,LOAN,1,0
B02,2026-08-13,11,ACCOUNT,1,0
B02,2026-08-13,11,LOAN,2,0
B02,2026-08-13,12,ACCOUNT,2,0
B02,2026-08-13,12,LOAN,4,0
B02,2026-08-13,13,ACCOUNT,3,1
B02,2026-08-13,13,LOAN,2,0
B02,2026-08-13,14,LOAN,6,2
B02,2026-08-13,15,LOAN,4,1
B02,2026-08-14,10,ACCOUNT,2,0
B02,2026-08-14,10,LOAN,5,2
B02,2026-08-14,11,ACCOUNT,1,0
B02,2026-08-14,11,LOAN,2,0
B02,2026-08-14,12,ACCOUNT,3,1
B02,2026-08-14,12,LOAN,3,0
B02,2026-08-14,13,ACCOUNT,3,0
B02,2026-08-14,13,LOAN,2,1
B02,2026-08-14,14,ACCOUNT,1,0
B02,2026-08-14,14,LOAN,6,0
B02,2026-08-14,15,ACCOUNT,2,0
B02,2026-08-14,15,LOAN,2,0
B02,2026-08-17,10,LOAN,1,0
B02,2026-08-17,11,ACCOUNT,4,1
B02,2026-08-17,11,LOAN,3,0
B02,2026-08-17,12,ACCOUNT,4,0
B02,2026-08-17,12,LOAN,6,0
B02,2026-08-17,13,ACCOUNT,3,0
B02,2026-08-17,13,LOAN,2,0
B02,2026-08-17,14,ACCOUNT,3,0
B02,2026-08-17,14,LOAN,7,1
B02,2026-08-17,15,ACCOUNT,2,1
B02,2026-08-17,15,LOAN,4,0
B02,2026-08-18,10,LOAN,1,0
B02,2026-08-18,11,ACCOUNT,1,0
B02,2026-08-18,11,LOAN,2,0
B02,2026-08-18,12,ACCOUNT,1,0
B02,2026-08-18,12,LOAN,10,5
B02,2026-08-18,13,ACCOUNT,1,0
B02,2026-08-18,13,LOAN,1,0
B02,2026-08-18,14,ACCOUNT,3,1
B02,2026-08-18,14,LOAN,13,5
B02,2026-08-18,15,ACCOUNT,3,1
B02,2026-08-18,15,LOAN,5,1
B02,2026-08-19,10,ACCOUNT,2,0
B02,2026-08-19,10,LOAN,2,0
B02,2026-08-19,11,ACCOUNT,5,0
B02,2026-08-19,11,LOAN,5,0
B02,2026-08-19,12,ACCOUNT,4,1
B02,2026-08-19,12,LOAN,5,0
B02,2026-08-19,13,ACCOUNT,9,4
B02,2026-08-19,13,LOAN,4,1
B02,2026-08-19,14,LOAN,6,0
B02,2026-08-19,15,LOAN,2,0
B02,2026-08-20,10,ACCOUNT,1,0
B02,2026-08-20,10,LOAN,7,2
B02,2026-08-20,11,ACCOUNT,3,0
B02,2026-08-20,11,LOAN,4,2
B02,2026-08-20,12,ACCOUNT,7,1
B02,2026-08-20,12,LOAN,4,0
B02,2026-08-20,13,ACCOUNT,1,0
B02,2026-08-20,13,LOAN,5,0
B02,2026-08-20,14,ACCOUNT,1,0
B02,2026-08-20,14,LOAN,5,0
B02,2026-08-20,15,ACCOUNT,5,1
B02,2026-08-20,15,LOAN,5,1
B02,2026-08-21,10,ACCOUNT,5,0
B02,2026-08-21,10,LOAN,4,1
B02,2026-08-21,11,ACCOUNT,4,1
B02,2026-08-21,11,LOAN,4,0
B02,2026-08-21,12,ACCOUNT,4,1
B02,2026-08-21,12,LOAN,1,0
B02,2026-08-21,13,ACCOUNT,1,0
B02,2026-08-21,13,LOAN,1,0
B02,2026-08-21,14,LOAN,2,0
B02,2026-08-21,15,ACCOUNT,4,2
B02,2026-08-21,15,LOAN,4,1
B02,2026-08-24,10,ACCOUNT,1,0
B02,2026-08-24,10,LOAN,3,1
B02,2026-08-24,11,ACCOUNT,2,0
B02,2026-08-24,11,LOAN,3,0
B02,2026-08-24,12,ACCOUNT,3,1
B02,2026-08-24,12,LOAN,6,1
B02,2026-08-24,13,ACCOUNT,1,0
B02,2026-08-24,13,LOAN,1,0
B02,2026-08-24,14,ACCOUNT,3,0
B02,2026-08-24,14,LOAN,5,1
B02,2026-08-24,15,ACCOUNT,7,1
B02,2026-08-24,15,LOAN,5,1
B02,2026-08-25,10,LOAN,3,1
B02,2026-08-25,11,ACCOUNT,8,3
B02,2026-08-25,12,ACCOUNT,5,1
B02,2026-08-25,12,LOAN,5,1
B02,2026-08-25,13,ACCOUNT,5,2
B02,2026-08-25,13,LOAN,2,0
B02,2026-08-25,14,ACCOUNT,1,0
B02,2026-08-25,14,LOAN,8,0
B02,2026-08-25,15,ACCOUNT,1,0
B02,2026-08-25,15,LOAN,2,0
B02,2026-08-27,10,LOAN,4,0
B02,2026-08-27,11,ACCOUNT,4,0
B02,2026-08-27,11,LOAN,6,1
B02,2026-08-27,12,ACCOUNT,3,1
B02,2026-08-27,12,LOAN,1,0
B02,2026-08-27,13,ACCOUNT,1,0
B02,2026-08-27,13,LOAN,3,1
B02,2026-08-27,14,ACCOUNT,4,3
B02,2026-08-27,14,LOAN,3,0
B02,2026-08-27,15,LOAN,3,0
B02,2026-08-28,10,ACCOUNT,4,1
B02,2026-08-28,11,ACCOUNT,1,0
B02,2026-08-28,11,LOAN,7,1
B02,2026-08-28,12,ACCOUNT,5,0
B02,2026-08-28,12,LOAN,3,0
B02,2026-08-28,13,ACCOUNT,3,1
B02,2026-08-28,13,LOAN,2,0
B02,2026-08-28,14,ACCOUNT,9,3
B02,2026-08-28,14,LOAN,4,1
B02,2026-08-28,15,ACCOUNT,3,0
B02,2026-08-28,15,LOAN,5,1
B02,2026-08-29,10,ACCOUNT,1,0
B02,2026-08-29,10,LOAN,3,1
B02,2026-08-29,11,ACCOUNT,2,0
B02,2026-08-29,11,LOAN,4,0
B02,2026-08-29,12,ACCOUNT,2,1
B02,2026-08-29,12,LOAN,3,1
B02,2026-08-29,13,ACCOUNT,4,1
B02,2026-08-29,13,LOAN,1,0
B02,2026-08-29,14,ACCOUNT,3,1
B02,2026-08-29,14,LOAN,4,0
B02,2026-08-29,15,LOAN,2,0
B02,2026-08-31,10,ACCOUNT,4,1
B02,2026-08-31,10,LOAN,3,0
B02,2026-08-31,11,ACCOUNT,3,1
B02,2026-08-31,12,ACCOUNT,2,0
B02,2026-08-31,12,LOAN,6,2
B02,2026-08-31,13,ACCOUNT,7,3
B02,2026-08-31,13,LOAN,2,1
B02,2026-08-31,14,ACCOUNT,3,0
B02,2026-08-31,14,LOAN,2,1
B02,2026-08-31,15,ACCOUNT,1,0
B02,2026-08-31,15,LOAN,4,2
B02,2026-09-01,10,ACCOUNT,4,0
B02,2026-09-01,10,LOAN,2,0
B02,2026-09-01,11,ACCOUNT,1,0
B02,2026-09-01,11,LOAN,8,3
B02,2026-09-01,12,LOAN,9,1
B02,2026-09-01,13,ACCOUNT,2,1
B02,2026-09-01,13,LOAN,1,0
B02,2026-09-01,14,ACCOUNT,1,0
B02,2026-09-01,14,LOAN,5,2
B02,2026-09-01,15,LOAN,1,0
B02,2026-09-02,10,LOAN,4,0
B02,2026-09-02,11,ACCOUNT,2,0
B02,2026-09-02,11,LOAN,5,2
B02,2026-09-02,12,ACCOUNT,2,1
B02,2026-09-02,12,LOAN,6,2
B02,2026-09-02,13,ACCOUNT,1,0
B02,2026-09-02,13,LOAN,6,1
B02,2026-09-02,14,ACCOUNT,1,0
B02,2026-09-02,14,LOAN,7,1
B02,2026-09-02,15,ACCOUNT,3,1
B02,2026-09-02,15,LOAN,2,0
B02,2026-09-03,10,LOAN,5,1
B02,2026-09-03,11,ACCOUNT,1,0
B02,2026-09-03,11,LOAN,4,0
B02,2026-09-03,12,LOAN,6,3
B02,2026-09-03,14,ACCOUNT,5,1
B02,2026-09-03,14,LOAN,6,3
B02,2026-09-03,15,LOAN,1,0
B02,2026-09-04,10,ACCOUNT,4,1
B02,2026-09-04,10,LOAN,1,0
B02,2026-09-04,11,ACCOUNT,4,1
B02,2026-09-04,11,LOAN,1,0
B02,2026-09-04,12,ACCOUNT,6,2
B02,2026-09-04,12,LOAN,3,0
B02,2026-09-04,13,ACCOUNT,1,0
B02,2026-09-04,13,LOAN,2,0
B02,2026-09-04,14,ACCOUNT,2,0
B02,2026-09-04,14,LOAN,5,1
B02,2026-09-04,15,ACCOUNT,1,0
B02,2026-09-04,15,LOAN,3,1
B02,2026-09-05,10,ACCOUNT,5,2
B02,2026-09-05,10,LOAN,3,1
B02,2026-09-05,11,ACCOUNT,5,1
B02,2026-09-05,11,LOAN,5,1
B02,2026-09-05,12,ACCOUNT,3,1
B02,2026-09-05,12,LOAN,4,0
B02,2026-09-05,13,ACCOUNT,1,0
B02,2026-09-05,13,LOAN,3,0
B02,2026-09-05,14,ACCOUNT,1,0
B02,2026-09-05,14,LOAN,2,0
B02,2026-09-05,15,LOAN,2,0
B02,2026-09-07,10,ACCOUNT,3,0
B02,2026-09-07,10,LOAN,4,0
B02,2026-09-07,11,ACCOUNT,1,0
B02,2026-09-07,11,LOAN,4,0
B02,2026-09-07,12,ACCOUNT,1,0
B02,2026-09-07,12,LOAN,7,2
B02,2026-09-07,13,ACCOUNT,1,0
B02,2026-09-07,13,LOAN,2,0
B02,2026-09-07,14,ACCOUNT,3,1
B02,2026-09-07,14,LOAN,3,0
B02,2026-09-07,15,LOAN,4,0
B02,2026-09-08,10,ACCOUNT,3,1
B02,2026-09-08,10,LOAN,3,0
B02,2026-09-08,11,ACCOUNT,5,2
B02,2026-09-08,11,LOAN,4,0
B02,2026-09-08,12,ACCOUNT,1,0
B02,2026-09-08,12,LOAN,8,4
B02,2026-09-08,13,ACCOUNT,2,1
B02,2026-09-08,13,LOAN,4,1
B02,2026-09-08,14,LOAN,9,1
B02,2026-09-08,15,ACCOUNT,1,0
B02,2026-09-08,15,LOAN,4,1
B02,2026-09-09,10,ACCOUNT,1,0
B02,2026-09-09,10,LOAN,5,1
B02,2026-09-09,11,ACCOUNT,3,0
B02,2026-09-09,11,LOAN,1,0
B02,2026-09-09,12,ACCOUNT,2,0
B02,2026-09-09,12,LOAN,5,1
B02,2026-09-09,13,ACCOUNT,2,0
B02,2026-09-09,13,LOAN,2,0
B02,2026-09-09,14,ACCOUNT,8,2
B02,2026-09-09,14,LOAN,4,0
B02,2026-09-09,15,ACCOUNT,5,1
B02,2026-09-09,15,LOAN,6,1
B02,2026-09-10,10,LOAN,6,2
B02,2026-09-10,11,ACCOUNT,3,0
B02,2026-09-10,11,LOAN,4,0
B02,2026-09-10,12,ACCOUNT,3,0
B02,2026-09-10,12,LOAN,6,1
B02,2026-09-10,13,ACCOUNT,1,0
B02,2026-09-10,13,LOAN,2,0
B02,2026-09-10,14,ACCOUNT,4,1
B02,2026-09-10,14,LOAN,2,0
B02,2026-09-10,15,ACCOUNT,2,0
B02,2026-09-10,15,LOAN,3,0
B02,2026-09-11,10,ACCOUNT,1,0
B02,2026-09-11,10,LOAN,3,0
B02,2026-09-11,11,ACCOUNT,3,0
B02,2026-09-11,11,LOAN,7,0
B02,2026-09-11,12,LOAN,1,0
B02,2026-09-11,13,LOAN,1,0
B02,2026-09-11,14,ACCOUNT,2,0
B02,2026-09-11,14,LOAN,4,0
B02,2026-09-11,15,ACCOUNT,6,0
B02,2026-09-11,15,LOAN,6,0
B02,2026-09-15,10,ACCOUNT,2,0
B02,2026-09-15,10,LOAN,3,0
B02,2026-09-15,11,ACCOUNT,1,0
B02,2026-09-15,11,LOAN,8,1
B02,2026-09-15,12,ACCOUNT,1,0
B02,2026-09-15,12,LOAN,2,0
B02,2026-09-15,13,LOAN,5,2
B02,2026-09-15,14,ACCOUNT,2,0
B02,2026-09-15,14,LOAN,2,0
B02,2026-09-15,15,ACCOUNT,1,0
B02,2026-09-15,15,LOAN,4,1
B02,2026-09-16,10,ACCOUNT,4,0
B02,2026-09-16,10,LOAN,6,3
B02,2026-09-16,11,ACCOUNT,2,0
B02,2026-09-16,11,LOAN,4,0
B02,2026-09-16,12,ACCOUNT,2,1
B02,2026-09-16,12,LOAN,7,3
B02,2026-09-16,13,ACCOUNT,3,0
B02,2026-09-16,13,LOAN,4,1
B02,2026-09-16,14,ACCOUNT,4,1
B02,2026-09-16,14,LOAN,4,0
B02,2026-09-16,15,ACCOUNT,2,1
B02,2026-09-16,15,LOAN,6,2
B02,2026-09-17,10,ACCOUNT,1,0
B02,2026-09-17,11,ACCOUNT,5,0
B02,2026-09-17,11,LOAN,6,0
B02,2026-09-17,12,ACCOUNT,5,0
B02,2026-09-17,12,LOAN,1,0
B02,2026-09-17,13,ACCOUNT,2,0
B02,2026-09-17,13,LOAN,5,1
B02,2026-09-17,14,ACCOUNT,2,0
B02,2026-09-17,14,LOAN,2,0
B02,2026-09-17,15,ACCOUNT,1,0
B02,2026-09-17,15,LOAN,7,3
B02,2026-09-18,10,ACCOUNT,1,0
B02,2026-09-18,10,LOAN,3,0
B02,2026-09-18,11,ACCOUNT,1,0
B02,2026-09-18,11,LOAN,6,2
B02,2026-09-18,12,ACCOUNT,3,1
B02,2026-09-18,12,LOAN,3,1
B02,2026-09-18,13,LOAN,4,1
B02,2026-09-18,14,LOAN,4,0
B02,2026-09-18,15,LOAN,2,1
B02,2026-09-19,10,ACCOUNT,6,3
B02,2026-09-19,10,LOAN,1,0
B02,2026-09-19,11,ACCOUNT,5,0
B02,2026-09-19,11,LOAN,3,0
B02,2026-09-19,12,LOAN,1,0
B02,2026-09-19,13,ACCOUNT,3,0
B02,2026-09-19,13,LOAN,1,0
B02,2026-09-19,14,ACCOUNT,4,1
B02,2026-09-19,14,LOAN,4,0
B02,2026-09-19,15,LOAN,5,1
B02,2026-09-21,10,ACCOUNT,2,0
B02,2026-09-21,10,LOAN,4,1
B02,2026-09-21,11,ACCOUNT,3,1
B02,2026-09-21,11,LOAN,5,1
B02,2026-09-21,12,ACCOUNT,3,0
B02,2026-09-21,12,LOAN,11,2
B02,2026-09-21,13,ACCOUNT,7,2
B02,2026-09-21,13,LOAN,5,2
B02,2026-09-21,14,ACCOUNT,2,0
B02,2026-09-21,14,LOAN,1,0
B02,2026-09-21,15,ACCOUNT,4,1
B02,2026-09-21,15,LOAN,5,1
B02,2026-09-22,10,ACCOUNT,1,0
B02,2026-09-22,10,LOAN,2,0
B02,2026-09-22,11,ACCOUNT,2,0
B02,2026-09-22,11,LOAN,3,0
B02,2026-09-22,12,ACCOUNT,8,4
B02,2026-09-22,12,LOAN,4,0
B02,2026-09-22,13,ACCOUNT,2,0
B02,2026-09-22,13,LOAN,2,0
B02,2026-09-22,14,ACCOUNT,3,0
B02,2026-09-22,14,LOAN,2,0
B02,2026-09-22,15,LOAN,1,0
B02,2026-09-23,10,ACCOUNT,4,1
B02,2026-09-23,10,LOAN,6,0
B02,2026-09-23,11,ACCOUNT,1,0
B02,2026-09-23,11,LOAN,4,0
B02,2026-09-23,12,LOAN,2,0
B02,2026-09-23,13,LOAN,5,2
B02,2026-09-23,14,ACCOUNT,2,0
B02,2026-09-23,14,LOAN,5,1
B02,2026-09-23,15,ACCOUNT,5,2
B02,2026-09-23,15,LOAN,3,1
B02,2026-09-24,10,ACCOUNT,3,1
B02,2026-09-24,10,LOAN,1,0
B02,2026-09-24,11,ACCOUNT,5,2
B02,2026-09-24,11,LOAN,2,0
B02,2026-09-24,12,ACCOUNT,6,3
B02,2026-09-24,12,LOAN,7,1
B02,2026-09-24,13,ACCOUNT,2,0
B02,2026-09-24,13,LOAN,1,0
B02,2026-09-24,14,ACCOUNT,3,0
B02,2026-09-24,15,LOAN,5,0
B02,2026-09-25,10,ACCOUNT,5,2
B02,2026-09-25,10,LOAN,2,0
B02,2026-09-25,11,ACCOUNT,6,1
B02,2026-09-25,11,LOAN,2,1
B02,2026-09-25,12,ACCOUNT,5,2
B02,2026-09-25,12,LOAN,5,1
B02,2026-09-25,13,ACCOUNT,2,1
B02,2026-09-25,13,LOAN,6,2
B02,2026-09-25,14,LOAN,3,0
B02,2026-09-25,15,ACCOUNT,1,0
B02,2026-09-25,15,LOAN,3,0
B02,2026-09-28,10,ACCOUNT,3,1
B02,2026-09-28,10,LOAN,5,1
B02,2026-09-28,11,ACCOUNT,5,1
B02,2026-09-28,11,LOAN,3,0
B02,2026-09-28,12,ACCOUNT,3,1
B02,2026-09-28,12,LOAN,6,3
B02,2026-09-28,13,ACCOUNT,7,2
B02,2026-09-28,13,LOAN,7,1
B02,2026-09-28,14,ACCOUNT,6,1
B02,2026-09-28,15,ACCOUNT,3,1
B02,2026-09-28,15,LOAN,5,1
B02,2026-09-29,10,ACCOUNT,2,0
B02,2026-09-29,11,ACCOUNT,3,0
B02,2026-09-29,11,LOAN,6,0
B02,2026-09-29,12,ACCOUNT,2,0
B02,2026-09-29,12,LOAN,3,0
B02,2026-09-29,13,ACCOUNT,1,0
B02,2026-09-29,13,LOAN,2,0
B02,2026-09-29,14,ACCOUNT,4,2
B02,2026-09-29,14,LOAN,10,4
B02,2026-09-29,15,ACCOUNT,7,2
B02,2026-09-29,15,LOAN,4,0
B02,2026-09-30,10,ACCOUNT,2,0
B02,2026-09-30,10,LOAN,4,1
B02,2026-09-30,11,ACCOUNT,2,1
B02,2026-09-30,11,LOAN,5,0
B02,2026-09-30,12,LOAN,2,0
B02,2026-09-30,13,ACCOUNT,2,0
B02,2026-09-30,13,LOAN,1,0
B02,2026-09-30,14,ACCOUNT,1,0
B02,2026-09-30,14,LOAN,3,1
B02,2026-09-30,15,LOAN,7,3
B02,2026-10-01,10,ACCOUNT,8,0
B02,2026-10-01,10,LOAN,6,0
B02,2026-10-01,11,ACCOUNT,2,0
B02,2026-10-01,11,LOAN,4,0
B02,2026-10-01,12,ACCOUNT,1,0
B02,2026-10-01,12,LOAN,4,0
B02,2026-10-01,13,LOAN,7,0
B02,2026-10-01,14,ACCOUNT,5,0
B02,2026-10-01,14,LOAN,4,0
B02,2026-10-01,15,ACCOUNT,1,0
B02,2026-10-01,15,LOAN,1,0
B02,2026-10-03,10,ACCOUNT,3,0
B02,2026-10-03,10,LOAN,7,0
B02,2026-10-03,11,ACCOUNT,4,0
B02,2026-10-03,11,LOAN,7,0
B02,2026-10-03,12,ACCOUNT,4,0
B02,2026-10-03,12,LOAN,2,0
B02,2026-10-03,13,ACCOUNT,3,0
B02,2026-10-03,13,LOAN,2,0
B02,2026-10-03,14,ACCOUNT,1,0
B02,2026-10-03,14,LOAN,2,0
B02,2026-10-03,15,LOAN,2,0
B02,2026-10-05,10,LOAN,9,0
B02,2026-10-05,11,ACCOUNT,3,0
B02,2026-10-05,11,LOAN,9,0
B02,2026-10-05,12,ACCOUNT,1,0
B02,2026-10-05,12,LOAN,10,0
B02,2026-10-05,13,ACCOUNT,1,0
B02,2026-10-05,13,LOAN,6,0
B02,2026-10-05,14,LOAN,11,0
B02,2026-10-05,15,ACCOUNT,1,0
B02,2026-10-05,15,LOAN,4,0
B02,2026-10-06,10,ACCOUNT,4,0
B02,2026-10-06,10,LOAN,4,0
B02,2026-10-06,11,ACCOUNT,2,0
B02,2026-10-06,11,LOAN,8,0
B02,2026-10-06,12,ACCOUNT,6,0
B02,2026-10-06,12,LOAN,6,0
B02,2026-10-06,13,ACCOUNT,1,0
B02,2026-10-06,13,LOAN,4,0
B02,2026-10-06,14,ACCOUNT,5,0
B02,2026-10-06,14,LOAN,5,0
B02,2026-10-06,15,ACCOUNT,1,0
B02,2026-10-06,15,LOAN,3,0
B02,2026-10-07,10,ACCOUNT,5,0
B02,2026-10-07,10,LOAN,2,0
B02,2026-10-07,11,ACCOUNT,2,0
B02,2026-10-07,11,LOAN,6,0
B02,2026-10-07,12,ACCOUNT,2,0
B02,2026-10-07,12,LOAN,4,0
B02,2026-10-07,13,ACCOUNT,1,0
B02,2026-10-07,13,LOAN,5,0
B02,2026-10-07,14,ACCOUNT,5,0
B02,2026-10-07,15,ACCOUNT,5,0
B02,2026-10-07,15,LOAN,2,0
B03,2025-04-02,11,LOAN,1,0
B03,2025-04-02,12,ACCOUNT,1,0
B03,2025-04-02,14,LOAN,3,1
B03,2025-04-03,10,ACCOUNT,2,0
B03,2025-04-03,10,LOAN,3,1
B03,2025-04-03,11,ACCOUNT,2,1
B03,2025-04-03,11,LOAN,1,0
B03,2025-04-03,12,ACCOUNT,1,0
B03,2025-04-03,12,LOAN,3,1
B03,2025-04-03,13,ACCOUNT,4,2
B03,2025-04-03,14,ACCOUNT,3,1
B03,2025-04-03,14,LOAN,1,0
B03,2025-04-03,15,ACCOUNT,2,1
B03,2025-04-04,10,ACCOUNT,1,0
B03,2025-04-04,10,LOAN,3,0
B03,2025-04-04,11,ACCOUNT,3,1
B03,2025-04-04,11,LOAN,3,0
B03,2025-04-04,12,ACCOUNT,1,0
B03,2025-04-04,12,LOAN,3,1
B03,2025-04-04,14,LOAN,6,3
B03,2025-04-04,15,ACCOUNT,2,0
B03,2025-04-05,10,ACCOUNT,1,0
B03,2025-04-05,12,ACCOUNT,1,0
B03,2025-04-05,13,LOAN,5,2
B03,2025-04-05,14,LOAN,3,0
B03,2025-04-05,15,LOAN,3,1
B03,2025-04-07,10,LOAN,3,1
B03,2025-04-07,11,ACCOUNT,1,0
B03,2025-04-07,12,ACCOUNT,2,0
B03,2025-04-07,12,LOAN,2,1
B03,2025-04-07,13,LOAN,4,0
B03,2025-04-07,14,ACCOUNT,6,1
B03,2025-04-07,14,LOAN,3,1
B03,2025-04-07,15,ACCOUNT,1,0
B03,2025-04-07,15,LOAN,1,0
B03,2025-04-08,11,ACCOUNT,2,1
B03,2025-04-08,11,LOAN,1,0
B03,2025-04-08,12,ACCOUNT,1,0
B03,2025-04-08,13,ACCOUNT,2,0
B03,2025-04-08,13,LOAN,9,4
B03,2025-04-08,14,ACCOUNT,1,0
B03,2025-04-08,14,LOAN,2,0
B03,2025-04-08,15,ACCOUNT,2,0
B03,2025-04-09,10,ACCOUNT,2,0
B03,2025-04-09,11,ACCOUNT,1,0
B03,2025-04-09,11,LOAN,3,0
B03,2025-04-09,12,LOAN,2,0
B03,2025-04-09,13,LOAN,1,0
B03,2025-04-09,15,ACCOUNT,1,0
B03,2025-04-09,15,LOAN,1,0
B03,2025-04-11,10,ACCOUNT,1,0
B03,2025-04-11,10,LOAN,3,0
B03,2025-04-11,11,ACCOUNT,3,1
B03,2025-04-11,12,ACCOUNT,2,1
B03,2025-04-11,12,LOAN,2,1
B03,2025-04-11,13,ACCOUNT,1,0
B03,2025-04-11,14,ACCOUNT,2,0
B03,2025-04-11,14,LOAN,3,0
B03,2025-04-15,10,ACCOUNT,2,0
B03,2025-04-15,10,LOAN,3,1
B03,2025-04-15,11,ACCOUNT,1,0
B03,2025-04-15,11,LOAN,2,0
B03,2025-04-15,12,ACCOUNT,1,0
B03,2025-04-15,12,LOAN,4,1
B03,2025-04-15,14,LOAN,1,0
B03,2025-04-15,15,ACCOUNT,1,0
B03,2025-04-15,15,LOAN,1,0
B03,2025-04-16,10,ACCOUNT,2,0
B03,2025-04-16,10,LOAN,3,1
B03,2025-04-16,11,LOAN,3,0
B03,2025-04-16,12,ACCOUNT,2,1
B03,2025-04-16,12,LOAN,3,1
B03,2025-04-16,13,ACCOUNT,1,0
B03,2025-04-16,14,ACCOUNT,1,0
B03,2025-04-16,14,LOAN,2,0
B03,2025-04-16,15,LOAN,1,0
B03,2025-04-17,10,ACCOUNT,1,0
B03,2025-04-17,10,LOAN,1,0
B03,2025-04-17,11,LOAN,3,0
B03,2025-04-17,12,LOAN,1,0
B03,2025-04-17,13,ACCOUNT,2,1
B03,2025-04-17,14,ACCOUNT,1,0
B03,2025-04-17,14,LOAN,5,1
B03,2025-04-17,15,LOAN,3,0
B03,2025-04-19,10,ACCOUNT,1,0
B03,2025-04-19,10,LOAN,1,0
B03,2025-04-19,11,ACCOUNT,2,0
B03,2025-04-19,11,LOAN,5,2
B03,2025-04-19,12,LOAN,1,0
B03,2025-04-19,14,ACCOUNT,1,0
B03,2025-04-19,15,LOAN,1,0
B03,2025-04-21,11,LOAN,1,0
B03,2025-04-21,12,LOAN,1,0
B03,2025-04-21,14,ACCOUNT,1,0
B03,2025-04-21,14,LOAN,3,0
B03,2025-04-21,15,ACCOUNT,2,1
B03,2025-04-21,15,LOAN,2,1
B03,2025-04-22,10,LOAN,3,1
B03,2025-04-22,11,ACCOUNT,2,1
B03,2025-04-22,11,LOAN,2,0
B03,2025-04-22,12,LOAN,1,0
B03,2025-04-22,13,LOAN,1,0
B03,2025-04-22,14,ACCOUNT,1,0
B03,2025-04-23,10,ACCOUNT,1,0
B03,2025-04-23,11,LOAN,1,0
B03,2025-04-23,12,LOAN,4,1
B03,2025-04-23,14,ACCOUNT,1,0
B03,2025-04-23,14,LOAN,2,0
B03,2025-04-23,15,LOAN,1,0
B03,2025-04-24,10,LOAN,2,1
B03,2025-04-24,11,ACCOUNT,1,0
B03,2025-04-24,11,LOAN,1,0
B03,2025-04-24,12,ACCOUNT,1,0
B03,2025-04-24,13,ACCOUNT,2,1
B03,2025-04-24,13,LOAN,1,0
B03,2025-04-24,14,ACCOUNT,1,0
B03,2025-04-24,15,ACCOUNT,1,0
B03,2025-04-25,12,LOAN,2,0
B03,2025-04-25,13,ACCOUNT,1,0
B03,2025-04-25,13,LOAN,2,0
B03,2025-04-25,14,LOAN,2,0
B03,2025-04-25,15,LOAN,2,1
B03,2025-04-28,10,ACCOUNT,3,2
B03,2025-04-28,10,LOAN,1,0
B03,2025-04-28,11,ACCOUNT,1,0
B03,2025-04-28,11,LOAN,1,0
B03,2025-04-28,12,LOAN,1,0
B03,2025-04-28,13,LOAN,5,1
B03,2025-04-28,14,LOAN,3,0
B03,2025-04-28,15,ACCOUNT,2,1
B03,2025-04-29,10,LOAN,1,0
B03,2025-04-29,11,LOAN,2,1
B03,2025-04-29,12,LOAN,8,4
B03,2025-04-29,13,ACCOUNT,1,0
B03,2025-04-29,13,LOAN,1,0
B03,2025-04-29,14,LOAN,1,0
B03,2025-04-29,15,ACCOUNT,2,0
B03,2025-05-02,10,LOAN,1,0
B03,2025-05-02,11,ACCOUNT,2,0
B03,2025-05-02,11,LOAN,3,1
B03,2025-05-02,12,LOAN,4,1
B03,2025-05-02,14,ACCOUNT,2,1
B03,2025-05-02,15,ACCOUNT,1,0
B03,2025-05-02,15,LOAN,2,0
B03,2025-05-03,10,ACCOUNT,1,0
B03,2025-05-03,10,LOAN,1,0
B03,2025-05-03,11,ACCOUNT,2,0
B03,2025-05-03,11,LOAN,2,0
B03,2025-05-03,12,LOAN,1,0
B03,2025-05-03,13,LOAN,6,2
B03,2025-05-03,14,LOAN,1,0
B03,2025-05-03,15,ACCOUNT,2,0
B03,2025-05-03,15,LOAN,4,1
B03,2025-05-05,10,LOAN,1,0
B03,2025-05-05,11,ACCOUNT,1,0
B03,2025-05-05,11,LOAN,4,1
B03,2025-05-05,12,LOAN,3,0
B03,2025-05-05,14,ACCOUNT,1,0
B03,2025-05-05,14,LOAN,3,1
B03,2025-05-05,15,ACCOUNT,1,0
B03,2025-05-05,15,LOAN,2,0
B03,2025-05-06,10,ACCOUNT,1,0
B03,2025-05-06,10,LOAN,2,0
B03,2025-05-06,11,ACCOUNT,2,0
B03,2025-05-06,11,LOAN,3,1
B03,2025-05-06,12,ACCOUNT,3,1
B03,2025-05-06,12,LOAN,1,0
B03,2025-05-06,13,ACCOUNT,1,0
B03,2025-05-06,15,LOAN,1,0
B03,2025-05-07,10,ACCOUNT,2,1
B03,2025-05-07,10,LOAN,2,1
B03,2025-05-07,11,ACCOUNT,1,0
B03,2025-05-07,11,LOAN,1,0
B03,2025-05-07,12,LOAN,2,0
B03,2025-05-07,13,LOAN,1,0
B03,2025-05-07,14,LOAN,1,0
B03,2025-05-07,15,ACCOUNT,1,0
B03,2025-05-08,10,ACCOUNT,3,1
B03,2025-05-08,10,LOAN,1,0
B03,2025-05-08,11,LOAN,3,2
B03,2025-05-08,12,ACCOUNT,1,0
B03,2025-05-08,12,LOAN,2,0
B03,2025-05-08,13,LOAN,1,0
B03,2025-05-08,14,ACCOUNT,1,0
B03,2025-05-08,15,LOAN,5,1
B03,2025-05-09,12,LOAN,3,1
B03,2025-05-09,13,ACCOUNT,2,0
B03,2025-05-09,14,LOAN,1,0
B03,2025-05-09,15,LOAN,4,1
B03,2025-05-12,10,ACCOUNT,2,0
B03,2025-05-12,11,ACCOUNT,1,0
B03,2025-05-12,11,LOAN,1,0
B03,2025-05-12,12,ACCOUNT,3,1
B03,2025-05-12,13,LOAN,1,0
B03,2025-05-12,14,ACCOUNT,1,0
B03,2025-05-12,15,LOAN,2,0
B03,2025-05-13,12,LOAN,2,1
B03,2025-05-13,14,LOAN,1,0
B03,2025-05-13,15,ACCOUNT,1,0
B03,2025-05-13,15,LOAN,2,1
B03,2025-05-14,10,LOAN,1,0
B03,2025-05-14,12,LOAN,2,0
B03,2025-05-14,13,ACCOUNT,3,2
B03,2025-05-14,13,LOAN,2,1
B03,2025-05-14,14,LOAN,1,0
B03,2025-05-14,15,LOAN,2,0
B03,2025-05-15,10,ACCOUNT,2,0
B03,2025-05-15,11,ACCOUNT,1,0
B03,2025-05-15,11,LOAN,2,1
B03,2025-05-15,13,ACCOUNT,2,0
B03,2025-05-15,14,LOAN,1,0
B03,2025-05-15,15,ACCOUNT,3,2
B03,2025-05-15,15,LOAN,2,0
B03,2025-05-16,10,LOAN,2,1
B03,2025-05-16,11,ACCOUNT,2,0
B03,2025-05-16,11,LOAN,3,0
B03,2025-05-16,12,LOAN,1,0
B03,2025-05-16,13,ACCOUNT,1,0
B03,2025-05-16,13,LOAN,1,0
B03,2025-05-16,14,ACCOUNT,2,1
B03,2025-05-16,14,LOAN,1,0
B03,2025-05-17,11,ACCOUNT,3,0
B03,2025-05-17,11,LOAN,1,0
B03,2025-05-17,12,ACCOUNT,2,1
B03,2025-05-17,12,LOAN,3,1
B03,2025-05-17,13,ACCOUNT,1,0
B03,2025-05-17,14,ACCOUNT,2,0
B03,2025-05-17,15,ACCOUNT,1,0
B03,2025-05-17,15,LOAN,1,0
B03,2025-05-19,10,ACCOUNT,5,2
B03,2025-05-19,11,LOAN,3,1
B03,2025-05-19,13,ACCOUNT,1,0
B03,2025-05-19,13,LOAN,1,0
B03,2025-05-19,14,LOAN,1,0
B03,2025-05-19,15,LOAN,3,1
B03,2025-05-20,10,LOAN,5,1
B03,2025-05-20,11,ACCOUNT,2,0
B03,2025-05-20,11,LOAN,6,2
B03,2025-05-20,12,ACCOUNT,1,0
B03,2025-05-20,12,LOAN,5,2
B03,2025-05-20,13,ACCOUNT,2,1
B03,2025-05-20,14,ACCOUNT,2,0
B03,2025-05-20,14,LOAN,1,0
B03,2025-05-21,11,LOAN,1,0
B03,2025-05-21,12,ACCOUNT,1,0
B03,2025-05-21,13,ACCOUNT,2,0
B03,2025-05-21,13,LOAN,2,1
B03,2025-05-21,14,ACCOUNT,1,0
B03,2025-05-21,14,LOAN,2,0
B03,2025-05-21,15,ACCOUNT,1,0
B03,2025-05-22,10,ACCOUNT,2,0
B03,2025-05-22,11,ACCOUNT,1,0
B03,2025-05-22,11,LOAN,1,0
B03,2025-05-22,13,LOAN,2,0
B03,2025-05-22,14,ACCOUNT,2,0
B03,2025-05-22,14,LOAN,3,1
B03,2025-05-22,15,LOAN,2,0
B03,2025-05-23,11,ACCOUNT,1,0
B03,2025-05-23,11,LOAN,3,1
B03,2025-05-23,12,ACCOUNT,3,1
B03,2025-05-23,12,LOAN,1,0
B03,2025-05-23,13,ACCOUNT,1,0
B03,2025-05-23,13,LOAN,1,0
B03,2025-05-23,14,ACCOUNT,5,3
B03,2025-05-23,14,LOAN,2,0
B03,2025-05-23,15,ACCOUNT,1,0
B03,2025-05-26,10,ACCOUNT,3,1
B03,2025-05-26,10,LOAN,2,0
B03,2025-05-26,11,ACCOUNT,2,0
B03,2025-05-26,11,LOAN,1,0
B03,2025-05-26,12,LOAN,1,0
B03,2025-05-26,13,ACCOUNT,2,0
B03,2025-05-26,13,LOAN,3,1
B03,2025-05-26,14,ACCOUNT,1,0
B03,2025-05-26,14,LOAN,4,1
B03,2025-05-27,10,LOAN,4,2
B03,2025-05-27,11,LOAN,2,0
B03,2025-05-27,12,ACCOUNT,2,1
B03,2025-05-27,12,LOAN,2,1
B03,2025-05-27,13,ACCOUNT,1,0
B03,2025-05-27,14,LOAN,3,0
B03,2025-05-27,15,LOAN,2,0
B03,2025-05-28,10,ACCOUNT,2,0
B03,2025-05-28,11,LOAN,4,2
B03,2025-05-28,12,ACCOUNT,1,0
B03,2025-05-28,14,ACCOUNT,1,0
B03,2025-05-28,14,LOAN,2,1
B03,2025-05-28,15,ACCOUNT,1,0
B03,2025-05-28,15,LOAN,2,1
B03,2025-05-29,10,ACCOUNT,2,1
B03,2025-05-29,10,LOAN,3,1
B03,2025-05-29,12,LOAN,1,0
B03,2025-05-29,13,LOAN,1,0
B03,2025-05-30,10,ACCOUNT,1,0
B03,2025-05-30,10,LOAN,3,1
B03,2025-05-30,11,LOAN,1,0
B03,2025-05-30,12,ACCOUNT,2,1
B03,2025-05-30,12,LOAN,2,0
B03,2025-05-30,13,ACCOUNT,2,1
B03,2025-05-30,14,ACCOUNT,1,0
B03,2025-05-30,14,LOAN,1,0
B03,2025-05-31,10,LOAN,6,1
B03,2025-05-31,11,ACCOUNT,1,0
B03,2025-05-31,12,ACCOUNT,1,0
B03,2025-05-31,12,LOAN,2,0
B03,2025-05-31,13,LOAN,1,0
B03,2025-06-02,11,ACCOUNT,2,0
B03,2025-06-02,11,LOAN,3,1
B03,2025-06-02,12,ACCOUNT,3,0
B03,2025-06-02,12,LOAN,1,0
B03,2025-06-02,13,LOAN,4,1
B03,2025-06-02,14,ACCOUNT,2,1
B03,2025-06-03,10,LOAN,1,0
B03,2025-06-03,11,ACCOUNT,1,0
B03,2025-06-03,11,LOAN,4,0
B03,2025-06-03,12,LOAN,1,0
B03,2025-06-03,13,LOAN,1,0
B03,2025-06-03,14,ACCOUNT,1,0
B03,2025-06-03,14,LOAN,1,0
B03,2025-06-03,15,ACCOUNT,1,0
B03,2025-06-03,15,LOAN,3,1
B03,2025-06-04,10,ACCOUNT,1,0
B03,2025-06-04,10,LOAN,1,0
B03,2025-06-04,13,LOAN,1,0
B03,2025-06-04,14,ACCOUNT,1,0
B03,2025-06-04,14,LOAN,5,2
B03,2025-06-04,15,LOAN,3,1
B03,2025-06-05,10,LOAN,1,0
B03,2025-06-05,11,ACCOUNT,2,0
B03,2025-06-05,11,LOAN,1,0
B03,2025-06-05,12,ACCOUNT,1,0
B03,2025-06-05,13,ACCOUNT,1,0
B03,2025-06-05,13,LOAN,4,0
B03,2025-06-05,15,LOAN,5,3
B03,2025-06-06,10,LOAN,1,0
B03,2025-06-06,11,ACCOUNT,4,1
B03,2025-06-06,11,LOAN,2,0
B03,2025-06-06,12,LOAN,2,0
B03,2025-06-06,13,LOAN,1,0
B03,2025-06-06,14,LOAN,1,0
B03,2025-06-06,15,LOAN,1,0
B03,2025-06-09,11,ACCOUNT,1,0
B03,2025-06-09,11,LOAN,4,1
B03,2025-06-09,12,LOAN,5,1
B03,2025-06-09,13,LOAN,2,0
B03,2025-06-09,14,ACCOUNT,2,0
B03,2025-06-09,14,LOAN,5,1
B03,2025-06-09,15,ACCOUNT,1,0
B03,2025-06-10,10,ACCOUNT,2,0
B03,2025-06-10,11,LOAN,6,2
B03,2025-06-10,12,ACCOUNT,1,0
B03,2025-06-10,12,LOAN,3,1
B03,2025-06-10,13,ACCOUNT,1,0
B03,2025-06-10,14,ACCOUNT,1,0
B03,2025-06-10,14,LOAN,3,1
B03,2025-06-11,10,ACCOUNT,2,0
B03,2025-06-11,10,LOAN,2,0
B03,2025-06-11,11,ACCOUNT,2,0
B03,2025-06-11,11,LOAN,1,0
B03,2025-06-11,12,ACCOUNT,1,0
B03,2025-06-11,12,LOAN,8,0
B03,2025-06-11,13,ACCOUNT,1,0
B03,2025-06-11,13,LOAN,3,2
B03,2025-06-11,14,ACCOUNT,1,0
B03,2025-06-11,14,LOAN,1,0
B03,2025-06-11,15,ACCOUNT,1,0
B03,2025-06-12,10,ACCOUNT,1,0
B03,2025-06-12,10,LOAN,1,0
B03,2025-06-12,11,ACCOUNT,2,0
B03,2025-06-12,11,LOAN,1,0
B03,2025-06-12,12,ACCOUNT,1,0
B03,2025-06-12,14,ACCOUNT,1,0
B03,2025-06-12,14,LOAN,1,0
B03,2025-06-13,10,ACCOUNT,1,0
B03,2025-06-13,10,LOAN,3,1
B03,2025-06-13,11,ACCOUNT,2,0
B03,2025-06-13,11,LOAN,2,1
B03,2025-06-13,12,LOAN,3,0
B03,2025-06-13,14,ACCOUNT,1,0
B03,2025-06-16,10,ACCOUNT,1,0
B03,2025-06-16,10,LOAN,4,2
B03,2025-06-16,11,ACCOUNT,1,0
B03,2025-06-16,11,LOAN,4,0
B03,2025-06-16,12,LOAN,3,0
B03,2025-06-16,13,LOAN,3,1
B03,2025-06-16,14,LOAN,2,0
B03,2025-06-16,15,LOAN,1,0
B03,2025-06-17,10,ACCOUNT,5,2
B03,2025-06-17,10,LOAN,1,0
B03,2025-06-17,11,ACCOUNT,1,0
B03,2025-06-17,11,LOAN,2,0
B03,2025-06-17,12,ACCOUNT,2,0
B03,2025-06-17,13,LOAN,1,0
B03,2025-06-17,14,LOAN,2,0
B03,2025-06-18,11,LOAN,1,0
B03,2025-06-18,12,LOAN,2,0
B03,2025-06-18,13,LOAN,2,1
B03,2025-06-18,14,LOAN,1,0
B03,2025-06-18,15,ACCOUNT,1,0
B03,2025-06-19,11,ACCOUNT,1,0
B03,2025-06-19,13,ACCOUNT,1,0
B03,2025-06-19,14,LOAN,4,1
B03,2025-06-19,15,ACCOUNT,1,0
B03,2025-06-19,15,LOAN,1,0
B03,2025-06-20,10,ACCOUNT,1,0
B03,2025-06-20,10,LOAN,3,0
B03,2025-06-20,11,LOAN,2,0
B03,2025-06-20,12,ACCOUNT,5,2
B03,2025-06-20,13,LOAN,1,0
B03,2025-06-20,14,ACCOUNT,1,0
B03,2025-06-20,14,LOAN,1,0
B03,2025-06-20,15,ACCOUNT,3,1
B03,2025-06-20,15,LOAN,2,1
B03,2025-06-21,10,LOAN,1,0
B03,2025-06-21,11,ACCOUNT,1,0
B03,2025-06-21,12,ACCOUNT,2,1
B03,2025-06-21,12,LOAN,3,1
B03,2025-06-21,13,ACCOUNT,3,1
B03,2025-06-21,13,LOAN,1,0
B03,2025-06-21,14,LOAN,2,1
B03,2025-06-21,15,LOAN,1,0
B03,2025-06-23,10,LOAN,1,0
B03,2025-06-23,11,LOAN,5,2
B03,2025-06-23,12,ACCOUNT,2,1
B03,2025-06-23,13,LOAN,3,1
B03,2025-06-23,14,ACCOUNT,1,0
B03,2025-06-24,10,ACCOUNT,4,2
B03,2025-06-24,10,LOAN,6,2
B03,2025-06-24,11,ACCOUNT,2,0
B03,2025-06-24,11,LOAN,1,0
B03,2025-06-24,12,LOAN,4,0
B03,2025-06-24,13,LOAN,2,1
B03,2025-06-24,14,ACCOUNT,1,0
B03,2025-06-24,14,LOAN,1,0
B03,2025-06-24,15,LOAN,2,1
B03,2025-06-25,10,LOAN,1,0
B03,2025-06-25,11,ACCOUNT,1,0
B03,2025-06-25,11,LOAN,2,0
B03,2025-06-25,12,ACCOUNT,1,0
B03,2025-06-25,12,LOAN,1,0
B03,2025-06-25,13,LOAN,2,1
B03,2025-06-25,14,ACCOUNT,2,1
B03,2025-06-25,14,LOAN,3,0
B03,2025-06-25,15,LOAN,1,0
B03,2025-06-26,10,ACCOUNT,2,1
B03,2025-06-26,11,ACCOUNT,1,0
B03,2025-06-26,11,LOAN,1,0
B03,2025-06-26,12,LOAN,6,2
B03,2025-06-26,14,LOAN,3,1
B03,2025-06-26,15,ACCOUNT,1,0
B03,2025-06-26,15,LOAN,1,0
B03,2025-06-27,10,ACCOUNT,1,0
B03,2025-06-27,11,LOAN,2,1
B03,2025-06-27,12,ACCOUNT,2,1
B03,2025-06-27,12,LOAN,1,0
B03,2025-06-27,13,ACCOUNT,2,0
B03,2025-06-27,14,LOAN,3,1
B03,2025-06-27,15,LOAN,1,0
B03,2025-06-30,10,ACCOUNT,1,0
B03,2025-06-30,10,LOAN,3,0
B03,2025-06-30,11,ACCOUNT,2,0
B03,2025-06-30,11,LOAN,4,0
B03,2025-06-30,12,ACCOUNT,1,0
B03,2025-06-30,12,LOAN,2,0
B03,2025-06-30,13,LOAN,3,0
B03,2025-06-30,14,LOAN,1,0
B03,2025-06-30,15,LOAN,3,1
B03,2025-07-01,10,LOAN,2,0
B03,2025-07-01,11,ACCOUNT,3,1
B03,2025-07-01,11,LOAN,2,0
B03,2025-07-01,12,ACCOUNT,2,1
B03,2025-07-01,13,ACCOUNT,1,0
B03,2025-07-01,13,LOAN,1,0
B03,2025-07-01,14,ACCOUNT,1,0
B03,2025-07-01,14,LOAN,1,0
B03,2025-07-02,10,ACCOUNT,2,0
B03,2025-07-02,11,ACCOUNT,1,0
B03,2025-07-02,12,LOAN,2,1
B03,2025-07-02,14,ACCOUNT,5,2
B03,2025-07-02,15,LOAN,1,0
B03,2025-07-03,10,LOAN,1,0
B03,2025-07-03,11,ACCOUNT,3,1
B03,2025-07-03,11,LOAN,1,0
B03,2025-07-03,13,ACCOUNT,1,0
B03,2025-07-03,13,LOAN,1,0
B03,2025-07-03,14,ACCOUNT,1,0
B03,2025-07-03,14,LOAN,2,1
B03,2025-07-03,15,LOAN,1,0
B03,2025-07-04,10,ACCOUNT,1,0
B03,2025-07-04,10,LOAN,1,0
B03,2025-07-04,11,ACCOUNT,1,0
B03,2025-07-04,12,LOAN,3,0
B03,2025-07-04,14,ACCOUNT,1,0
B03,2025-07-04,14,LOAN,5,2
B03,2025-07-05,10,ACCOUNT,2,0
B03,2025-07-05,10,LOAN,1,0
B03,2025-07-05,11,ACCOUNT,1,0
B03,2025-07-05,11,LOAN,2,1
B03,2025-07-05,12,ACCOUNT,2,0
B03,2025-07-05,12,LOAN,3,1
B03,2025-07-05,13,ACCOUNT,2,1
B03,2025-07-05,13,LOAN,1,0
B03,2025-07-05,14,LOAN,2,0
B03,2025-07-05,15,LOAN,1,0
B03,2025-07-07,10,LOAN,2,0
B03,2025-07-07,11,LOAN,2,1
B03,2025-07-07,12,LOAN,7,3
B03,2025-07-07,13,LOAN,1,0
B03,2025-07-07,14,LOAN,1,0
B03,2025-07-07,15,LOAN,1,0
B03,2025-07-08,10,LOAN,1,0
B03,2025-07-08,11,ACCOUNT,3,1
B03,2025-07-08,11,LOAN,4,2
B03,2025-07-08,12,ACCOUNT,2,1
B03,2025-07-08,14,ACCOUNT,1,0
B03,2025-07-08,15,LOAN,2,0
B03,2025-07-09,10,ACCOUNT,2,1
B03,2025-07-09,10,LOAN,1,0
B03,2025-07-09,12,ACCOUNT,1,0
B03,2025-07-09,12,LOAN,2,1
B03,2025-07-09,14,ACCOUNT,1,0
B03,2025-07-09,14,LOAN,1,0
B03,2025-07-09,15,ACCOUNT,1,0
B03,2025-07-10,10,LOAN,2,0
B03,2025-07-10,11,ACCOUNT,1,0
B03,2025-07-10,11,LOAN,4,0
B03,2025-07-10,12,ACCOUNT,4,3
B03,2025-07-10,12,LOAN,1,0
B03,2025-07-10,13,ACCOUNT,1,0
B03,2025-07-10,14,LOAN,1,0
B03,2025-07-11,10,ACCOUNT,2,1
B03,2025-07-11,11,ACCOUNT,1,0
B03,2025-07-11,11,LOAN,1,0
B03,2025-07-11,12,ACCOUNT,4,2
B03,2025-07-11,12,LOAN,3,1
B03,2025-07-11,13,LOAN,1,0
B03,2025-07-11,14,LOAN,2,0
B03,2025-07-11,15,LOAN,4,0
B03,2025-07-14,10,ACCOUNT,2,0
B03,2025-07-14,10,LOAN,1,0
B03,2025-07-14,11,ACCOUNT,1,0
B03,2025-07-14,11,LOAN,3,0
B03,2025-07-14,12,ACCOUNT,2,0
B03,2025-07-14,12,LOAN,1,0
B03,2025-07-14,13,ACCOUNT,3,1
B03,2025-07-14,13,LOAN,1,0
B03,2025-07-14,14,LOAN,4,2
B03,2025-07-14,15,ACCOUNT,1,0
B03,2025-07-14,15,LOAN,8,2
B03,2025-07-15,10,LOAN,1,0
B03,2025-07-15,11,LOAN,1,0
B03,2025-07-15,12,ACCOUNT,2,0
B03,2025-07-15,12,LOAN,1,0
B03,2025-07-15,13,ACCOUNT,1,0
B03,2025-07-15,14,LOAN,2,0
B03,2025-07-15,15,LOAN,1,0
B03,2025-07-16,12,ACCOUNT,2,1
B03,2025-07-16,12,LOAN,1,0
B03,2025-07-16,14,ACCOUNT,1,0
B03,2025-07-16,14,LOAN,2,0
B03,2025-07-16,15,LOAN,1,0
B03,2025-07-17,10,LOAN,1,0
B03,2025-07-17,11,ACCOUNT,1,0
B03,2025-07-17,12,LOAN,1,0
B03,2025-07-17,13,LOAN,3,0
B03,2025-07-17,14,ACCOUNT,1,0
B03,2025-07-17,15,ACCOUNT,1,0
B03,2025-07-17,15,LOAN,5,2
B03,2025-07-18,10,LOAN,2,0
B03,2025-07-18,11,LOAN,1,0
B03,2025-07-18,12,ACCOUNT,1,0
B03,2025-07-18,12,LOAN,3,1
B03,2025-07-18,15,ACCOUNT,1,0
B03,2025-07-19,10,ACCOUNT,1,0
B03,2025-07-19,10,LOAN,3,0
B03,2025-07-19,11,ACCOUNT,1,0
B03,2025-07-19,11,LOAN,6,2
B03,2025-07-19,12,LOAN,1,0
B03,2025-07-19,13,ACCOUNT,1,0
B03,2025-07-19,14,LOAN,3,0
B03,2025-07-19,15,LOAN,3,1
B03,2025-07-21,10,ACCOUNT,3,0
B03,2025-07-21,10,LOAN,4,0
B03,2025-07-21,11,ACCOUNT,2,0
B03,2025-07-21,11,LOAN,4,1
B03,2025-07-21,12,ACCOUNT,1,0
B03,2025-07-21,12,LOAN,3,0
B03,2025-07-21,14,ACCOUNT,3,2
B03,2025-07-21,14,LOAN,2,0
B03,2025-07-22,11,LOAN,2,0
B03,2025-07-22,12,ACCOUNT,2,0
B03,2025-07-22,12,LOAN,1,0
B03,2025-07-22,13,LOAN,1,0
B03,2025-07-22,15,LOAN,2,1
B03,2025-07-23,10,ACCOUNT,3,1
B03,2025-07-23,11,LOAN,1,0
B03,2025-07-23,12,ACCOUNT,1,0
B03,2025-07-23,12,LOAN,5,1
B03,2025-07-23,13,ACCOUNT,1,0
B03,2025-07-23,13,LOAN,1,0
B03,2025-07-23,14,LOAN,4,2
B03,2025-07-23,15,ACCOUNT,1,0
B03,2025-07-23,15,LOAN,2,0
B03,2025-07-24,10,ACCOUNT,1,0
B03,2025-07-24,10,LOAN,3,1
B03,2025-07-24,11,ACCOUNT,1,0
B03,2025-07-24,11,LOAN,1,0
B03,2025-07-24,12,ACCOUNT,1,0
B03,2025-07-24,12,LOAN,4,1
B03,2025-07-24,14,ACCOUNT,2,1
B03,2025-07-24,14,LOAN,6,3
B03,2025-07-24,15,ACCOUNT,1,0
B03,2025-07-24,15,LOAN,1,0
B03,2025-07-25,10,ACCOUNT,2,0
B03,2025-07-25,10,LOAN,3,1
B03,2025-07-25,11,LOAN,2,1
B03,2025-07-25,12,LOAN,1,0
B03,2025-07-25,13,ACCOUNT,4,2
B03,2025-07-25,13,LOAN,2,1
B03,2025-07-25,14,ACCOUNT,1,0
B03,2025-07-25,14,LOAN,1,0
B03,2025-07-25,15,LOAN,3,1
B03,2025-07-28,10,LOAN,3,1
B03,2025-07-28,11,ACCOUNT,3,1
B03,2025-07-28,12,ACCOUNT,5,2
B03,2025-07-28,12,LOAN,2,0
B03,2025-07-28,13,LOAN,2,1
B03,2025-07-28,14,LOAN,2,0
B03,2025-07-28,15,ACCOUNT,1,0
B03,2025-07-29,10,ACCOUNT,1,0
B03,2025-07-29,11,ACCOUNT,2,1
B03,2025-07-29,11,LOAN,1,0
B03,2025-07-29,12,ACCOUNT,3,1
B03,2025-07-29,12,LOAN,3,1
B03,2025-07-29,13,ACCOUNT,3,1
B03,2025-07-29,14,LOAN,1,0
B03,2025-07-29,15,ACCOUNT,1,0
B03,2025-07-30,10,ACCOUNT,1,0
B03,2025-07-30,10,LOAN,2,1
B03,2025-07-30,12,ACCOUNT,1,0
B03,2025-07-30,12,LOAN,2,0
B03,2025-07-30,15,LOAN,2,0
B03,2025-07-31,10,LOAN,1,0
B03,2025-07-31,11,LOAN,4,0
B03,2025-07-31,12,LOAN,4,1
B03,2025-07-31,13,ACCOUNT,3,1
B03,2025-07-31,14,LOAN,2,0
B03,2025-07-31,15,LOAN,1,0
B03,2025-08-01,10,ACCOUNT,1,0
B03,2025-08-01,10,LOAN,4,1
B03,2025-08-01,11,ACCOUNT,2,1
B03,2025-08-01,13,LOAN,2,1
B03,2025-08-01,14,LOAN,1,0
B03,2025-08-01,15,LOAN,1,0
B03,2025-08-02,10,ACCOUNT,1,0
B03,2025-08-02,11,ACCOUNT,1,0
B03,2025-08-02,11,LOAN,1,0
B03,2025-08-02,12,LOAN,1,0
B03,2025-08-02,13,ACCOUNT,3,1
B03,2025-08-02,13,LOAN,1,0
B03,2025-08-02,14,ACCOUNT,3,1
B03,2025-08-02,14,LOAN,8,2
B03,2025-08-02,15,ACCOUNT,2,0
B03,2025-08-02,15,LOAN,3,1
B03,2025-08-04,11,LOAN,5,2
B03,2025-08-04,12,LOAN,4,0
B03,2025-08-04,13,ACCOUNT,2,1
B03,2025-08-04,13,LOAN,1,0
B03,2025-08-04,14,ACCOUNT,1,0
B03,2025-08-04,14,LOAN,3,0
B03,2025-08-04,15,ACCOUNT,1,0
B03,2025-08-04,15,LOAN,1,0
B03,2025-08-05,10,ACCOUNT,4,1
B03,2025-08-05,10,LOAN,1,0
B03,2025-08-05,11,ACCOUNT,1,0
B03,2025-08-05,11,LOAN,2,0
B03,2025-08-05,12,ACCOUNT,3,2
B03,2025-08-05,12,LOAN,1,0
B03,2025-08-05,13,LOAN,1,0
B03,2025-08-05,14,LOAN,2,0
B03,2025-08-05,15,LOAN,3,0
B03,2025-08-06,10,LOAN,1,0
B03,2025-08-06,11,ACCOUNT,1,0
B03,2025-08-06,11,LOAN,4,0
B03,2025-08-06,12,LOAN,1,0
B03,2025-08-06,14,LOAN,1,0
B03,2025-08-06,15,LOAN,1,0
B03,2025-08-07,10,LOAN,4,0
B03,2025-08-07,11,ACCOUNT,1,0
B03,2025-08-07,11,LOAN,3,0
B03,2025-08-07,12,ACCOUNT,3,1
B03,2025-08-07,12,LOAN,3,1
B03,2025-08-07,13,ACCOUNT,1,0
B03,2025-08-07,13,LOAN,2,0
B03,2025-08-07,14,LOAN,3,1
B03,2025-08-11,10,ACCOUNT,2,0
B03,2025-08-11,10,LOAN,3,0
B03,2025-08-11,11,LOAN,6,1
B03,2025-08-11,12,ACCOUNT,2,0
B03,2025-08-11,12,LOAN,3,1
B03,2025-08-11,13,ACCOUNT,3,2
B03,2025-08-11,13,LOAN,1,0
B03,2025-08-11,14,ACCOUNT,1,0
B03,2025-08-11,14,LOAN,2,0
B03,2025-08-11,15,LOAN,1,0
B03,2025-08-12,10,ACCOUNT,1,0
B03,2025-08-12,10,LOAN,2,0
B03,2025-08-12,11,LOAN,2,0
B03,2025-08-12,13,LOAN,1,0
B03,2025-08-12,14,ACCOUNT,1,0
B03,2025-08-12,14,LOAN,4,2
B03,2025-08-12,15,ACCOUNT,1,0
B03,2025-08-13,10,LOAN,2,0
B03,2025-08-13,11,ACCOUNT,1,0
B03,2025-08-13,11,LOAN,2,0
B03,2025-08-13,12,LOAN,2,0
B03,2025-08-13,13,ACCOUNT,1,0
B03,2025-08-13,15,LOAN,1,0
B03,2025-08-14,10,ACCOUNT,2,0
B03,2025-08-14,10,LOAN,1,0
B03,2025-08-14,11,LOAN,6,1
B03,2025-08-14,12,ACCOUNT,3,2
B03,2025-08-14,12,LOAN,3,1
B03,2025-08-14,14,LOAN,2,1
B03,2025-08-16,11,LOAN,1,0
B03,2025-08-16,12,LOAN,1,0
B03,2025-08-16,13,ACCOUNT,1,0
B03,2025-08-16,13,LOAN,2,1
B03,2025-08-16,14,ACCOUNT,1,0
B03,2025-08-16,14,LOAN,3,0
B03,2025-08-16,15,ACCOUNT,3,1
B03,2025-08-18,10,ACCOUNT,1,0
B03,2025-08-18,11,LOAN,1,0
B03,2025-08-18,12,ACCOUNT,3,1
B03,2025-08-18,12,LOAN,1,0
B03,2025-08-18,13,LOAN,2,1
B03,2025-08-18,15,LOAN,3,1
B03,2025-08-19,10,ACCOUNT,1,0
B03,2025-08-19,11,LOAN,4,1
B03,2025-08-19,12,LOAN,5,1
B03,2025-08-19,13,ACCOUNT,1,0
B03,2025-08-19,13,LOAN,1,0
B03,2025-08-19,14,LOAN,2,0
B03,2025-08-20,10,LOAN,2,1
B03,2025-08-20,12,ACCOUNT,1,0
B03,2025-08-20,12,LOAN,1,0
B03,2025-08-20,14,ACCOUNT,1,0
B03,2025-08-20,14,LOAN,1,0
B03,2025-08-21,11,ACCOUNT,1,0
B03,2025-08-21,13,LOAN,1,0
B03,2025-08-21,14,LOAN,3,1
B03,2025-08-22,10,ACCOUNT,1,0
B03,2025-08-22,11,ACCOUNT,1,0
B03,2025-08-22,11,LOAN,2,0
B03,2025-08-22,13,ACCOUNT,1,0
B03,2025-08-22,13,LOAN,2,1
B03,2025-08-22,14,LOAN,2,0
B03,2025-08-22,15,ACCOUNT,2,0
B03,2025-08-22,15,LOAN,1,0
B03,2025-08-25,10,LOAN,2,1
B03,2025-08-25,11,ACCOUNT,3,1
B03,2025-08-25,11,LOAN,5,1
B03,2025-08-25,12,ACCOUNT,1,0
B03,2025-08-25,12,LOAN,2,0
B03,2025-08-25,13,ACCOUNT,2,1
B03,2025-08-25,13,LOAN,1,0
B03,2025-08-25,14,ACCOUNT,1,0
B03,2025-08-25,14,LOAN,2,1
B03,2025-08-26,11,LOAN,4,2
B03,2025-08-26,14,ACCOUNT,1,0
B03,2025-08-26,14,LOAN,1,0
B03,2025-08-26,15,LOAN,2,0
B03,2025-08-28,12,LOAN,2,0
B03,2025-08-28,13,LOAN,4,2
B03,2025-08-28,14,ACCOUNT,1,0
B03,2025-08-28,14,LOAN,2,0
B03,2025-08-28,15,LOAN,1,0
B03,2025-08-29,10,ACCOUNT,1,0
B03,2025-08-29,10,LOAN,1,0
B03,2025-08-29,11,ACCOUNT,1,0
B03,2025-08-29,12,LOAN,8,2
B03,2025-08-29,13,ACCOUNT,2,0
B03,2025-08-29,13,LOAN,3,1
B03,2025-08-29,14,LOAN,2,0
B03,2025-08-29,15,LOAN,1,0
B03,2025-08-30,11,ACCOUNT,1,0
B03,2025-08-30,12,ACCOUNT,1,0
B03,2025-08-30,12,LOAN,3,0
B03,2025-08-30,15,LOAN,1,0
B03,2025-09-01,10,ACCOUNT,1,0
B03,2025-09-01,10,LOAN,2,0
B03,2025-09-01,11,LOAN,3,1
B03,2025-09-01,12,ACCOUNT,2,0
B03,2025-09-01,12,LOAN,1,0
B03,2025-09-01,13,ACCOUNT,1,0
B03,2025-09-01,14,ACCOUNT,1,0
B03,2025-09-01,14,LOAN,3,1
B03,2025-09-01,15,LOAN,1,0
B03,2025-09-02,10,ACCOUNT,3,1
B03,2025-09-02,10,LOAN,3,2
B03,2025-09-02,11,LOAN,4,1
B03,2025-09-02,12,ACCOUNT,1,0
B03,2025-09-02,14,ACCOUNT,1,0
B03,2025-09-02,14,LOAN,1,0
B03,2025-09-02,15,ACCOUNT,3,1
B03,2025-09-02,15,LOAN,2,0
B03,2025-09-03,11,ACCOUNT,1,0
B03,2025-09-03,11,LOAN,2,1
B03,2025-09-03,13,LOAN,1,0
B03,2025-09-03,14,ACCOUNT,1,0
B03,2025-09-03,14,LOAN,1,0
B03,2025-09-03,15,ACCOUNT,3,1
B03,2025-09-03,15,LOAN,2,0
B03,2025-09-04,10,LOAN,3,1
B03,2025-09-04,11,LOAN,1,0
B03,2025-09-04,12,ACCOUNT,1,0
B03,2025-09-04,12,LOAN,3,1
B03,2025-09-04,13,ACCOUNT,1,0
B03,2025-09-04,13,LOAN,3,1
B03,2025-09-04,14,LOAN,1,0
B03,2025-09-06,10,ACCOUNT,1,0
B03,2025-09-06,10,LOAN,1,0
B03,2025-09-06,11,ACCOUNT,3,1
B03,2025-09-06,12,ACCOUNT,2,0
B03,2025-09-06,12,LOAN,1,0
B03,2025-09-06,14,ACCOUNT,1,0
B03,2025-09-06,15,LOAN,3,0
B03,2025-09-08,10,LOAN,2,0
B03,2025-09-08,11,LOAN,4,0
B03,2025-09-08,12,ACCOUNT,1,0
B03,2025-09-08,12,LOAN,5,2
B03,2025-09-08,13,LOAN,2,1
B03,2025-09-08,14,ACCOUNT,2,1
B03,2025-09-08,14,LOAN,1,0
B03,2025-09-08,15,ACCOUNT,1,0
B03,2025-09-08,15,LOAN,3,2
B03,2025-09-09,10,ACCOUNT,1,0
B03,2025-09-09,10,LOAN,4,1
B03,2025-09-09,11,ACCOUNT,2,1
B03,2025-09-09,11,LOAN,1,0
B03,2025-09-09,12,ACCOUNT,1,0
B03,2025-09-09,12,LOAN,2,0
B03,2025-09-09,13,ACCOUNT,1,0
B03,2025-09-09,13,LOAN,2,0
B03,2025-09-09,14,LOAN,2,0
B03,2025-09-09,15,LOAN,1,0
B03,2025-09-10,10,ACCOUNT,1,0
B03,2025-09-10,10,LOAN,4,2
B03,2025-09-10,12,ACCOUNT,2,0
B03,2025-09-10,12,LOAN,2,0
B03,2025-09-10,13,LOAN,2,0
B03,2025-09-10,14,LOAN,3,1
B03,2025-09-11,11,ACCOUNT,2,0
B03,2025-09-11,11,LOAN,3,1
B03,2025-09-11,12,ACCOUNT,1,0
B03,2025-09-11,12,LOAN,2,0
B03,2025-09-11,13,LOAN,1,0
B03,2025-09-11,14,LOAN,3,1
B03,2025-09-11,15,ACCOUNT,1,0
B03,2025-09-11,15,LOAN,2,0
B03,2025-09-12,10,LOAN,2,0
B03,2025-09-12,11,ACCOUNT,1,0
B03,2025-09-12,12,LOAN,3,1
B03,2025-09-12,13,ACCOUNT,2,0
B03,2025-09-12,14,LOAN,1,0
B03,2025-09-15,11,ACCOUNT,2,0
B03,2025-09-15,11,LOAN,6,1
B03,2025-09-15,12,ACCOUNT,2,0
B03,2025-09-15,12,LOAN,3,1
B03,2025-09-15,13,ACCOUNT,1,0
B03,2025-09-15,13,LOAN,1,0
B03,2025-09-15,14,ACCOUNT,1,0
B03,2025-09-15,14,LOAN,2,0
B03,2025-09-15,15,ACCOUNT,2,1
B03,2025-09-15,15,LOAN,3,1
B03,2025-09-16,10,LOAN,1,0
B03,2025-09-16,11,ACCOUNT,1,0
B03,2025-09-16,11,LOAN,1,0
B03,2025-09-16,12,ACCOUNT,2,0
B03,2025-09-16,12,LOAN,1,0
B03,2025-09-16,13,ACCOUNT,2,0
B03,2025-09-16,13,LOAN,2,1
B03,2025-09-16,14,ACCOUNT,1,0
B03,2025-09-17,11,LOAN,1,0
B03,2025-09-17,12,ACCOUNT,2,1
B03,2025-09-17,12,LOAN,2,0
B03,2025-09-17,14,ACCOUNT,2,0
B03,2025-09-17,14,LOAN,2,0
B03,2025-09-17,15,LOAN,2,1
B03,2025-09-18,10,LOAN,2,1
B03,2025-09-18,11,ACCOUNT,2,0
B03,2025-09-18,12,ACCOUNT,2,0
B03,2025-09-18,12,LOAN,2,1
B03,2025-09-18,13,LOAN,1,0
B03,2025-09-18,14,ACCOUNT,1,0
B03,2025-09-18,14,LOAN,1,0
B03,2025-09-19,10,ACCOUNT,3,2
B03,2025-09-19,11,ACCOUNT,1,0
B03,2025-09-19,11,LOAN,1,0
B03,2025-09-19,12,ACCOUNT,3,2
B03,2025-09-19,12,LOAN,1,0
B03,2025-09-19,13,LOAN,1,0
B03,2025-09-19,14,ACCOUNT,2,1
B03,2025-09-19,14,LOAN,3,0
B03,2025-09-19,15,ACCOUNT,2,0
B03,2025-09-19,15,LOAN,1,0
B03,2025-09-20,10,ACCOUNT,1,0
B03,2025-09-20,10,LOAN,2,0
B03,2025-09-20,11,ACCOUNT,4,1
B03,2025-09-20,12,LOAN,2,1
B03,2025-09-20,13,ACCOUNT,2,0
B03,2025-09-20,13,LOAN,1,0
B03,2025-09-20,14,LOAN,2,0
B03,2025-09-20,15,LOAN,1,0
B03,2025-09-22,10,ACCOUNT,1,0
B03,2025-09-22,10,LOAN,2,1
B03,2025-09-22,11,ACCOUNT,1,0
B03,2025-09-22,11,LOAN,4,1
B03,2025-09-22,12,ACCOUNT,1,0
B03,2025-09-22,13,LOAN,2,1
B03,2025-09-22,14,ACCOUNT,1,0
B03,2025-09-22,14,LOAN,4,1
B03,2025-09-22,15,ACCOUNT,1,0
B03,2025-09-23,10,LOAN,3,0
B03,2025-09-23,11,LOAN,1,0
B03,2025-09-23,12,ACCOUNT,3,0
B03,2025-09-23,12,LOAN,5,2
B03,2025-09-23,13,LOAN,3,0
B03,2025-09-23,14,ACCOUNT,3,0
B03,2025-09-23,14,LOAN,1,0
B03,2025-09-23,15,LOAN,2,0
B03,2025-09-24,10,ACCOUNT,1,0
B03,2025-09-24,10,LOAN,1,0
B03,2025-09-24,11,LOAN,1,0
B03,2025-09-24,12,ACCOUNT,2,0
B03,2025-09-24,12,LOAN,3,0
B03,2025-09-24,14,ACCOUNT,1,0
B03,2025-09-24,15,ACCOUNT,1,0
B03,2025-09-25,11,ACCOUNT,2,0
B03,2025-09-25,12,LOAN,3,0
B03,2025-09-25,13,ACCOUNT,1,0
B03,2025-09-25,13,LOAN,1,0
B03,2025-09-26,10,ACCOUNT,1,0
B03,2025-09-26,11,ACCOUNT,1,0
B03,2025-09-26,11,LOAN,2,1
B03,2025-09-26,12,ACCOUNT,2,1
B03,2025-09-26,12,LOAN,1,0
B03,2025-09-26,13,LOAN,3,1
B03,2025-09-26,14,ACCOUNT,1,0
B03,2025-09-29,10,LOAN,3,0
B03,2025-09-29,11,LOAN,3,1
B03,2025-09-29,12,LOAN,4,1
B03,2025-09-29,13,ACCOUNT,3,1
B03,2025-09-29,14,LOAN,1,0
B03,2025-09-29,15,LOAN,2,0
B03,2025-09-30,10,LOAN,2,0
B03,2025-09-30,11,LOAN,1,0
B03,2025-09-30,13,LOAN,1,0
B03,2025-09-30,14,LOAN,5,2
B03,2025-09-30,15,ACCOUNT,2,1
B03,2025-09-30,15,LOAN,1,0
B03,2025-10-03,10,LOAN,2,1
B03,2025-10-03,11,ACCOUNT,2,0
B03,2025-10-03,12,ACCOUNT,1,0
B03,2025-10-03,12,LOAN,2,0
B03,2025-10-03,13,LOAN,2,1
B03,2025-10-03,14,ACCOUNT,1,0
B03,2025-10-03,14,LOAN,1,0
B03,2025-10-03,15,LOAN,2,0
B03,2025-10-04,10,ACCOUNT,1,0
B03,2025-10-04,11,ACCOUNT,3,1
B03,2025-10-04,12,LOAN,3,1
B03,2025-10-04,13,LOAN,2,0
B03,2025-10-04,14,LOAN,1,0
B03,2025-10-06,10,LOAN,2,1
B03,2025-10-06,11,LOAN,3,0
B03,2025-10-06,12,ACCOUNT,2,0
B03,2025-10-06,12,LOAN,1,0
B03,2025-10-06,13,ACCOUNT,1,0
B03,2025-10-06,14,ACCOUNT,1,0
B03,2025-10-06,15,ACCOUNT,4,2
B03,2025-10-06,15,LOAN,1,0
B03,2025-10-08,11,LOAN,2,0
B03,2025-10-08,12,LOAN,3,1
B03,2025-10-08,13,ACCOUNT,3,0
B03,2025-10-08,13,LOAN,2,0
B03,2025-10-08,15,LOAN,1,0
B03,2025-10-09,10,ACCOUNT,2,0
B03,2025-10-09,10,LOAN,2,0
B03,2025-10-09,11,ACCOUNT,1,0
B03,2025-10-09,11,LOAN,3,1
B03,2025-10-09,13,LOAN,3,1
B03,2025-10-09,14,LOAN,1,0
B03,2025-10-10,10,LOAN,1,0
B03,2025-10-10,11,LOAN,3,0
B03,2025-10-10,12,ACCOUNT,1,0
B03,2025-10-10,12,LOAN,2,0
B03,2025-10-10,13,LOAN,2,1
B03,2025-10-10,14,ACCOUNT,1,0
B03,2025-10-10,14,LOAN,6,2
B03,2025-10-10,15,LOAN,4,1
B03,2025-10-13,10,ACCOUNT,2,1
B03,2025-10-13,10,LOAN,4,1
B03,2025-10-13,11,LOAN,1,0
B03,2025-10-13,12,LOAN,2,1
B03,2025-10-13,13,ACCOUNT,1,0
B03,2025-10-13,13,LOAN,1,0
B03,2025-10-13,14,ACCOUNT,2,0
B03,2025-10-13,14,LOAN,3,0
B03,2025-10-13,15,LOAN,1,0
B03,2025-10-14,12,LOAN,2,1
B03,2025-10-14,13,LOAN,2,1
B03,2025-10-14,14,ACCOUNT,1,0
B03,2025-10-14,14,LOAN,2,0
B03,2025-10-15,10,ACCOUNT,1,0
B03,2025-10-15,11,LOAN,3,0
B03,2025-10-15,12,LOAN,3,1
B03,2025-10-15,13,LOAN,2,1
B03,2025-10-15,14,LOAN,1,0
B03,2025-10-16,10,LOAN,1,0
B03,2025-10-16,12,LOAN,2,1
B03,2025-10-16,15,LOAN,2,0
B03,2025-10-17,10,ACCOUNT,1,0
B03,2025-10-17,11,LOAN,7,1
B03,2025-10-17,12,ACCOUNT,1,0
B03,2025-10-17,12,LOAN,6,0
B03,2025-10-17,14,LOAN,1,0
B03,2025-10-17,15,LOAN,3,0
B03,2025-10-18,10,LOAN,1,0
B03,2025-10-18,11,LOAN,3,1
B03,2025-10-18,12,ACCOUNT,1,0
B03,2025-10-18,12,LOAN,1,0
B03,2025-10-18,13,LOAN,1,0
B03,2025-10-18,15,LOAN,4,1
B03,2025-10-21,10,ACCOUNT,2,0
B03,2025-10-21,10,LOAN,3,1
B03,2025-10-21,11,LOAN,5,2
B03,2025-10-21,12,ACCOUNT,3,1
B03,2025-10-21,12,LOAN,3,0
B03,2025-10-21,13,LOAN,2,0
B03,2025-10-21,15,LOAN,1,0
B03,2025-10-23,10,ACCOUNT,1,0
B03,2025-10-23,10,LOAN,3,2
B03,2025-10-23,11,LOAN,4,1
B03,2025-10-23,12,LOAN,2,0
B03,2025-10-23,14,ACCOUNT,1,0
B03,2025-10-23,14,LOAN,2,0
B03,2025-10-24,10,ACCOUNT,1,0
B03,2025-10-24,11,ACCOUNT,1,0
B03,2025-10-24,12,LOAN,3,0
B03,2025-10-24,13,LOAN,2,0
B03,2025-10-24,14,LOAN,1,0
B03,2025-10-24,15,LOAN,1,0
B03,2025-10-27,10,LOAN,1,0
B03,2025-10-27,11,ACCOUNT,5,1
B03,2025-10-27,11,LOAN,5,2
B03,2025-10-27,12,ACCOUNT,3,2
B03,2025-10-27,12,LOAN,5,1
B03,2025-10-27,13,LOAN,1,0
B03,2025-10-27,14,ACCOUNT,1,0
B03,2025-10-27,15,ACCOUNT,1,0
B03,2025-10-27,15,LOAN,1,0
B03,2025-10-28,10,LOAN,2,0
B03,2025-10-28,11,ACCOUNT,5,2
B03,2025-10-28,11,LOAN,1,0
B03,2025-10-28,12,ACCOUNT,1,0
B03,2025-10-28,12,LOAN,5,0
B03,2025-10-28,13,LOAN,1,0
B03,2025-10-28,14,ACCOUNT,1,0
B03,2025-10-28,15,LOAN,1,0
B03,2025-10-29,10,LOAN,2,0
B03,2025-10-29,11,ACCOUNT,2,1
B03,2025-10-29,11,LOAN,1,0
B03,2025-10-29,12,ACCOUNT,1,0
B03,2025-10-29,12,LOAN,2,0
B03,2025-10-29,13,ACCOUNT,1,0
B03,2025-10-29,14,ACCOUNT,1,0
B03,2025-10-29,14,LOAN,2,0
B03,2025-10-29,15,ACCOUNT,1,0
B03,2025-10-29,15,LOAN,3,1
B03,2025-10-30,10,ACCOUNT,1,0
B03,2025-10-30,11,ACCOUNT,2,0
B03,2025-10-30,12,ACCOUNT,1,0
B03,2025-10-30,13,LOAN,4,1
B03,2025-10-30,14,ACCOUNT,4,1
B03,2025-10-30,15,ACCOUNT,1,0
B03,2025-10-30,15,LOAN,1,0
B03,2025-10-31,10,LOAN,1,0
B03,2025-10-31,11,ACCOUNT,2,0
B03,2025-10-31,11,LOAN,1,0
B03,2025-10-31,12,LOAN,3,0
B03,2025-10-31,13,LOAN,1,0
B03,2025-10-31,14,ACCOUNT,5,2
B03,2025-10-31,14,LOAN,2,1
B03,2025-10-31,15,LOAN,2,0
B03,2025-11-03,10,ACCOUNT,4,1
B03,2025-11-03,12,ACCOUNT,2,0
B03,2025-11-03,12,LOAN,4,2
B03,2025-11-03,13,ACCOUNT,1,0
B03,2025-11-03,13,LOAN,3,1
B03,2025-11-03,14,LOAN,1,0
B03,2025-11-04,10,ACCOUNT,2,1
B03,2025-11-04,11,ACCOUNT,2,1
B03,2025-11-04,11,LOAN,3,0
B03,2025-11-04,12,ACCOUNT,3,1
B03,2025-11-04,12,LOAN,1,0
B03,2025-11-04,14,ACCOUNT,1,0
B03,2025-11-04,14,LOAN,3,0
B03,2025-11-05,10,LOAN,4,1
B03,2025-11-05,11,ACCOUNT,1,0
B03,2025-11-05,11,LOAN,1,0
B03,2025-11-05,12,ACCOUNT,2,1
B03,2025-11-05,12,LOAN,1,0
B03,2025-11-05,14,LOAN,6,2
B03,2025-11-06,10,ACCOUNT,3,1
B03,2025-11-06,10,LOAN,2,0
B03,2025-11-06,11,ACCOUNT,1,0
B03,2025-11-06,12,ACCOUNT,1,0
B03,2025-11-06,12,LOAN,1,0
B03,2025-11-06,13,LOAN,1,0
B03,2025-11-06,14,ACCOUNT,2,1
B03,2025-11-06,15,ACCOUNT,1,0
B03,2025-11-06,15,LOAN,1,0
B03,2025-11-07,11,ACCOUNT,1,0
B03,2025-11-07,12,ACCOUNT,1,0
B03,2025-11-07,12,LOAN,5,1
B03,2025-11-07,13,LOAN,1,0
B03,2025-11-07,14,ACCOUNT,1,0
B03,2025-11-07,15,LOAN,2,1
B03,2025-11-10,10,ACCOUNT,1,0
B03,2025-11-10,11,ACCOUNT,2,0
B03,2025-11-10,11,LOAN,2,0
B03,2025-11-10,12,ACCOUNT,2,0
B03,2025-11-10,12,LOAN,2,0
B03,2025-11-10,13,LOAN,3,1
B03,2025-11-10,14,LOAN,1,0
B03,2025-11-10,15,LOAN,4,1
B03,2025-11-11,10,ACCOUNT,1,0
B03,2025-11-11,10,LOAN,5,1
B03,2025-11-11,11,LOAN,4,1
B03,2025-11-11,12,ACCOUNT,5,2
B03,2025-11-11,14,ACCOUNT,1,0
B03,2025-11-11,14,LOAN,2,0
B03,2025-11-11,15,ACCOUNT,1,0
B03,2025-11-12,10,LOAN,2,0
B03,2025-11-12,11,LOAN,6,1
B03,2025-11-12,12,ACCOUNT,3,1
B03,2025-11-12,14,LOAN,3,1
B03,2025-11-12,15,ACCOUNT,2,1
B03,2025-11-12,15,LOAN,2,0
B03,2025-11-13,10,ACCOUNT,2,1
B03,2025-11-13,10,LOAN,1,0
B03,2025-11-13,11,ACCOUNT,1,0
B03,2025-11-13,11,LOAN,3,1
B03,2025-11-13,14,ACCOUNT,1,0
B03,2025-11-13,15,LOAN,3,1
B03,2025-11-14,10,ACCOUNT,2,0
B03,2025-11-14,11,ACCOUNT,2,0
B03,2025-11-14,11,LOAN,2,0
B03,2025-11-14,12,LOAN,2,1
B03,2025-11-14,13,LOAN,1,0
B03,2025-11-14,14,ACCOUNT,1,0
B03,2025-11-14,14,LOAN,1,0
B03,2025-11-14,15,LOAN,1,0
B03,2025-11-15,10,ACCOUNT,1,0
B03,2025-11-15,10,LOAN,3,0
B03,2025-11-15,11,ACCOUNT,1,0
B03,2025-11-15,12,LOAN,3,1
B03,2025-11-15,13,LOAN,5,1
B03,2025-11-15,14,LOAN,1,0
B03,2025-11-15,15,ACCOUNT,1,0
B03,2025-11-17,10,LOAN,2,0
B03,2025-11-17,11,LOAN,2,1
B03,2025-11-17,13,LOAN,1,0
B03,2025-11-17,14,ACCOUNT,1,0
B03,2025-11-17,14,LOAN,1,0
B03,2025-11-17,15,LOAN,2,1
B03,2025-11-18,10,LOAN,4,0
B03,2025-11-18,11,ACCOUNT,5,1
B03,2025-11-18,11,LOAN,7,2
B03,2025-11-18,12,ACCOUNT,1,0
B03,2025-11-18,12,LOAN,4,1
B03,2025-11-18,14,LOAN,3,1
B03,2025-11-18,15,ACCOUNT,1,0
B03,2025-11-19,12,ACCOUNT,1,0
B03,2025-11-19,12,LOAN,2,0
B03,2025-11-19,13,LOAN,1,0
B03,2025-11-19,14,LOAN,1,0
B03,2025-11-19,15,LOAN,1,0
B03,2025-11-20,10,ACCOUNT,1,0
B03,2025-11-20,12,LOAN,6,3
B03,2025-11-20,13,LOAN,1,0
B03,2025-11-20,14,ACCOUNT,1,0
B03,2025-11-20,14,LOAN,2,0
B03,2025-11-20,15,LOAN,1,0
B03,2025-11-21,10,LOAN,1,0
B03,2025-11-21,11,ACCOUNT,1,0
B03,2025-11-21,11,LOAN,3,1
B03,2025-11-21,12,LOAN,4,1
B03,2025-11-21,14,ACCOUNT,4,3
B03,2025-11-21,15,LOAN,1,0
B03,2025-11-24,10,ACCOUNT,3,0
B03,2025-11-24,10,LOAN,1,0
B03,2025-11-24,11,ACCOUNT,1,0
B03,2025-11-24,11,LOAN,1,0
B03,2025-11-24,12,LOAN,4,1
B03,2025-11-24,13,ACCOUNT,2,0
B03,2025-11-24,14,ACCOUNT,2,0
B03,2025-11-24,14,LOAN,2,0
B03,2025-11-24,15,ACCOUNT,1,0
B03,2025-11-24,15,LOAN,4,0
B03,2025-11-25,10,LOAN,2,0
B03,2025-11-25,12,ACCOUNT,1,0
B03,2025-11-25,12,LOAN,1,0
B03,2025-11-25,13,ACCOUNT,1,0
B03,2025-11-25,14,LOAN,2,0
B03,2025-11-25,15,LOAN,6,2
B03,2025-11-26,10,ACCOUNT,2,0
B03,2025-11-26,10,LOAN,1,0
B03,2025-11-26,11,LOAN,2,1
B03,2025-11-26,12,ACCOUNT,1,0
B03,2025-11-26,12,LOAN,2,1
B03,2025-11-26,15,ACCOUNT,1,0
B03,2025-11-26,15,LOAN,3,1
B03,2025-11-27,10,LOAN,1,0
B03,2025-11-27,11,ACCOUNT,2,0
B03,2025-11-27,12,ACCOUNT,2,1
B03,2025-11-27,13,LOAN,1,0
B03,2025-11-28,10,ACCOUNT,2,0
B03,2025-11-28,10,LOAN,1,0
B03,2025-11-28,11,ACCOUNT,1,0
B03,2025-11-28,11,LOAN,7,3
B03,2025-11-28,12,ACCOUNT,1,0
B03,2025-11-28,12,LOAN,1,0
B03,2025-11-28,13,ACCOUNT,1,0
B03,2025-11-28,13,LOAN,1,0
B03,2025-11-28,14,ACCOUNT,1,0
B03,2025-11-28,14,LOAN,1,0
B03,2025-11-29,10,ACCOUNT,2,1
B03,2025-11-29,11,LOAN,1,0
B03,2025-11-29,13,LOAN,1,0
B03,2025-11-29,14,ACCOUNT,1,0
B03,2025-11-29,14,LOAN,4,2
B03,2025-11-29,15,LOAN,3,0
B03,2025-12-01,11,ACCOUNT,1,0
B03,2025-12-01,11,LOAN,2,1
B03,2025-12-01,12,ACCOUNT,3,0
B03,2025-12-01,12,LOAN,4,1
B03,2025-12-01,13,LOAN,2,0
B03,2025-12-01,14,ACCOUNT,1,0
B03,2025-12-01,14,LOAN,1,0
B03,2025-12-01,15,ACCOUNT,1,0
B03,2025-12-02,10,ACCOUNT,4,1
B03,2025-12-02,11,ACCOUNT,1,0
B03,2025-12-02,11,LOAN,5,2
B03,2025-12-02,12,ACCOUNT,1,0
B03,2025-12-02,12,LOAN,1,0
B03,2025-12-02,13,ACCOUNT,1,0
B03,2025-12-02,13,LOAN,3,0
B03,2025-12-02,14,LOAN,1,0
B03,2025-12-03,11,ACCOUNT,2,1
B03,2025-12-03,11,LOAN,2,0
B03,2025-12-03,12,LOAN,3,1
B03,2025-12-03,13,LOAN,1,0
B03,2025-12-03,14,ACCOUNT,1,0
B03,2025-12-03,14,LOAN,1,0
B03,2025-12-03,15,ACCOUNT,1,0
B03,2025-12-03,15,LOAN,1,0
B03,2025-12-04,10,LOAN,4,0
B03,2025-12-04,11,ACCOUNT,1,0
B03,2025-12-04,11,LOAN,1,0
B03,2025-12-04,14,LOAN,5,2
B03,2025-12-05,10,ACCOUNT,2,1
B03,2025-12-05,10,LOAN,1,0
B03,2025-12-05,11,LOAN,1,0
B03,2025-12-05,12,LOAN,5,0
B03,2025-12-05,13,LOAN,1,0
B03,2025-12-05,14,LOAN,1,0
B03,2025-12-05,15,LOAN,2,1
B03,2025-12-06,10,ACCOUNT,1,0
B03,2025-12-06,10,LOAN,1,0
B03,2025-12-06,12,LOAN,1,0
B03,2025-12-06,13,LOAN,4,2
B03,2025-12-06,14,LOAN,1,0
B03,2025-12-08,10,LOAN,3,0
B03,2025-12-08,11,LOAN,1,0
B03,2025-12-08,13,ACCOUNT,1,0
B03,2025-12-08,13,LOAN,4,1
B03,2025-12-08,14,ACCOUNT,2,1
B03,2025-12-08,14,LOAN,1,0
B03,2025-12-08,15,LOAN,2,0
B03,2025-12-09,10,LOAN,1,0
B03,2025-12-09,12,ACCOUNT,2,1
B03,2025-12-09,12,LOAN,1,0
B03,2025-12-09,13,ACCOUNT,2,1
B03,2025-12-09,13,LOAN,2,1
B03,2025-12-09,14,ACCOUNT,1,0
B03,2025-12-09,14,LOAN,1,0
B03,2025-12-10,11,ACCOUNT,2,0
B03,2025-12-10,11,LOAN,4,1
B03,2025-12-10,12,LOAN,1,0
B03,2025-12-10,14,LOAN,1,0
B03,2025-12-10,15,ACCOUNT,1,0
B03,2025-12-11,11,ACCOUNT,1,0
B03,2025-12-11,11,LOAN,3,0
B03,2025-12-11,12,LOAN,1,0
B03,2025-12-11,13,LOAN,1,0
B03,2025-12-11,14,LOAN,4,1
B03,2025-12-12,11,LOAN,1,0
B03,2025-12-12,12,ACCOUNT,2,1
B03,2025-12-12,12,LOAN,2,0
B03,2025-12-12,13,LOAN,2,0
B03,2025-12-12,14,ACCOUNT,1,0
B03,2025-12-12,15,ACCOUNT,1,0
B03,2025-12-15,10,ACCOUNT,3,1
B03,2025-12-15,10,LOAN,1,0
B03,2025-12-15,11,ACCOUNT,4,1
B03,2025-12-15,12,LOAN,5,1
B03,2025-12-15,13,ACCOUNT,1,0
B03,2025-12-15,15,LOAN,3,1
B03,2025-12-16,10,LOAN,2,0
B03,2025-12-16,11,LOAN,3,0
B03,2025-12-16,13,ACCOUNT,2,0
B03,2025-12-16,14,LOAN,5,2
B03,2025-12-17,10,ACCOUNT,1,0
B03,2025-12-17,11,LOAN,1,0
B03,2025-12-17,12,LOAN,4,1
B03,2025-12-17,15,LOAN,3,1
B03,2025-12-18,10,LOAN,2,0
B03,2025-12-18,11,ACCOUNT,1,0
B03,2025-12-18,11,LOAN,2,0
B03,2025-12-18,12,LOAN,3,1
B03,2025-12-18,13,ACCOUNT,3,1
B03,2025-12-18,14,ACCOUNT,2,1
B03,2025-12-18,14,LOAN,1,0
B03,2025-12-18,15,LOAN,2,0
B03,2025-12-19,11,ACCOUNT,2,1
B03,2025-12-19,11,LOAN,1,0
B03,2025-12-19,12,LOAN,3,0
B03,2025-12-19,13,LOAN,1,0
B03,2025-12-19,14,LOAN,6,2
B03,2025-12-19,15,ACCOUNT,2,1
B03,2025-12-20,10,LOAN,1,0
B03,2025-12-20,11,ACCOUNT,3,1
B03,2025-12-20,12,ACCOUNT,1,0
B03,2025-12-20,12,LOAN,4,1
B03,2025-12-20,15,LOAN,1,0
B03,2025-12-22,11,ACCOUNT,1,0
B03,2025-12-22,11,LOAN,2,0
B03,2025-12-22,12,ACCOUNT,4,2
B03,2025-12-22,12,LOAN,2,0
B03,2025-12-22,13,LOAN,3,0
B03,2025-12-22,15,LOAN,2,0
B03,2025-12-23,10,ACCOUNT,1,0
B03,2025-12-23,10,LOAN,4,1
B03,2025-12-23,11,ACCOUNT,1,0
B03,2025-12-23,11,LOAN,4,1
B03,2025-12-23,12,ACCOUNT,6,3
B03,2025-12-23,13,ACCOUNT,1,0
B03,2025-12-23,14,ACCOUNT,4,2
B03,2025-12-23,15,ACCOUNT,1,0
B03,2025-12-23,15,LOAN,1,0
B03,2025-12-24,10,ACCOUNT,1,0
B03,2025-12-24,10,LOAN,3,1
B03,2025-12-24,11,LOAN,2,0
B03,2025-12-24,12,LOAN,3,1
B03,2025-12-24,13,LOAN,3,0
B03,2025-12-24,14,LOAN,3,1
B03,2025-12-24,15,LOAN,2,0
B03,2025-12-26,10,ACCOUNT,1,0
B03,2025-12-26,10,LOAN,2,0
B03,2025-12-26,11,LOAN,3,0
B03,2025-12-26,12,ACCOUNT,2,1
B03,2025-12-26,12,LOAN,2,1
B03,2025-12-26,13,LOAN,1,0
B03,2025-12-26,14,ACCOUNT,1,0
B03,2025-12-26,14,LOAN,1,0
B03,2025-12-26,15,ACCOUNT,4,2
B03,2025-12-29,10,ACCOUNT,2,0
B03,2025-12-29,10,LOAN,3,0
B03,2025-12-29,11,ACCOUNT,4,1
B03,2025-12-29,11,LOAN,1,0
B03,2025-12-29,12,ACCOUNT,1,0
B03,2025-12-29,12,LOAN,1,0
B03,2025-12-29,13,ACCOUNT,2,0
B03,2025-12-29,13,LOAN,6,2
B03,2025-12-29,14,LOAN,3,0
B03,2025-12-29,15,LOAN,3,0
B03,2025-12-30,10,LOAN,2,0
B03,2025-12-30,11,LOAN,1,0
B03,2025-12-30,12,ACCOUNT,3,0
B03,2025-12-30,14,ACCOUNT,1,0
B03,2025-12-30,14,LOAN,3,0
B03,2025-12-30,15,ACCOUNT,1,0
B03,2025-12-30,15,LOAN,1,0
B03,2025-12-31,11,LOAN,2,1
B03,2025-12-31,12,LOAN,1,0
B03,2025-12-31,14,ACCOUNT,2,1
B03,2025-12-31,14,LOAN,2,1
B03,2025-12-31,15,LOAN,1,0
B03,2026-01-01,10,ACCOUNT,2,0
B03,2026-01-01,10,LOAN,1,0
B03,2026-01-01,11,LOAN,1,0
B03,2026-01-01,12,LOAN,1,0
B03,2026-01-01,14,LOAN,2,0
B03,2026-01-01,15,ACCOUNT,1,0
B03,2026-01-02,10,ACCOUNT,1,0
B03,2026-01-02,10,LOAN,5,1
B03,2026-01-02,11,LOAN,1,0
B03,2026-01-02,12,ACCOUNT,2,1
B03,2026-01-02,12,LOAN,4,0
B03,2026-01-02,13,LOAN,2,0
B03,2026-01-02,14,LOAN,3,1
B03,2026-01-02,15,ACCOUNT,1,0
B03,2026-01-02,15,LOAN,1,0
B03,2026-01-03,10,ACCOUNT,1,0
B03,2026-01-03,11,LOAN,3,1
B03,2026-01-03,12,LOAN,2,1
B03,2026-01-03,13,LOAN,1,0
B03,2026-01-03,14,ACCOUNT,1,0
B03,2026-01-03,14,LOAN,2,0
B03,2026-01-05,10,ACCOUNT,1,0
B03,2026-01-05,10,LOAN,1,0
B03,2026-01-05,11,LOAN,4,1
B03,2026-01-05,12,ACCOUNT,2,1
B03,2026-01-05,12,LOAN,1,0
B03,2026-01-05,13,LOAN,2,0
B03,2026-01-05,14,ACCOUNT,1,0
B03,2026-01-05,14,LOAN,3,0
B03,2026-01-05,15,ACCOUNT,1,0
B03,2026-01-05,15,LOAN,3,1
B03,2026-01-06,10,LOAN,4,1
B03,2026-01-06,12,ACCOUNT,3,0
B03,2026-01-06,12,LOAN,3,0
B03,2026-01-06,13,ACCOUNT,1,0
B03,2026-01-06,14,LOAN,4,1
B03,2026-01-06,15,ACCOUNT,1,0
B03,2026-01-07,10,ACCOUNT,2,0
B03,2026-01-07,10,LOAN,3,1
B03,2026-01-07,11,ACCOUNT,1,0
B03,2026-01-07,11,LOAN,3,1
B03,2026-01-07,12,LOAN,1,0
B03,2026-01-07,13,ACCOUNT,2,0
B03,2026-01-07,14,ACCOUNT,1,0
B03,2026-01-07,14,LOAN,1,0
B03,2026-01-07,15,ACCOUNT,1,0
B03,2026-01-08,10,LOAN,1,0
B03,2026-01-08,11,LOAN,3,1
B03,2026-01-08,12,LOAN,1,0
B03,2026-01-08,13,LOAN,1,0
B03,2026-01-08,14,ACCOUNT,1,0
B03,2026-01-08,14,LOAN,2,1
B03,2026-01-09,10,ACCOUNT,1,0
B03,2026-01-09,10,LOAN,2,0
B03,2026-01-09,11,ACCOUNT,1,0
B03,2026-01-09,11,LOAN,2,0
B03,2026-01-09,12,ACCOUNT,1,0
B03,2026-01-09,12,LOAN,6,3
B03,2026-01-09,13,ACCOUNT,1,0
B03,2026-01-09,13,LOAN,1,0
B03,2026-01-09,14,LOAN,2,0
B03,2026-01-09,15,LOAN,1,0
B03,2026-01-12,10,ACCOUNT,1,0
B03,2026-01-12,10,LOAN,3,0
B03,2026-01-12,11,LOAN,5,1
B03,2026-01-12,12,ACCOUNT,1,0
B03,2026-01-12,12,LOAN,4,1
B03,2026-01-12,13,LOAN,1,0
B03,2026-01-12,14,LOAN,2,0
B03,2026-01-12,15,LOAN,1,0
B03,2026-01-13,10,ACCOUNT,2,1
B03,2026-01-13,10,LOAN,2,1
B03,2026-01-13,11,ACCOUNT,1,0
B03,2026-01-13,11,LOAN,1,0
B03,2026-01-13,12,LOAN,2,1
B03,2026-01-13,13,ACCOUNT,1,0
B03,2026-01-13,13,LOAN,1,0
B03,2026-01-13,14,LOAN,2,1
B03,2026-01-13,15,ACCOUNT,1,0
B03,2026-01-14,10,ACCOUNT,1,0
B03,2026-01-14,11,LOAN,5,2
B03,2026-01-14,12,LOAN,2,0
B03,2026-01-14,13,LOAN,1,0
B03,2026-01-14,14,ACCOUNT,2,0
B03,2026-01-14,15,ACCOUNT,1,0
B03,2026-01-16,10,ACCOUNT,4,1
B03,2026-01-16,11,ACCOUNT,1,0
B03,2026-01-16,11,LOAN,1,0
B03,2026-01-16,12,LOAN,2,0
B03,2026-01-16,13,ACCOUNT,1,0
B03,2026-01-16,15,LOAN,1,0
B03,2026-01-17,10,LOAN,1,0
B03,2026-01-17,11,ACCOUNT,1,0
B03,2026-01-17,11,LOAN,3,0
B03,2026-01-17,12,LOAN,1,0
B03,2026-01-17,14,ACCOUNT,1,0
B03,2026-01-17,14,LOAN,5,2
B03,2026-01-19,10,LOAN,1,0
B03,2026-01-19,12,ACCOUNT,2,0
B03,2026-01-19,13,ACCOUNT,1,0
B03,2026-01-19,13,LOAN,1,0
B03,2026-01-19,15,ACCOUNT,1,0
B03,2026-01-19,15,LOAN,5,3
B03,2026-01-20,10,LOAN,2,0
B03,2026-01-20,11,LOAN,1,0
B03,2026-01-20,12,ACCOUNT,2,0
B03,2026-01-20,13,ACCOUNT,1,0
B03,2026-01-20,13,LOAN,1,0
B03,2026-01-20,15,ACCOUNT,1,0
B03,2026-01-21,10,ACCOUNT,1,0
B03,2026-01-21,10,LOAN,1,0
B03,2026-01-21,11,LOAN,2,0
B03,2026-01-21,12,ACCOUNT,1,0
B03,2026-01-21,12,LOAN,2,0
B03,2026-01-21,13,LOAN,1,0
B03,2026-01-21,14,LOAN,2,0
B03,2026-01-21,15,ACCOUNT,2,0
B03,2026-01-21,15,LOAN,3,0
B03,2026-01-22,11,ACCOUNT,3,1
B03,2026-01-22,11,LOAN,1,0
B03,2026-01-22,12,ACCOUNT,1,0
B03,2026-01-22,12,LOAN,2,1
B03,2026-01-22,14,ACCOUNT,2,1
B03,2026-01-22,15,LOAN,1,0
B03,2026-01-23,10,ACCOUNT,2,0
B03,2026-01-23,12,LOAN,2,0
B03,2026-01-23,13,ACCOUNT,1,0
B03,2026-01-23,13,LOAN,1,0
B03,2026-01-23,14,ACCOUNT,1,0
B03,2026-01-23,14,LOAN,4,2
B03,2026-01-23,15,ACCOUNT,1,0
B03,2026-01-23,15,LOAN,3,1
B03,2026-01-27,10,ACCOUNT,4,1
B03,2026-01-27,10,LOAN,3,1
B03,2026-01-27,11,LOAN,4,1
B03,2026-01-27,12,LOAN,2,0
B03,2026-01-27,13,ACCOUNT,1,0
B03,2026-01-27,14,LOAN,3,2
B03,2026-01-27,15,ACCOUNT,2,0
B03,2026-01-27,15,LOAN,1,0
B03,2026-01-28,10,ACCOUNT,3,1
B03,2026-01-28,10,LOAN,2,1
B03,2026-01-28,11,ACCOUNT,1,0
B03,2026-01-28,11,LOAN,5,2
B03,2026-01-28,12,LOAN,1,0
B03,2026-01-28,13,LOAN,1,0
B03,2026-01-28,14,ACCOUNT,1,0
B03,2026-01-28,14,LOAN,1,0
B03,2026-01-28,15,LOAN,4,0
B03,2026-01-29,11,LOAN,3,0
B03,2026-01-29,12,ACCOUNT,1,0
B03,2026-01-29,12,LOAN,2,0
B03,2026-01-29,13,LOAN,5,1
B03,2026-01-29,14,LOAN,1,0
B03,2026-01-29,15,LOAN,4,1
B03,2026-01-30,10,ACCOUNT,1,0
B03,2026-01-30,10,LOAN,1,0
B03,2026-01-30,11,LOAN,1,0
B03,2026-01-30,12,ACCOUNT,1,0
B03,2026-01-30,12,LOAN,1,0
B03,2026-01-30,13,LOAN,1,0
B03,2026-01-30,14,LOAN,1,0
B03,2026-01-30,15,LOAN,1,0
B03,2026-01-31,10,LOAN,2,1
B03,2026-01-31,11,ACCOUNT,1,0
B03,2026-01-31,13,LOAN,5,1
B03,2026-01-31,14,LOAN,3,1
B03,2026-01-31,15,LOAN,3,0
B03,2026-02-02,10,ACCOUNT,1,0
B03,2026-02-02,10,LOAN,1,0
B03,2026-02-02,11,LOAN,1,0
B03,2026-02-02,12,LOAN,1,0
B03,2026-02-02,13,LOAN,1,0
B03,2026-02-02,14,ACCOUNT,1,0
B03,2026-02-02,14,LOAN,1,0
B03,2026-02-02,15,LOAN,1,0
B03,2026-02-03,10,LOAN,1,0
B03,2026-02-03,11,LOAN,2,0
B03,2026-02-03,14,ACCOUNT,1,0
B03,2026-02-03,14,LOAN,4,0
B03,2026-02-03,15,ACCOUNT,6,3
B03,2026-02-03,15,LOAN,3,0
B03,2026-02-04,10,ACCOUNT,1,0
B03,2026-02-04,10,LOAN,1,0
B03,2026-02-04,12,ACCOUNT,1,0
B03,2026-02-04,12,LOAN,4,1
B03,2026-02-04,13,LOAN,3,0
B03,2026-02-04,14,LOAN,1,0
B03,2026-02-04,15,ACCOUNT,1,0
B03,2026-02-05,10,LOAN,1,0
B03,2026-02-05,11,ACCOUNT,3,1
B03,2026-02-05,11,LOAN,3,0
B03,2026-02-05,12,ACCOUNT,1,0
B03,2026-02-05,12,LOAN,3,0
B03,2026-02-05,13,LOAN,2,0
B03,2026-02-05,14,LOAN,4,0
B03,2026-02-05,15,ACCOUNT,3,1
B03,2026-02-05,15,LOAN,4,1
B03,2026-02-06,10,ACCOUNT,2,1
B03,2026-02-06,11,LOAN,3,1
B03,2026-02-06,12,ACCOUNT,2,0
B03,2026-02-06,12,LOAN,2,1
B03,2026-02-06,13,ACCOUNT,1,0
B03,2026-02-06,15,LOAN,1,0
B03,2026-02-07,10,LOAN,3,1
B03,2026-02-07,11,ACCOUNT,1,0
B03,2026-02-07,12,ACCOUNT,3,1
B03,2026-02-07,12,LOAN,3,1
B03,2026-02-07,13,LOAN,1,0
B03,2026-02-07,14,LOAN,1,0
B03,2026-02-07,15,LOAN,2,0
B03,2026-02-09,10,LOAN,1,0
B03,2026-02-09,11,LOAN,1,0
B03,2026-02-09,12,LOAN,3,1
B03,2026-02-09,13,ACCOUNT,1,0
B03,2026-02-09,13,LOAN,1,0
B03,2026-02-09,14,ACCOUNT,1,0
B03,2026-02-09,14,LOAN,8,4
B03,2026-02-10,10,LOAN,1,0
B03,2026-02-10,11,ACCOUNT,2,1
B03,2026-02-10,11,LOAN,1,0
B03,2026-02-10,12,LOAN,1,0
B03,2026-02-10,13,LOAN,1,0
B03,2026-02-10,14,ACCOUNT,1,0
B03,2026-02-10,14,LOAN,3,1
B03,2026-02-10,15,ACCOUNT,1,0
B03,2026-02-10,15,LOAN,2,0
B03,2026-02-11,10,ACCOUNT,1,0
B03,2026-02-11,10,LOAN,3,0
B03,2026-02-11,11,ACCOUNT,2,0
B03,2026-02-11,11,LOAN,2,0
B03,2026-02-11,13,ACCOUNT,1,0
B03,2026-02-11,13,LOAN,1,0
B03,2026-02-11,14,ACCOUNT,1,0
B03,2026-02-11,14,LOAN,1,0
B03,2026-02-11,15,ACCOUNT,1,0
B03,2026-02-12,10,ACCOUNT,1,0
B03,2026-02-12,12,LOAN,3,1
B03,2026-02-12,13,ACCOUNT,2,1
B03,2026-02-12,13,LOAN,2,1
B03,2026-02-12,14,LOAN,1,0
B03,2026-02-12,15,ACCOUNT,1,0
B03,2026-02-12,15,LOAN,1,0
B03,2026-02-13,10,ACCOUNT,2,1
B03,2026-02-13,11,ACCOUNT,1,0
B03,2026-02-13,11,LOAN,2,0
B03,2026-02-13,12,LOAN,3,1
B03,2026-02-13,13,LOAN,1,0
B03,2026-02-13,14,ACCOUNT,1,0
B03,2026-02-13,14,LOAN,2,0
B03,2026-02-16,10,ACCOUNT,1,0
B03,2026-02-16,11,LOAN,5,2
B03,2026-02-16,12,LOAN,1,0
B03,2026-02-16,13,LOAN,1,0
B03,2026-02-16,14,LOAN,2,0
B03,2026-02-16,15,ACCOUNT,1,0
B03,2026-02-16,15,LOAN,1,0
B03,2026-02-17,10,ACCOUNT,1,0
B03,2026-02-17,11,ACCOUNT,2,0
B03,2026-02-17,11,LOAN,1,0
B03,2026-02-17,12,ACCOUNT,4,0
B03,2026-02-17,12,LOAN,2,1
B03,2026-02-17,13,LOAN,1,0
B03,2026-02-17,14,ACCOUNT,1,0
B03,2026-02-17,14,LOAN,2,0
B03,2026-02-17,15,LOAN,2,0
B03,2026-02-18,10,ACCOUNT,3,0
B03,2026-02-18,10,LOAN,3,1
B03,2026-02-18,11,ACCOUNT,1,0
B03,2026-02-18,14,LOAN,1,0
B03,2026-02-18,15,ACCOUNT,1,0
B03,2026-02-19,10,LOAN,2,0
B03,2026-02-19,11,ACCOUNT,1,0
B03,2026-02-19,11,LOAN,2,0
B03,2026-02-19,12,ACCOUNT,1,0
B03,2026-02-19,12,LOAN,1,0
B03,2026-02-19,13,ACCOUNT,1,0
B03,2026-02-19,14,LOAN,4,1
B03,2026-02-19,15,LOAN,2,1
B03,2026-02-20,11,LOAN,1,0
B03,2026-02-20,12,LOAN,2,0
B03,2026-02-20,13,ACCOUNT,2,1
B03,2026-02-20,15,ACCOUNT,1,0
B03,2026-02-20,15,LOAN,1,0
B03,2026-02-21,10,ACCOUNT,1,0
B03,2026-02-21,10,LOAN,1,0
B03,2026-02-21,11,ACCOUNT,1,0
B03,2026-02-21,11,LOAN,2,1
B03,2026-02-21,12,ACCOUNT,1,0
B03,2026-02-21,12,LOAN,2,0
B03,2026-02-21,13,ACCOUNT,1,0
B03,2026-02-21,13,LOAN,2,1
B03,2026-02-21,14,ACCOUNT,1,0
B03,2026-02-21,14,LOAN,7,3
B03,2026-02-21,15,LOAN,2,1
B03,2026-02-23,10,ACCOUNT,1,0
B03,2026-02-23,10,LOAN,1,0
B03,2026-02-23,11,ACCOUNT,2,1
B03,2026-02-23,11,LOAN,1,0
B03,2026-02-23,12,LOAN,4,1
B03,2026-02-23,13,ACCOUNT,3,1
B03,2026-02-23,14,LOAN,1,0
B03,2026-02-23,15,ACCOUNT,1,0
B03,2026-02-23,15,LOAN,1,0
B03,2026-02-24,10,ACCOUNT,1,0
B03,2026-02-24,10,LOAN,3,1
B03,2026-02-24,11,ACCOUNT,1,0
B03,2026-02-24,11,LOAN,2,0
B03,2026-02-24,12,ACCOUNT,1,0
B03,2026-02-24,12,LOAN,1,0
B03,2026-02-24,14,ACCOUNT,2,1
B03,2026-02-24,14,LOAN,1,0
B03,2026-02-24,15,LOAN,1,0
B03,2026-02-25,10,LOAN,2,0
B03,2026-02-25,11,LOAN,1,0
B03,2026-02-25,12,ACCOUNT,1,0
B03,2026-02-25,13,LOAN,3,0
B03,2026-02-25,14,ACCOUNT,2,0
B03,2026-02-25,15,ACCOUNT,2,0
B03,2026-02-26,11,ACCOUNT,4,2
B03,2026-02-26,11,LOAN,1,0
B03,2026-02-26,13,ACCOUNT,4,1
B03,2026-02-26,14,ACCOUNT,1,0
B03,2026-02-26,14,LOAN,1,0
B03,2026-02-26,15,ACCOUNT,1,0
B03,2026-02-27,11,ACCOUNT,1,0
B03,2026-02-27,11,LOAN,1,0
B03,2026-02-27,12,ACCOUNT,1,0
B03,2026-02-27,12,LOAN,1,0
B03,2026-02-27,13,ACCOUNT,1,0
B03,2026-02-27,14,LOAN,2,1
B03,2026-02-27,15,ACCOUNT,2,1
B03,2026-02-27,15,LOAN,1,0
B03,2026-03-02,10,LOAN,1,0
B03,2026-03-02,11,ACCOUNT,1,0
B03,2026-03-02,11,LOAN,3,0
B03,2026-03-02,12,ACCOUNT,1,0
B03,2026-03-02,12,LOAN,1,0
B03,2026-03-02,13,ACCOUNT,1,0
B03,2026-03-02,13,LOAN,2,0
B03,2026-03-02,14,ACCOUNT,1,0
B03,2026-03-02,14,LOAN,4,0
B03,2026-03-02,15,ACCOUNT,1,0
B03,2026-03-02,15,LOAN,5,2
B03,2026-03-03,10,ACCOUNT,2,0
B03,2026-03-03,10,LOAN,1,0
B03,2026-03-03,11,ACCOUNT,2,1
B03,2026-03-03,11,LOAN,4,0
B03,2026-03-03,12,LOAN,2,0
B03,2026-03-03,13,ACCOUNT,1,0
B03,2026-03-03,13,LOAN,1,0
B03,2026-03-03,14,ACCOUNT,2,0
B03,2026-03-03,14,LOAN,2,0
B03,2026-03-03,15,ACCOUNT,2,1
B03,2026-03-03,15,LOAN,3,1
B03,2026-03-04,10,ACCOUNT,2,0
B03,2026-03-04,10,LOAN,2,0
B03,2026-03-04,11,ACCOUNT,1,0
B03,2026-03-04,11,LOAN,2,1
B03,2026-03-04,12,LOAN,2,1
B03,2026-03-04,14,LOAN,3,0
B03,2026-03-04,15,LOAN,1,0
B03,2026-03-05,10,LOAN,1,0
B03,2026-03-05,12,LOAN,2,0
B03,2026-03-05,13,ACCOUNT,1,0
B03,2026-03-05,13,LOAN,3,1
B03,2026-03-05,14,LOAN,1,0
B03,2026-03-05,15,ACCOUNT,1,0
B03,2026-03-05,15,LOAN,3,1
B03,2026-03-06,10,ACCOUNT,1,0
B03,2026-03-06,11,ACCOUNT,1,0
B03,2026-03-06,11,LOAN,1,0
B03,2026-03-06,12,ACCOUNT,3,0
B03,2026-03-06,12,LOAN,2,0
B03,2026-03-06,13,ACCOUNT,1,0
B03,2026-03-06,14,LOAN,3,1
B03,2026-03-07,10,ACCOUNT,1,0
B03,2026-03-07,11,ACCOUNT,2,1
B03,2026-03-07,11,LOAN,1,0
B03,2026-03-09,11,LOAN,2,0
B03,2026-03-09,12,ACCOUNT,2,1
B03,2026-03-09,12,LOAN,2,0
B03,2026-03-09,13,LOAN,3,1
B03,2026-03-09,14,ACCOUNT,1,0
B03,2026-03-09,14,LOAN,2,0
B03,2026-03-09,15,LOAN,1,0
B03,2026-03-10,11,ACCOUNT,1,0
B03,2026-03-10,11,LOAN,2,0
B03,2026-03-10,12,ACCOUNT,2,1
B03,2026-03-10,13,ACCOUNT,1,0
B03,2026-03-10,13,LOAN,1,0
B03,2026-03-10,14,ACCOUNT,1,0
B03,2026-03-10,14,LOAN,3,1
B03,2026-03-10,15,ACCOUNT,1,0
B03,2026-03-10,15,LOAN,2,0
B03,2026-03-11,10,LOAN,5,1
B03,2026-03-11,13,LOAN,1,0
B03,2026-03-11,15,ACCOUNT,1,0
B03,2026-03-11,15,LOAN,1,0
B03,2026-03-12,11,ACCOUNT,4,2
B03,2026-03-12,11,LOAN,1,0
B03,2026-03-12,12,LOAN,2,1
B03,2026-03-12,13,LOAN,1,0
B03,2026-03-13,10,ACCOUNT,3,1
B03,2026-03-13,11,ACCOUNT,2,1
B03,2026-03-13,11,LOAN,2,0
B03,2026-03-13,12,ACCOUNT,1,0
B03,2026-03-13,14,ACCOUNT,1,0
B03,2026-03-13,14,LOAN,1,0
B03,2026-03-16,10,LOAN,2,0
B03,2026-03-16,11,LOAN,2,0
B03,2026-03-16,12,ACCOUNT,2,0
B03,2026-03-16,12,LOAN,2,0
B03,2026-03-16,13,LOAN,5,2
B03,2026-03-16,14,LOAN,3,1
B03,2026-03-16,15,ACCOUNT,2,1
B03,2026-03-17,10,LOAN,2,0
B03,2026-03-17,11,ACCOUNT,2,1
B03,2026-03-17,11,LOAN,5,1
B03,2026-03-17,12,ACCOUNT,2,0
B03,2026-03-17,12,LOAN,13,5
B03,2026-03-17,13,ACCOUNT,1,0
B03,2026-03-17,13,LOAN,2,0
B03,2026-03-17,14,ACCOUNT,2,1
B03,2026-03-17,14,LOAN,7,2
B03,2026-03-17,15,LOAN,1,0
B03,2026-03-18,10,LOAN,2,1
B03,2026-03-18,11,LOAN,1,0
B03,2026-03-18,12,ACCOUNT,1,0
B03,2026-03-18,13,LOAN,1,0
B03,2026-03-18,14,ACCOUNT,1,0
B03,2026-03-18,15,ACCOUNT,3,0
B03,2026-03-21,10,ACCOUNT,4,0
B03,2026-03-21,11,ACCOUNT,1,0
B03,2026-03-21,11,LOAN,5,0
B03,2026-03-21,12,ACCOUNT,2,0
B03,2026-03-21,12,LOAN,5,2
B03,2026-03-21,13,ACCOUNT,4,1
B03,2026-03-21,13,LOAN,1,0
B03,2026-03-21,14,LOAN,3,1
B03,2026-03-21,15,ACCOUNT,1,0
B03,2026-03-23,10,LOAN,2,0
B03,2026-03-23,11,ACCOUNT,1,0
B03,2026-03-23,11,LOAN,4,2
B03,2026-03-23,12,LOAN,3,0
B03,2026-03-23,13,LOAN,2,1
B03,2026-03-23,14,ACCOUNT,1,0
B03,2026-03-23,14,LOAN,4,1
B03,2026-03-23,15,ACCOUNT,1,0
B03,2026-03-24,10,ACCOUNT,2,1
B03,2026-03-24,10,LOAN,2,0
B03,2026-03-24,11,ACCOUNT,4,2
B03,2026-03-24,11,LOAN,3,0
B03,2026-03-24,12,LOAN,1,0
B03,2026-03-24,13,LOAN,1,0
B03,2026-03-24,14,LOAN,1,0
B03,2026-03-24,15,ACCOUNT,3,0
B03,2026-03-24,15,LOAN,3,1
B03,2026-03-25,10,ACCOUNT,2,0
B03,2026-03-25,10,LOAN,1,0
B03,2026-03-25,11,LOAN,9,3
B03,2026-03-25,12,LOAN,2,0
B03,2026-03-25,13,ACCOUNT,1,0
B03,2026-03-25,14,ACCOUNT,1,0
B03,2026-03-25,14,LOAN,2,0
B03,2026-03-25,15,ACCOUNT,1,0
B03,2026-03-25,15,LOAN,4,2
B03,2026-03-26,10,ACCOUNT,1,0
B03,2026-03-26,10,LOAN,1,0
B03,2026-03-26,11,ACCOUNT,2,0
B03,2026-03-26,11,LOAN,5,1
B03,2026-03-26,12,LOAN,2,1
B03,2026-03-26,13,LOAN,2,0
B03,2026-03-26,14,ACCOUNT,5,3
B03,2026-03-26,14,LOAN,2,0
B03,2026-03-26,15,LOAN,1,0
B03,2026-03-27,10,ACCOUNT,2,0
B03,2026-03-27,10,LOAN,3,0
B03,2026-03-27,11,ACCOUNT,2,0
B03,2026-03-27,12,ACCOUNT,2,0
B03,2026-03-27,12,LOAN,5,1
B03,2026-03-27,13,ACCOUNT,1,0
B03,2026-03-27,14,LOAN,5,2
B03,2026-03-27,15,ACCOUNT,1,0
B03,2026-03-27,15,LOAN,2,0
B03,2026-03-30,10,ACCOUNT,1,0
B03,2026-03-30,10,LOAN,2,0
B03,2026-03-30,11,ACCOUNT,1,0
B03,2026-03-30,11,LOAN,2,0
B03,2026-03-30,12,LOAN,2,0
B03,2026-03-30,13,ACCOUNT,1,0
B03,2026-03-30,13,LOAN,3,1
B03,2026-03-30,14,ACCOUNT,1,0
B03,2026-03-30,14,LOAN,2,0
B03,2026-03-30,15,LOAN,5,0
B03,2026-04-02,10,LOAN,2,1
B03,2026-04-02,11,LOAN,2,0
B03,2026-04-02,12,ACCOUNT,1,0
B03,2026-04-02,12,LOAN,2,1
B03,2026-04-02,13,LOAN,2,0
B03,2026-04-02,14,LOAN,2,0
B03,2026-04-02,15,LOAN,2,0
B03,2026-04-04,10,ACCOUNT,2,0
B03,2026-04-04,10,LOAN,1,0
B03,2026-04-04,11,LOAN,3,0
B03,2026-04-04,12,ACCOUNT,1,0
B03,2026-04-04,12,LOAN,3,0
B03,2026-04-04,13,ACCOUNT,1,0
B03,2026-04-04,13,LOAN,2,0
B03,2026-04-04,15,ACCOUNT,1,0
B03,2026-04-04,15,LOAN,4,0
B03,2026-04-06,10,ACCOUNT,1,0
B03,2026-04-06,10,LOAN,3,1
B03,2026-04-06,12,ACCOUNT,2,0
B03,2026-04-06,12,LOAN,3,0
B03,2026-04-06,13,ACCOUNT,1,0
B03,2026-04-06,14,ACCOUNT,2,1
B03,2026-04-06,14,LOAN,5,1
B03,2026-04-06,15,LOAN,1,0
B03,2026-04-07,11,LOAN,1,0
B03,2026-04-07,12,LOAN,1,0
B03,2026-04-07,13,LOAN,2,1
B03,2026-04-07,14,LOAN,4,1
B03,2026-04-07,15,LOAN,1,0
B03,2026-04-08,10,ACCOUNT,1,0
B03,2026-04-08,10,LOAN,2,0
B03,2026-04-08,11,LOAN,2,0
B03,2026-04-08,12,ACCOUNT,3,1
B03,2026-04-08,13,ACCOUNT,1,0
B03,2026-04-08,13,LOAN,1,0
B03,2026-04-08,14,ACCOUNT,2,0
B03,2026-04-08,14,LOAN,4,1
B03,2026-04-08,15,LOAN,1,0
B03,2026-04-09,10,ACCOUNT,1,0
B03,2026-04-09,12,LOAN,2,0
B03,2026-04-09,13,LOAN,1,0
B03,2026-04-09,14,ACCOUNT,2,1
B03,2026-04-09,14,LOAN,3,1
B03,2026-04-09,15,ACCOUNT,1,0
B03,2026-04-09,15,LOAN,3,1
B03,2026-04-10,10,ACCOUNT,3,1
B03,2026-04-10,10,LOAN,2,0
B03,2026-04-10,11,LOAN,1,0
B03,2026-04-10,12,ACCOUNT,1,0
B03,2026-04-10,12,LOAN,2,0
B03,2026-04-10,13,ACCOUNT,1,0
B03,2026-04-10,14,LOAN,2,0
B03,2026-04-10,15,ACCOUNT,5,3
B03,2026-04-10,15,LOAN,1,0
B03,2026-04-13,10,ACCOUNT,1,0
B03,2026-04-13,10,LOAN,1,0
B03,2026-04-13,11,LOAN,4,0
B03,2026-04-13,12,ACCOUNT,2,0
B03,2026-04-13,12,LOAN,2,0
B03,2026-04-13,13,ACCOUNT,1,0
B03,2026-04-13,14,ACCOUNT,3,1
B03,2026-04-13,15,ACCOUNT,1,0
B03,2026-04-15,12,LOAN,4,1
B03,2026-04-15,13,ACCOUNT,1,0
B03,2026-04-15,13,LOAN,1,0
B03,2026-04-15,14,ACCOUNT,2,1
B03,2026-04-15,15,LOAN,2,0
B03,2026-04-16,10,ACCOUNT,1,0
B03,2026-04-16,10,LOAN,1,0
B03,2026-04-16,11,LOAN,1,0
B03,2026-04-16,12,LOAN,1,0
B03,2026-04-16,14,ACCOUNT,3,1
B03,2026-04-16,14,LOAN,1,0
B03,2026-04-16,15,ACCOUNT,1,0
B03,2026-04-17,11,ACCOUNT,2,0
B03,2026-04-17,12,LOAN,3,0
B03,2026-04-17,13,ACCOUNT,3,2
B03,2026-04-17,13,LOAN,4,1
B03,2026-04-17,14,ACCOUNT,1,0
B03,2026-04-17,14,LOAN,3,1
B03,2026-04-17,15,LOAN,1,0
B03,2026-04-18,11,ACCOUNT,1,0
B03,2026-04-18,12,ACCOUNT,3,1
B03,2026-04-18,12,LOAN,1,0
B03,2026-04-18,13,ACCOUNT,2,0
B03,2026-04-18,13,LOAN,3,1
B03,2026-04-18,14,ACCOUNT,2,0
B03,2026-04-18,14,LOAN,5,2
B03,2026-04-20,10,ACCOUNT,2,1
B03,2026-04-20,11,ACCOUNT,1,0
B03,2026-04-20,11,LOAN,4,0
B03,2026-04-20,12,LOAN,2,0
B03,2026-04-20,13,ACCOUNT,1,0
B03,2026-04-20,14,ACCOUNT,1,0
B03,2026-04-20,14,LOAN,2,1
B03,2026-04-21,10,ACCOUNT,1,0
B03,2026-04-21,11,LOAN,2,0
B03,2026-04-21,12,ACCOUNT,1,0
B03,2026-04-21,12,LOAN,3,0
B03,2026-04-21,13,LOAN,1,0
B03,2026-04-21,14,ACCOUNT,1,0
B03,2026-04-21,15,LOAN,1,0
B03,2026-04-22,11,ACCOUNT,1,0
B03,2026-04-22,11,LOAN,3,0
B03,2026-04-22,12,ACCOUNT,3,1
B03,2026-04-22,12,LOAN,1,0
B03,2026-04-22,13,LOAN,4,0
B03,2026-04-22,14,LOAN,3,0
B03,2026-04-22,15,LOAN,1,0
B03,2026-04-23,10,ACCOUNT,1,0
B03,2026-04-23,10,LOAN,1,0
B03,2026-04-23,11,LOAN,2,1
B03,2026-04-23,12,LOAN,1,0
B03,2026-04-23,13,LOAN,1,0
B03,2026-04-23,14,ACCOUNT,1,0
B03,2026-04-23,14,LOAN,2,0
B03,2026-04-24,10,ACCOUNT,3,1
B03,2026-04-24,10,LOAN,1,0
B03,2026-04-24,11,LOAN,1,0
B03,2026-04-24,12,ACCOUNT,1,0
B03,2026-04-24,12,LOAN,1,0
B03,2026-04-24,13,LOAN,4,2
B03,2026-04-24,15,ACCOUNT,1,0
B03,2026-04-27,10,ACCOUNT,1,0
B03,2026-04-27,10,LOAN,1,0
B03,2026-04-27,11,ACCOUNT,2,1
B03,2026-04-27,11,LOAN,2,0
B03,2026-04-27,12,ACCOUNT,1,0
B03,2026-04-27,13,ACCOUNT,1,0
B03,2026-04-27,13,LOAN,1,0
B03,2026-04-27,14,ACCOUNT,2,0
B03,2026-04-27,15,LOAN,4,1
B03,2026-04-28,10,LOAN,1,0
B03,2026-04-28,13,ACCOUNT,1,0
B03,2026-04-28,13,LOAN,1,0
B03,2026-04-28,14,ACCOUNT,2,0
B03,2026-04-28,15,LOAN,2,1
B03,2026-04-29,10,LOAN,2,1
B03,2026-04-29,11,ACCOUNT,1,0
B03,2026-04-29,11,LOAN,2,0
B03,2026-04-29,12,ACCOUNT,4,1
B03,2026-04-29,12,LOAN,1,0
B03,2026-04-29,13,ACCOUNT,1,0
B03,2026-04-29,13,LOAN,1,0
B03,2026-04-29,14,LOAN,4,1
B03,2026-04-30,10,LOAN,1,0
B03,2026-04-30,11,LOAN,2,1
B03,2026-04-30,12,LOAN,4,0
B03,2026-04-30,13,ACCOUNT,1,0
B03,2026-04-30,13,LOAN,1,0
B03,2026-04-30,14,LOAN,3,0
B03,2026-04-30,15,ACCOUNT,1,0
B03,2026-05-02,11,LOAN,1,0
B03,2026-05-02,12,LOAN,3,0
B03,2026-05-02,13,LOAN,1,0
B03,2026-05-02,14,ACCOUNT,1,0
B03,2026-05-02,14,LOAN,3,0
B03,2026-05-02,15,ACCOUNT,1,0
B03,2026-05-04,10,ACCOUNT,2,0
B03,2026-05-04,10,LOAN,2,0
B03,2026-05-04,12,ACCOUNT,2,1
B03,2026-05-04,13,LOAN,3,1
B03,2026-05-04,14,ACCOUNT,1,0
B03,2026-05-04,14,LOAN,4,1
B03,2026-05-05,10,ACCOUNT,1,0
B03,2026-05-05,11,ACCOUNT,4,0
B03,2026-05-05,11,LOAN,1,0
B03,2026-05-05,12,LOAN,1,0
B03,2026-05-05,13,LOAN,1,0
B03,2026-05-05,15,LOAN,3,1
B03,2026-05-06,10,LOAN,1,0
B03,2026-05-06,11,ACCOUNT,1,0
B03,2026-05-06,11,LOAN,1,0
B03,2026-05-06,12,LOAN,3,1
B03,2026-05-06,13,ACCOUNT,1,0
B03,2026-05-06,13,LOAN,4,2
B03,2026-05-06,14,LOAN,2,0
B03,2026-05-06,15,LOAN,1,0
B03,2026-05-07,10,ACCOUNT,4,1
B03,2026-05-07,11,LOAN,3,1
B03,2026-05-07,12,ACCOUNT,2,1
B03,2026-05-07,12,LOAN,1,0
B03,2026-05-07,13,LOAN,3,1
B03,2026-05-07,14,LOAN,2,0
B03,2026-05-07,15,LOAN,2,0
B03,2026-05-08,11,LOAN,1,0
B03,2026-05-08,12,LOAN,4,1
B03,2026-05-08,14,ACCOUNT,1,0
B03,2026-05-08,14,LOAN,1,0
B03,2026-05-08,15,LOAN,1,0
B03,2026-05-11,10,LOAN,2,1
B03,2026-05-11,11,ACCOUNT,1,0
B03,2026-05-11,11,LOAN,3,0
B03,2026-05-11,12,ACCOUNT,1,0
B03,2026-05-11,12,LOAN,6,2
B03,2026-05-11,13,ACCOUNT,1,0
B03,2026-05-11,13,LOAN,2,0
B03,2026-05-11,14,LOAN,3,0
B03,2026-05-11,15,ACCOUNT,1,0
B03,2026-05-11,15,LOAN,3,1
B03,2026-05-12,10,ACCOUNT,4,2
B03,2026-05-12,10,LOAN,1,0
B03,2026-05-12,11,ACCOUNT,4,0
B03,2026-05-12,12,LOAN,1,0
B03,2026-05-12,13,LOAN,2,1
B03,2026-05-12,14,ACCOUNT,2,1
B03,2026-05-12,14,LOAN,3,1
B03,2026-05-12,15,LOAN,3,1
B03,2026-05-13,10,LOAN,1,0
B03,2026-05-13,11,ACCOUNT,3,1
B03,2026-05-13,11,LOAN,2,0
B03,2026-05-13,12,ACCOUNT,2,0
B03,2026-05-13,13,LOAN,1,0
B03,2026-05-13,14,ACCOUNT,2,0
B03,2026-05-13,15,ACCOUNT,2,1
B03,2026-05-13,15,LOAN,2,0
B03,2026-05-14,10,ACCOUNT,4,1
B03,2026-05-14,11,ACCOUNT,2,0
B03,2026-05-14,11,LOAN,2,1
B03,2026-05-14,12,LOAN,1,0
B03,2026-05-14,13,LOAN,1,0
B03,2026-05-14,14,LOAN,1,0
B03,2026-05-14,15,ACCOUNT,3,0
B03,2026-05-14,15,LOAN,1,0
B03,2026-05-15,10,ACCOUNT,1,0
B03,2026-05-15,10,LOAN,2,0
B03,2026-05-15,11,LOAN,4,2
B03,2026-05-15,12,ACCOUNT,1,0
B03,2026-05-15,12,LOAN,3,1
B03,2026-05-15,13,ACCOUNT,1,0
B03,2026-05-15,14,LOAN,3,0
B03,2026-05-15,15,LOAN,2,0
B03,2026-05-16,11,LOAN,4,1
B03,2026-05-16,12,ACCOUNT,1,0
B03,2026-05-16,14,LOAN,2,0
B03,2026-05-18,10,ACCOUNT,2,1
B03,2026-05-18,10,LOAN,2,1
B03,2026-05-18,11,ACCOUNT,1,0
B03,2026-05-18,11,LOAN,3,0
B03,2026-05-18,12,ACCOUNT,1,0
B03,2026-05-18,12,LOAN,2,1
B03,2026-05-18,13,ACCOUNT,1,0
B03,2026-05-18,13,LOAN,1,0
B03,2026-05-18,14,LOAN,4,1
B03,2026-05-18,15,LOAN,2,0
B03,2026-05-19,11,LOAN,1,0
B03,2026-05-19,12,LOAN,1,0
B03,2026-05-19,14,LOAN,2,1
B03,2026-05-19,15,ACCOUNT,2,1
B03,2026-05-20,10,LOAN,3,1
B03,2026-05-20,11,ACCOUNT,2,0
B03,2026-05-20,11,LOAN,9,2
B03,2026-05-20,12,LOAN,2,1
B03,2026-05-20,13,LOAN,4,2
B03,2026-05-20,14,ACCOUNT,1,0
B03,2026-05-20,14,LOAN,1,0
B03,2026-05-20,15,ACCOUNT,1,0
B03,2026-05-20,15,LOAN,2,0
B03,2026-05-21,11,ACCOUNT,2,0
B03,2026-05-21,12,ACCOUNT,2,0
B03,2026-05-21,13,LOAN,1,0
B03,2026-05-21,14,LOAN,1,0
B03,2026-05-21,15,LOAN,1,0
B03,2026-05-22,10,ACCOUNT,2,1
B03,2026-05-22,11,ACCOUNT,2,0
B03,2026-05-22,14,LOAN,2,0
B03,2026-05-22,15,ACCOUNT,1,0
B03,2026-05-25,10,ACCOUNT,1,0
B03,2026-05-25,10,LOAN,1,0
B03,2026-05-25,11,ACCOUNT,3,0
B03,2026-05-25,12,ACCOUNT,1,0
B03,2026-05-25,12,LOAN,3,1
B03,2026-05-25,13,ACCOUNT,1,0
B03,2026-05-25,14,ACCOUNT,1,0
B03,2026-05-25,14,LOAN,4,0
B03,2026-05-25,15,ACCOUNT,2,0
B03,2026-05-25,15,LOAN,2,0
B03,2026-05-26,10,ACCOUNT,1,0
B03,2026-05-26,11,LOAN,4,0
B03,2026-05-26,12,ACCOUNT,1,0
B03,2026-05-26,12,LOAN,2,0
B03,2026-05-26,15,LOAN,1,0
B03,2026-05-28,10,LOAN,1,0
B03,2026-05-28,11,LOAN,1,0
B03,2026-05-28,12,ACCOUNT,3,1
B03,2026-05-28,13,LOAN,3,1
B03,2026-05-28,14,LOAN,1,0
B03,2026-05-28,15,ACCOUNT,2,0
B03,2026-05-29,10,ACCOUNT,1,0
B03,2026-05-29,11,ACCOUNT,1,0
B03,2026-05-29,11,LOAN,2,0
B03,2026-05-29,12,LOAN,1,0
B03,2026-05-29,13,LOAN,2,1
B03,2026-05-29,15,LOAN,4,1
B03,2026-05-30,10,LOAN,1,0
B03,2026-05-30,11,ACCOUNT,2,1
B03,2026-05-30,11,LOAN,3,0
B03,2026-05-30,12,ACCOUNT,1,0
B03,2026-05-30,12,LOAN,2,1
B03,2026-05-30,13,ACCOUNT,1,0
B03,2026-05-30,13,LOAN,1,0
B03,2026-05-30,14,LOAN,1,0
B03,2026-06-01,11,ACCOUNT,3,0
B03,2026-06-01,11,LOAN,3,0
B03,2026-06-01,12,ACCOUNT,1,0
B03,2026-06-01,12,LOAN,5,2
B03,2026-06-01,13,LOAN,5,2
B03,2026-06-01,14,ACCOUNT,2,0
B03,2026-06-01,14,LOAN,1,0
B03,2026-06-01,15,ACCOUNT,2,0
B03,2026-06-01,15,LOAN,2,0
B03,2026-06-02,10,ACCOUNT,1,0
B03,2026-06-02,11,ACCOUNT,3,0
B03,2026-06-02,12,ACCOUNT,1,0
B03,2026-06-02,13,LOAN,1,0
B03,2026-06-02,14,ACCOUNT,3,1
B03,2026-06-02,15,LOAN,2,0
B03,2026-06-03,10,ACCOUNT,3,2
B03,2026-06-03,10,LOAN,4,1
B03,2026-06-03,11,LOAN,2,0
B03,2026-06-03,12,LOAN,2,0
B03,2026-06-03,13,LOAN,2,1
B03,2026-06-03,14,ACCOUNT,1,0
B03,2026-06-03,15,ACCOUNT,1,0
B03,2026-06-03,15,LOAN,3,0
B03,2026-06-04,10,LOAN,1,0
B03,2026-06-04,12,ACCOUNT,1,0
B03,2026-06-04,12,LOAN,2,0
B03,2026-06-04,13,LOAN,1,0
B03,2026-06-04,14,ACCOUNT,1,0
B03,2026-06-04,15,LOAN,2,1
B03,2026-06-05,10,ACCOUNT,1,0
B03,2026-06-05,10,LOAN,1,0
B03,2026-06-05,11,ACCOUNT,2,0
B03,2026-06-05,11,LOAN,4,1
B03,2026-06-05,12,ACCOUNT,3,1
B03,2026-06-05,13,LOAN,2,0
B03,2026-06-05,14,LOAN,3,1
B03,2026-06-05,15,LOAN,3,1
B03,2026-06-06,11,ACCOUNT,2,1
B03,2026-06-06,11,LOAN,3,1
B03,2026-06-06,12,ACCOUNT,2,1
B03,2026-06-06,13,ACCOUNT,1,0
B03,2026-06-06,13,LOAN,1,0
B03,2026-06-06,14,LOAN,4,0
B03,2026-06-06,15,LOAN,1,0
B03,2026-06-08,10,LOAN,2,0
B03,2026-06-08,11,ACCOUNT,1,0
B03,2026-06-08,11,LOAN,1,0
B03,2026-06-08,12,LOAN,1,0
B03,2026-06-08,13,LOAN,1,0
B03,2026-06-08,14,LOAN,3,1
B03,2026-06-09,10,ACCOUNT,4,1
B03,2026-06-09,10,LOAN,5,3
B03,2026-06-09,11,ACCOUNT,1,0
B03,2026-06-09,11,LOAN,1,0
B03,2026-06-09,12,LOAN,2,0
B03,2026-06-09,13,LOAN,1,0
B03,2026-06-09,14,ACCOUNT,1,0
B03,2026-06-09,15,LOAN,1,0
B03,2026-06-10,10,LOAN,1,0
B03,2026-06-10,11,LOAN,3,1
B03,2026-06-10,12,LOAN,2,0
B03,2026-06-10,14,ACCOUNT,1,0
B03,2026-06-11,11,LOAN,1,0
B03,2026-06-11,13,LOAN,1,0
B03,2026-06-11,15,LOAN,1,0
B03,2026-06-12,10,ACCOUNT,3,1
B03,2026-06-12,13,ACCOUNT,2,1
B03,2026-06-12,14,ACCOUNT,1,0
B03,2026-06-12,14,LOAN,1,0
B03,2026-06-15,10,ACCOUNT,1,0
B03,2026-06-15,10,LOAN,4,0
B03,2026-06-15,11,LOAN,6,2
B03,2026-06-15,12,ACCOUNT,3,0
B03,2026-06-15,12,LOAN,1,0
B03,2026-06-15,13,LOAN,1,0
B03,2026-06-15,14,ACCOUNT,2,0
B03,2026-06-15,14,LOAN,3,0
B03,2026-06-16,10,ACCOUNT,3,1
B03,2026-06-16,10,LOAN,3,1
B03,2026-06-16,11,LOAN,2,0
B03,2026-06-16,12,ACCOUNT,3,0
B03,2026-06-16,13,LOAN,2,1
B03,2026-06-16,14,ACCOUNT,1,0
B03,2026-06-16,14,LOAN,1,0
B03,2026-06-16,15,ACCOUNT,1,0
B03,2026-06-16,15,LOAN,2,0
B03,2026-06-17,10,ACCOUNT,3,1
B03,2026-06-17,10,LOAN,2,1
B03,2026-06-17,11,ACCOUNT,3,1
B03,2026-06-17,12,LOAN,3,1
B03,2026-06-17,13,LOAN,1,0
B03,2026-06-17,14,LOAN,2,1
B03,2026-06-17,15,ACCOUNT,1,0
B03,2026-06-17,15,LOAN,4,1
B03,2026-06-18,10,ACCOUNT,1,0
B03,2026-06-18,10,LOAN,3,1
B03,2026-06-18,15,ACCOUNT,1,0
B03,2026-06-18,15,LOAN,1,0
B03,2026-06-19,10,ACCOUNT,2,1
B03,2026-06-19,10,LOAN,3,0
B03,2026-06-19,11,ACCOUNT,1,0
B03,2026-06-19,11,LOAN,3,0
B03,2026-06-19,12,ACCOUNT,1,0
B03,2026-06-19,12,LOAN,2,0
B03,2026-06-19,13,ACCOUNT,1,0
B03,2026-06-19,14,LOAN,4,2
B03,2026-06-19,15,LOAN,1,0
B03,2026-06-20,10,LOAN,1,0
B03,2026-06-20,11,LOAN,1,0
B03,2026-06-20,12,ACCOUNT,1,0
B03,2026-06-20,12,LOAN,4,1
B03,2026-06-20,13,LOAN,2,0
B03,2026-06-20,14,LOAN,1,0
B03,2026-06-22,10,ACCOUNT,1,0
B03,2026-06-22,10,LOAN,1,0
B03,2026-06-22,11,ACCOUNT,4,2
B03,2026-06-22,11,LOAN,1,0
B03,2026-06-22,12,ACCOUNT,2,0
B03,2026-06-22,12,LOAN,3,0
B03,2026-06-22,13,ACCOUNT,1,0
B03,2026-06-22,13,LOAN,1,0
B03,2026-06-22,14,LOAN,1,0
B03,2026-06-22,15,ACCOUNT,1,0
B03,2026-06-23,10,ACCOUNT,1,0
B03,2026-06-23,10,LOAN,2,1
B03,2026-06-23,11,ACCOUNT,1,0
B03,2026-06-23,12,ACCOUNT,1,0
B03,2026-06-23,12,LOAN,3,1
B03,2026-06-23,13,LOAN,2,0
B03,2026-06-23,14,ACCOUNT,2,0
B03,2026-06-23,14,LOAN,2,1
B03,2026-06-23,15,ACCOUNT,1,0
B03,2026-06-23,15,LOAN,1,0
B03,2026-06-24,11,ACCOUNT,1,0
B03,2026-06-24,11,LOAN,3,0
B03,2026-06-24,12,ACCOUNT,1,0
B03,2026-06-24,12,LOAN,5,1
B03,2026-06-24,13,ACCOUNT,1,0
B03,2026-06-24,13,LOAN,7,2
B03,2026-06-24,14,ACCOUNT,2,1
B03,2026-06-24,14,LOAN,1,0
B03,2026-06-24,15,LOAN,2,0
B03,2026-06-25,10,LOAN,1,0
B03,2026-06-25,11,LOAN,2,0
B03,2026-06-25,12,ACCOUNT,1,0
B03,2026-06-25,15,LOAN,5,1
B03,2026-06-29,10,LOAN,2,0
B03,2026-06-29,11,LOAN,1,0
B03,2026-06-29,12,ACCOUNT,2,1
B03,2026-06-29,12,LOAN,1,0
B03,2026-06-29,13,ACCOUNT,2,0
B03,2026-06-29,13,LOAN,1,0
B03,2026-06-30,10,ACCOUNT,1,0
B03,2026-06-30,10,LOAN,5,0
B03,2026-06-30,11,LOAN,6,2
B03,2026-06-30,12,LOAN,3,1
B03,2026-06-30,13,LOAN,2,1
B03,2026-06-30,14,LOAN,3,1
B03,2026-06-30,15,ACCOUNT,1,0
B03,2026-06-30,15,LOAN,3,1
B03,2026-07-01,11,LOAN,4,0
B03,2026-07-01,12,ACCOUNT,1,0
B03,2026-07-01,14,LOAN,4,0
B03,2026-07-01,15,ACCOUNT,1,0
B03,2026-07-01,15,LOAN,1,0
B03,2026-07-02,10,ACCOUNT,1,0
B03,2026-07-02,10,LOAN,6,3
B03,2026-07-02,11,ACCOUNT,1,0
B03,2026-07-02,11,LOAN,2,1
B03,2026-07-02,12,LOAN,3,1
B03,2026-07-02,13,ACCOUNT,4,1
B03,2026-07-02,13,LOAN,1,0
B03,2026-07-02,14,LOAN,1,0
B03,2026-07-03,10,ACCOUNT,1,0
B03,2026-07-03,10,LOAN,4,1
B03,2026-07-03,12,ACCOUNT,2,1
B03,2026-07-03,12,LOAN,2,0
B03,2026-07-03,13,ACCOUNT,1,0
B03,2026-07-03,13,LOAN,1,0
B03,2026-07-03,14,LOAN,2,0
B03,2026-07-03,15,ACCOUNT,2,1
B03,2026-07-03,15,LOAN,2,1
B03,2026-07-04,12,ACCOUNT,2,1
B03,2026-07-04,14,LOAN,1,0
B03,2026-07-04,15,LOAN,3,0
B03,2026-07-06,10,ACCOUNT,2,0
B03,2026-07-06,10,LOAN,4,1
B03,2026-07-06,11,LOAN,1,0
B03,2026-07-06,12,ACCOUNT,1,0
B03,2026-07-06,12,LOAN,1,0
B03,2026-07-06,14,ACCOUNT,4,2
B03,2026-07-06,14,LOAN,4,1
B03,2026-07-06,15,LOAN,3,1
B03,2026-07-07,10,ACCOUNT,2,0
B03,2026-07-07,11,LOAN,1,0
B03,2026-07-07,15,ACCOUNT,1,0
B03,2026-07-08,10,LOAN,1,0
B03,2026-07-08,11,ACCOUNT,2,0
B03,2026-07-08,11,LOAN,2,0
B03,2026-07-08,12,ACCOUNT,2,0
B03,2026-07-08,12,LOAN,2,1
B03,2026-07-08,14,LOAN,4,2
B03,2026-07-09,10,ACCOUNT,1,0
B03,2026-07-09,10,LOAN,1,0
B03,2026-07-09,11,ACCOUNT,2,1
B03,2026-07-09,11,LOAN,1,0
B03,2026-07-09,12,ACCOUNT,1,0
B03,2026-07-09,13,ACCOUNT,1,0
B03,2026-07-09,13,LOAN,4,2
B03,2026-07-09,14,LOAN,2,0
B03,2026-07-09,15,LOAN,3,1
B03,2026-07-10,10,ACCOUNT,2,0
B03,2026-07-10,10,LOAN,3,1
B03,2026-07-10,11,ACCOUNT,2,0
B03,2026-07-10,12,LOAN,1,0
B03,2026-07-10,13,LOAN,9,3
B03,2026-07-10,14,LOAN,4,1
B03,2026-07-10,15,ACCOUNT,1,0
B03,2026-07-13,10,ACCOUNT,2,0
B03,2026-07-13,10,LOAN,4,2
B03,2026-07-13,11,LOAN,6,2
B03,2026-07-13,12,ACCOUNT,1,0
B03,2026-07-13,12,LOAN,1,0
B03,2026-07-13,13,ACCOUNT,4,1
B03,2026-07-13,13,LOAN,3,1
B03,2026-07-13,14,LOAN,1,0
B03,2026-07-13,15,ACCOUNT,1,0
B03,2026-07-13,15,LOAN,1,0
B03,2026-07-14,10,ACCOUNT,3,1
B03,2026-07-14,10,LOAN,4,1
B03,2026-07-14,11,LOAN,1,0
B03,2026-07-14,13,ACCOUNT,2,1
B03,2026-07-14,13,LOAN,1,0
B03,2026-07-14,14,ACCOUNT,1,0
B03,2026-07-14,14,LOAN,3,1
B03,2026-07-14,15,ACCOUNT,1,0
B03,2026-07-14,15,LOAN,4,1
B03,2026-07-15,10,LOAN,3,1
B03,2026-07-15,11,LOAN,3,1
B03,2026-07-15,13,ACCOUNT,1,0
B03,2026-07-15,13,LOAN,3,2
B03,2026-07-15,14,LOAN,2,0
B03,2026-07-15,15,ACCOUNT,2,1
B03,2026-07-16,11,ACCOUNT,2,1
B03,2026-07-16,11,LOAN,1,0
B03,2026-07-16,13,ACCOUNT,1,0
B03,2026-07-16,13,LOAN,1,0
B03,2026-07-16,14,ACCOUNT,1,0
B03,2026-07-16,15,ACCOUNT,1,0
B03,2026-07-16,15,LOAN,3,0
B03,2026-07-17,10,LOAN,1,0
B03,2026-07-17,11,ACCOUNT,1,0
B03,2026-07-17,11,LOAN,1,0
B03,2026-07-17,12,LOAN,4,1
B03,2026-07-17,13,ACCOUNT,1,0
B03,2026-07-17,14,LOAN,2,0
B03,2026-07-18,10,LOAN,2,0
B03,2026-07-18,14,LOAN,1,0
B03,2026-07-18,15,LOAN,6,2
B03,2026-07-20,11,ACCOUNT,3,1
B03,2026-07-20,11,LOAN,2,0
B03,2026-07-20,12,ACCOUNT,1,0
B03,2026-07-20,12,LOAN,1,0
B03,2026-07-20,13,ACCOUNT,1,0
B03,2026-07-20,13,LOAN,3,1
B03,2026-07-20,14,ACCOUNT,1,0
B03,2026-07-20,15,ACCOUNT,1,0
B03,2026-07-20,15,LOAN,2,1
B03,2026-07-21,10,ACCOUNT,2,1
B03,2026-07-21,10,LOAN,1,0
B03,2026-07-21,11,ACCOUNT,2,0
B03,2026-07-21,11,LOAN,1,0
B03,2026-07-21,12,LOAN,2,0
B03,2026-07-21,13,LOAN,3,0
B03,2026-07-21,14,ACCOUNT,3,2
B03,2026-07-21,14,LOAN,1,0
B03,2026-07-21,15,ACCOUNT,1,0
B03,2026-07-21,15,LOAN,1,0
B03,2026-07-22,11,ACCOUNT,2,0
B03,2026-07-22,12,LOAN,4,1
B03,2026-07-22,13,ACCOUNT,1,0
B03,2026-07-22,13,LOAN,2,0
B03,2026-07-22,15,ACCOUNT,2,1
B03,2026-07-22,15,LOAN,1,0
B03,2026-07-23,10,LOAN,2,0
B03,2026-07-23,11,LOAN,1,0
B03,2026-07-23,12,ACCOUNT,2,1
B03,2026-07-23,12,LOAN,1,0
B03,2026-07-23,13,ACCOUNT,2,1
B03,2026-07-23,13,LOAN,1,0
B03,2026-07-23,14,ACCOUNT,1,0
B03,2026-07-23,15,LOAN,7,2
B03,2026-07-24,10,LOAN,1,0
B03,2026-07-24,11,LOAN,2,0
B03,2026-07-24,12,LOAN,2,1
B03,2026-07-24,13,LOAN,3,1
B03,2026-07-24,14,LOAN,2,1
B03,2026-07-24,15,ACCOUNT,1,0
B03,2026-07-27,10,LOAN,1,0
B03,2026-07-27,11,ACCOUNT,1,0
B03,2026-07-27,11,LOAN,3,0
B03,2026-07-27,13,LOAN,2,1
B03,2026-07-27,14,LOAN,5,1
B03,2026-07-28,10,ACCOUNT,3,0
B03,2026-07-28,10,LOAN,1,0
B03,2026-07-28,11,LOAN,2,0
B03,2026-07-28,12,LOAN,3,1
B03,2026-07-28,13,LOAN,1,0
B03,2026-07-28,14,ACCOUNT,2,1
B03,2026-07-28,14,LOAN,1,0
B03,2026-07-28,15,LOAN,1,0
B03,2026-07-29,10,LOAN,1,0
B03,2026-07-29,11,ACCOUNT,1,0
B03,2026-07-29,13,LOAN,4,2
B03,2026-07-29,15,ACCOUNT,1,0
B03,2026-07-29,15,LOAN,1,0
B03,2026-07-30,10,ACCOUNT,1,0
B03,2026-07-30,11,ACCOUNT,1,0
B03,2026-07-30,12,ACCOUNT,1,0
B03,2026-07-30,13,LOAN,3,1
B03,2026-07-30,14,LOAN,2,0
B03,2026-07-30,15,LOAN,1,0
B03,2026-07-31,10,LOAN,1,0
B03,2026-07-31,11,LOAN,1,0
B03,2026-07-31,12,ACCOUNT,2,0
B03,2026-07-31,12,LOAN,1,0
B03,2026-07-31,13,LOAN,4,1
B03,2026-07-31,14,ACCOUNT,1,0
B03,2026-07-31,15,LOAN,1,0
B03,2026-08-01,11,LOAN,1,0
B03,2026-08-01,13,LOAN,2,0
B03,2026-08-01,14,LOAN,1,0
B03,2026-08-01,15,LOAN,4,2
B03,2026-08-03,10,ACCOUNT,2,0
B03,2026-08-03,10,LOAN,2,0
B03,2026-08-03,11,ACCOUNT,5,3
B03,2026-08-03,11,LOAN,2,1
B03,2026-08-03,12,ACCOUNT,2,0
B03,2026-08-03,12,LOAN,1,0
B03,2026-08-03,13,LOAN,2,1
B03,2026-08-03,14,ACCOUNT,1,0
B03,2026-08-03,15,ACCOUNT,1,0
B03,2026-08-03,15,LOAN,1,0
B03,2026-08-04,10,LOAN,1,0
B03,2026-08-04,12,LOAN,3,0
B03,2026-08-04,13,ACCOUNT,2,0
B03,2026-08-04,13,LOAN,2,0
B03,2026-08-04,14,LOAN,3,1
B03,2026-08-05,10,ACCOUNT,2,1
B03,2026-08-05,11,LOAN,1,0
B03,2026-08-05,12,ACCOUNT,2,0
B03,2026-08-05,13,ACCOUNT,2,1
B03,2026-08-05,14,ACCOUNT,1,0
B03,2026-08-05,14,LOAN,1,0
B03,2026-08-05,15,LOAN,1,0
B03,2026-08-06,10,ACCOUNT,1,0
B03,2026-08-06,10,LOAN,1,0
B03,2026-08-06,12,ACCOUNT,5,1
B03,2026-08-06,12,LOAN,2,0
B03,2026-08-06,13,ACCOUNT,1,0
B03,2026-08-06,14,LOAN,3,1
B03,2026-08-07,10,ACCOUNT,1,0
B03,2026-08-07,10,LOAN,4,1
B03,2026-08-07,11,LOAN,3,1
B03,2026-08-07,12,LOAN,4,1
B03,2026-08-07,13,LOAN,2,0
B03,2026-08-07,14,ACCOUNT,2,0
B03,2026-08-07,14,LOAN,1,0
B03,2026-08-07,15,LOAN,1,0
B03,2026-08-10,10,LOAN,2,0
B03,2026-08-10,11,ACCOUNT,2,0
B03,2026-08-10,11,LOAN,1,0
B03,2026-08-10,12,ACCOUNT,1,0
B03,2026-08-10,12,LOAN,1,0
B03,2026-08-10,13,ACCOUNT,1,0
B03,2026-08-10,13,LOAN,3,0
B03,2026-08-10,14,LOAN,1,0
B03,2026-08-10,15,ACCOUNT,1,0
B03,2026-08-10,15,LOAN,1,0
B03,2026-08-11,11,ACCOUNT,2,1
B03,2026-08-11,11,LOAN,6,1
B03,2026-08-11,12,ACCOUNT,2,0
B03,2026-08-11,13,ACCOUNT,2,1
B03,2026-08-11,14,LOAN,3,0
B03,2026-08-11,15,ACCOUNT,1,0
B03,2026-08-11,15,LOAN,1,0
B03,2026-08-12,10,ACCOUNT,2,1
B03,2026-08-12,10,LOAN,2,1
B03,2026-08-12,11,ACCOUNT,1,0
B03,2026-08-12,12,ACCOUNT,1,0
B03,2026-08-12,13,LOAN,2,1
B03,2026-08-13,10,ACCOUNT,1,0
B03,2026-08-13,10,LOAN,1,0
B03,2026-08-13,11,LOAN,2,0
B03,2026-08-13,12,LOAN,2,0
B03,2026-08-13,13,ACCOUNT,1,0
B03,2026-08-13,14,LOAN,5,1
B03,2026-08-13,15,ACCOUNT,1,0
B03,2026-08-14,10,ACCOUNT,3,1
B03,2026-08-14,10,LOAN,3,1
B03,2026-08-14,11,LOAN,5,1
B03,2026-08-14,12,ACCOUNT,1,0
B03,2026-08-14,12,LOAN,1,0
B03,2026-08-14,13,LOAN,2,0
B03,2026-08-14,14,ACCOUNT,2,1
B03,2026-08-14,14,LOAN,1,0
B03,2026-08-17,10,ACCOUNT,2,0
B03,2026-08-17,10,LOAN,1,0
B03,2026-08-17,11,ACCOUNT,1,0
B03,2026-08-17,11,LOAN,3,1
B03,2026-08-17,12,LOAN,3,1
B03,2026-08-17,13,ACCOUNT,1,0
B03,2026-08-17,13,LOAN,1,0
B03,2026-08-17,14,LOAN,4,0
B03,2026-08-17,15,LOAN,2,0
B03,2026-08-18,10,LOAN,1,0
B03,2026-08-18,11,ACCOUNT,2,1
B03,2026-08-18,12,LOAN,1,0
B03,2026-08-18,13,LOAN,1,0
B03,2026-08-18,14,LOAN,1,0
B03,2026-08-19,10,ACCOUNT,1,0
B03,2026-08-19,11,ACCOUNT,1,0
B03,2026-08-19,11,LOAN,2,0
B03,2026-08-19,14,LOAN,1,0
B03,2026-08-19,15,ACCOUNT,1,0
B03,2026-08-19,15,LOAN,3,0
B03,2026-08-20,11,ACCOUNT,1,0
B03,2026-08-20,11,LOAN,5,1
B03,2026-08-20,12,LOAN,1,0
B03,2026-08-20,13,ACCOUNT,1,0
B03,2026-08-20,13,LOAN,2,0
B03,2026-08-20,15,ACCOUNT,1,0
B03,2026-08-20,15,LOAN,1,0
B03,2026-08-21,10,LOAN,1,0
B03,2026-08-21,11,ACCOUNT,3,1
B03,2026-08-21,12,ACCOUNT,1,0
B03,2026-08-21,12,LOAN,1,0
B03,2026-08-21,13,LOAN,2,1
B03,2026-08-21,14,ACCOUNT,4,1
B03,2026-08-21,15,LOAN,1,0
B03,2026-08-24,11,ACCOUNT,1,0
B03,2026-08-24,11,LOAN,5,1
B03,2026-08-24,12,ACCOUNT,1,0
B03,2026-08-24,12,LOAN,3,1
B03,2026-08-24,14,LOAN,5,1
B03,2026-08-24,15,ACCOUNT,1,0
B03,2026-08-24,15,LOAN,1,0
B03,2026-08-25,10,ACCOUNT,1,0
B03,2026-08-25,13,LOAN,2,1
B03,2026-08-25,14,ACCOUNT,1,0
B03,2026-08-25,14,LOAN,2,0
B03,2026-08-25,15,LOAN,1,0
B03,2026-08-27,10,LOAN,2,1
B03,2026-08-27,11,ACCOUNT,1,0
B03,2026-08-27,12,ACCOUNT,1,0
B03,2026-08-27,12,LOAN,2,1
B03,2026-08-27,14,LOAN,3,1
B03,2026-08-27,15,LOAN,1,0
B03,2026-08-28,10,ACCOUNT,2,1
B03,2026-08-28,10,LOAN,2,1
B03,2026-08-28,11,LOAN,1,0
B03,2026-08-28,12,ACCOUNT,3,1
B03,2026-08-28,12,LOAN,1,0
B03,2026-08-28,14,ACCOUNT,1,0
B03,2026-08-28,14,LOAN,5,2
B03,2026-08-28,15,ACCOUNT,1,0
B03,2026-08-28,15,LOAN,1,0
B03,2026-08-29,10,ACCOUNT,3,1
B03,2026-08-29,10,LOAN,1,0
B03,2026-08-29,11,LOAN,5,1
B03,2026-08-29,12,ACCOUNT,2,0
B03,2026-08-29,12,LOAN,4,2
B03,2026-08-29,13,ACCOUNT,4,1
B03,2026-08-29,14,ACCOUNT,4,1
B03,2026-08-29,14,LOAN,3,1
B03,2026-08-29,15,LOAN,2,0
B03,2026-08-31,10,ACCOUNT,3,0
B03,2026-08-31,11,ACCOUNT,1,0
B03,2026-08-31,11,LOAN,2,1
B03,2026-08-31,12,LOAN,3,0
B03,2026-08-31,13,ACCOUNT,1,0
B03,2026-08-31,13,LOAN,2,0
B03,2026-08-31,14,LOAN,1,0
B03,2026-08-31,15,ACCOUNT,1,0
B03,2026-08-31,15,LOAN,6,2
B03,2026-09-01,10,ACCOUNT,3,0
B03,2026-09-01,10,LOAN,1,0
B03,2026-09-01,11,ACCOUNT,2,0
B03,2026-09-01,12,LOAN,1,0
B03,2026-09-01,13,ACCOUNT,1,0
B03,2026-09-01,13,LOAN,1,0
B03,2026-09-01,14,LOAN,3,0
B03,2026-09-01,15,LOAN,3,1
B03,2026-09-02,10,ACCOUNT,1,0
B03,2026-09-02,10,LOAN,3,1
B03,2026-09-02,11,LOAN,1,0
B03,2026-09-02,12,ACCOUNT,1,0
B03,2026-09-02,12,LOAN,1,0
B03,2026-09-02,13,ACCOUNT,1,0
B03,2026-09-02,13,LOAN,2,1
B03,2026-09-02,14,LOAN,2,1
B03,2026-09-03,10,ACCOUNT,2,0
B03,2026-09-03,10,LOAN,1,0
B03,2026-09-03,11,ACCOUNT,4,1
B03,2026-09-03,12,ACCOUNT,1,0
B03,2026-09-03,12,LOAN,1,0
B03,2026-09-03,13,LOAN,1,0
B03,2026-09-03,14,LOAN,3,1
B03,2026-09-03,15,ACCOUNT,3,0
B03,2026-09-04,12,ACCOUNT,1,0
B03,2026-09-04,13,ACCOUNT,1,0
B03,2026-09-04,13,LOAN,3,0
B03,2026-09-04,14,LOAN,3,1
B03,2026-09-04,15,LOAN,1,0
B03,2026-09-05,10,ACCOUNT,3,1
B03,2026-09-05,10,LOAN,5,1
B03,2026-09-05,11,LOAN,2,1
B03,2026-09-05,12,ACCOUNT,2,0
B03,2026-09-05,12,LOAN,2,0
B03,2026-09-05,13,ACCOUNT,2,1
B03,2026-09-05,13,LOAN,3,0
B03,2026-09-05,14,ACCOUNT,1,0
B03,2026-09-05,14,LOAN,2,0
B03,2026-09-05,15,ACCOUNT,2,1
B03,2026-09-07,11,LOAN,1,0
B03,2026-09-07,12,ACCOUNT,3,1
B03,2026-09-07,13,LOAN,1,0
B03,2026-09-07,14,ACCOUNT,1,0
B03,2026-09-07,14,LOAN,2,0
B03,2026-09-07,15,ACCOUNT,2,0
B03,2026-09-08,10,LOAN,2,0
B03,2026-09-08,11,LOAN,2,0
B03,2026-09-08,12,ACCOUNT,1,0
B03,2026-09-08,13,LOAN,1,0
B03,2026-09-08,15,LOAN,3,1
B03,2026-09-09,10,LOAN,1,0
B03,2026-09-09,11,LOAN,3,1
B03,2026-09-09,12,ACCOUNT,4,2
B03,2026-09-09,13,ACCOUNT,3,0
B03,2026-09-09,13,LOAN,2,0
B03,2026-09-10,10,ACCOUNT,1,0
B03,2026-09-10,11,ACCOUNT,3,0
B03,2026-09-10,11,LOAN,2,0
B03,2026-09-10,13,ACCOUNT,1,0
B03,2026-09-10,13,LOAN,1,0
B03,2026-09-10,14,ACCOUNT,1,0
B03,2026-09-10,14,LOAN,1,0
B03,2026-09-10,15,LOAN,1,0
B03,2026-09-11,10,ACCOUNT,3,1
B03,2026-09-11,11,ACCOUNT,1,0
B03,2026-09-11,11,LOAN,2,0
B03,2026-09-11,12,LOAN,1,0
B03,2026-09-11,13,LOAN,1,0
B03,2026-09-11,15,ACCOUNT,2,1
B03,2026-09-11,15,LOAN,4,1
B03,2026-09-15,10,ACCOUNT,1,0
B03,2026-09-15,10,LOAN,5,2
B03,2026-09-15,11,LOAN,2,0
B03,2026-09-15,12,ACCOUNT,3,1
B03,2026-09-15,12,LOAN,2,1
B03,2026-09-15,13,ACCOUNT,1,0
B03,2026-09-15,14,ACCOUNT,1,0
B03,2026-09-15,14,LOAN,2,0
B03,2026-09-15,15,ACCOUNT,1,0
B03,2026-09-15,15,LOAN,2,0
B03,2026-09-16,10,ACCOUNT,2,1
B03,2026-09-16,10,LOAN,1,0
B03,2026-09-16,11,ACCOUNT,3,1
B03,2026-09-16,11,LOAN,2,0
B03,2026-09-16,12,ACCOUNT,1,0
B03,2026-09-16,13,LOAN,1,0
B03,2026-09-16,14,LOAN,2,0
B03,2026-09-16,15,ACCOUNT,1,0
B03,2026-09-16,15,LOAN,1,0
B03,2026-09-17,10,ACCOUNT,3,1
B03,2026-09-17,11,LOAN,3,1
B03,2026-09-17,12,LOAN,1,0
B03,2026-09-17,13,ACCOUNT,1,0
B03,2026-09-17,14,ACCOUNT,2,1
B03,2026-09-17,14,LOAN,2,1
B03,2026-09-18,10,ACCOUNT,1,0
B03,2026-09-18,11,ACCOUNT,4,2
B03,2026-09-18,12,LOAN,1,0
B03,2026-09-18,14,ACCOUNT,3,1
B03,2026-09-18,14,LOAN,4,1
B03,2026-09-18,15,LOAN,1,0
B03,2026-09-19,10,LOAN,4,1
B03,2026-09-19,11,ACCOUNT,1,0
B03,2026-09-19,11,LOAN,7,3
B03,2026-09-19,14,LOAN,4,0
B03,2026-09-19,15,ACCOUNT,1,0
B03,2026-09-21,10,ACCOUNT,2,0
B03,2026-09-21,11,ACCOUNT,3,2
B03,2026-09-21,12,ACCOUNT,1,0
B03,2026-09-21,12,LOAN,3,0
B03,2026-09-21,13,LOAN,1,0
B03,2026-09-21,14,LOAN,2,0
B03,2026-09-21,15,ACCOUNT,2,0
B03,2026-09-21,15,LOAN,1,0
B03,2026-09-22,10,ACCOUNT,1,0
B03,2026-09-22,10,LOAN,2,0
B03,2026-09-22,11,LOAN,2,0
B03,2026-09-22,12,ACCOUNT,1,0
B03,2026-09-22,12,LOAN,6,1
B03,2026-09-22,14,ACCOUNT,3,2
B03,2026-09-22,14,LOAN,3,2
B03,2026-09-22,15,LOAN,1,0
B03,2026-09-23,10,LOAN,2,0
B03,2026-09-23,11,ACCOUNT,2,0
B03,2026-09-23,11,LOAN,1,0
B03,2026-09-23,12,ACCOUNT,3,1
B03,2026-09-23,12,LOAN,1,0
B03,2026-09-23,14,ACCOUNT,1,0
B03,2026-09-23,14,LOAN,2,0
B03,2026-09-23,15,ACCOUNT,1,0
B03,2026-09-24,10,LOAN,2,1
B03,2026-09-24,11,LOAN,2,1
B03,2026-09-24,12,LOAN,1,0
B03,2026-09-24,13,LOAN,4,2
B03,2026-09-24,14,ACCOUNT,3,1
B03,2026-09-24,15,LOAN,2,0
B03,2026-09-25,10,LOAN,1,0
B03,2026-09-25,11,LOAN,3,0
B03,2026-09-25,12,ACCOUNT,1,0
B03,2026-09-25,12,LOAN,3,0
B03,2026-09-25,13,LOAN,1,0
B03,2026-09-25,14,LOAN,1,0
B03,2026-09-25,15,LOAN,5,2
B03,2026-09-28,10,ACCOUNT,1,0
B03,2026-09-28,10,LOAN,3,1
B03,2026-09-28,11,LOAN,2,0
B03,2026-09-28,12,LOAN,2,1
B03,2026-09-28,13,ACCOUNT,1,0
B03,2026-09-28,13,LOAN,2,1
B03,2026-09-28,14,LOAN,1,0
B03,2026-09-28,15,ACCOUNT,4,3
B03,2026-09-28,15,LOAN,6,2
B03,2026-09-29,10,LOAN,2,0
B03,2026-09-29,11,ACCOUNT,2,0
B03,2026-09-29,11,LOAN,1,0
B03,2026-09-29,12,LOAN,1,0
B03,2026-09-29,13,ACCOUNT,2,1
B03,2026-09-29,14,LOAN,1,0
B03,2026-09-29,15,ACCOUNT,1,0
B03,2026-09-29,15,LOAN,4,2
B03,2026-09-30,10,ACCOUNT,3,1
B03,2026-09-30,10,LOAN,1,0
B03,2026-09-30,12,ACCOUNT,3,0
B03,2026-09-30,12,LOAN,2,1
B03,2026-09-30,14,ACCOUNT,1,0
B03,2026-09-30,14,LOAN,1,0
B03,2026-09-30,15,LOAN,1,0
B03,2026-10-01,10,ACCOUNT,2,0
B03,2026-10-01,10,LOAN,1,0
B03,2026-10-01,12,LOAN,1,0
B03,2026-10-01,13,LOAN,2,0
B03,2026-10-01,14,LOAN,1,0
B03,2026-10-03,10,ACCOUNT,2,0
B03,2026-10-03,10,LOAN,2,0
B03,2026-10-03,12,LOAN,2,0
B03,2026-10-03,13,ACCOUNT,1,0
B03,2026-10-03,13,LOAN,1,0
B03,2026-10-03,14,ACCOUNT,1,0
B03,2026-10-03,15,ACCOUNT,1,0
B03,2026-10-05,10,ACCOUNT,2,0
B03,2026-10-05,11,LOAN,1,0
B03,2026-10-05,12,LOAN,1,0
B03,2026-10-05,13,LOAN,1,0
B03,2026-10-05,14,LOAN,3,0
B03,2026-10-05,15,ACCOUNT,1,0
B03,2026-10-05,15,LOAN,1,0
B03,2026-10-06,11,ACCOUNT,1,0
B03,2026-10-06,11,LOAN,1,0
B03,2026-10-06,12,ACCOUNT,1,0
B03,2026-10-06,14,LOAN,3,0
B03,2026-10-06,15,LOAN,1,0
B03,2026-10-07,10,LOAN,1,0
B03,2026-10-07,11,LOAN,2,0
B03,2026-10-07,12,ACCOUNT,3,0
B03,2026-10-07,12,LOAN,3,0
B03,2026-10-07,13,LOAN,1,0
B03,2026-10-07,14,LOAN,1,0
B04,2025-04-02,10,LOAN,1,0
B04,2025-04-02,12,ACCOUNT,1,0
B04,2025-04-02,12,LOAN,1,0
B04,2025-04-02,13,ACCOUNT,1,0
B04,2025-04-02,13,LOAN,4,2
B04,2025-04-02,15,LOAN,2,0
B04,2025-04-03,11,ACCOUNT,2,1
B04,2025-04-03,11,LOAN,4,1
B04,2025-04-03,12,LOAN,3,0
B04,2025-04-03,13,ACCOUNT,3,2
B04,2025-04-03,13,LOAN,1,0
B04,2025-04-03,14,LOAN,2,0
B04,2025-04-03,15,LOAN,1,0
B04,2025-04-04,10,ACCOUNT,1,0
B04,2025-04-04,11,ACCOUNT,3,0
B04,2025-04-04,11,LOAN,3,0
B04,2025-04-04,14,LOAN,1,0
B04,2025-04-04,15,ACCOUNT,1,0
B04,2025-04-04,15,LOAN,1,0
B04,2025-04-05,10,LOAN,2,0
B04,2025-04-05,11,LOAN,1,0
B04,2025-04-05,13,LOAN,2,1
B04,2025-04-05,14,LOAN,1,0
B04,2025-04-05,15,ACCOUNT,1,0
B04,2025-04-07,10,ACCOUNT,1,0
B04,2025-04-07,10,LOAN,2,0
B04,2025-04-07,11,LOAN,5,1
B04,2025-04-07,12,LOAN,2,1
B04,2025-04-07,13,ACCOUNT,1,0
B04,2025-04-07,14,ACCOUNT,1,0
B04,2025-04-07,14,LOAN,2,1
B04,2025-04-07,15,LOAN,2,0
B04,2025-04-08,10,LOAN,1,0
B04,2025-04-08,11,LOAN,1,0
B04,2025-04-08,15,LOAN,3,1
B04,2025-04-09,10,ACCOUNT,1,0
B04,2025-04-09,11,ACCOUNT,1,0
B04,2025-04-09,12,LOAN,2,0
B04,2025-04-09,13,LOAN,5,1
B04,2025-04-11,10,LOAN,1,0
B04,2025-04-11,11,LOAN,2,1
B04,2025-04-11,12,ACCOUNT,1,0
B04,2025-04-11,12,LOAN,1,0
B04,2025-04-11,14,LOAN,2,0
B04,2025-04-11,15,LOAN,1,0
B04,2025-04-15,10,LOAN,2,1
B04,2025-04-15,13,ACCOUNT,1,0
B04,2025-04-15,13,LOAN,2,0
B04,2025-04-15,14,ACCOUNT,2,1
B04,2025-04-15,14,LOAN,2,0
B04,2025-04-16,11,ACCOUNT,1,0
B04,2025-04-16,11,LOAN,2,1
B04,2025-04-16,12,ACCOUNT,1,0
B04,2025-04-16,12,LOAN,2,0
B04,2025-04-16,14,ACCOUNT,5,2
B04,2025-04-16,14,LOAN,3,1
B04,2025-04-16,15,LOAN,2,1
B04,2025-04-17,10,ACCOUNT,1,0
B04,2025-04-17,12,LOAN,5,1
B04,2025-04-17,13,LOAN,2,0
B04,2025-04-17,14,ACCOUNT,2,0
B04,2025-04-17,15,ACCOUNT,2,1
B04,2025-04-19,10,LOAN,4,0
B04,2025-04-19,11,ACCOUNT,2,1
B04,2025-04-19,11,LOAN,2,1
B04,2025-04-19,13,LOAN,2,1
B04,2025-04-19,14,LOAN,2,1
B04,2025-04-19,15,LOAN,1,0
B04,2025-04-21,11,LOAN,1,0
B04,2025-04-21,12,LOAN,4,0
B04,2025-04-21,13,LOAN,1,0
B04,2025-04-21,14,LOAN,3,1
B04,2025-04-21,15,LOAN,1,0
B04,2025-04-22,10,ACCOUNT,1,0
B04,2025-04-22,11,ACCOUNT,1,0
B04,2025-04-22,11,LOAN,2,0
B04,2025-04-22,12,ACCOUNT,3,1
B04,2025-04-22,12,LOAN,1,0
B04,2025-04-22,14,LOAN,4,0
B04,2025-04-22,15,LOAN,1,0
B04,2025-04-23,10,LOAN,2,1
B04,2025-04-23,11,ACCOUNT,1,0
B04,2025-04-23,11,LOAN,3,0
B04,2025-04-23,12,ACCOUNT,4,2
B04,2025-04-23,12,LOAN,3,1
B04,2025-04-23,14,LOAN,2,0
B04,2025-04-24,10,ACCOUNT,1,0
B04,2025-04-24,10,LOAN,1,0
B04,2025-04-24,11,LOAN,1,0
B04,2025-04-24,12,LOAN,1,0
B04,2025-04-24,13,LOAN,4,0
B04,2025-04-24,14,LOAN,4,1
B04,2025-04-24,15,LOAN,2,1
B04,2025-04-25,10,ACCOUNT,1,0
B04,2025-04-25,10,LOAN,1,0
B04,2025-04-25,11,LOAN,2,0
B04,2025-04-25,13,LOAN,2,0
B04,2025-04-25,14,ACCOUNT,2,1
B04,2025-04-25,14,LOAN,2,1
B04,2025-04-25,15,ACCOUNT,1,0
B04,2025-04-28,10,LOAN,4,1
B04,2025-04-28,11,LOAN,1,0
B04,2025-04-28,12,ACCOUNT,2,0
B04,2025-04-28,12,LOAN,1,0
B04,2025-04-28,14,ACCOUNT,1,0
B04,2025-04-28,15,LOAN,1,0
B04,2025-04-29,11,ACCOUNT,2,0
B04,2025-04-29,11,LOAN,3,0
B04,2025-04-29,12,ACCOUNT,2,1
B04,2025-04-29,12,LOAN,1,0
B04,2025-04-29,14,LOAN,1,0
B04,2025-04-29,15,ACCOUNT,1,0
B04,2025-05-02,11,LOAN,1,0
B04,2025-05-02,12,LOAN,1,0
B04,2025-05-02,14,LOAN,3,1
B04,2025-05-02,15,ACCOUNT,2,1
B04,2025-05-02,15,LOAN,2,1
B04,2025-05-03,10,LOAN,3,1
B04,2025-05-03,11,LOAN,1,0
B04,2025-05-03,12,LOAN,3,0
B04,2025-05-03,15,ACCOUNT,1,0
B04,2025-05-03,15,LOAN,1,0
B04,2025-05-05,12,LOAN,2,0
B04,2025-05-05,14,LOAN,6,1
B04,2025-05-05,15,ACCOUNT,3,1
B04,2025-05-05,15,LOAN,1,0
B04,2025-05-06,10,LOAN,2,0
B04,2025-05-06,15,LOAN,1,0
B04,2025-05-07,10,ACCOUNT,2,1
B04,2025-05-07,10,LOAN,1,0
B04,2025-05-07,11,LOAN,3,1
B04,2025-05-07,12,ACCOUNT,1,0
B04,2025-05-07,12,LOAN,9,4
B04,2025-05-07,13,ACCOUNT,2,0
B04,2025-05-07,13,LOAN,2,1
B04,2025-05-07,15,LOAN,1,0
B04,2025-05-08,11,ACCOUNT,1,0
B04,2025-05-08,12,LOAN,2,1
B04,2025-05-08,15,LOAN,1,0
B04,2025-05-09,10,ACCOUNT,3,1
B04,2025-05-09,10,LOAN,2,1
B04,2025-05-09,11,ACCOUNT,2,0
B04,2025-05-09,11,LOAN,1,0
B04,2025-05-09,12,ACCOUNT,1,0
B04,2025-05-09,12,LOAN,1,0
B04,2025-05-09,13,LOAN,2,1
B04,2025-05-09,14,ACCOUNT,1,0
B04,2025-05-09,14,LOAN,2,0
B04,2025-05-12,10,ACCOUNT,1,0
B04,2025-05-12,11,ACCOUNT,1,0
B04,2025-05-12,11,LOAN,4,1
B04,2025-05-12,12,ACCOUNT,1,0
B04,2025-05-12,12,LOAN,1,0
B04,2025-05-12,13,LOAN,2,1
B04,2025-05-12,14,ACCOUNT,3,1
B04,2025-05-12,15,LOAN,3,2
B04,2025-05-13,10,ACCOUNT,1,0
B04,2025-05-13,10,LOAN,2,0
B04,2025-05-13,11,ACCOUNT,2,1
B04,2025-05-13,12,LOAN,1,0
B04,2025-05-13,13,LOAN,2,1
B04,2025-05-13,14,LOAN,1,0
B04,2025-05-13,15,LOAN,1,0
B04,2025-05-14,11,LOAN,2,0
B04,2025-05-14,12,ACCOUNT,5,1
B04,2025-05-14,12,LOAN,1,0
B04,2025-05-14,14,LOAN,2,0
B04,2025-05-14,15,LOAN,1,0
B04,2025-05-15,12,LOAN,3,1
B04,2025-05-15,14,ACCOUNT,2,1
B04,2025-05-15,15,ACCOUNT,1,0
B04,2025-05-16,10,ACCOUNT,1,0
B04,2025-05-16,11,LOAN,3,0
B04,2025-05-16,12,LOAN,1,0
B04,2025-05-16,13,ACCOUNT,1,0
B04,2025-05-16,13,LOAN,3,1
B04,2025-05-16,14,LOAN,1,0
B04,2025-05-16,15,LOAN,1,0
B04,2025-05-17,10,ACCOUNT,1,0
B04,2025-05-17,12,LOAN,2,0
B04,2025-05-17,13,ACCOUNT,2,1
B04,2025-05-19,10,ACCOUNT,1,0
B04,2025-05-19,11,ACCOUNT,1,0
B04,2025-05-19,12,LOAN,1,0
B04,2025-05-19,13,LOAN,1,0
B04,2025-05-19,14,ACCOUNT,1,0
B04,2025-05-19,14,LOAN,1,0
B04,2025-05-19,15,LOAN,1,0
B04,2025-05-20,10,LOAN,1,0
B04,2025-05-20,11,ACCOUNT,2,0
B04,2025-05-20,12,LOAN,3,1
B04,2025-05-20,13,LOAN,2,1
B04,2025-05-20,15,LOAN,2,1
B04,2025-05-21,10,LOAN,2,1
B04,2025-05-21,11,ACCOUNT,1,0
B04,2025-05-21,12,LOAN,1,0
B04,2025-05-21,14,LOAN,1,0
B04,2025-05-21,15,ACCOUNT,1,0
B04,2025-05-22,13,LOAN,1,0
B04,2025-05-22,14,LOAN,1,0
B04,2025-05-22,15,ACCOUNT,1,0
B04,2025-05-23,11,ACCOUNT,2,0
B04,2025-05-23,11,LOAN,3,0
B04,2025-05-23,12,ACCOUNT,1,0
B04,2025-05-23,12,LOAN,1,0
B04,2025-05-23,13,ACCOUNT,1,0
B04,2025-05-23,14,LOAN,2,1
B04,2025-05-23,15,ACCOUNT,2,1
B04,2025-05-23,15,LOAN,1,0
B04,2025-05-26,10,ACCOUNT,1,0
B04,2025-05-26,10,LOAN,3,1
B04,2025-05-26,11,ACCOUNT,1,0
B04,2025-05-26,11,LOAN,1,0
B04,2025-05-26,12,ACCOUNT,1,0
B04,2025-05-26,12,LOAN,1,0
B04,2025-05-26,13,ACCOUNT,1,0
B04,2025-05-26,15,LOAN,2,1
B04,2025-05-27,10,ACCOUNT,2,1
B04,2025-05-27,10,LOAN,1,0
B04,2025-05-27,11,ACCOUNT,2,1
B04,2025-05-27,11,LOAN,1,0
B04,2025-05-27,12,ACCOUNT,1,0
B04,2025-05-27,13,LOAN,1,0
B04,2025-05-27,14,LOAN,2,0
B04,2025-05-27,15,LOAN,1,0
B04,2025-05-28,10,ACCOUNT,1,0
B04,2025-05-28,10,LOAN,1,0
B04,2025-05-28,11,ACCOUNT,1,0
B04,2025-05-28,11,LOAN,1,0
B04,2025-05-28,12,LOAN,2,0
B04,2025-05-28,13,LOAN,1,0
B04,2025-05-28,14,LOAN,5,2
B04,2025-05-28,15,LOAN,2,1
B04,2025-05-29,10,LOAN,2,0
B04,2025-05-29,12,LOAN,1,0
B04,2025-05-29,13,LOAN,2,1
B04,2025-05-30,11,ACCOUNT,1,0
B04,2025-05-30,11,LOAN,3,0
B04,2025-05-30,12,LOAN,1,0
B04,2025-05-30,14,ACCOUNT,4,1
B04,2025-05-30,15,LOAN,3,0
B04,2025-05-31,10,LOAN,1,0
B04,2025-05-31,11,LOAN,1,0
B04,2025-05-31,12,ACCOUNT,1,0
B04,2025-05-31,12,LOAN,1,0
B04,2025-05-31,13,ACCOUNT,1,0
B04,2025-05-31,14,ACCOUNT,2,1
B04,2025-05-31,14,LOAN,1,0
B04,2025-05-31,15,LOAN,2,0
B04,2025-06-02,10,ACCOUNT,1,0
B04,2025-06-02,10,LOAN,2,0
B04,2025-06-02,11,ACCOUNT,1,0
B04,2025-06-02,12,ACCOUNT,1,0
B04,2025-06-02,12,LOAN,6,1
B04,2025-06-02,13,ACCOUNT,2,0
B04,2025-06-02,13,LOAN,3,0
B04,2025-06-02,14,ACCOUNT,1,0
B04,2025-06-03,10,LOAN,4,1
B04,2025-06-03,11,LOAN,1,0
B04,2025-06-03,12,ACCOUNT,2,0
B04,2025-06-03,12,LOAN,1,0
B04,2025-06-03,13,LOAN,2,0
B04,2025-06-03,14,LOAN,4,1
B04,2025-06-03,15,LOAN,1,0
B04,2025-06-04,10,LOAN,1,0
B04,2025-06-04,11,LOAN,4,1
B04,2025-06-04,12,LOAN,2,0
B04,2025-06-04,14,LOAN,2,0
B04,2025-06-04,15,LOAN,5,1
B04,2025-06-05,12,ACCOUNT,1,0
B04,2025-06-05,12,LOAN,1,0
B04,2025-06-05,13,LOAN,2,1
B04,2025-06-05,14,LOAN,1,0
B04,2025-06-06,10,ACCOUNT,1,0
B04,2025-06-06,10,LOAN,1,0
B04,2025-06-06,12,ACCOUNT,1,0
B04,2025-06-06,12,LOAN,3,0
B04,2025-06-06,13,LOAN,1,0
B04,2025-06-06,15,LOAN,2,1
B04,2025-06-09,10,ACCOUNT,1,0
B04,2025-06-09,10,LOAN,2,0
B04,2025-06-09,11,ACCOUNT,1,0
B04,2025-06-09,11,LOAN,3,0
B04,2025-06-09,12,ACCOUNT,1,0
B04,2025-06-09,12,LOAN,2,0
B04,2025-06-09,13,LOAN,1,0
B04,2025-06-09,14,LOAN,2,0
B04,2025-06-10,10,LOAN,3,1
B04,2025-06-10,11,LOAN,3,0
B04,2025-06-10,12,LOAN,2,1
B04,2025-06-10,13,ACCOUNT,1,0
B04,2025-06-10,13,LOAN,2,1
B04,2025-06-10,14,LOAN,2,0
B04,2025-06-10,15,ACCOUNT,1,0
B04,2025-06-10,15,LOAN,2,1
B04,2025-06-11,10,LOAN,2,0
B04,2025-06-11,12,ACCOUNT,2,1
B04,2025-06-11,12,LOAN,2,1
B04,2025-06-11,13,ACCOUNT,1,0
B04,2025-06-11,14,LOAN,2,0
B04,2025-06-11,15,ACCOUNT,1,0
B04,2025-06-11,15,LOAN,1,0
B04,2025-06-12,12,LOAN,2,0
B04,2025-06-12,13,ACCOUNT,1,0
B04,2025-06-12,13,LOAN,3,1
B04,2025-06-12,14,LOAN,3,1
B04,2025-06-13,10,ACCOUNT,1,0
B04,2025-06-13,10,LOAN,6,3
B04,2025-06-13,11,ACCOUNT,1,0
B04,2025-06-13,12,LOAN,2,0
B04,2025-06-13,13,LOAN,3,0
B04,2025-06-13,14,LOAN,1,0
B04,2025-06-13,15,LOAN,1,0
B04,2025-06-16,10,ACCOUNT,1,0
B04,2025-06-16,10,LOAN,1,0
B04,2025-06-16,11,ACCOUNT,1,0
B04,2025-06-16,11,LOAN,5,3
B04,2025-06-16,12,LOAN,2,0
B04,2025-06-16,13,LOAN,1,0
B04,2025-06-16,14,ACCOUNT,1,0
B04,2025-06-16,14,LOAN,5,2
B04,2025-06-16,15,LOAN,1,0
B04,2025-06-17,10,ACCOUNT,1,0
B04,2025-06-17,11,ACCOUNT,1,0
B04,2025-06-17,11,LOAN,4,0
B04,2025-06-17,12,LOAN,3,0
B04,2025-06-17,13,LOAN,1,0
B04,2025-06-17,14,LOAN,1,0
B04,2025-06-17,15,ACCOUNT,2,1
B04,2025-06-17,15,LOAN,1,0
B04,2025-06-18,10,LOAN,2,0
B04,2025-06-18,11,ACCOUNT,1,0
B04,2025-06-18,11,LOAN,1,0
B04,2025-06-18,12,LOAN,1,0
B04,2025-06-18,13,LOAN,2,1
B04,2025-06-19,10,LOAN,2,0
B04,2025-06-19,11,LOAN,2,0
B04,2025-06-19,12,LOAN,1,0
B04,2025-06-19,15,LOAN,4,1
B04,2025-06-20,10,LOAN,1,0
B04,2025-06-20,11,LOAN,3,0
B04,2025-06-20,12,LOAN,1,0
B04,2025-06-20,13,LOAN,2,1
B04,2025-06-20,14,ACCOUNT,5,2
B04,2025-06-20,14,LOAN,1,0
B04,2025-06-20,15,ACCOUNT,1,0
B04,2025-06-20,15,LOAN,1,0
B04,2025-06-21,11,LOAN,4,1
B04,2025-06-21,12,LOAN,1,0
B04,2025-06-21,13,LOAN,3,1
B04,2025-06-21,14,ACCOUNT,1,0
B04,2025-06-21,14,LOAN,1,0
B04,2025-06-21,15,LOAN,2,0
B04,2025-06-23,10,ACCOUNT,1,0
B04,2025-06-23,10,LOAN,2,0
B04,2025-06-23,11,LOAN,1,0
B04,2025-06-23,12,ACCOUNT,3,1
B04,2025-06-23,12,LOAN,3,0
B04,2025-06-23,13,LOAN,5,2
B04,2025-06-23,14,LOAN,3,1
B04,2025-06-23,15,LOAN,4,1
B04,2025-06-24,10,LOAN,8,3
B04,2025-06-24,11,ACCOUNT,1,0
B04,2025-06-24,11,LOAN,2,0
B04,2025-06-24,12,LOAN,3,0
B04,2025-06-24,14,ACCOUNT,1,0
B04,2025-06-24,14,LOAN,4,0
B04,2025-06-24,15,LOAN,1,0
B04,2025-06-25,10,ACCOUNT,1,0
B04,2025-06-25,10,LOAN,1,0
B04,2025-06-25,11,LOAN,2,1
B04,2025-06-25,15,LOAN,1,0
B04,2025-06-26,10,LOAN,1,0
B04,2025-06-26,11,LOAN,3,0
B04,2025-06-26,13,LOAN,6,1
B04,2025-06-26,14,ACCOUNT,1,0
B04,2025-06-26,14,LOAN,1,0
B04,2025-06-26,15,LOAN,3,0
B04,2025-06-27,11,LOAN,2,1
B04,2025-06-27,12,ACCOUNT,1,0
B04,2025-06-27,12,LOAN,1,0
B04,2025-06-27,14,LOAN,1,0
B04,2025-06-27,15,LOAN,3,1
B04,2025-06-30,10,ACCOUNT,2,1
B04,2025-06-30,10,LOAN,2,0
B04,2025-06-30,11,LOAN,2,0
B04,2025-06-30,12,LOAN,2,0
B04,2025-06-30,13,ACCOUNT,1,0
B04,2025-06-30,13,LOAN,2,1
B04,2025-06-30,14,ACCOUNT,6,2
B04,2025-06-30,14,LOAN,4,1
B04,2025-06-30,15,ACCOUNT,1,0
B04,2025-06-30,15,LOAN,5,1
B04,2025-07-01,10,ACCOUNT,2,1
B04,2025-07-01,10,LOAN,1,0
B04,2025-07-01,11,ACCOUNT,1,0
B04,2025-07-01,11,LOAN,4,1
B04,2025-07-01,12,LOAN,4,0
B04,2025-07-01,13,LOAN,4,1
B04,2025-07-01,14,ACCOUNT,1,0
B04,2025-07-01,15,LOAN,3,0
B04,2025-07-02,11,LOAN,3,0
B04,2025-07-02,12,LOAN,2,0
B04,2025-07-02,14,LOAN,4,1
B04,2025-07-02,15,ACCOUNT,1,0
B04,2025-07-03,10,ACCOUNT,1,0
B04,2025-07-03,10,LOAN,1,0
B04,2025-07-03,11,LOAN,1,0
B04,2025-07-03,13,LOAN,1,0
B04,2025-07-03,14,ACCOUNT,3,1
B04,2025-07-03,15,ACCOUNT,1,0
B04,2025-07-03,15,LOAN,1,0
B04,2025-07-04,10,ACCOUNT,1,0
B04,2025-07-04,10,LOAN,5,1
B04,2025-07-04,11,LOAN,4,1
B04,2025-07-04,13,ACCOUNT,2,1
B04,2025-07-04,13,LOAN,2,1
B04,2025-07-04,14,LOAN,2,0
B04,2025-07-04,15,ACCOUNT,2,0
B04,2025-07-04,15,LOAN,2,0
B04,2025-07-05,11,LOAN,5,0
B04,2025-07-05,12,ACCOUNT,1,0
B04,2025-07-05,13,ACCOUNT,1,0
B04,2025-07-05,13,LOAN,3,0
B04,2025-07-05,14,LOAN,2,0
B04,2025-07-05,15,LOAN,1,0
B04,2025-07-07,10,LOAN,2,1
B04,2025-07-07,11,LOAN,2,0
B04,2025-07-07,12,LOAN,1,0
B04,2025-07-07,13,LOAN,3,0
B04,2025-07-07,14,LOAN,2,0
B04,2025-07-07,15,LOAN,6,2
B04,2025-07-08,11,ACCOUNT,3,1
B04,2025-07-08,11,LOAN,2,0
B04,2025-07-08,13,LOAN,3,0
B04,2025-07-08,14,LOAN,1,0
B04,2025-07-08,15,LOAN,4,1
B04,2025-07-09,11,LOAN,1,0
B04,2025-07-09,14,LOAN,1,0
B04,2025-07-10,10,ACCOUNT,1,0
B04,2025-07-10,10,LOAN,1,0
B04,2025-07-10,11,ACCOUNT,2,1
B04,2025-07-10,11,LOAN,4,1
B04,2025-07-10,12,ACCOUNT,1,0
B04,2025-07-10,12,LOAN,1,0
B04,2025-07-10,13,LOAN,2,1
B04,2025-07-10,14,LOAN,2,0
B04,2025-07-11,10,LOAN,1,0
B04,2025-07-11,11,LOAN,2,0
B04,2025-07-11,12,LOAN,2,0
B04,2025-07-11,13,LOAN,1,0
B04,2025-07-11,14,LOAN,5,0
B04,2025-07-11,15,LOAN,2,0
B04,2025-07-14,10,LOAN,4,0
B04,2025-07-14,11,LOAN,2,1
B04,2025-07-14,12,LOAN,2,0
B04,2025-07-14,13,ACCOUNT,1,0
B04,2025-07-14,13,LOAN,5,1
B04,2025-07-14,14,ACCOUNT,5,2
B04,2025-07-14,14,LOAN,1,0
B04,2025-07-14,15,ACCOUNT,2,0
B04,2025-07-15,11,LOAN,1,0
B04,2025-07-15,12,ACCOUNT,4,3
B04,2025-07-15,12,LOAN,1,0
B04,2025-07-15,13,ACCOUNT,1,0
B04,2025-07-15,13,LOAN,1,0
B04,2025-07-15,14,LOAN,2,0
B04,2025-07-15,15,LOAN,1,0
B04,2025-07-16,10,LOAN,1,0
B04,2025-07-16,11,LOAN,1,0
B04,2025-07-16,12,LOAN,1,0
B04,2025-07-16,13,ACCOUNT,2,1
B04,2025-07-16,14,LOAN,2,0
B04,2025-07-17,10,LOAN,1,0
B04,2025-07-17,11,LOAN,3,0
B04,2025-07-17,12,LOAN,2,1
B04,2025-07-17,13,LOAN,2,0
B04,2025-07-17,14,ACCOUNT,1,0
B04,2025-07-17,14,LOAN,2,1
B04,2025-07-17,15,ACCOUNT,1,0
B04,2025-07-17,15,LOAN,2,1
B04,2025-07-18,10,LOAN,2,0
B04,2025-07-18,11,ACCOUNT,1,0
B04,2025-07-18,11,LOAN,1,0
B04,2025-07-18,12,LOAN,1,0
B04,2025-07-18,14,ACCOUNT,2,0
B04,2025-07-18,14,LOAN,6,3
B04,2025-07-19,10,LOAN,4,2
B04,2025-07-19,11,LOAN,1,0
B04,2025-07-19,12,LOAN,4,1
B04,2025-07-19,13,LOAN,1,0
B04,2025-07-19,14,LOAN,2,1
B04,2025-07-19,15,LOAN,1,0
B04,2025-07-21,10,ACCOUNT,1,0
B04,2025-07-21,10,LOAN,1,0
B04,2025-07-21,11,LOAN,1,0
B04,2025-07-21,12,LOAN,3,0
B04,2025-07-21,13,LOAN,4,2
B04,2025-07-21,14,LOAN,2,0
B04,2025-07-21,15,LOAN,2,1
B04,2025-07-22,10,LOAN,3,1
B04,2025-07-22,11,LOAN,1,0
B04,2025-07-22,12,LOAN,1,0
B04,2025-07-22,13,ACCOUNT,4,2
B04,2025-07-22,13,LOAN,1,0
B04,2025-07-22,15,LOAN,1,0
B04,2025-07-23,11,ACCOUNT,1,0
B04,2025-07-23,12,LOAN,1,0
B04,2025-07-23,13,LOAN,1,0
B04,2025-07-23,14,ACCOUNT,1,0
B04,2025-07-23,14,LOAN,2,1
B04,2025-07-23,15,ACCOUNT,1,0
B04,2025-07-24,11,ACCOUNT,1,0
B04,2025-07-24,11,LOAN,1,0
B04,2025-07-24,12,LOAN,3,1
B04,2025-07-24,13,LOAN,1,0
B04,2025-07-24,14,LOAN,1,0
B04,2025-07-24,15,LOAN,2,1
B04,2025-07-25,10,LOAN,2,0
B04,2025-07-25,11,LOAN,2,0
B04,2025-07-25,14,LOAN,5,1
B04,2025-07-25,15,LOAN,1,0
B04,2025-07-28,10,LOAN,1,0
B04,2025-07-28,11,LOAN,1,0
B04,2025-07-28,12,ACCOUNT,1,0
B04,2025-07-28,12,LOAN,1,0
B04,2025-07-28,13,LOAN,4,1
B04,2025-07-28,14,LOAN,2,0
B04,2025-07-28,15,LOAN,1,0
B04,2025-07-29,10,ACCOUNT,1,0
B04,2025-07-29,10,LOAN,1,0
B04,2025-07-29,11,LOAN,3,1
B04,2025-07-29,12,ACCOUNT,1,0
B04,2025-07-29,12,LOAN,1,0
B04,2025-07-29,13,LOAN,2,1
B04,2025-07-29,14,LOAN,4,2
B04,2025-07-29,15,LOAN,1,0
B04,2025-07-30,10,LOAN,3,1
B04,2025-07-30,11,ACCOUNT,2,1
B04,2025-07-30,11,LOAN,1,0
B04,2025-07-30,12,ACCOUNT,1,0
B04,2025-07-30,12,LOAN,3,1
B04,2025-07-30,13,LOAN,3,0
B04,2025-07-30,14,LOAN,2,0
B04,2025-07-30,15,ACCOUNT,1,0
B04,2025-07-31,10,LOAN,2,1
B04,2025-07-31,12,LOAN,3,0
B04,2025-07-31,13,LOAN,1,0
B04,2025-07-31,14,LOAN,3,1
B04,2025-07-31,15,LOAN,1,0
B04,2025-08-01,13,LOAN,2,1
B04,2025-08-01,14,ACCOUNT,1,0
B04,2025-08-02,12,LOAN,2,1
B04,2025-08-02,14,LOAN,1,0
B04,2025-08-04,10,LOAN,2,1
B04,2025-08-04,11,LOAN,2,1
B04,2025-08-04,12,LOAN,4,1
B04,2025-08-04,13,LOAN,2,0
B04,2025-08-04,14,ACCOUNT,1,0
B04,2025-08-04,15,LOAN,3,1
B04,2025-08-05,11,LOAN,1,0
B04,2025-08-05,12,LOAN,2,0
B04,2025-08-05,13,LOAN,1,0
B04,2025-08-05,14,LOAN,1,0
B04,2025-08-06,10,LOAN,3,1
B04,2025-08-06,11,LOAN,1,0
B04,2025-08-06,12,LOAN,2,0
B04,2025-08-06,14,LOAN,1,0
B04,2025-08-06,15,LOAN,3,1
B04,2025-08-07,10,ACCOUNT,2,0
B04,2025-08-07,10,LOAN,2,0
B04,2025-08-07,11,LOAN,1,0
B04,2025-08-07,12,LOAN,2,0
B04,2025-08-07,13,LOAN,4,1
B04,2025-08-07,14,LOAN,4,2
B04,2025-08-11,10,LOAN,1,0
B04,2025-08-11,11,LOAN,4,1
B04,2025-08-11,12,LOAN,3,0
B04,2025-08-11,13,LOAN,3,1
B04,2025-08-11,14,ACCOUNT,2,1
B04,2025-08-11,14,LOAN,4,2
B04,2025-08-12,11,ACCOUNT,1,0
B04,2025-08-12,12,LOAN,1,0
B04,2025-08-12,14,LOAN,4,1
B04,2025-08-12,15,LOAN,4,2
B04,2025-08-13,10,LOAN,1,0
B04,2025-08-13,11,LOAN,2,0
B04,2025-08-13,12,LOAN,1,0
B04,2025-08-13,13,ACCOUNT,1,0
B04,2025-08-14,10,ACCOUNT,1,0
B04,2025-08-14,11,LOAN,2,0
B04,2025-08-14,13,LOAN,1,0
B04,2025-08-14,14,ACCOUNT,1,0
B04,2025-08-14,14,LOAN,2,0
B04,2025-08-14,15,ACCOUNT,1,0
B04,2025-08-16,11,LOAN,2,1
B04,2025-08-16,12,LOAN,2,0
B04,2025-08-18,11,ACCOUNT,1,0
B04,2025-08-18,12,LOAN,2,0
B04,2025-08-18,14,ACCOUNT,1,0
B04,2025-08-18,15,LOAN,1,0
B04,2025-08-19,10,LOAN,1,0
B04,2025-08-19,11,ACCOUNT,2,0
B04,2025-08-19,11,LOAN,3,1
B04,2025-08-19,12,LOAN,1,0
B04,2025-08-19,13,ACCOUNT,2,1
B04,2025-08-19,13,LOAN,2,1
B04,2025-08-19,14,ACCOUNT,1,0
B04,2025-08-20,10,LOAN,1,0
B04,2025-08-20,11,LOAN,4,2
B04,2025-08-20,12,LOAN,3,0
B04,2025-08-20,13,LOAN,2,1
B04,2025-08-20,14,LOAN,3,0
B04,2025-08-21,11,LOAN,2,0
B04,2025-08-21,12,LOAN,2,0
B04,2025-08-21,14,ACCOUNT,2,1
B04,2025-08-21,14,LOAN,1,0
B04,2025-08-21,15,LOAN,3,1
B04,2025-08-22,12,ACCOUNT,1,0
B04,2025-08-22,13,LOAN,1,0
B04,2025-08-22,14,ACCOUNT,1,0
B04,2025-08-22,15,LOAN,1,0
B04,2025-08-25,10,ACCOUNT,1,0
B04,2025-08-25,10,LOAN,3,0
B04,2025-08-25,11,LOAN,5,2
B04,2025-08-25,12,LOAN,2,1
B04,2025-08-25,13,LOAN,3,0
B04,2025-08-25,14,LOAN,1,0
B04,2025-08-25,15,LOAN,5,2
B04,2025-08-26,11,LOAN,2,0
B04,2025-08-26,12,LOAN,2,0
B04,2025-08-26,13,LOAN,1,0
B04,2025-08-26,14,LOAN,1,0
B04,2025-08-28,10,LOAN,1,0
B04,2025-08-28,11,ACCOUNT,1,0
B04,2025-08-28,12,LOAN,2,1
B04,2025-08-28,14,ACCOUNT,2,0
B04,2025-08-28,15,ACCOUNT,1,0
B04,2025-08-29,10,LOAN,3,0
B04,2025-08-29,11,LOAN,2,0
B04,2025-08-29,12,LOAN,2,1
B04,2025-08-29,13,LOAN,1,0
B04,2025-08-30,10,ACCOUNT,1,0
B04,2025-08-30,10,LOAN,1,0
B04,2025-08-30,11,ACCOUNT,1,0
B04,2025-08-30,11,LOAN,1,0
B04,2025-08-30,12,LOAN,2,0
B04,2025-08-30,13,LOAN,1,0
B04,2025-09-01,10,LOAN,2,0
B04,2025-09-01,11,LOAN,2,0
B04,2025-09-01,12,LOAN,2,1
B04,2025-09-01,13,ACCOUNT,1,0
B04,2025-09-01,13,LOAN,2,1
B04,2025-09-01,14,ACCOUNT,1,0
B04,2025-09-01,14,LOAN,3,1
B04,2025-09-01,15,ACCOUNT,1,0
B04,2025-09-01,15,LOAN,2,0
B04,2025-09-02,12,LOAN,2,0
B04,2025-09-02,13,ACCOUNT,1,0
B04,2025-09-02,13,LOAN,7,3
B04,2025-09-03,11,ACCOUNT,1,0
B04,2025-09-03,11,LOAN,2,0
B04,2025-09-03,12,LOAN,3,1
B04,2025-09-03,13,LOAN,2,0
B04,2025-09-03,14,ACCOUNT,1,0
B04,2025-09-03,14,LOAN,1,0
B04,2025-09-03,15,ACCOUNT,1,0
B04,2025-09-03,15,LOAN,1,0
B04,2025-09-04,11,ACCOUNT,3,0
B04,2025-09-04,11,LOAN,3,1
B04,2025-09-04,12,LOAN,1,0
B04,2025-09-04,14,LOAN,2,0
B04,2025-09-04,15,LOAN,1,0
B04,2025-09-06,10,ACCOUNT,2,0
B04,2025-09-06,10,LOAN,1,0
B04,2025-09-06,11,LOAN,2,0
B04,2025-09-06,12,ACCOUNT,2,1
B04,2025-09-06,12,LOAN,1,0
B04,2025-09-06,13,LOAN,3,1
B04,2025-09-08,10,LOAN,4,1
B04,2025-09-08,11,LOAN,2,0
B04,2025-09-08,12,LOAN,3,0
B04,2025-09-08,13,LOAN,1,0
B04,2025-09-08,14,LOAN,3,0
B04,2025-09-08,15,LOAN,3,1
B04,2025-09-09,10,LOAN,2,0
B04,2025-09-09,11,ACCOUNT,2,1
B04,2025-09-09,11,LOAN,1,0
B04,2025-09-09,12,LOAN,2,0
B04,2025-09-09,13,ACCOUNT,1,0
B04,2025-09-09,14,LOAN,1,0
B04,2025-09-09,15,ACCOUNT,1,0
B04,2025-09-10,12,LOAN,3,0
B04,2025-09-10,13,ACCOUNT,1,0
B04,2025-09-10,15,LOAN,2,0
B04,2025-09-11,10,LOAN,2,0
B04,2025-09-11,11,ACCOUNT,1,0
B04,2025-09-11,11,LOAN,1,0
B04,2025-09-11,12,LOAN,3,0
B04,2025-09-11,13,LOAN,2,0
B04,2025-09-11,14,LOAN,4,2
B04,2025-09-11,15,LOAN,1,0
B04,2025-09-12,11,LOAN,1,0
B04,2025-09-12,12,ACCOUNT,1,0
B04,2025-09-12,12,LOAN,2,0
B04,2025-09-12,13,LOAN,4,1
B04,2025-09-12,14,LOAN,2,1
B04,2025-09-12,15,LOAN,2,1
B04,2025-09-15,11,LOAN,1,0
B04,2025-09-15,12,LOAN,3,0
B04,2025-09-15,13,ACCOUNT,1,0
B04,2025-09-15,13,LOAN,2,1
B04,2025-09-15,14,LOAN,2,0
B04,2025-09-16,12,ACCOUNT,1,0
B04,2025-09-16,12,LOAN,3,1
B04,2025-09-16,14,LOAN,2,1
B04,2025-09-16,15,LOAN,1,0
B04,2025-09-17,10,ACCOUNT,1,0
B04,2025-09-17,10,LOAN,2,1
B04,2025-09-17,11,LOAN,1,0
B04,2025-09-17,13,LOAN,2,1
B04,2025-09-17,15,LOAN,2,0
B04,2025-09-18,10,ACCOUNT,2,0
B04,2025-09-18,10,LOAN,1,0
B04,2025-09-18,13,LOAN,1,0
B04,2025-09-18,14,ACCOUNT,1,0
B04,2025-09-18,14,LOAN,1,0
B04,2025-09-18,15,LOAN,1,0
B04,2025-09-19,11,ACCOUNT,2,1
B04,2025-09-19,11,LOAN,2,0
B04,2025-09-19,12,LOAN,1,0
B04,2025-09-19,13,LOAN,3,1
B04,2025-09-19,14,LOAN,2,0
B04,2025-09-19,15,LOAN,3,1
B04,2025-09-20,10,LOAN,1,0
B04,2025-09-20,11,LOAN,2,1
B04,2025-09-20,12,LOAN,1,0
B04,2025-09-20,14,LOAN,1,0
B04,2025-09-20,15,LOAN,5,2
B04,2025-09-22,10,ACCOUNT,2,0
B04,2025-09-22,10,LOAN,1,0
B04,2025-09-22,11,LOAN,4,1
B04,2025-09-22,12,LOAN,2,1
B04,2025-09-22,13,LOAN,5,0
B04,2025-09-22,14,ACCOUNT,3,2
B04,2025-09-22,14,LOAN,2,0
B04,2025-09-22,15,LOAN,3,1
B04,2025-09-23,12,LOAN,2,1
B04,2025-09-23,13,ACCOUNT,1,0
B04,2025-09-23,13,LOAN,3,1
B04,2025-09-23,14,LOAN,2,0
B04,2025-09-23,15,ACCOUNT,1,0
B04,2025-09-24,10,ACCOUNT,2,1
B04,2025-09-24,10,LOAN,1,0
B04,2025-09-24,11,ACCOUNT,2,1
B04,2025-09-24,11,LOAN,2,0
B04,2025-09-24,12,LOAN,4,1
B04,2025-09-24,13,LOAN,2,0
B04,2025-09-24,14,LOAN,2,0
B04,2025-09-25,10,LOAN,2,1
B04,2025-09-25,12,LOAN,1,0
B04,2025-09-25,13,LOAN,2,0
B04,2025-09-25,14,ACCOUNT,1,0
B04,2025-09-25,14,LOAN,1,0
B04,2025-09-25,15,ACCOUNT,3,1
B04,2025-09-25,15,LOAN,2,0
B04,2025-09-26,10,ACCOUNT,1,0
B04,2025-09-26,10,LOAN,1,0
B04,2025-09-26,11,LOAN,3,1
B04,2025-09-26,12,LOAN,2,1
B04,2025-09-26,13,LOAN,1,0
B04,2025-09-26,14,LOAN,1,0
B04,2025-09-26,15,LOAN,3,1
B04,2025-09-29,10,ACCOUNT,1,0
B04,2025-09-29,10,LOAN,2,0
B04,2025-09-29,11,LOAN,5,1
B04,2025-09-29,12,LOAN,1,0
B04,2025-09-29,13,LOAN,5,2
B04,2025-09-29,14,ACCOUNT,1,0
B04,2025-09-29,14,LOAN,2,0
B04,2025-09-29,15,ACCOUNT,1,0
B04,2025-09-29,15,LOAN,3,0
B04,2025-09-30,10,LOAN,3,1
B04,2025-09-30,11,ACCOUNT,3,1
B04,2025-09-30,11,LOAN,2,0
B04,2025-09-30,12,ACCOUNT,2,0
B04,2025-09-30,13,LOAN,4,1
B04,2025-09-30,14,LOAN,1,0
B04,2025-09-30,15,ACCOUNT,1,0
B04,2025-09-30,15,LOAN,1,0
B04,2025-10-03,10,LOAN,3,1
B04,2025-10-03,11,ACCOUNT,3,1
B04,2025-10-03,11,LOAN,3,2
B04,2025-10-03,12,ACCOUNT,1,0
B04,2025-10-03,12,LOAN,1,0
B04,2025-10-03,14,LOAN,2,0
B04,2025-10-04,11,LOAN,2,1
B04,2025-10-04,12,LOAN,1,0
B04,2025-10-04,15,LOAN,1,0
B04,2025-10-06,10,LOAN,2,1
B04,2025-10-06,11,LOAN,1,0
B04,2025-10-06,12,ACCOUNT,1,0
B04,2025-10-06,13,LOAN,4,1
B04,2025-10-06,14,LOAN,5,0
B04,2025-10-06,15,ACCOUNT,1,0
B04,2025-10-08,10,LOAN,1,0
B04,2025-10-08,11,LOAN,2,0
B04,2025-10-08,12,ACCOUNT,2,1
B04,2025-10-08,12,LOAN,4,2
B04,2025-10-08,13,LOAN,1,0
B04,2025-10-08,14,ACCOUNT,2,0
B04,2025-10-08,14,LOAN,2,0
B04,2025-10-08,15,LOAN,1,0
B04,2025-10-09,10,LOAN,2,1
B04,2025-10-09,11,ACCOUNT,1,0
B04,2025-10-09,11,LOAN,2,0
B04,2025-10-09,12,ACCOUNT,1,0
B04,2025-10-09,12,LOAN,2,0
B04,2025-10-09,14,LOAN,1,0
B04,2025-10-09,15,ACCOUNT,1,0
B04,2025-10-10,10,LOAN,1,0
B04,2025-10-10,11,ACCOUNT,1,0
B04,2025-10-10,11,LOAN,1,0
B04,2025-10-10,12,LOAN,6,3
B04,2025-10-10,13,ACCOUNT,1,0
B04,2025-10-10,14,LOAN,1,0
B04,2025-10-13,11,ACCOUNT,1,0
B04,2025-10-13,11,LOAN,5,2
B04,2025-10-13,12,LOAN,4,0
B04,2025-10-13,14,LOAN,1,0
B04,2025-10-13,15,LOAN,2,0
B04,2025-10-14,10,LOAN,2,0
B04,2025-10-14,11,ACCOUNT,1,0
B04,2025-10-14,11,LOAN,5,2
B04,2025-10-14,13,LOAN,1,0
B04,2025-10-14,14,LOAN,4,2
B04,2025-10-15,11,LOAN,3,1
B04,2025-10-15,12,LOAN,1,0
B04,2025-10-15,13,LOAN,4,1
B04,2025-10-15,14,LOAN,2,0
B04,2025-10-15,15,ACCOUNT,1,0
B04,2025-10-15,15,LOAN,2,0
B04,2025-10-16,10,ACCOUNT,1,0
B04,2025-10-16,10,LOAN,1,0
B04,2025-10-16,11,ACCOUNT,1,0
B04,2025-10-16,11,LOAN,3,1
B04,2025-10-16,12,ACCOUNT,4,2
B04,2025-10-16,12,LOAN,2,0
B04,2025-10-16,13,LOAN,4,0
B04,2025-10-16,14,ACCOUNT,1,0
B04,2025-10-16,14,LOAN,4,1
B04,2025-10-16,15,ACCOUNT,1,0
B04,2025-10-16,15,LOAN,2,0
B04,2025-10-17,10,LOAN,2,0
B04,2025-10-17,11,ACCOUNT,1,0
B04,2025-10-17,11,LOAN,7,1
B04,2025-10-17,12,LOAN,4,1
B04,2025-10-17,13,LOAN,3,1
B04,2025-10-17,14,LOAN,4,0
B04,2025-10-17,15,LOAN,3,0
B04,2025-10-18,10,LOAN,1,0
B04,2025-10-18,11,ACCOUNT,4,2
B04,2025-10-18,11,LOAN,7,3
B04,2025-10-18,12,ACCOUNT,1,0
B04,2025-10-18,12,LOAN,5,0
B04,2025-10-18,13,LOAN,1,0
B04,2025-10-18,14,LOAN,2,0
B04,2025-10-18,15,LOAN,4,1
B04,2025-10-21,10,ACCOUNT,1,0
B04,2025-10-21,11,LOAN,2,0
B04,2025-10-21,12,ACCOUNT,1,0
B04,2025-10-21,12,LOAN,7,4
B04,2025-10-21,14,ACCOUNT,1,0
B04,2025-10-21,14,LOAN,1,0
B04,2025-10-23,10,LOAN,1,0
B04,2025-10-23,11,LOAN,2,0
B04,2025-10-23,12,ACCOUNT,1,0
B04,2025-10-23,12,LOAN,2,0
B04,2025-10-23,13,LOAN,2,0
B04,2025-10-23,14,LOAN,2,0
B04,2025-10-23,15,ACCOUNT,1,0
B04,2025-10-24,10,LOAN,1,0
B04,2025-10-24,11,ACCOUNT,1,0
B04,2025-10-24,12,ACCOUNT,1,0
B04,2025-10-24,12,LOAN,1,0
B04,2025-10-24,13,LOAN,3,1
B04,2025-10-24,14,LOAN,2,0
B04,2025-10-24,15,LOAN,1,0
B04,2025-10-27,10,ACCOUNT,2,1
B04,2025-10-27,11,ACCOUNT,1,0
B04,2025-10-27,11,LOAN,3,0
B04,2025-10-27,12,LOAN,2,0
B04,2025-10-27,13,LOAN,3,1
B04,2025-10-27,14,LOAN,8,3
B04,2025-10-27,15,LOAN,5,1
B04,2025-10-28,10,LOAN,1,0
B04,2025-10-28,11,LOAN,2,0
B04,2025-10-28,12,LOAN,1,0
B04,2025-10-28,13,LOAN,1,0
B04,2025-10-28,14,LOAN,3,1
B04,2025-10-28,15,LOAN,2,0
B04,2025-10-29,10,LOAN,2,1
B04,2025-10-29,11,ACCOUNT,1,0
B04,2025-10-29,11,LOAN,1,0
B04,2025-10-29,12,ACCOUNT,2,0
B04,2025-10-29,12,LOAN,4,1
B04,2025-10-29,15,LOAN,3,0
B04,2025-10-30,11,LOAN,2,0
B04,2025-10-30,12,LOAN,1,0
B04,2025-10-30,13,ACCOUNT,2,1
B04,2025-10-30,13,LOAN,1,0
B04,2025-10-30,14,ACCOUNT,1,0
B04,2025-10-30,14,LOAN,3,0
B04,2025-10-30,15,ACCOUNT,2,1
B04,2025-10-30,15,LOAN,3,2
B04,2025-10-31,11,ACCOUNT,1,0
B04,2025-10-31,13,LOAN,4,1
B04,2025-10-31,14,LOAN,5,2
B04,2025-11-03,10,ACCOUNT,1,0
B04,2025-11-03,10,LOAN,1,0
B04,2025-11-03,11,LOAN,2,0
B04,2025-11-03,12,LOAN,3,0
B04,2025-11-03,13,LOAN,1,0
B04,2025-11-03,14,LOAN,4,1
B04,2025-11-03,15,LOAN,3,1
B04,2025-11-04,12,LOAN,1,0
B04,2025-11-04,13,LOAN,1,0
B04,2025-11-04,14,ACCOUNT,2,1
B04,2025-11-04,15,LOAN,1,0
B04,2025-11-05,10,LOAN,4,0
B04,2025-11-05,12,ACCOUNT,1,0
B04,2025-11-05,12,LOAN,2,0
B04,2025-11-05,13,LOAN,2,0
B04,2025-11-05,14,LOAN,2,0
B04,2025-11-05,15,ACCOUNT,1,0
B04,2025-11-05,15,LOAN,1,0
B04,2025-11-06,10,ACCOUNT,2,1
B04,2025-11-06,12,LOAN,1,0
B04,2025-11-06,15,LOAN,5,2
B04,2025-11-07,10,LOAN,1,0
B04,2025-11-07,11,LOAN,7,2
B04,2025-11-07,12,ACCOUNT,1,0
B04,2025-11-07,12,LOAN,1,0
B04,2025-11-07,13,ACCOUNT,1,0
B04,2025-11-07,13,LOAN,3,2
B04,2025-11-07,14,LOAN,3,1
B04,2025-11-07,15,LOAN,2,0
B04,2025-11-10,11,LOAN,1,0
B04,2025-11-10,12,LOAN,3,0
B04,2025-11-10,13,ACCOUNT,1,0
B04,2025-11-10,13,LOAN,1,0
B04,2025-11-10,14,LOAN,3,0
B04,2025-11-10,15,LOAN,2,1
B04,2025-11-11,10,ACCOUNT,1,0
B04,2025-11-11,10,LOAN,4,0
B04,2025-11-11,11,LOAN,3,1
B04,2025-11-11,12,LOAN,3,0
B04,2025-11-11,14,LOAN,1,0
B04,2025-11-12,10,ACCOUNT,1,0
B04,2025-11-12,10,LOAN,1,0
B04,2025-11-12,11,LOAN,3,1
B04,2025-11-12,12,LOAN,1,0
B04,2025-11-12,13,LOAN,3,1
B04,2025-11-12,14,ACCOUNT,1,0
B04,2025-11-12,14,LOAN,2,1
B04,2025-11-12,15,LOAN,4,3
B04,2025-11-13,10,ACCOUNT,2,1
B04,2025-11-13,10,LOAN,3,1
B04,2025-11-13,11,LOAN,3,0
B04,2025-11-13,12,LOAN,3,0
B04,2025-11-13,13,ACCOUNT,2,0
B04,2025-11-13,13,LOAN,3,1
B04,2025-11-13,15,LOAN,1,0
B04,2025-11-14,10,ACCOUNT,1,0
B04,2025-11-14,10,LOAN,3,1
B04,2025-11-14,11,LOAN,2,0
B04,2025-11-14,12,LOAN,1,0
B04,2025-11-14,13,LOAN,2,0
B04,2025-11-14,15,LOAN,4,2
B04,2025-11-15,10,ACCOUNT,1,0
B04,2025-11-15,12,LOAN,2,0
B04,2025-11-15,13,LOAN,2,0
B04,2025-11-17,10,ACCOUNT,1,0
B04,2025-11-17,10,LOAN,4,1
B04,2025-11-17,11,LOAN,5,1
B04,2025-11-17,12,ACCOUNT,1,0
B04,2025-11-17,12,LOAN,4,0
B04,2025-11-17,13,LOAN,1,0
B04,2025-11-17,14,ACCOUNT,2,1
B04,2025-11-17,14,LOAN,1,0
B04,2025-11-17,15,ACCOUNT,1,0
B04,2025-11-18,11,LOAN,3,1
B04,2025-11-18,12,LOAN,5,1
B04,2025-11-18,15,LOAN,2,1
B04,2025-11-19,10,LOAN,1,0
B04,2025-11-19,12,LOAN,5,1
B04,2025-11-19,14,ACCOUNT,1,0
B04,2025-11-19,15,ACCOUNT,1,0
B04,2025-11-19,15,LOAN,1,0
B04,2025-11-20,10,LOAN,2,1
B04,2025-11-20,12,LOAN,5,1
B04,2025-11-20,13,ACCOUNT,1,0
B04,2025-11-20,14,ACCOUNT,1,0
B04,2025-11-20,14,LOAN,1,0
B04,2025-11-20,15,LOAN,5,2
B04,2025-11-21,10,LOAN,1,0
B04,2025-11-21,11,ACCOUNT,2,1
B04,2025-11-21,11,LOAN,1,0
B04,2025-11-21,12,LOAN,2,0
B04,2025-11-21,13,LOAN,3,0
B04,2025-11-21,14,LOAN,1,0
B04,2025-11-21,15,ACCOUNT,1,0
B04,2025-11-21,15,LOAN,2,1
B04,2025-11-24,10,ACCOUNT,2,1
B04,2025-11-24,11,ACCOUNT,3,1
B04,2025-11-24,11,LOAN,3,0
B04,2025-11-24,12,LOAN,2,0
B04,2025-11-24,13,LOAN,6,3
B04,2025-11-24,14,LOAN,7,2
B04,2025-11-24,15,LOAN,3,0
B04,2025-11-25,10,LOAN,1,0
B04,2025-11-25,11,LOAN,2,0
B04,2025-11-25,12,LOAN,1,0
B04,2025-11-25,14,LOAN,1,0
B04,2025-11-25,15,LOAN,1,0
B04,2025-11-26,11,LOAN,2,1
B04,2025-11-26,12,LOAN,2,0
B04,2025-11-26,13,ACCOUNT,1,0
B04,2025-11-26,13,LOAN,2,0
B04,2025-11-26,14,LOAN,1,0
B04,2025-11-26,15,LOAN,3,1
B04,2025-11-27,10,LOAN,4,0
B04,2025-11-27,11,ACCOUNT,1,0
B04,2025-11-27,11,LOAN,1,0
B04,2025-11-27,12,LOAN,5,2
B04,2025-11-27,14,ACCOUNT,2,1
B04,2025-11-27,14,LOAN,2,0
B04,2025-11-27,15,LOAN,2,0
B04,2025-11-28,10,LOAN,1,0
B04,2025-11-28,11,LOAN,9,2
B04,2025-11-28,12,LOAN,6,1
B04,2025-11-28,13,LOAN,2,0
B04,2025-11-29,10,LOAN,1,0
B04,2025-11-29,13,LOAN,1,0
B04,2025-11-29,15,LOAN,1,0
B04,2025-12-01,10,LOAN,1,0
B04,2025-12-01,11,ACCOUNT,2,1
B04,2025-12-01,11,LOAN,2,0
B04,2025-12-01,12,ACCOUNT,1,0
B04,2025-12-01,12,LOAN,1,0
B04,2025-12-01,13,ACCOUNT,1,0
B04,2025-12-01,13,LOAN,3,1
B04,2025-12-01,14,ACCOUNT,3,1
B04,2025-12-02,12,ACCOUNT,1,0
B04,2025-12-02,12,LOAN,3,1
B04,2025-12-02,14,LOAN,2,0
B04,2025-12-02,15,ACCOUNT,1,0
B04,2025-12-03,10,LOAN,1,0
B04,2025-12-03,11,LOAN,1,0
B04,2025-12-03,12,LOAN,1,0
B04,2025-12-03,14,ACCOUNT,1,0
B04,2025-12-03,14,LOAN,1,0
B04,2025-12-04,10,LOAN,2,1
B04,2025-12-04,11,ACCOUNT,1,0
B04,2025-12-04,12,LOAN,2,0
B04,2025-12-04,13,LOAN,1,0
B04,2025-12-04,14,ACCOUNT,1,0
B04,2025-12-04,14,LOAN,4,0
B04,2025-12-05,10,ACCOUNT,1,0
B04,2025-12-05,10,LOAN,2,0
B04,2025-12-05,11,ACCOUNT,4,1
B04,2025-12-05,11,LOAN,2,1
B04,2025-12-05,12,LOAN,3,1
B04,2025-12-05,14,LOAN,1,0
B04,2025-12-05,15,ACCOUNT,2,1
B04,2025-12-05,15,LOAN,2,0
B04,2025-12-06,10,LOAN,1,0
B04,2025-12-06,11,LOAN,3,1
B04,2025-12-06,12,LOAN,3,0
B04,2025-12-06,13,LOAN,3,0
B04,2025-12-06,14,LOAN,3,1
B04,2025-12-08,10,LOAN,1,0
B04,2025-12-08,11,ACCOUNT,2,0
B04,2025-12-08,11,LOAN,3,1
B04,2025-12-08,13,ACCOUNT,1,0
B04,2025-12-09,11,LOAN,2,0
B04,2025-12-09,13,LOAN,1,0
B04,2025-12-10,10,LOAN,1,0
B04,2025-12-10,12,ACCOUNT,1,0
B04,2025-12-10,14,LOAN,2,0
B04,2025-12-10,15,LOAN,4,1
B04,2025-12-11,11,LOAN,2,0
B04,2025-12-11,12,LOAN,2,1
B04,2025-12-11,14,LOAN,1,0
B04,2025-12-11,15,LOAN,1,0
B04,2025-12-12,11,LOAN,1,0
B04,2025-12-12,12,LOAN,1,0
B04,2025-12-12,13,LOAN,1,0
B04,2025-12-12,14,LOAN,3,2
B04,2025-12-12,15,LOAN,2,0
B04,2025-12-15,10,ACCOUNT,1,0
B04,2025-12-15,10,LOAN,1,0
B04,2025-12-15,11,LOAN,5,1
B04,2025-12-15,12,ACCOUNT,1,0
B04,2025-12-15,12,LOAN,1,0
B04,2025-12-15,13,LOAN,3,1
B04,2025-12-15,14,LOAN,2,0
B04,2025-12-15,15,LOAN,2,0
B04,2025-12-16,10,LOAN,2,1
B04,2025-12-16,14,LOAN,1,0
B04,2025-12-16,15,LOAN,2,1
B04,2025-12-17,10,LOAN,1,0
B04,2025-12-17,11,ACCOUNT,1,0
B04,2025-12-17,12,LOAN,1,0
B04,2025-12-17,13,LOAN,1,0
B04,2025-12-17,14,LOAN,1,0
B04,2025-12-18,10,LOAN,3,0
B04,2025-12-18,11,LOAN,4,1
B04,2025-12-18,13,ACCOUNT,2,1
B04,2025-12-18,13,LOAN,2,0
B04,2025-12-18,14,LOAN,4,1
B04,2025-12-18,15,LOAN,1,0
B04,2025-12-19,11,LOAN,2,0
B04,2025-12-19,13,ACCOUNT,2,1
B04,2025-12-19,13,LOAN,3,1
B04,2025-12-19,14,LOAN,2,1
B04,2025-12-20,10,ACCOUNT,2,1
B04,2025-12-20,10,LOAN,1,0
B04,2025-12-20,11,LOAN,2,0
B04,2025-12-20,12,ACCOUNT,2,1
B04,2025-12-20,12,LOAN,4,1
B04,2025-12-20,13,LOAN,1,0
B04,2025-12-20,14,LOAN,1,0
B04,2025-12-20,15,LOAN,1,0
B04,2025-12-22,11,LOAN,1,0
B04,2025-12-22,12,LOAN,1,0
B04,2025-12-22,13,LOAN,1,0
B04,2025-12-22,14,LOAN,2,0
B04,2025-12-23,10,LOAN,1,0
B04,2025-12-23,11,ACCOUNT,1,0
B04,2025-12-23,11,LOAN,2,0
B04,2025-12-23,12,ACCOUNT,2,1
B04,2025-12-23,12,LOAN,1,0
B04,2025-12-23,14,ACCOUNT,1,0
B04,2025-12-23,14,LOAN,4,1
B04,2025-12-23,15,LOAN,1,0
B04,2025-12-24,10,LOAN,1,0
B04,2025-12-24,11,LOAN,2,0
B04,2025-12-24,12,LOAN,2,1
B04,2025-12-24,13,ACCOUNT,1,0
B04,2025-12-24,13,LOAN,2,0
B04,2025-12-24,14,LOAN,1,0
B04,2025-12-24,15,ACCOUNT,1,0
B04,2025-12-24,15,LOAN,1,0
B04,2025-12-26,10,ACCOUNT,2,1
B04,2025-12-26,11,ACCOUNT,2,0
B04,2025-12-26,12,LOAN,1,0
B04,2025-12-26,13,LOAN,1,0
B04,2025-12-26,14,LOAN,1,0
B04,2025-12-26,15,LOAN,1,0
B04,2025-12-29,10,ACCOUNT,1,0
B04,2025-12-29,10,LOAN,3,0
B04,2025-12-29,11,ACCOUNT,2,1
B04,2025-12-29,11,LOAN,3,1
B04,2025-12-29,12,LOAN,4,1
B04,2025-12-29,13,LOAN,3,0
B04,2025-12-29,14,ACCOUNT,1,0
B04,2025-12-29,14,LOAN,3,1
B04,2025-12-30,10,LOAN,2,0
B04,2025-12-30,11,ACCOUNT,2,0
B04,2025-12-30,11,LOAN,5,1
B04,2025-12-30,13,LOAN,1,0
B04,2025-12-30,14,ACCOUNT,1,0
B04,2025-12-30,14,LOAN,2,0
B04,2025-12-30,15,ACCOUNT,1,0
B04,2025-12-30,15,LOAN,4,0
B04,2025-12-31,10,LOAN,2,0
B04,2025-12-31,11,ACCOUNT,1,0
B04,2025-12-31,12,LOAN,1,0
B04,2025-12-31,13,LOAN,1,0
B04,2025-12-31,15,LOAN,1,0
B04,2026-01-01,10,LOAN,1,0
B04,2026-01-01,11,ACCOUNT,1,0
B04,2026-01-01,11,LOAN,3,0
B04,2026-01-01,12,LOAN,1,0
B04,2026-01-01,13,LOAN,1,0
B04,2026-01-01,14,ACCOUNT,1,0
B04,2026-01-01,14,LOAN,3,0
B04,2026-01-02,10,ACCOUNT,2,1
B04,2026-01-02,10,LOAN,1,0
B04,2026-01-02,11,LOAN,4,1
B04,2026-01-02,12,LOAN,2,1
B04,2026-01-02,13,ACCOUNT,1,0
B04,2026-01-02,13,LOAN,1,0
B04,2026-01-02,14,LOAN,2,0
B04,2026-01-02,15,LOAN,1,0
B04,2026-01-03,10,LOAN,3,1
B04,2026-01-03,11,ACCOUNT,1,0
B04,2026-01-03,11,LOAN,1,0
B04,2026-01-03,13,LOAN,3,1
B04,2026-01-03,14,ACCOUNT,1,0
B04,2026-01-03,15,LOAN,1,0
B04,2026-01-05,10,ACCOUNT,2,1
B04,2026-01-05,10,LOAN,2,0
B04,2026-01-05,12,ACCOUNT,2,1
B04,2026-01-05,12,LOAN,1,0
B04,2026-01-05,13,LOAN,1,0
B04,2026-01-05,15,LOAN,1,0
B04,2026-01-06,11,LOAN,1,0
B04,2026-01-06,12,ACCOUNT,1,0
B04,2026-01-06,12,LOAN,2,0
B04,2026-01-07,10,ACCOUNT,3,1
B04,2026-01-07,10,LOAN,1,0
B04,2026-01-07,11,LOAN,1,0
B04,2026-01-07,12,ACCOUNT,1,0
B04,2026-01-07,14,LOAN,1,0
B04,2026-01-08,10,ACCOUNT,1,0
B04,2026-01-08,10,LOAN,1,0
B04,2026-01-08,11,LOAN,1,0
B04,2026-01-08,12,ACCOUNT,1,0
B04,2026-01-08,12,LOAN,3,1
B04,2026-01-08,14,LOAN,1,0
B04,2026-01-09,11,ACCOUNT,1,0
B04,2026-01-09,11,LOAN,3,1
B04,2026-01-09,12,ACCOUNT,1,0
B04,2026-01-09,12,LOAN,1,0
B04,2026-01-09,13,LOAN,1,0
B04,2026-01-09,14,LOAN,4,1
B04,2026-01-09,15,LOAN,2,1
B04,2026-01-12,10,ACCOUNT,1,0
B04,2026-01-12,10,LOAN,1,0
B04,2026-01-12,11,ACCOUNT,3,1
B04,2026-01-12,11,LOAN,3,0
B04,2026-01-12,12,ACCOUNT,1,0
B04,2026-01-12,12,LOAN,1,0
B04,2026-01-12,13,LOAN,3,1
B04,2026-01-12,14,LOAN,3,1
B04,2026-01-13,11,LOAN,3,0
B04,2026-01-13,12,ACCOUNT,2,0
B04,2026-01-13,12,LOAN,2,0
B04,2026-01-13,13,ACCOUNT,1,0
B04,2026-01-13,13,LOAN,1,0
B04,2026-01-13,14,ACCOUNT,1,0
B04,2026-01-14,10,ACCOUNT,1,0
B04,2026-01-14,10,LOAN,1,0
B04,2026-01-14,12,LOAN,3,1
B04,2026-01-14,13,LOAN,3,1
B04,2026-01-14,14,ACCOUNT,1,0
B04,2026-01-14,14,LOAN,1,0
B04,2026-01-14,15,ACCOUNT,1,0
B04,2026-01-14,15,LOAN,7,3
B04,2026-01-16,10,LOAN,3,0
B04,2026-01-16,11,ACCOUNT,2,0
B04,2026-01-16,11,LOAN,1,0
B04,2026-01-16,12,LOAN,3,1
B04,2026-01-16,13,LOAN,2,0
B04,2026-01-16,14,LOAN,1,0
B04,2026-01-16,15,LOAN,3,1
B04,2026-01-17,10,LOAN,1,0
B04,2026-01-17,11,ACCOUNT,3,1
B04,2026-01-17,11,LOAN,2,0
B04,2026-01-17,12,ACCOUNT,1,0
B04,2026-01-17,12,LOAN,1,0
B04,2026-01-17,14,LOAN,2,0
B04,2026-01-17,15,LOAN,2,1
B04,2026-01-19,10,ACCOUNT,1,0
B04,2026-01-19,11,ACCOUNT,1,0
B04,2026-01-19,11,LOAN,1,0
B04,2026-01-19,12,ACCOUNT,2,1
B04,2026-01-19,12,LOAN,3,1
B04,2026-01-19,13,LOAN,1,0
B04,2026-01-19,14,LOAN,1,0
B04,2026-01-19,15,ACCOUNT,1,0
B04,2026-01-19,15,LOAN,2,1
B04,2026-01-20,10,ACCOUNT,1,0
B04,2026-01-20,10,LOAN,2,0
B04,2026-01-20,11,ACCOUNT,1,0
B04,2026-01-20,12,LOAN,2,0
B04,2026-01-20,13,LOAN,1,0
B04,2026-01-20,15,LOAN,2,0
B04,2026-01-21,11,LOAN,2,0
B04,2026-01-21,12,LOAN,3,1
B04,2026-01-21,13,LOAN,1,0
B04,2026-01-21,14,LOAN,2,0
B04,2026-01-22,11,ACCOUNT,1,0
B04,2026-01-22,12,LOAN,2,1
B04,2026-01-22,13,ACCOUNT,3,1
B04,2026-01-22,13,LOAN,1,0
B04,2026-01-22,15,LOAN,1,0
B04,2026-01-23,10,LOAN,3,0
B04,2026-01-23,11,ACCOUNT,3,1
B04,2026-01-23,11,LOAN,1,0
B04,2026-01-23,12,ACCOUNT,1,0
B04,2026-01-23,12,LOAN,1,0
B04,2026-01-23,14,LOAN,1,0
B04,2026-01-23,15,LOAN,1,0
B04,2026-01-27,10,ACCOUNT,1,0
B04,2026-01-27,10,LOAN,1,0
B04,2026-01-27,11,LOAN,2,0
B04,2026-01-27,12,LOAN,2,0
B04,2026-01-27,13,ACCOUNT,2,1
B04,2026-01-27,13,LOAN,3,0
B04,2026-01-27,14,ACCOUNT,1,0
B04,2026-01-27,14,LOAN,2,1
B04,2026-01-28,10,LOAN,1,0
B04,2026-01-28,12,ACCOUNT,1,0
B04,2026-01-28,12,LOAN,3,1
B04,2026-01-28,13,ACCOUNT,1,0
B04,2026-01-29,10,ACCOUNT,2,1
B04,2026-01-29,10,LOAN,1,0
B04,2026-01-29,11,LOAN,1,0
B04,2026-01-29,14,LOAN,2,0
B04,2026-01-30,10,ACCOUNT,1,0
B04,2026-01-30,10,LOAN,2,1
B04,2026-01-30,11,ACCOUNT,3,1
B04,2026-01-30,11,LOAN,1,0
B04,2026-01-30,14,LOAN,1,0
B04,2026-01-31,11,LOAN,1,0
B04,2026-01-31,12,LOAN,2,0
B04,2026-01-31,13,ACCOUNT,1,0
B04,2026-01-31,14,LOAN,1,0
B04,2026-01-31,15,LOAN,3,1
B04,2026-02-02,10,LOAN,2,0
B04,2026-02-02,11,LOAN,1,0
B04,2026-02-02,13,LOAN,1,0
B04,2026-02-02,15,LOAN,2,1
B04,2026-02-03,11,ACCOUNT,4,2
B04,2026-02-03,11,LOAN,1,0
B04,2026-02-03,12,LOAN,1,0
B04,2026-02-03,13,LOAN,1,0
B04,2026-02-03,14,ACCOUNT,1,0
B04,2026-02-03,14,LOAN,1,0
B04,2026-02-04,10,LOAN,2,0
B04,2026-02-04,11,LOAN,1,0
B04,2026-02-04,15,LOAN,2,1
B04,2026-02-05,10,LOAN,1,0
B04,2026-02-05,11,ACCOUNT,1,0
B04,2026-02-05,11,LOAN,2,1
B04,2026-02-05,12,ACCOUNT,2,0
B04,2026-02-05,14,ACCOUNT,1,0
B04,2026-02-05,15,LOAN,2,0
B04,2026-02-06,11,LOAN,1,0
B04,2026-02-06,12,ACCOUNT,1,0
B04,2026-02-06,12,LOAN,4,1
B04,2026-02-06,15,ACCOUNT,2,1
B04,2026-02-06,15,LOAN,2,0
B04,2026-02-07,10,ACCOUNT,2,1
B04,2026-02-07,10,LOAN,2,0
B04,2026-02-07,11,LOAN,2,0
B04,2026-02-07,12,LOAN,2,0
B04,2026-02-07,14,ACCOUNT,3,1
B04,2026-02-07,14,LOAN,1,0
B04,2026-02-07,15,ACCOUNT,1,0
B04,2026-02-07,15,LOAN,1,0
B04,2026-02-09,10,ACCOUNT,1,0
B04,2026-02-09,11,LOAN,2,0
B04,2026-02-09,12,ACCOUNT,1,0
B04,2026-02-09,12,LOAN,1,0
B04,2026-02-09,13,LOAN,2,0
B04,2026-02-10,10,ACCOUNT,2,0
B04,2026-02-10,10,LOAN,1,0
B04,2026-02-10,11,ACCOUNT,1,0
B04,2026-02-10,12,ACCOUNT,2,1
B04,2026-02-10,12,LOAN,1,0
B04,2026-02-10,13,ACCOUNT,1,0
B04,2026-02-10,13,LOAN,1,0
B04,2026-02-10,14,ACCOUNT,1,0
B04,2026-02-10,14,LOAN,2,0
B04,2026-02-10,15,LOAN,2,0
B04,2026-02-11,11,LOAN,2,1
B04,2026-02-11,12,LOAN,2,1
B04,2026-02-11,13,LOAN,2,0
B04,2026-02-11,14,ACCOUNT,1,0
B04,2026-02-11,14,LOAN,1,0
B04,2026-02-11,15,LOAN,1,0
B04,2026-02-12,10,LOAN,1,0
B04,2026-02-12,14,LOAN,3,1
B04,2026-02-13,10,ACCOUNT,1,0
B04,2026-02-13,10,LOAN,1,0
B04,2026-02-13,11,LOAN,3,2
B04,2026-02-13,12,ACCOUNT,1,0
B04,2026-02-13,12,LOAN,2,0
B04,2026-02-13,14,ACCOUNT,1,0
B04,2026-02-13,14,LOAN,1,0
B04,2026-02-13,15,LOAN,1,0
B04,2026-02-16,11,LOAN,4,0
B04,2026-02-16,12,LOAN,1,0
B04,2026-02-16,13,ACCOUNT,1,0
B04,2026-02-16,13,LOAN,2,0
B04,2026-02-16,14,ACCOUNT,1,0
B04,2026-02-16,14,LOAN,2,1
B04,2026-02-16,15,ACCOUNT,1,0
B04,2026-02-17,10,LOAN,1,0
B04,2026-02-17,12,LOAN,1,0
B04,2026-02-17,13,LOAN,1,0
B04,2026-02-17,15,ACCOUNT,1,0
B04,2026-02-17,15,LOAN,2,1
B04,2026-02-18,11,ACCOUNT,1,0
B04,2026-02-18,12,ACCOUNT,1,0
B04,2026-02-18,12,LOAN,2,0
B04,2026-02-18,13,ACCOUNT,5,3
B04,2026-02-18,13,LOAN,2,0
B04,2026-02-18,14,ACCOUNT,3,1
B04,2026-02-18,14,LOAN,1,0
B04,2026-02-18,15,LOAN,2,1
B04,2026-02-19,10,ACCOUNT,3,1
B04,2026-02-19,11,ACCOUNT,1,0
B04,2026-02-19,12,LOAN,1,0
B04,2026-02-19,13,LOAN,2,0
B04,2026-02-19,14,LOAN,2,1
B04,2026-02-19,15,ACCOUNT,2,1
B04,2026-02-20,10,ACCOUNT,1,0
B04,2026-02-20,11,ACCOUNT,1,0
B04,2026-02-20,11,LOAN,1,0
B04,2026-02-20,15,LOAN,1,0
B04,2026-02-21,10,LOAN,1,0
B04,2026-02-21,11,ACCOUNT,2,1
B04,2026-02-21,11,LOAN,3,1
B04,2026-02-21,12,LOAN,1,0
B04,2026-02-21,13,LOAN,4,0
B04,2026-02-21,14,LOAN,2,1
B04,2026-02-21,15,LOAN,3,0
B04,2026-02-23,10,LOAN,2,1
B04,2026-02-23,11,ACCOUNT,2,0
B04,2026-02-23,11,LOAN,2,0
B04,2026-02-23,12,LOAN,2,0
B04,2026-02-23,13,ACCOUNT,2,0
B04,2026-02-23,13,LOAN,3,1
B04,2026-02-23,14,LOAN,4,1
B04,2026-02-24,11,ACCOUNT,2,0
B04,2026-02-24,11,LOAN,2,1
B04,2026-02-24,12,ACCOUNT,1,0
B04,2026-02-24,13,LOAN,3,2
B04,2026-02-24,14,ACCOUNT,1,0
B04,2026-02-24,14,LOAN,1,0
B04,2026-02-24,15,ACCOUNT,4,2
B04,2026-02-25,11,LOAN,4,1
B04,2026-02-25,12,ACCOUNT,2,0
B04,2026-02-25,12,LOAN,3,2
B04,2026-02-25,13,ACCOUNT,1,0
B04,2026-02-25,15,LOAN,2,1
B04,2026-02-26,11,LOAN,1,0
B04,2026-02-26,12,ACCOUNT,1,0
B04,2026-02-26,12,LOAN,1,0
B04,2026-02-26,13,ACCOUNT,1,0
B04,2026-02-26,13,LOAN,3,1
B04,2026-02-26,15,ACCOUNT,2,0
B04,2026-02-26,15,LOAN,1,0
B04,2026-02-27,10,LOAN,2,0
B04,2026-02-27,11,LOAN,1,0
B04,2026-02-27,13,LOAN,2,1
B04,2026-03-02,10,ACCOUNT,1,0
B04,2026-03-02,11,LOAN,2,1
B04,2026-03-02,12,ACCOUNT,2,1
B04,2026-03-02,12,LOAN,3,0
B04,2026-03-02,13,ACCOUNT,1,0
B04,2026-03-02,13,LOAN,2,0
B04,2026-03-02,14,ACCOUNT,2,0
B04,2026-03-02,15,ACCOUNT,2,0
B04,2026-03-03,10,LOAN,2,1
B04,2026-03-03,11,LOAN,1,0
B04,2026-03-03,12,ACCOUNT,1,0
B04,2026-03-03,13,LOAN,2,1
B04,2026-03-03,14,LOAN,1,0
B04,2026-03-04,12,LOAN,4,1
B04,2026-03-04,13,ACCOUNT,1,0
B04,2026-03-04,13,LOAN,1,0
B04,2026-03-04,14,ACCOUNT,1,0
B04,2026-03-04,14,LOAN,2,0
B04,2026-03-04,15,ACCOUNT,3,1
B04,2026-03-05,11,ACCOUNT,1,0
B04,2026-03-05,11,LOAN,2,1
B04,2026-03-05,12,LOAN,1,0
B04,2026-03-05,14,ACCOUNT,3,1
B04,2026-03-05,15,LOAN,3,1
B04,2026-03-06,10,ACCOUNT,1,0
B04,2026-03-06,10,LOAN,2,1
B04,2026-03-06,11,LOAN,1,0
B04,2026-03-06,12,ACCOUNT,2,1
B04,2026-03-06,14,LOAN,1,0
B04,2026-03-07,10,LOAN,1,0
B04,2026-03-07,11,ACCOUNT,2,0
B04,2026-03-07,11,LOAN,3,0
B04,2026-03-07,12,ACCOUNT,2,1
B04,2026-03-07,13,ACCOUNT,2,1
B04,2026-03-07,13,LOAN,3,1
B04,2026-03-07,14,LOAN,4,1
B04,2026-03-07,15,ACCOUNT,1,0
B04,2026-03-07,15,LOAN,1,0
B04,2026-03-09,11,LOAN,2,0
B04,2026-03-09,13,LOAN,1,0
B04,2026-03-09,14,LOAN,1,0
B04,2026-03-09,15,LOAN,1,0
B04,2026-03-10,10,LOAN,2,1
B04,2026-03-10,11,ACCOUNT,1,0
B04,2026-03-10,13,ACCOUNT,2,0
B04,2026-03-11,11,LOAN,4,0
B04,2026-03-11,12,LOAN,2,1
B04,2026-03-11,14,LOAN,1,0
B04,2026-03-11,15,LOAN,3,2
B04,2026-03-12,10,LOAN,2,0
B04,2026-03-12,12,ACCOUNT,1,0
B04,2026-03-12,12,LOAN,2,0
B04,2026-03-12,13,LOAN,1,0
B04,2026-03-13,10,ACCOUNT,1,0
B04,2026-03-13,11,ACCOUNT,2,1
B04,2026-03-13,11,LOAN,4,0
B04,2026-03-13,12,ACCOUNT,1,0
B04,2026-03-13,12,LOAN,1,0
B04,2026-03-13,14,ACCOUNT,1,0
B04,2026-03-13,14,LOAN,1,0
B04,2026-03-13,15,ACCOUNT,2,0
B04,2026-03-13,15,LOAN,2,0
B04,2026-03-16,10,LOAN,1,0
B04,2026-03-16,11,LOAN,2,1
B04,2026-03-16,12,LOAN,6,0
B04,2026-03-16,13,LOAN,3,0
B04,2026-03-16,14,LOAN,3,1
B04,2026-03-16,15,LOAN,2,0
B04,2026-03-17,10,ACCOUNT,1,0
B04,2026-03-17,11,LOAN,1,0
B04,2026-03-17,12,LOAN,4,0
B04,2026-03-17,13,LOAN,1,0
B04,2026-03-17,14,ACCOUNT,1,0
B04,2026-03-17,15,LOAN,4,2
B04,2026-03-18,10,ACCOUNT,1,0
B04,2026-03-18,12,LOAN,3,1
B04,2026-03-18,13,ACCOUNT,1,0
B04,2026-03-18,14,LOAN,1,0
B04,2026-03-21,10,LOAN,1,0
B04,2026-03-21,11,ACCOUNT,1,0
B04,2026-03-21,11,LOAN,1,0
B04,2026-03-21,13,ACCOUNT,1,0
B04,2026-03-21,13,LOAN,3,1
B04,2026-03-21,14,ACCOUNT,1,0
B04,2026-03-21,14,LOAN,3,0
B04,2026-03-21,15,LOAN,4,1
B04,2026-03-23,10,LOAN,5,2
B04,2026-03-23,11,LOAN,2,0
B04,2026-03-23,12,ACCOUNT,3,1
B04,2026-03-23,12,LOAN,1,0
B04,2026-03-23,13,LOAN,1,0
B04,2026-03-23,14,ACCOUNT,2,0
B04,2026-03-23,14,LOAN,2,0
B04,2026-03-23,15,ACCOUNT,3,2
B04,2026-03-23,15,LOAN,1,0
B04,2026-03-24,11,ACCOUNT,2,1
B04,2026-03-24,12,LOAN,9,2
B04,2026-03-24,14,LOAN,1,0
B04,2026-03-24,15,ACCOUNT,1,0
B04,2026-03-24,15,LOAN,3,1
B04,2026-03-25,10,ACCOUNT,1,0
B04,2026-03-25,10,LOAN,1,0
B04,2026-03-25,11,ACCOUNT,1,0
B04,2026-03-25,11,LOAN,3,1
B04,2026-03-25,12,LOAN,2,0
B04,2026-03-25,13,LOAN,2,0
B04,2026-03-25,14,ACCOUNT,1,0
B04,2026-03-25,14,LOAN,1,0
B04,2026-03-25,15,ACCOUNT,2,1
B04,2026-03-25,15,LOAN,2,0
B04,2026-03-26,10,ACCOUNT,2,0
B04,2026-03-26,10,LOAN,1,0
B04,2026-03-26,14,LOAN,4,1
B04,2026-03-27,10,ACCOUNT,1,0
B04,2026-03-27,10,LOAN,4,2
B04,2026-03-27,11,ACCOUNT,1,0
B04,2026-03-27,11,LOAN,4,1
B04,2026-03-27,12,ACCOUNT,2,1
B04,2026-03-27,12,LOAN,5,1
B04,2026-03-27,13,LOAN,1,0
B04,2026-03-27,14,LOAN,2,1
B04,2026-03-27,15,LOAN,1,0
B04,2026-03-30,10,ACCOUNT,2,0
B04,2026-03-30,11,LOAN,2,0
B04,2026-03-30,12,ACCOUNT,1,0
B04,2026-03-30,12,LOAN,4,1
B04,2026-03-30,13,ACCOUNT,2,1
B04,2026-03-30,13,LOAN,4,0
B04,2026-03-30,14,ACCOUNT,2,1
B04,2026-03-30,14,LOAN,1,0
B04,2026-04-02,10,LOAN,2,0
B04,2026-04-02,11,LOAN,3,0
B04,2026-04-02,12,ACCOUNT,3,1
B04,2026-04-02,13,LOAN,1,0
B04,2026-04-02,15,ACCOUNT,1,0
B04,2026-04-02,15,LOAN,2,0
B04,2026-04-04,10,LOAN,1,0
B04,2026-04-04,11,ACCOUNT,1,0
B04,2026-04-04,11,LOAN,6,2
B04,2026-04-04,12,ACCOUNT,2,0
B04,2026-04-04,12,LOAN,5,2
B04,2026-04-04,13,LOAN,4,1
B04,2026-04-04,14,ACCOUNT,1,0
B04,2026-04-04,14,LOAN,3,1
B04,2026-04-04,15,ACCOUNT,2,1
B04,2026-04-06,10,ACCOUNT,1,0
B04,2026-04-06,11,ACCOUNT,1,0
B04,2026-04-06,11,LOAN,3,0
B04,2026-04-06,12,LOAN,3,1
B04,2026-04-07,10,LOAN,1,0
B04,2026-04-07,11,ACCOUNT,1,0
B04,2026-04-07,11,LOAN,2,0
B04,2026-04-07,12,ACCOUNT,3,1
B04,2026-04-07,12,LOAN,1,0
B04,2026-04-07,13,LOAN,1,0
B04,2026-04-07,15,ACCOUNT,1,0
B04,2026-04-07,15,LOAN,1,0
B04,2026-04-08,10,LOAN,1,0
B04,2026-04-08,11,ACCOUNT,2,1
B04,2026-04-08,11,LOAN,1,0
B04,2026-04-08,12,LOAN,1,0
B04,2026-04-08,14,ACCOUNT,4,2
B04,2026-04-08,14,LOAN,2,0
B04,2026-04-09,10,ACCOUNT,2,0
B04,2026-04-09,10,LOAN,2,0
B04,2026-04-09,11,LOAN,2,1
B04,2026-04-09,12,ACCOUNT,1,0
B04,2026-04-09,12,LOAN,1,0
B04,2026-04-09,14,ACCOUNT,1,0
B04,2026-04-10,11,LOAN,3,0
B04,2026-04-10,12,LOAN,4,0
B04,2026-04-10,13,ACCOUNT,1,0
B04,2026-04-10,14,LOAN,3,2
B04,2026-04-10,15,LOAN,1,0
B04,2026-04-13,11,LOAN,1,0
B04,2026-04-13,12,LOAN,1,0
B04,2026-04-13,13,LOAN,1,0
B04,2026-04-13,14,ACCOUNT,1,0
B04,2026-04-13,14,LOAN,2,0
B04,2026-04-13,15,LOAN,1,0
B04,2026-04-15,10,LOAN,1,0
B04,2026-04-15,12,LOAN,2,0
B04,2026-04-15,13,LOAN,1,0
B04,2026-04-15,15,LOAN,3,1
B04,2026-04-16,11,LOAN,4,2
B04,2026-04-16,12,LOAN,3,1
B04,2026-04-16,13,ACCOUNT,1,0
B04,2026-04-16,14,ACCOUNT,1,0
B04,2026-04-16,15,ACCOUNT,4,2
B04,2026-04-17,10,ACCOUNT,2,0
B04,2026-04-17,11,ACCOUNT,1,0
B04,2026-04-17,12,LOAN,2,0
B04,2026-04-17,13,LOAN,1,0
B04,2026-04-17,14,ACCOUNT,1,0
B04,2026-04-17,14,LOAN,1,0
B04,2026-04-17,15,LOAN,1,0
B04,2026-04-18,10,ACCOUNT,1,0
B04,2026-04-18,11,LOAN,1,0
B04,2026-04-18,12,LOAN,1,0
B04,2026-04-18,13,LOAN,2,1
B04,2026-04-20,11,ACCOUNT,3,1
B04,2026-04-20,11,LOAN,4,1
B04,2026-04-20,12,ACCOUNT,1,0
B04,2026-04-20,12,LOAN,1,0
B04,2026-04-20,13,LOAN,3,1
B04,2026-04-20,14,ACCOUNT,1,0
B04,2026-04-20,14,LOAN,2,0
B04,2026-04-21,10,LOAN,1,0
B04,2026-04-21,11,LOAN,3,1
B04,2026-04-21,12,LOAN,3,0
B04,2026-04-21,13,ACCOUNT,1,0
B04,2026-04-21,13,LOAN,4,1
B04,2026-04-21,14,LOAN,3,1
B04,2026-04-21,15,LOAN,3,0
B04,2026-04-22,11,ACCOUNT,1,0
B04,2026-04-22,11,LOAN,3,0
B04,2026-04-22,12,LOAN,3,0
B04,2026-04-22,14,LOAN,1,0
B04,2026-04-22,15,ACCOUNT,1,0
B04,2026-04-23,10,ACCOUNT,2,1
B04,2026-04-23,14,ACCOUNT,2,1
B04,2026-04-23,14,LOAN,1,0
B04,2026-04-24,10,ACCOUNT,1,0
B04,2026-04-24,10,LOAN,1,0
B04,2026-04-24,11,ACCOUNT,1,0
B04,2026-04-24,13,ACCOUNT,1,0
B04,2026-04-24,14,ACCOUNT,2,1
B04,2026-04-24,14,LOAN,1,0
B04,2026-04-24,15,LOAN,2,0
B04,2026-04-27,10,ACCOUNT,2,0
B04,2026-04-27,11,LOAN,4,2
B04,2026-04-27,12,LOAN,3,1
B04,2026-04-27,13,ACCOUNT,1,0
B04,2026-04-27,13,LOAN,3,0
B04,2026-04-27,14,LOAN,4,0
B04,2026-04-27,15,LOAN,1,0
B04,2026-04-28,11,ACCOUNT,1,0
B04,2026-04-28,11,LOAN,2,0
B04,2026-04-28,12,ACCOUNT,1,0
B04,2026-04-28,12,LOAN,1,0
B04,2026-04-28,13,LOAN,1,0
B04,2026-04-29,10,ACCOUNT,1,0
B04,2026-04-29,11,LOAN,1,0
B04,2026-04-29,12,ACCOUNT,1,0
B04,2026-04-29,13,LOAN,1,0
B04,2026-04-29,14,LOAN,1,0
B04,2026-04-29,15,LOAN,1,0
B04,2026-04-30,10,ACCOUNT,1,0
B04,2026-04-30,10,LOAN,2,1
B04,2026-04-30,11,ACCOUNT,2,1
B04,2026-04-30,12,LOAN,2,0
B04,2026-04-30,14,LOAN,1,0
B04,2026-04-30,15,LOAN,1,0
B04,2026-05-02,12,LOAN,1,0
B04,2026-05-02,14,LOAN,1,0
B04,2026-05-04,13,LOAN,1,0
B04,2026-05-04,14,LOAN,1,0
B04,2026-05-05,11,ACCOUNT,1,0
B04,2026-05-05,13,LOAN,2,1
B04,2026-05-05,15,LOAN,3,1
B04,2026-05-06,10,ACCOUNT,1,0
B04,2026-05-06,12,ACCOUNT,1,0
B04,2026-05-06,13,LOAN,4,2
B04,2026-05-06,15,LOAN,2,0
B04,2026-05-07,10,ACCOUNT,1,0
B04,2026-05-07,12,ACCOUNT,2,1
B04,2026-05-07,12,LOAN,4,1
B04,2026-05-07,13,LOAN,4,2
B04,2026-05-07,14,LOAN,1,0
B04,2026-05-07,15,ACCOUNT,1,0
B04,2026-05-08,10,ACCOUNT,1,0
B04,2026-05-08,10,LOAN,1,0
B04,2026-05-08,11,LOAN,1,0
B04,2026-05-08,12,LOAN,1,0
B04,2026-05-08,14,ACCOUNT,1,0
B04,2026-05-08,14,LOAN,4,2
B04,2026-05-08,15,LOAN,1,0
B04,2026-05-11,10,ACCOUNT,1,0
B04,2026-05-11,12,LOAN,1,0
B04,2026-05-11,13,ACCOUNT,1,0
B04,2026-05-11,13,LOAN,1,0
B04,2026-05-11,14,ACCOUNT,2,0
B04,2026-05-12,10,LOAN,1,0
B04,2026-05-12,11,LOAN,3,1
B04,2026-05-12,14,LOAN,1,0
B04,2026-05-12,15,LOAN,1,0
B04,2026-05-13,10,LOAN,1,0
B04,2026-05-13,11,LOAN,2,1
B04,2026-05-13,12,ACCOUNT,1,0
B04,2026-05-13,13,ACCOUNT,1,0
B04,2026-05-14,11,LOAN,1,0
B04,2026-05-14,12,ACCOUNT,1,0
B04,2026-05-14,12,LOAN,5,3
B04,2026-05-14,13,ACCOUNT,1,0
B04,2026-05-14,14,ACCOUNT,1,0
B04,2026-05-14,14,LOAN,1,0
B04,2026-05-15,10,LOAN,2,0
B04,2026-05-15,11,ACCOUNT,1,0
B04,2026-05-15,11,LOAN,5,2
B04,2026-05-15,12,LOAN,1,0
B04,2026-05-15,14,ACCOUNT,1,0
B04,2026-05-15,14,LOAN,1,0
B04,2026-05-15,15,LOAN,2,0
B04,2026-05-16,10,LOAN,1,0
B04,2026-05-16,11,ACCOUNT,1,0
B04,2026-05-16,11,LOAN,4,1
B04,2026-05-16,12,LOAN,3,1
B04,2026-05-16,14,ACCOUNT,1,0
B04,2026-05-16,14,LOAN,2,0
B04,2026-05-18,11,LOAN,1,0
B04,2026-05-18,12,ACCOUNT,2,0
B04,2026-05-18,12,LOAN,1,0
B04,2026-05-18,13,ACCOUNT,1,0
B04,2026-05-18,13,LOAN,2,0
B04,2026-05-18,15,ACCOUNT,1,0
B04,2026-05-18,15,LOAN,3,0
B04,2026-05-19,10,ACCOUNT,1,0
B04,2026-05-19,10,LOAN,1,0
B04,2026-05-19,11,ACCOUNT,1,0
B04,2026-05-19,13,ACCOUNT,2,0
B04,2026-05-19,13,LOAN,1,0
B04,2026-05-19,15,ACCOUNT,1,0
B04,2026-05-20,10,ACCOUNT,1,0
B04,2026-05-20,11,ACCOUNT,1,0
B04,2026-05-20,11,LOAN,1,0
B04,2026-05-20,12,LOAN,2,0
B04,2026-05-20,14,LOAN,1,0
B04,2026-05-20,15,LOAN,1,0
B04,2026-05-21,10,LOAN,2,0
B04,2026-05-21,11,LOAN,2,0
B04,2026-05-21,12,LOAN,3,1
B04,2026-05-21,13,LOAN,2,0
B04,2026-05-22,10,LOAN,4,1
B04,2026-05-22,11,LOAN,1,0
B04,2026-05-22,12,LOAN,2,0
B04,2026-05-22,13,ACCOUNT,1,0
B04,2026-05-22,14,LOAN,5,2
B04,2026-05-22,15,LOAN,1,0
B04,2026-05-25,11,ACCOUNT,4,1
B04,2026-05-25,11,LOAN,2,0
B04,2026-05-25,12,ACCOUNT,2,0
B04,2026-05-25,12,LOAN,3,1
B04,2026-05-25,13,LOAN,3,1
B04,2026-05-25,14,LOAN,2,0
B04,2026-05-25,15,LOAN,1,0
B04,2026-05-26,10,ACCOUNT,3,0
B04,2026-05-26,10,LOAN,1,0
B04,2026-05-26,11,ACCOUNT,1,0
B04,2026-05-26,11,LOAN,2,0
B04,2026-05-26,12,LOAN,2,1
B04,2026-05-26,13,LOAN,1,0
B04,2026-05-26,14,LOAN,3,1
B04,2026-05-28,11,LOAN,3,0
B04,2026-05-28,15,LOAN,1,0
B04,2026-05-29,11,LOAN,1,0
B04,2026-05-29,12,ACCOUNT,2,1
B04,2026-05-29,12,LOAN,1,0
B04,2026-05-29,13,LOAN,1,0
B04,2026-05-29,14,ACCOUNT,1,0
B04,2026-05-29,14,LOAN,1,0
B04,2026-05-30,10,LOAN,1,0
B04,2026-05-30,11,LOAN,2,1
B04,2026-05-30,12,LOAN,1,0
B04,2026-05-30,13,ACCOUNT,3,1
B04,2026-05-30,13,LOAN,3,1
B04,2026-05-30,14,LOAN,2,0
B04,2026-06-01,10,ACCOUNT,1,0
B04,2026-06-01,10,LOAN,4,1
B04,2026-06-01,13,ACCOUNT,2,1
B04,2026-06-01,13,LOAN,8,4
B04,2026-06-01,14,LOAN,1,0
B04,2026-06-01,15,ACCOUNT,1,0
B04,2026-06-01,15,LOAN,1,0
B04,2026-06-02,10,LOAN,1,0
B04,2026-06-02,11,ACCOUNT,1,0
B04,2026-06-02,11,LOAN,6,1
B04,2026-06-02,12,LOAN,2,1
B04,2026-06-02,13,LOAN,1,0
B04,2026-06-02,14,ACCOUNT,2,0
B04,2026-06-02,14,LOAN,1,0
B04,2026-06-02,15,ACCOUNT,1,0
B04,2026-06-02,15,LOAN,6,2
B04,2026-06-03,10,ACCOUNT,1,0
B04,2026-06-03,10,LOAN,2,0
B04,2026-06-03,11,LOAN,1,0
B04,2026-06-03,12,ACCOUNT,1,0
B04,2026-06-03,12,LOAN,2,0
B04,2026-06-03,13,LOAN,1,0
B04,2026-06-03,14,LOAN,2,0
B04,2026-06-03,15,LOAN,4,1
B04,2026-06-04,10,LOAN,1,0
B04,2026-06-04,11,ACCOUNT,1,0
B04,2026-06-04,11,LOAN,3,0
B04,2026-06-04,12,LOAN,2,1
B04,2026-06-04,13,LOAN,3,1
B04,2026-06-04,14,LOAN,1,0
B04,2026-06-04,15,ACCOUNT,2,1
B04,2026-06-05,11,LOAN,1,0
B04,2026-06-05,12,LOAN,2,0
B04,2026-06-05,13,LOAN,2,0
B04,2026-06-05,14,LOAN,2,0
B04,2026-06-05,15,LOAN,2,0
B04,2026-06-06,10,LOAN,1,0
B04,2026-06-06,11,LOAN,2,0
B04,2026-06-06,12,LOAN,1,0
B04,2026-06-06,13,ACCOUNT,1,0
B04,2026-06-06,13,LOAN,1,0
B04,2026-06-06,14,LOAN,1,0
B04,2026-06-06,15,LOAN,2,0
B04,2026-06-08,10,LOAN,1,0
B04,2026-06-08,11,LOAN,3,1
B04,2026-06-08,12,LOAN,3,1
B04,2026-06-08,13,LOAN,2,0
B04,2026-06-08,14,LOAN,6,2
B04,2026-06-08,15,LOAN,2,0
B04,2026-06-09,10,ACCOUNT,2,1
B04,2026-06-09,10,LOAN,7,2
B04,2026-06-09,11,LOAN,2,1
B04,2026-06-09,12,ACCOUNT,1,0
B04,2026-06-09,12,LOAN,2,0
B04,2026-06-09,14,ACCOUNT,1,0
B04,2026-06-09,14,LOAN,3,0
B04,2026-06-10,10,LOAN,3,1
B04,2026-06-10,11,ACCOUNT,1,0
B04,2026-06-10,11,LOAN,4,1
B04,2026-06-10,12,LOAN,1,0
B04,2026-06-10,13,LOAN,2,0
B04,2026-06-10,14,ACCOUNT,1,0
B04,2026-06-10,15,LOAN,1,0
B04,2026-06-11,10,ACCOUNT,1,0
B04,2026-06-11,10,LOAN,1,0
B04,2026-06-11,11,LOAN,1,0
B04,2026-06-11,12,LOAN,1,0
B04,2026-06-11,13,LOAN,1,0
B04,2026-06-11,15,LOAN,1,0
B04,2026-06-12,10,LOAN,3,0
B04,2026-06-12,11,LOAN,1,0
B04,2026-06-12,12,ACCOUNT,2,1
B04,2026-06-12,12,LOAN,5,1
B04,2026-06-12,13,ACCOUNT,2,1
B04,2026-06-12,13,LOAN,1,0
B04,2026-06-12,14,LOAN,4,2
B04,2026-06-12,15,ACCOUNT,1,0
B04,2026-06-12,15,LOAN,2,0
B04,2026-06-15,10,ACCOUNT,2,1
B04,2026-06-15,10,LOAN,3,0
B04,2026-06-15,11,LOAN,3,0
B04,2026-06-15,12,ACCOUNT,1,0
B04,2026-06-15,12,LOAN,5,0
B04,2026-06-15,13,ACCOUNT,2,1
B04,2026-06-15,13,LOAN,4,2
B04,2026-06-15,14,ACCOUNT,1,0
B04,2026-06-15,14,LOAN,3,0
B04,2026-06-15,15,LOAN,5,1
B04,2026-06-16,10,ACCOUNT,1,0
B04,2026-06-16,10,LOAN,2,0
B04,2026-06-16,11,ACCOUNT,2,0
B04,2026-06-16,11,LOAN,6,2
B04,2026-06-16,12,LOAN,1,0
B04,2026-06-16,13,LOAN,2,0
B04,2026-06-16,14,ACCOUNT,3,2
B04,2026-06-16,14,LOAN,2,0
B04,2026-06-16,15,LOAN,3,1
B04,2026-06-17,10,LOAN,1,0
B04,2026-06-17,11,LOAN,3,1
B04,2026-06-17,12,LOAN,1,0
B04,2026-06-18,10,ACCOUNT,2,1
B04,2026-06-18,10,LOAN,2,0
B04,2026-06-18,11,LOAN,4,1
B04,2026-06-18,12,LOAN,5,1
B04,2026-06-18,13,ACCOUNT,2,1
B04,2026-06-18,13,LOAN,1,0
B04,2026-06-18,14,ACCOUNT,3,1
B04,2026-06-18,14,LOAN,2,0
B04,2026-06-18,15,ACCOUNT,1,0
B04,2026-06-19,10,LOAN,1,0
B04,2026-06-19,11,LOAN,4,1
B04,2026-06-19,12,LOAN,2,1
B04,2026-06-19,15,ACCOUNT,2,1
B04,2026-06-19,15,LOAN,1,0
B04,2026-06-20,10,ACCOUNT,2,1
B04,2026-06-20,10,LOAN,3,0
B04,2026-06-20,11,ACCOUNT,1,0
B04,2026-06-20,11,LOAN,3,0
B04,2026-06-20,12,ACCOUNT,1,0
B04,2026-06-20,12,LOAN,1,0
B04,2026-06-20,13,ACCOUNT,1,0
B04,2026-06-20,13,LOAN,3,1
B04,2026-06-20,14,ACCOUNT,1,0
B04,2026-06-20,14,LOAN,3,0
B04,2026-06-20,15,LOAN,4,1
B04,2026-06-22,10,LOAN,2,0
B04,2026-06-22,11,LOAN,6,3
B04,2026-06-22,12,LOAN,3,1
B04,2026-06-22,13,ACCOUNT,1,0
B04,2026-06-22,13,LOAN,3,1
B04,2026-06-22,14,LOAN,4,1
B04,2026-06-22,15,ACCOUNT,1,0
B04,2026-06-22,15,LOAN,3,0
B04,2026-06-23,10,ACCOUNT,1,0
B04,2026-06-23,11,ACCOUNT,2,1
B04,2026-06-23,11,LOAN,2,0
B04,2026-06-23,12,LOAN,3,1
B04,2026-06-23,13,LOAN,1,0
B04,2026-06-23,14,ACCOUNT,2,0
B04,2026-06-23,14,LOAN,2,1
B04,2026-06-24,11,LOAN,2,0
B04,2026-06-24,12,LOAN,4,1
B04,2026-06-24,13,LOAN,2,0
B04,2026-06-24,14,ACCOUNT,1,0
B04,2026-06-24,15,LOAN,1,0
B04,2026-06-25,10,ACCOUNT,1,0
B04,2026-06-25,11,ACCOUNT,1,0
B04,2026-06-25,11,LOAN,1,0
B04,2026-06-25,13,LOAN,2,0
B04,2026-06-25,14,LOAN,2,0
B04,2026-06-25,15,LOAN,1,0
B04,2026-06-29,10,ACCOUNT,2,0
B04,2026-06-29,10,LOAN,3,0
B04,2026-06-29,11,ACCOUNT,1,0
B04,2026-06-29,12,ACCOUNT,2,0
B04,2026-06-29,12,LOAN,6,2
B04,2026-06-29,13,ACCOUNT,2,1
B04,2026-06-29,13,LOAN,5,1
B04,2026-06-29,14,ACCOUNT,1,0
B04,2026-06-29,14,LOAN,2,0
B04,2026-06-29,15,LOAN,1,0
B04,2026-06-30,10,LOAN,1,0
B04,2026-06-30,11,LOAN,3,0
B04,2026-06-30,12,LOAN,2,0
B04,2026-06-30,13,LOAN,2,0
B04,2026-06-30,14,LOAN,1,0
B04,2026-06-30,15,LOAN,1,0
B04,2026-07-01,10,ACCOUNT,2,0
B04,2026-07-01,10,LOAN,2,0
B04,2026-07-01,12,LOAN,1,0
B04,2026-07-01,14,ACCOUNT,4,1
B04,2026-07-01,14,LOAN,6,1
B04,2026-07-02,10,ACCOUNT,1,0
B04,2026-07-02,10,LOAN,5,1
B04,2026-07-02,11,ACCOUNT,2,1
B04,2026-07-02,11,LOAN,5,0
B04,2026-07-02,12,ACCOUNT,1,0
B04,2026-07-02,12,LOAN,6,2
B04,2026-07-02,13,LOAN,1,0
B04,2026-07-02,14,LOAN,1,0
B04,2026-07-02,15,LOAN,1,0
B04,2026-07-03,10,LOAN,2,0
B04,2026-07-03,11,ACCOUNT,1,0
B04,2026-07-03,12,LOAN,6,1
B04,2026-07-03,13,ACCOUNT,1,0
B04,2026-07-03,13,LOAN,2,1
B04,2026-07-03,14,LOAN,4,0
B04,2026-07-04,10,LOAN,2,0
B04,2026-07-04,11,ACCOUNT,1,0
B04,2026-07-04,12,ACCOUNT,1,0
B04,2026-07-04,12,LOAN,1,0
B04,2026-07-04,13,ACCOUNT,1,0
B04,2026-07-04,14,LOAN,2,1
B04,2026-07-04,15,LOAN,4,0
B04,2026-07-06,10,LOAN,2,0
B04,2026-07-06,11,ACCOUNT,2,1
B04,2026-07-06,11,LOAN,5,3
B04,2026-07-06,12,ACCOUNT,1,0
B04,2026-07-06,12,LOAN,5,0
B04,2026-07-06,13,LOAN,3,1
B04,2026-07-06,15,LOAN,2,1
B04,2026-07-07,10,LOAN,2,0
B04,2026-07-07,11,LOAN,6,3
B04,2026-07-07,12,ACCOUNT,3,1
B04,2026-07-07,12,LOAN,3,0
B04,2026-07-07,14,LOAN,1,0
B04,2026-07-07,15,ACCOUNT,1,0
B04,2026-07-08,10,LOAN,2,0
B04,2026-07-08,11,LOAN,3,2
B04,2026-07-08,13,LOAN,1,0
B04,2026-07-08,14,LOAN,1,0
B04,2026-07-08,15,ACCOUNT,1,0
B04,2026-07-08,15,LOAN,4,1
B04,2026-07-09,11,LOAN,3,1
B04,2026-07-09,12,LOAN,6,2
B04,2026-07-09,13,ACCOUNT,1,0
B04,2026-07-09,13,LOAN,1,0
B04,2026-07-09,14,ACCOUNT,1,0
B04,2026-07-09,14,LOAN,3,1
B04,2026-07-10,10,LOAN,1,0
B04,2026-07-10,11,LOAN,3,0
B04,2026-07-10,12,ACCOUNT,2,1
B04,2026-07-10,12,LOAN,2,0
B04,2026-07-10,13,LOAN,2,0
B04,2026-07-10,14,LOAN,2,0
B04,2026-07-10,15,ACCOUNT,1,0
B04,2026-07-10,15,LOAN,1,0
B04,2026-07-13,10,LOAN,3,0
B04,2026-07-13,11,ACCOUNT,1,0
B04,2026-07-13,11,LOAN,3,0
B04,2026-07-13,12,LOAN,1,0
B04,2026-07-13,13,ACCOUNT,1,0
B04,2026-07-13,13,LOAN,4,1
B04,2026-07-13,14,LOAN,2,0
B04,2026-07-13,15,LOAN,4,0
B04,2026-07-14,12,ACCOUNT,1,0
B04,2026-07-14,12,LOAN,3,0
B04,2026-07-14,13,ACCOUNT,2,0
B04,2026-07-14,13,LOAN,2,0
B04,2026-07-14,14,ACCOUNT,1,0
B04,2026-07-14,14,LOAN,2,0
B04,2026-07-14,15,LOAN,1,0
B04,2026-07-15,10,LOAN,1,0
B04,2026-07-15,11,ACCOUNT,2,1
B04,2026-07-15,11,LOAN,2,1
B04,2026-07-15,12,LOAN,1,0
B04,2026-07-15,13,LOAN,3,1
B04,2026-07-15,14,LOAN,5,0
B04,2026-07-15,15,ACCOUNT,2,1
B04,2026-07-15,15,LOAN,1,0
B04,2026-07-16,10,ACCOUNT,1,0
B04,2026-07-16,10,LOAN,3,1
B04,2026-07-16,11,LOAN,3,0
B04,2026-07-16,12,ACCOUNT,2,1
B04,2026-07-16,12,LOAN,1,0
B04,2026-07-16,13,LOAN,1,0
B04,2026-07-16,14,LOAN,1,0
B04,2026-07-16,15,LOAN,2,0
B04,2026-07-17,10,ACCOUNT,1,0
B04,2026-07-17,10,LOAN,2,0
B04,2026-07-17,11,LOAN,7,1
B04,2026-07-17,12,LOAN,1,0
B04,2026-07-17,13,ACCOUNT,1,0
B04,2026-07-17,13,LOAN,2,0
B04,2026-07-17,15,LOAN,4,2
B04,2026-07-18,10,LOAN,3,1
B04,2026-07-18,11,LOAN,2,0
B04,2026-07-18,12,LOAN,2,0
B04,2026-07-18,13,LOAN,1,0
B04,2026-07-18,14,ACCOUNT,1,0
B04,2026-07-18,14,LOAN,3,1
B04,2026-07-18,15,LOAN,2,0
B04,2026-07-20,10,ACCOUNT,1,0
B04,2026-07-20,10,LOAN,2,0
B04,2026-07-20,11,LOAN,3,1
B04,2026-07-20,12,ACCOUNT,1,0
B04,2026-07-20,12,LOAN,2,0
B04,2026-07-20,13,LOAN,3,1
B04,2026-07-20,14,LOAN,4,1
B04,2026-07-20,15,LOAN,3,0
B04,2026-07-21,11,LOAN,1,0
B04,2026-07-21,12,LOAN,6,0
B04,2026-07-21,13,ACCOUNT,1,0
B04,2026-07-21,13,LOAN,2,0
B04,2026-07-21,14,LOAN,2,1
B04,2026-07-21,15,LOAN,2,0
B04,2026-07-22,10,LOAN,2,0
B04,2026-07-22,11,ACCOUNT,1,0
B04,2026-07-22,11,LOAN,4,1
B04,2026-07-22,12,ACCOUNT,1,0
B04,2026-07-22,12,LOAN,6,1
B04,2026-07-22,13,LOAN,1,0
B04,2026-07-22,14,LOAN,4,1
B04,2026-07-22,15,LOAN,1,0
B04,2026-07-23,10,LOAN,3,1
B04,2026-07-23,11,ACCOUNT,1,0
B04,2026-07-23,11,LOAN,8,3
B04,2026-07-23,12,LOAN,5,1
B04,2026-07-23,14,LOAN,2,0
B04,2026-07-23,15,LOAN,1,0
B04,2026-07-24,10,ACCOUNT,2,1
B04,2026-07-24,10,LOAN,3,0
B04,2026-07-24,11,LOAN,2,0
B04,2026-07-24,12,LOAN,3,0
B04,2026-07-24,14,ACCOUNT,2,1
B04,2026-07-24,14,LOAN,1,0
B04,2026-07-24,15,LOAN,1,0
B04,2026-07-27,10,LOAN,2,0
B04,2026-07-27,11,LOAN,6,2
B04,2026-07-27,12,LOAN,1,0
B04,2026-07-27,13,LOAN,4,0
B04,2026-07-27,14,LOAN,7,4
B04,2026-07-27,15,LOAN,2,0
B04,2026-07-28,10,LOAN,5,0
B04,2026-07-28,11,ACCOUNT,1,0
B04,2026-07-28,11,LOAN,4,0
B04,2026-07-28,12,ACCOUNT,1,0
B04,2026-07-28,12,LOAN,6,1
B04,2026-07-28,13,ACCOUNT,1,0
B04,2026-07-28,13,LOAN,3,1
B04,2026-07-28,14,LOAN,2,0
B04,2026-07-29,10,ACCOUNT,1,0
B04,2026-07-29,11,LOAN,2,0
B04,2026-07-29,12,LOAN,2,0
B04,2026-07-29,13,ACCOUNT,2,1
B04,2026-07-29,14,LOAN,2,0
B04,2026-07-29,15,LOAN,2,0
B04,2026-07-30,10,ACCOUNT,1,0
B04,2026-07-30,11,ACCOUNT,1,0
B04,2026-07-30,11,LOAN,2,1
B04,2026-07-30,12,ACCOUNT,1,0
B04,2026-07-30,12,LOAN,3,1
B04,2026-07-30,13,ACCOUNT,1,0
B04,2026-07-30,13,LOAN,1,0
B04,2026-07-30,15,LOAN,1,0
B04,2026-07-31,10,ACCOUNT,1,0
B04,2026-07-31,11,LOAN,6,2
B04,2026-07-31,12,ACCOUNT,1,0
B04,2026-07-31,13,LOAN,2,0
B04,2026-07-31,14,LOAN,1,0
B04,2026-07-31,15,ACCOUNT,1,0
B04,2026-07-31,15,LOAN,3,0
B04,2026-08-01,12,LOAN,2,0
B04,2026-08-01,13,ACCOUNT,1,0
B04,2026-08-01,13,LOAN,1,0
B04,2026-08-01,14,ACCOUNT,1,0
B04,2026-08-01,15,ACCOUNT,1,0
B04,2026-08-01,15,LOAN,4,1
B04,2026-08-03,10,ACCOUNT,2,1
B04,2026-08-03,10,LOAN,1,0
B04,2026-08-03,11,LOAN,2,1
B04,2026-08-03,12,ACCOUNT,1,0
B04,2026-08-03,12,LOAN,3,1
B04,2026-08-03,13,LOAN,7,3
B04,2026-08-03,14,ACCOUNT,2,1
B04,2026-08-03,15,LOAN,2,0
B04,2026-08-04,11,LOAN,1,0
B04,2026-08-04,14,ACCOUNT,1,0
B04,2026-08-04,15,LOAN,1,0
B04,2026-08-05,10,LOAN,1,0
B04,2026-08-05,11,ACCOUNT,3,1
B04,2026-08-05,11,LOAN,3,1
B04,2026-08-05,12,LOAN,2,0
B04,2026-08-05,14,LOAN,1,0
B04,2026-08-05,15,LOAN,1,0
B04,2026-08-06,10,LOAN,1,0
B04,2026-08-06,11,LOAN,2,1
B04,2026-08-06,12,ACCOUNT,1,0
B04,2026-08-06,12,LOAN,1,0
B04,2026-08-06,13,ACCOUNT,2,1
B04,2026-08-06,14,LOAN,3,1
B04,2026-08-07,10,LOAN,7,2
B04,2026-08-07,13,LOAN,1,0
B04,2026-08-07,14,LOAN,5,2
B04,2026-08-07,15,ACCOUNT,3,1
B04,2026-08-07,15,LOAN,1,0
B04,2026-08-10,10,ACCOUNT,2,0
B04,2026-08-10,11,LOAN,6,3
B04,2026-08-10,12,LOAN,8,1
B04,2026-08-10,14,LOAN,3,0
B04,2026-08-10,15,LOAN,3,0
B04,2026-08-11,10,ACCOUNT,3,1
B04,2026-08-11,11,ACCOUNT,1,0
B04,2026-08-11,12,LOAN,1,0
B04,2026-08-11,15,ACCOUNT,1,0
B04,2026-08-11,15,LOAN,1,0
B04,2026-08-12,12,LOAN,2,0
B04,2026-08-12,13,LOAN,2,1
B04,2026-08-12,14,ACCOUNT,1,0
B04,2026-08-12,14,LOAN,1,0
B04,2026-08-12,15,ACCOUNT,1,0
B04,2026-08-12,15,LOAN,2,0
B04,2026-08-13,10,ACCOUNT,2,1
B04,2026-08-13,10,LOAN,4,1
B04,2026-08-13,11,ACCOUNT,1,0
B04,2026-08-13,11,LOAN,2,0
B04,2026-08-13,13,ACCOUNT,2,1
B04,2026-08-13,15,LOAN,2,1
B04,2026-08-14,10,LOAN,2,1
B04,2026-08-14,12,LOAN,4,1
B04,2026-08-14,13,ACCOUNT,1,0
B04,2026-08-17,10,LOAN,3,1
B04,2026-08-17,11,ACCOUNT,2,0
B04,2026-08-17,12,LOAN,1,0
B04,2026-08-17,13,LOAN,1,0
B04,2026-08-17,14,ACCOUNT,1,0
B04,2026-08-18,10,LOAN,1,0
B04,2026-08-18,12,ACCOUNT,1,0
B04,2026-08-18,12,LOAN,2,0
B04,2026-08-18,14,LOAN,2,1
B04,2026-08-18,15,LOAN,2,1
B04,2026-08-19,10,LOAN,2,0
B04,2026-08-19,12,ACCOUNT,1,0
B04,2026-08-19,12,LOAN,1,0
B04,2026-08-19,13,LOAN,2,0
B04,2026-08-19,14,ACCOUNT,2,0
B04,2026-08-19,14,LOAN,1,0
B04,2026-08-19,15,LOAN,6,0
B04,2026-08-20,10,ACCOUNT,1,0
B04,2026-08-20,11,LOAN,7,3
B04,2026-08-20,14,LOAN,3,1
B04,2026-08-21,10,LOAN,1,0
B04,2026-08-21,11,ACCOUNT,2,1
B04,2026-08-21,11,LOAN,3,0
B04,2026-08-21,12,LOAN,2,1
B04,2026-08-21,13,ACCOUNT,1,0
B04,2026-08-21,13,LOAN,2,0
B04,2026-08-21,14,LOAN,2,0
B04,2026-08-21,15,LOAN,1,0
B04,2026-08-24,10,ACCOUNT,1,0
B04,2026-08-24,10,LOAN,1,0
B04,2026-08-24,11,ACCOUNT,2,0
B04,2026-08-24,11,LOAN,1,0
B04,2026-08-24,12,ACCOUNT,2,1
B04,2026-08-24,12,LOAN,2,1
B04,2026-08-24,14,ACCOUNT,1,0
B04,2026-08-24,14,LOAN,2,0
B04,2026-08-25,10,ACCOUNT,1,0
B04,2026-08-25,10,LOAN,2,0
B04,2026-08-25,11,ACCOUNT,1,0
B04,2026-08-25,11,LOAN,3,1
B04,2026-08-25,15,ACCOUNT,1,0
B04,2026-08-25,15,LOAN,3,1
B04,2026-08-27,10,LOAN,2,0
B04,2026-08-27,11,ACCOUNT,1,0
B04,2026-08-27,11,LOAN,1,0
B04,2026-08-27,12,ACCOUNT,1,0
B04,2026-08-27,12,LOAN,1,0
B04,2026-08-27,14,LOAN,1,0
B04,2026-08-27,15,ACCOUNT,2,1
B04,2026-08-28,10,LOAN,1,0
B04,2026-08-28,11,ACCOUNT,1,0
B04,2026-08-28,12,LOAN,1,0
B04,2026-08-28,13,LOAN,3,0
B04,2026-08-29,10,LOAN,3,1
B04,2026-08-29,11,ACCOUNT,1,0
B04,2026-08-29,11,LOAN,5,1
B04,2026-08-29,13,ACCOUNT,1,0
B04,2026-08-29,13,LOAN,3,1
B04,2026-08-29,14,LOAN,1,0
B04,2026-08-31,10,LOAN,5,1
B04,2026-08-31,11,LOAN,2,0
B04,2026-08-31,12,LOAN,1,0
B04,2026-08-31,14,LOAN,2,1
B04,2026-08-31,15,LOAN,2,0
B04,2026-09-01,10,LOAN,1,0
B04,2026-09-01,11,LOAN,2,0
B04,2026-09-01,12,ACCOUNT,1,0
B04,2026-09-01,12,LOAN,2,1
B04,2026-09-01,13,LOAN,4,1
B04,2026-09-01,14,ACCOUNT,2,0
B04,2026-09-01,14,LOAN,2,0
B04,2026-09-01,15,LOAN,1,0
B04,2026-09-02,10,LOAN,3,1
B04,2026-09-02,11,LOAN,2,1
B04,2026-09-02,12,LOAN,3,1
B04,2026-09-02,13,LOAN,1,0
B04,2026-09-02,14,LOAN,1,0
B04,2026-09-02,15,LOAN,1,0
B04,2026-09-03,10,ACCOUNT,2,1
B04,2026-09-03,12,LOAN,4,1
B04,2026-09-03,14,LOAN,3,1
B04,2026-09-03,15,LOAN,1,0
B04,2026-09-04,10,ACCOUNT,2,1
B04,2026-09-04,10,LOAN,2,0
B04,2026-09-04,11,LOAN,1,0
B04,2026-09-04,12,LOAN,4,1
B04,2026-09-04,13,ACCOUNT,1,0
B04,2026-09-04,14,ACCOUNT,2,1
B04,2026-09-04,14,LOAN,1,0
B04,2026-09-04,15,ACCOUNT,1,0
B04,2026-09-04,15,LOAN,4,1
B04,2026-09-05,10,ACCOUNT,2,1
B04,2026-09-05,10,LOAN,1,0
B04,2026-09-05,11,LOAN,1,0
B04,2026-09-05,12,LOAN,2,0
B04,2026-09-05,14,ACCOUNT,1,0
B04,2026-09-05,14,LOAN,2,1
B04,2026-09-05,15,LOAN,2,1
B04,2026-09-07,10,LOAN,4,0
B04,2026-09-07,11,ACCOUNT,1,0
B04,2026-09-07,11,LOAN,4,1
B04,2026-09-07,12,LOAN,4,0
B04,2026-09-07,14,LOAN,3,1
B04,2026-09-07,15,LOAN,2,0
B04,2026-09-08,10,ACCOUNT,2,0
B04,2026-09-08,10,LOAN,2,0
B04,2026-09-08,11,LOAN,3,1
B04,2026-09-08,12,ACCOUNT,1,0
B04,2026-09-08,12,LOAN,6,2
B04,2026-09-08,13,LOAN,2,1
B04,2026-09-08,14,ACCOUNT,2,1
B04,2026-09-08,14,LOAN,1,0
B04,2026-09-08,15,LOAN,4,2
B04,2026-09-09,10,LOAN,1,0
B04,2026-09-09,11,LOAN,1,0
B04,2026-09-09,12,LOAN,1,0
B04,2026-09-09,13,ACCOUNT,3,1
B04,2026-09-09,13,LOAN,2,0
B04,2026-09-09,14,LOAN,4,1
B04,2026-09-09,15,ACCOUNT,1,0
B04,2026-09-10,11,LOAN,4,1
B04,2026-09-10,12,ACCOUNT,1,0
B04,2026-09-10,12,LOAN,5,0
B04,2026-09-10,13,LOAN,3,1
B04,2026-09-10,14,ACCOUNT,1,0
B04,2026-09-10,14,LOAN,5,1
B04,2026-09-10,15,ACCOUNT,1,0
B04,2026-09-10,15,LOAN,2,0
B04,2026-09-11,10,ACCOUNT,1,0
B04,2026-09-11,10,LOAN,3,1
B04,2026-09-11,11,ACCOUNT,4,1
B04,2026-09-11,12,LOAN,2,0
B04,2026-09-11,13,LOAN,3,0
B04,2026-09-11,14,ACCOUNT,1,0
B04,2026-09-11,14,LOAN,6,3
B04,2026-09-11,15,LOAN,4,1
B04,2026-09-15,10,LOAN,2,0
B04,2026-09-15,11,ACCOUNT,4,1
B04,2026-09-15,11,LOAN,3,1
B04,2026-09-15,12,ACCOUNT,2,1
B04,2026-09-15,12,LOAN,4,0
B04,2026-09-15,14,ACCOUNT,1,0
B04,2026-09-15,15,LOAN,2,0
B04,2026-09-16,10,ACCOUNT,1,0
B04,2026-09-16,10,LOAN,4,1
B04,2026-09-16,12,ACCOUNT,2,0
B04,2026-09-16,12,LOAN,1,0
B04,2026-09-16,13,LOAN,3,0
B04,2026-09-16,14,ACCOUNT,1,0
B04,2026-09-16,15,LOAN,2,0
B04,2026-09-17,10,LOAN,4,1
B04,2026-09-17,12,ACCOUNT,2,0
B04,2026-09-17,12,LOAN,1,0
B04,2026-09-17,13,ACCOUNT,3,1
B04,2026-09-17,13,LOAN,2,1
B04,2026-09-17,14,LOAN,2,0
B04,2026-09-17,15,LOAN,2,0
B04,2026-09-18,10,LOAN,1,0
B04,2026-09-18,11,LOAN,2,0
B04,2026-09-18,12,ACCOUNT,1,0
B04,2026-09-18,12,LOAN,2,1
B04,2026-09-18,14,LOAN,1,0
B04,2026-09-18,15,ACCOUNT,1,0
B04,2026-09-18,15,LOAN,4,2
B04,2026-09-19,10,LOAN,5,0
B04,2026-09-19,11,LOAN,1,0
B04,2026-09-19,12,LOAN,2,1
B04,2026-09-19,13,LOAN,1,0
B04,2026-09-19,14,LOAN,2,1
B04,2026-09-19,15,ACCOUNT,1,0
B04,2026-09-19,15,LOAN,1,0
B04,2026-09-21,10,LOAN,2,0
B04,2026-09-21,11,LOAN,2,0
B04,2026-09-21,12,ACCOUNT,1,0
B04,2026-09-21,12,LOAN,1,0
B04,2026-09-21,13,LOAN,1,0
B04,2026-09-21,15,ACCOUNT,1,0
B04,2026-09-21,15,LOAN,3,0
B04,2026-09-22,10,LOAN,1,0
B04,2026-09-22,11,LOAN,1,0
B04,2026-09-22,12,ACCOUNT,1,0
B04,2026-09-22,12,LOAN,4,0
B04,2026-09-22,13,ACCOUNT,2,1
B04,2026-09-22,13,LOAN,3,0
B04,2026-09-22,14,LOAN,1,0
B04,2026-09-22,15,LOAN,1,0
B04,2026-09-23,10,LOAN,2,0
B04,2026-09-23,11,ACCOUNT,1,0
B04,2026-09-23,11,LOAN,3,1
B04,2026-09-23,12,ACCOUNT,2,0
B04,2026-09-23,12,LOAN,1,0
B04,2026-09-23,13,LOAN,4,2
B04,2026-09-23,15,LOAN,2,0
B04,2026-09-24,11,LOAN,1,0
B04,2026-09-24,12,ACCOUNT,1,0
B04,2026-09-24,13,ACCOUNT,2,0
B04,2026-09-24,14,ACCOUNT,2,1
B04,2026-09-25,10,LOAN,1,0
B04,2026-09-25,11,LOAN,3,2
B04,2026-09-25,12,LOAN,1,0
B04,2026-09-25,13,LOAN,2,1
B04,2026-09-25,14,LOAN,6,2
B04,2026-09-28,11,LOAN,2,1
B04,2026-09-28,13,LOAN,3,0
B04,2026-09-28,15,LOAN,3,1
B04,2026-09-29,11,LOAN,2,1
B04,2026-09-29,12,ACCOUNT,1,0
B04,2026-09-29,13,ACCOUNT,1,0
B04,2026-09-29,14,LOAN,2,1
B04,2026-09-30,11,LOAN,4,1
B04,2026-09-30,12,LOAN,3,0
B04,2026-09-30,13,ACCOUNT,2,0
B04,2026-09-30,13,LOAN,3,2
B04,2026-09-30,14,LOAN,3,1
B04,2026-09-30,15,LOAN,3,0
B04,2026-10-01,10,ACCOUNT,3,0
B04,2026-10-01,10,LOAN,1,0
B04,2026-10-01,11,LOAN,4,0
B04,2026-10-01,12,ACCOUNT,1,0
B04,2026-10-01,13,LOAN,3,0
B04,2026-10-01,14,LOAN,3,0
B04,2026-10-03,10,ACCOUNT,3,0
B04,2026-10-03,10,LOAN,1,0
B04,2026-10-03,11,LOAN,3,0
B04,2026-10-03,12,LOAN,1,0
B04,2026-10-03,13,LOAN,2,0
B04,2026-10-03,14,LOAN,1,0
B04,2026-10-03,15,LOAN,2,0
B04,2026-10-05,10,ACCOUNT,1,0
B04,2026-10-05,10,LOAN,1,0
B04,2026-10-05,11,LOAN,3,0
B04,2026-10-05,12,ACCOUNT,1,0
B04,2026-10-05,12,LOAN,2,0
B04,2026-10-05,13,LOAN,3,0
B04,2026-10-05,14,LOAN,2,0
B04,2026-10-05,15,ACCOUNT,3,0
B04,2026-10-05,15,LOAN,2,0
B04,2026-10-06,10,LOAN,1,0
B04,2026-10-06,11,LOAN,1,0
B04,2026-10-06,12,ACCOUNT,1,0
B04,2026-10-06,12,LOAN,1,0
B04,2026-10-06,13,LOAN,4,0
B04,2026-10-06,15,LOAN,2,0
B04,2026-10-07,11,LOAN,2,0
B04,2026-10-07,12,LOAN,1,0
B04,2026-10-07,13,LOAN,1,0
B04,2026-10-07,15,ACCOUNT,2,0
B04,2026-10-07,15,LOAN,2,0
B05,2025-04-02,12,ACCOUNT,1,0
B05,2025-04-02,12,LOAN,2,0
B05,2025-04-02,13,LOAN,1,0
B05,2025-04-02,14,ACCOUNT,2,1
B05,2025-04-02,14,LOAN,1,0
B05,2025-04-03,10,ACCOUNT,1,0
B05,2025-04-03,11,LOAN,3,0
B05,2025-04-03,13,LOAN,1,0
B05,2025-04-03,15,ACCOUNT,1,0
B05,2025-04-03,15,LOAN,1,0
B05,2025-04-04,12,LOAN,2,1
B05,2025-04-04,13,LOAN,2,0
B05,2025-04-04,14,ACCOUNT,2,0
B05,2025-04-04,14,LOAN,1,0
B05,2025-04-04,15,LOAN,3,1
B05,2025-04-05,10,ACCOUNT,1,0
B05,2025-04-05,12,LOAN,1,0
B05,2025-04-05,13,LOAN,2,1
B05,2025-04-05,14,ACCOUNT,1,0
B05,2025-04-05,14,LOAN,1,0
B05,2025-04-05,15,LOAN,2,1
B05,2025-04-07,10,LOAN,1,0
B05,2025-04-07,11,LOAN,4,2
B05,2025-04-07,12,LOAN,2,0
B05,2025-04-07,13,LOAN,2,0
B05,2025-04-07,14,ACCOUNT,2,1
B05,2025-04-07,14,LOAN,1,0
B05,2025-04-07,15,LOAN,1,0
B05,2025-04-08,11,LOAN,2,1
B05,2025-04-08,13,LOAN,2,1
B05,2025-04-08,14,LOAN,3,1
B05,2025-04-08,15,LOAN,1,0
B05,2025-04-09,10,LOAN,2,0
B05,2025-04-09,11,LOAN,4,0
B05,2025-04-09,13,LOAN,2,0
B05,2025-04-09,14,LOAN,6,2
B05,2025-04-09,15,LOAN,2,0
B05,2025-04-11,10,ACCOUNT,1,0
B05,2025-04-11,13,LOAN,1,0
B05,2025-04-11,14,ACCOUNT,1,0
B05,2025-04-11,14,LOAN,2,0
B05,2025-04-15,12,ACCOUNT,1,0
B05,2025-04-15,12,LOAN,2,1
B05,2025-04-15,13,LOAN,2,0
B05,2025-04-15,15,LOAN,1,0
B05,2025-04-16,11,LOAN,2,1
B05,2025-04-16,13,LOAN,1,0
B05,2025-04-17,10,ACCOUNT,4,0
B05,2025-04-17,11,LOAN,2,1
B05,2025-04-17,14,ACCOUNT,2,1
B05,2025-04-17,14,LOAN,1,0
B05,2025-04-17,15,LOAN,1,0
B05,2025-04-19,11,LOAN,2,0
B05,2025-04-19,12,LOAN,1,0
B05,2025-04-19,13,ACCOUNT,1,0
B05,2025-04-19,15,LOAN,1,0
B05,2025-04-21,10,ACCOUNT,1,0
B05,2025-04-21,10,LOAN,6,1
B05,2025-04-21,11,ACCOUNT,1,0
B05,2025-04-21,11,LOAN,1,0
B05,2025-04-21,12,LOAN,1,0
B05,2025-04-21,15,LOAN,1,0
B05,2025-04-22,11,ACCOUNT,1,0
B05,2025-04-22,12,LOAN,2,1
B05,2025-04-22,13,LOAN,1,0
B05,2025-04-23,11,LOAN,1,0
B05,2025-04-23,12,ACCOUNT,1,0
B05,2025-04-23,14,ACCOUNT,2,1
B05,2025-04-23,15,LOAN,2,1
B05,2025-04-24,11,LOAN,2,0
B05,2025-04-24,12,LOAN,1,0
B05,2025-04-24,14,LOAN,5,3
B05,2025-04-25,10,LOAN,1,0
B05,2025-04-25,14,LOAN,1,0
B05,2025-04-28,10,LOAN,1,0
B05,2025-04-28,11,ACCOUNT,1,0
B05,2025-04-28,11,LOAN,4,1
B05,2025-04-28,12,LOAN,1,0
B05,2025-04-28,14,ACCOUNT,1,0
B05,2025-04-28,15,LOAN,2,0
B05,2025-04-29,12,ACCOUNT,1,0
B05,2025-04-29,13,LOAN,1,0
B05,2025-04-29,14,LOAN,1,0
B05,2025-05-02,10,ACCOUNT,1,0
B05,2025-05-02,10,LOAN,1,0
B05,2025-05-02,12,ACCOUNT,3,1
B05,2025-05-02,12,LOAN,2,0
B05,2025-05-02,13,LOAN,1,0
B05,2025-05-02,14,LOAN,2,1
B05,2025-05-02,15,LOAN,1,0
B05,2025-05-03,12,LOAN,1,0
B05,2025-05-03,15,ACCOUNT,2,0
B05,2025-05-05,12,ACCOUNT,1,0
B05,2025-05-05,13,LOAN,1,0
B05,2025-05-06,10,LOAN,2,0
B05,2025-05-06,11,LOAN,1,0
B05,2025-05-06,12,LOAN,3,1
B05,2025-05-06,14,ACCOUNT,2,1
B05,2025-05-06,14,LOAN,1,0
B05,2025-05-07,10,LOAN,2,0
B05,2025-05-07,11,LOAN,1,0
B05,2025-05-07,12,LOAN,3,1
B05,2025-05-07,13,LOAN,3,1
B05,2025-05-07,14,LOAN,1,0
B05,2025-05-08,10,LOAN,1,0
B05,2025-05-08,14,LOAN,3,2
B05,2025-05-08,15,LOAN,2,0
B05,2025-05-09,11,LOAN,1,0
B05,2025-05-09,12,LOAN,5,2
B05,2025-05-09,13,LOAN,3,0
B05,2025-05-09,14,LOAN,3,1
B05,2025-05-09,15,ACCOUNT,1,0
B05,2025-05-12,10,LOAN,3,0
B05,2025-05-12,11,ACCOUNT,1,0
B05,2025-05-12,11,LOAN,4,0
B05,2025-05-12,12,ACCOUNT,2,1
B05,2025-05-12,13,ACCOUNT,1,0
B05,2025-05-12,13,LOAN,1,0
B05,2025-05-12,14,ACCOUNT,1,0
B05,2025-05-12,14,LOAN,1,0
B05,2025-05-13,12,ACCOUNT,1,0
B05,2025-05-13,13,LOAN,3,0
B05,2025-05-13,14,ACCOUNT,1,0
B05,2025-05-14,10,ACCOUNT,1,0
B05,2025-05-14,12,LOAN,1,0
B05,2025-05-14,14,LOAN,1,0
B05,2025-05-15,10,ACCOUNT,1,0
B05,2025-05-15,11,LOAN,2,0
B05,2025-05-16,11,LOAN,1,0
B05,2025-05-16,12,ACCOUNT,1,0
B05,2025-05-16,12,LOAN,3,1
B05,2025-05-16,13,LOAN,1,0
B05,2025-05-17,11,LOAN,1,0
B05,2025-05-17,13,ACCOUNT,1,0
B05,2025-05-17,14,ACCOUNT,1,0
B05,2025-05-17,15,LOAN,2,0
B05,2025-05-19,10,LOAN,1,0
B05,2025-05-19,13,LOAN,1,0
B05,2025-05-19,14,LOAN,1,0
B05,2025-05-20,10,LOAN,1,0
B05,2025-05-20,11,LOAN,1,0
B05,2025-05-20,12,LOAN,1,0
B05,2025-05-20,15,LOAN,1,0
B05,2025-05-21,10,ACCOUNT,1,0
B05,2025-05-21,10,LOAN,1,0
B05,2025-05-21,11,LOAN,1,0
B05,2025-05-21,12,LOAN,4,0
B05,2025-05-21,14,LOAN,1,0
B05,2025-05-22,11,ACCOUNT,1,0
B05,2025-05-22,12,ACCOUNT,1,0
B05,2025-05-22,12,LOAN,3,1
B05,2025-05-22,13,ACCOUNT,1,0
B05,2025-05-22,14,LOAN,1,0
B05,2025-05-23,10,LOAN,1,0
B05,2025-05-23,11,ACCOUNT,1,0
B05,2025-05-23,11,LOAN,3,1
B05,2025-05-23,13,LOAN,1,0
B05,2025-05-23,14,LOAN,2,0
B05,2025-05-26,12,LOAN,2,0
B05,2025-05-26,13,LOAN,5,3
B05,2025-05-26,14,LOAN,2,1
B05,2025-05-26,15,ACCOUNT,4,1
B05,2025-05-27,10,LOAN,1,0
B05,2025-05-27,11,ACCOUNT,1,0
B05,2025-05-27,11,LOAN,1,0
B05,2025-05-27,14,LOAN,2,1
B05,2025-05-27,15,LOAN,2,1
B05,2025-05-28,11,LOAN,4,1
B05,2025-05-28,13,LOAN,1,0
B05,2025-05-28,14,ACCOUNT,2,1
B05,2025-05-28,14,LOAN,2,0
B05,2025-05-29,10,ACCOUNT,1,0
B05,2025-05-29,10,LOAN,1,0
B05,2025-05-29,11,LOAN,1,0
B05,2025-05-29,14,LOAN,2,1
B05,2025-05-29,15,ACCOUNT,1,0
B05,2025-05-30,10,LOAN,3,0
B05,2025-05-30,11,LOAN,2,0
B05,2025-05-30,12,LOAN,2,1
B05,2025-05-30,13,LOAN,1,0
B05,2025-05-30,14,LOAN,1,0
B05,2025-05-31,10,LOAN,1,0
B05,2025-05-31,11,LOAN,2,0
B05,2025-05-31,12,LOAN,2,0
B05,2025-05-31,14,ACCOUNT,1,0
B05,2025-05-31,14,LOAN,3,1
B05,2025-06-02,10,ACCOUNT,3,2
B05,2025-06-02,12,LOAN,3,0
B05,2025-06-02,13,LOAN,1,0
B05,2025-06-02,15,LOAN,2,1
B05,2025-06-03,10,LOAN,3,0
B05,2025-06-03,13,ACCOUNT,2,1
B05,2025-06-03,14,ACCOUNT,3,1
B05,2025-06-03,14,LOAN,1,0
B05,2025-06-04,10,ACCOUNT,1,0
B05,2025-06-04,11,LOAN,3,1
B05,2025-06-04,12,LOAN,5,2
B05,2025-06-04,13,ACCOUNT,1,0
B05,2025-06-04,13,LOAN,2,1
B05,2025-06-04,14,ACCOUNT,1,0
B05,2025-06-04,14,LOAN,3,1
B05,2025-06-04,15,LOAN,3,2
B05,2025-06-05,11,LOAN,3,1
B05,2025-06-05,12,LOAN,1,0
B05,2025-06-05,13,LOAN,1,0
B05,2025-06-05,15,ACCOUNT,2,0
B05,2025-06-05,15,LOAN,1,0
B05,2025-06-06,10,LOAN,1,0
B05,2025-06-06,11,LOAN,1,0
B05,2025-06-06,12,LOAN,1,0
B05,2025-06-06,14,LOAN,4,2
B05,2025-06-06,15,ACCOUNT,1,0
B05,2025-06-09,10,LOAN,4,1
B05,2025-06-09,12,LOAN,5,0
B05,2025-06-09,13,LOAN,1,0
B05,2025-06-09,14,ACCOUNT,1,0
B05,2025-06-09,15,LOAN,2,1
B05,2025-06-10,10,LOAN,2,0
B05,2025-06-10,12,LOAN,1,0
B05,2025-06-10,13,LOAN,4,1
B05,2025-06-10,14,LOAN,2,1
B05,2025-06-11,10,LOAN,1,0
B05,2025-06-11,11,LOAN,1,0
B05,2025-06-11,12,ACCOUNT,2,1
B05,2025-06-11,13,LOAN,1,0
B05,2025-06-11,14,LOAN,7,2
B05,2025-06-11,15,LOAN,2,0
B05,2025-06-12,11,ACCOUNT,1,0
B05,2025-06-12,12,LOAN,2,1
B05,2025-06-12,14,ACCOUNT,1,0
B05,2025-06-12,14,LOAN,1,0
B05,2025-06-13,10,LOAN,3,1
B05,2025-06-13,11,LOAN,1,0
B05,2025-06-13,13,LOAN,2,0
B05,2025-06-13,14,LOAN,2,0
B05,2025-06-16,10,ACCOUNT,1,0
B05,2025-06-16,10,LOAN,2,1
B05,2025-06-16,11,LOAN,4,0
B05,2025-06-16,12,LOAN,3,0
B05,2025-06-17,10,LOAN,1,0
B05,2025-06-17,11,LOAN,1,0
B05,2025-06-17,12,ACCOUNT,1,0
B05,2025-06-17,12,LOAN,1,0
B05,2025-06-17,14,ACCOUNT,1,0
B05,2025-06-17,14,LOAN,1,0
B05,2025-06-18,12,LOAN,5,2
B05,2025-06-18,13,LOAN,2,0
B05,2025-06-19,11,LOAN,1,0
B05,2025-06-19,12,LOAN,2,0
B05,2025-06-19,13,ACCOUNT,1,0
B05,2025-06-19,13,LOAN,2,1
B05,2025-06-19,14,LOAN,1,0
B05,2025-06-19,15,LOAN,1,0
B05,2025-06-20,10,LOAN,1,0
B05,2025-06-20,11,LOAN,3,0
B05,2025-06-20,12,LOAN,3,0
B05,2025-06-20,13,LOAN,3,1
B05,2025-06-20,14,LOAN,1,0
B05,2025-06-20,15,ACCOUNT,1,0
B05,2025-06-20,15,LOAN,1,0
B05,2025-06-21,10,LOAN,1,0
B05,2025-06-21,11,LOAN,1,0
B05,2025-06-21,12,LOAN,1,0
B05,2025-06-21,13,LOAN,2,0
B05,2025-06-23,11,ACCOUNT,2,0
B05,2025-06-23,11,LOAN,5,1
B05,2025-06-23,12,ACCOUNT,1,0
B05,2025-06-23,12,LOAN,1,0
B05,2025-06-23,13,LOAN,2,1
B05,2025-06-23,14,ACCOUNT,1,0
B05,2025-06-23,14,LOAN,5,1
B05,2025-06-24,13,LOAN,2,0
B05,2025-06-24,14,LOAN,2,1
B05,2025-06-24,15,ACCOUNT,1,0
B05,2025-06-24,15,LOAN,1,0
B05,2025-06-25,10,LOAN,1,0
B05,2025-06-25,11,LOAN,2,0
B05,2025-06-25,12,LOAN,2,0
B05,2025-06-25,13,LOAN,1,0
B05,2025-06-25,14,LOAN,1,0
B05,2025-06-25,15,LOAN,2,1
B05,2025-06-26,10,ACCOUNT,1,0
B05,2025-06-26,11,LOAN,1,0
B05,2025-06-26,12,LOAN,3,1
B05,2025-06-26,14,LOAN,2,1
B05,2025-06-26,15,LOAN,1,0
B05,2025-06-27,10,LOAN,1,0
B05,2025-06-27,11,LOAN,1,0
B05,2025-06-27,12,LOAN,1,0
B05,2025-06-27,13,LOAN,2,1
B05,2025-06-27,14,LOAN,1,0
B05,2025-06-27,15,LOAN,3,1
B05,2025-06-30,10,LOAN,4,2
B05,2025-06-30,11,ACCOUNT,1,0
B05,2025-06-30,11,LOAN,2,0
B05,2025-06-30,12,LOAN,3,1
B05,2025-06-30,13,LOAN,4,0
B05,2025-06-30,14,LOAN,1,0
B05,2025-06-30,15,ACCOUNT,1,0
B05,2025-06-30,15,LOAN,1,0
B05,2025-07-01,10,LOAN,1,0
B05,2025-07-01,11,LOAN,2,0
B05,2025-07-01,13,ACCOUNT,1,0
B05,2025-07-02,11,ACCOUNT,1,0
B05,2025-07-02,11,LOAN,3,1
B05,2025-07-02,12,LOAN,3,1
B05,2025-07-02,13,LOAN,3,1
B05,2025-07-03,10,ACCOUNT,2,0
B05,2025-07-03,11,ACCOUNT,2,0
B05,2025-07-03,12,LOAN,1,0
B05,2025-07-03,14,ACCOUNT,1,0
B05,2025-07-03,14,LOAN,2,0
B05,2025-07-03,15,LOAN,2,0
B05,2025-07-04,10,LOAN,1,0
B05,2025-07-04,11,LOAN,1,0
B05,2025-07-04,12,LOAN,1,0
B05,2025-07-04,13,ACCOUNT,1,0
B05,2025-07-04,13,LOAN,2,0
B05,2025-07-05,10,LOAN,1,0
B05,2025-07-05,11,LOAN,3,1
B05,2025-07-05,12,LOAN,1,0
B05,2025-07-05,13,LOAN,1,0
B05,2025-07-05,14,ACCOUNT,2,1
B05,2025-07-05,14,LOAN,1,0
B05,2025-07-05,15,LOAN,1,0
B05,2025-07-07,11,LOAN,3,0
B05,2025-07-07,12,ACCOUNT,1,0
B05,2025-07-07,13,LOAN,3,1
B05,2025-07-07,15,LOAN,1,0
B05,2025-07-08,10,LOAN,1,0
B05,2025-07-08,11,LOAN,1,0
B05,2025-07-08,13,ACCOUNT,1,0
B05,2025-07-08,13,LOAN,2,0
B05,2025-07-08,14,LOAN,3,1
B05,2025-07-08,15,ACCOUNT,1,0
B05,2025-07-08,15,LOAN,2,0
B05,2025-07-09,10,ACCOUNT,1,0
B05,2025-07-09,12,LOAN,2,0
B05,2025-07-09,13,ACCOUNT,1,0
B05,2025-07-10,11,LOAN,3,0
B05,2025-07-10,15,LOAN,1,0
B05,2025-07-11,10,LOAN,2,1
B05,2025-07-11,11,LOAN,5,2
B05,2025-07-11,12,LOAN,2,1
B05,2025-07-11,14,LOAN,1,0
B05,2025-07-14,10,ACCOUNT,1,0
B05,2025-07-14,10,LOAN,1,0
B05,2025-07-14,11,LOAN,1,0
B05,2025-07-14,12,ACCOUNT,1,0
B05,2025-07-14,12,LOAN,5,1
B05,2025-07-14,13,LOAN,2,1
B05,2025-07-14,14,LOAN,2,0
B05,2025-07-14,15,LOAN,2,0
B05,2025-07-15,10,LOAN,4,2
B05,2025-07-15,11,LOAN,1,0
B05,2025-07-15,12,LOAN,1,0
B05,2025-07-15,13,LOAN,7,3
B05,2025-07-15,14,LOAN,7,1
B05,2025-07-16,10,LOAN,2,0
B05,2025-07-16,11,LOAN,1,0
B05,2025-07-16,13,LOAN,2,1
B05,2025-07-16,14,LOAN,1,0
B05,2025-07-17,11,LOAN,1,0
B05,2025-07-17,12,LOAN,2,0
B05,2025-07-17,14,LOAN,1,0
B05,2025-07-17,15,ACCOUNT,1,0
B05,2025-07-18,10,LOAN,1,0
B05,2025-07-18,11,LOAN,1,0
B05,2025-07-18,13,LOAN,1,0
B05,2025-07-18,14,ACCOUNT,1,0
B05,2025-07-18,15,LOAN,3,0
B05,2025-07-19,10,ACCOUNT,1,0
B05,2025-07-19,10,LOAN,2,0
B05,2025-07-19,11,LOAN,2,0
B05,2025-07-19,12,ACCOUNT,1,0
B05,2025-07-19,12,LOAN,1,0
B05,2025-07-19,13,LOAN,1,0
B05,2025-07-19,14,LOAN,2,0
B05,2025-07-19,15,LOAN,3,1
B05,2025-07-21,10,LOAN,1,0
B05,2025-07-21,11,LOAN,1,0
B05,2025-07-21,12,LOAN,1,0
B05,2025-07-21,14,LOAN,5,1
B05,2025-07-21,15,LOAN,1,0
B05,2025-07-22,11,LOAN,2,0
B05,2025-07-22,12,ACCOUNT,2,0
B05,2025-07-22,13,ACCOUNT,1,0
B05,2025-07-22,14,LOAN,1,0
B05,2025-07-22,15,LOAN,1,0
B05,2025-07-23,11,ACCOUNT,2,1
B05,2025-07-23,14,ACCOUNT,1,0
B05,2025-07-23,14,LOAN,2,0
B05,2025-07-24,10,LOAN,2,1
B05,2025-07-24,12,LOAN,2,1
B05,2025-07-24,13,LOAN,2,0
B05,2025-07-24,14,LOAN,1,0
B05,2025-07-24,15,LOAN,1,0
B05,2025-07-25,10,LOAN,3,0
B05,2025-07-25,11,ACCOUNT,3,2
B05,2025-07-25,11,LOAN,2,0
B05,2025-07-25,12,ACCOUNT,1,0
B05,2025-07-25,12,LOAN,1,0
B05,2025-07-25,13,ACCOUNT,3,2
B05,2025-07-25,14,LOAN,2,0
B05,2025-07-25,15,LOAN,1,0
B05,2025-07-28,10,ACCOUNT,1,0
B05,2025-07-28,10,LOAN,7,3
B05,2025-07-28,11,LOAN,3,0
B05,2025-07-28,12,ACCOUNT,1,0
B05,2025-07-28,12,LOAN,1,0
B05,2025-07-28,13,LOAN,2,0
B05,2025-07-28,14,ACCOUNT,1,0
B05,2025-07-28,14,LOAN,2,0
B05,2025-07-28,15,ACCOUNT,1,0
B05,2025-07-28,15,LOAN,3,0
B05,2025-07-29,10,LOAN,1,0
B05,2025-07-29,11,LOAN,1,0
B05,2025-07-29,12,LOAN,2,1
B05,2025-07-29,13,LOAN,1,0
B05,2025-07-29,14,ACCOUNT,1,0
B05,2025-07-29,14,LOAN,2,0
B05,2025-07-29,15,LOAN,1,0
B05,2025-07-30,11,LOAN,6,2
B05,2025-07-30,12,ACCOUNT,1,0
B05,2025-07-30,13,LOAN,1,0
B05,2025-07-30,14,LOAN,1,0
B05,2025-07-30,15,LOAN,1,0
B05,2025-07-31,12,ACCOUNT,1,0
B05,2025-07-31,12,LOAN,2,1
B05,2025-07-31,13,LOAN,1,0
B05,2025-07-31,14,LOAN,3,1
B05,2025-08-01,10,LOAN,1,0
B05,2025-08-01,11,ACCOUNT,1,0
B05,2025-08-01,11,LOAN,2,0
B05,2025-08-01,13,LOAN,2,0
B05,2025-08-01,14,LOAN,1,0
B05,2025-08-01,15,LOAN,1,0
B05,2025-08-02,10,ACCOUNT,2,0
B05,2025-08-02,11,LOAN,1,0
B05,2025-08-02,12,LOAN,1,0
B05,2025-08-02,13,LOAN,1,0
B05,2025-08-02,15,LOAN,1,0
B05,2025-08-04,10,LOAN,1,0
B05,2025-08-04,12,LOAN,2,0
B05,2025-08-04,13,LOAN,6,1
B05,2025-08-04,15,LOAN,2,1
B05,2025-08-05,10,LOAN,1,0
B05,2025-08-05,11,ACCOUNT,1,0
B05,2025-08-05,11,LOAN,1,0
B05,2025-08-05,12,LOAN,1,0
B05,2025-08-05,13,LOAN,1,0
B05,2025-08-05,14,LOAN,2,1
B05,2025-08-06,11,LOAN,3,1
B05,2025-08-06,12,LOAN,1,0
B05,2025-08-06,13,LOAN,3,1
B05,2025-08-07,11,ACCOUNT,1,0
B05,2025-08-07,11,LOAN,2,0
B05,2025-08-07,13,ACCOUNT,1,0
B05,2025-08-07,14,LOAN,2,0
B05,2025-08-11,10,LOAN,1,0
B05,2025-08-11,11,LOAN,5,1
B05,2025-08-11,12,LOAN,2,1
B05,2025-08-11,14,ACCOUNT,1,0
B05,2025-08-11,15,LOAN,2,0
B05,2025-08-12,10,LOAN,2,0
B05,2025-08-12,11,LOAN,1,0
B05,2025-08-12,12,LOAN,1,0
B05,2025-08-12,14,ACCOUNT,2,1
B05,2025-08-12,15,LOAN,1,0
B05,2025-08-13,10,LOAN,1,0
B05,2025-08-13,11,ACCOUNT,1,0
B05,2025-08-13,12,LOAN,1,0
B05,2025-08-13,13,LOAN,1,0
B05,2025-08-13,14,LOAN,1,0
B05,2025-08-13,15,LOAN,1,0
B05,2025-08-14,10,LOAN,1,0
B05,2025-08-14,11,LOAN,2,0
B05,2025-08-14,12,ACCOUNT,1,0
B05,2025-08-14,12,LOAN,1,0
B05,2025-08-14,13,LOAN,3,0
B05,2025-08-14,15,ACCOUNT,1,0
B05,2025-08-14,15,LOAN,1,0
B05,2025-08-16,10,LOAN,2,0
B05,2025-08-16,11,LOAN,3,0
B05,2025-08-16,12,LOAN,1,0
B05,2025-08-16,14,LOAN,4,1
B05,2025-08-16,15,LOAN,1,0
B05,2025-08-18,11,LOAN,2,0
B05,2025-08-18,12,LOAN,2,0
B05,2025-08-18,14,LOAN,1,0
B05,2025-08-19,10,ACCOUNT,1,0
B05,2025-08-19,11,ACCOUNT,2,1
B05,2025-08-19,13,ACCOUNT,4,3
B05,2025-08-19,13,LOAN,1,0
B05,2025-08-19,14,ACCOUNT,1,0
B05,2025-08-20,10,LOAN,1,0
B05,2025-08-20,12,LOAN,3,1
B05,2025-08-20,15,LOAN,1,0
B05,2025-08-21,11,LOAN,2,1
B05,2025-08-21,12,ACCOUNT,1,0
B05,2025-08-21,13,ACCOUNT,1,0
B05,2025-08-21,13,LOAN,2,1
B05,2025-08-21,14,LOAN,1,0
B05,2025-08-22,10,ACCOUNT,1,0
B05,2025-08-22,12,ACCOUNT,1,0
B05,2025-08-22,12,LOAN,3,1
B05,2025-08-22,14,ACCOUNT,2,1
B05,2025-08-22,14,LOAN,2,0
B05,2025-08-25,10,ACCOUNT,1,0
B05,2025-08-25,10,LOAN,1,0
B05,2025-08-25,11,LOAN,2,0
B05,2025-08-25,12,LOAN,2,0
B05,2025-08-25,14,ACCOUNT,1,0
B05,2025-08-25,14,LOAN,1,0
B05,2025-08-26,11,ACCOUNT,2,1
B05,2025-08-26,11,LOAN,2,1
B05,2025-08-26,13,LOAN,2,0
B05,2025-08-26,14,ACCOUNT,1,0
B05,2025-08-26,14,LOAN,2,0
B05,2025-08-28,11,LOAN,1,0
B05,2025-08-28,12,ACCOUNT,1,0
B05,2025-08-28,13,LOAN,1,0
B05,2025-08-28,15,LOAN,1,0
B05,2025-08-29,11,LOAN,3,1
B05,2025-08-29,12,LOAN,1,0
B05,2025-08-29,14,LOAN,1,0
B05,2025-08-30,14,LOAN,3,0
B05,2025-08-30,15,ACCOUNT,2,1
B05,2025-09-01,10,ACCOUNT,3,1
B05,2025-09-01,10,LOAN,2,0
B05,2025-09-01,12,LOAN,1,0
B05,2025-09-01,14,LOAN,4,2
B05,2025-09-01,15,LOAN,2,0
B05,2025-09-02,10,LOAN,2,1
B05,2025-09-02,11,LOAN,5,2
B05,2025-09-02,13,LOAN,2,0
B05,2025-09-03,12,LOAN,2,0
B05,2025-09-03,13,LOAN,1,0
B05,2025-09-03,15,LOAN,1,0
B05,2025-09-04,11,LOAN,2,1
B05,2025-09-04,14,LOAN,2,1
B05,2025-09-04,15,LOAN,2,0
B05,2025-09-06,10,ACCOUNT,2,0
B05,2025-09-06,10,LOAN,1,0
B05,2025-09-06,13,ACCOUNT,1,0
B05,2025-09-06,13,LOAN,1,0
B05,2025-09-08,11,ACCOUNT,2,1
B05,2025-09-08,11,LOAN,2,0
B05,2025-09-08,12,LOAN,1,0
B05,2025-09-08,15,LOAN,1,0
B05,2025-09-09,10,LOAN,3,1
B05,2025-09-09,12,ACCOUNT,1,0
B05,2025-09-09,13,LOAN,1,0
B05,2025-09-09,14,ACCOUNT,1,0
B05,2025-09-09,14,LOAN,1,0
B05,2025-09-09,15,LOAN,1,0
B05,2025-09-10,14,LOAN,2,1
B05,2025-09-10,15,LOAN,1,0
B05,2025-09-11,10,ACCOUNT,1,0
B05,2025-09-11,15,LOAN,3,1
B05,2025-09-12,11,LOAN,3,1
B05,2025-09-12,12,LOAN,1,0
B05,2025-09-12,14,LOAN,1,0
B05,2025-09-12,15,LOAN,1,0
B05,2025-09-15,11,ACCOUNT,1,0
B05,2025-09-15,12,LOAN,3,0
B05,2025-09-15,13,LOAN,1,0
B05,2025-09-15,14,LOAN,1,0
B05,2025-09-15,15,LOAN,5,2
B05,2025-09-16,12,LOAN,2,1
B05,2025-09-16,13,ACCOUNT,1,0
B05,2025-09-16,14,LOAN,2,0
B05,2025-09-17,11,LOAN,1,0
B05,2025-09-17,12,LOAN,2,1
B05,2025-09-17,13,ACCOUNT,1,0
B05,2025-09-18,11,LOAN,3,1
B05,2025-09-18,12,LOAN,2,1
B05,2025-09-18,14,ACCOUNT,1,0
B05,2025-09-18,14,LOAN,3,1
B05,2025-09-19,12,ACCOUNT,2,0
B05,2025-09-19,15,LOAN,1,0
B05,2025-09-20,10,ACCOUNT,1,0
B05,2025-09-20,10,LOAN,2,0
B05,2025-09-20,12,ACCOUNT,1,0
B05,2025-09-20,12,LOAN,2,0
B05,2025-09-22,10,LOAN,1,0
B05,2025-09-22,11,LOAN,5,2
B05,2025-09-22,13,ACCOUNT,1,0
B05,2025-09-22,13,LOAN,2,1
B05,2025-09-22,14,ACCOUNT,2,1
B05,2025-09-22,14,LOAN,4,2
B05,2025-09-22,15,LOAN,1,0
B05,2025-09-23,11,LOAN,1,0
B05,2025-09-23,13,LOAN,1,0
B05,2025-09-23,14,LOAN,2,0
B05,2025-09-23,15,LOAN,2,1
B05,2025-09-24,10,LOAN,1,0
B05,2025-09-24,11,LOAN,1,0
B05,2025-09-24,12,ACCOUNT,2,1
B05,2025-09-24,12,LOAN,1,0
B05,2025-09-24,13,ACCOUNT,2,1
B05,2025-09-24,14,ACCOUNT,3,2
B05,2025-09-24,14,LOAN,1,0
B05,2025-09-24,15,ACCOUNT,1,0
B05,2025-09-24,15,LOAN,6,2
B05,2025-09-25,14,LOAN,1,0
B05,2025-09-25,15,LOAN,2,1
B05,2025-09-26,10,ACCOUNT,1,0
B05,2025-09-26,10,LOAN,3,0
B05,2025-09-26,11,LOAN,2,0
B05,2025-09-26,12,ACCOUNT,1,0
B05,2025-09-26,12,LOAN,1,0
B05,2025-09-26,14,LOAN,3,1
B05,2025-09-29,10,ACCOUNT,1,0
B05,2025-09-29,10,LOAN,1,0
B05,2025-09-29,12,ACCOUNT,1,0
B05,2025-09-29,12,LOAN,1,0
B05,2025-09-29,13,ACCOUNT,1,0
B05,2025-09-29,13,LOAN,1,0
B05,2025-09-29,14,ACCOUNT,1,0
B05,2025-09-29,14,LOAN,4,1
B05,2025-09-29,15,LOAN,1,0
B05,2025-09-30,10,LOAN,2,1
B05,2025-09-30,11,LOAN,1,0
B05,2025-09-30,14,ACCOUNT,1,0
B05,2025-09-30,14,LOAN,2,0
B05,2025-10-03,10,ACCOUNT,2,1
B05,2025-10-03,10,LOAN,1,0
B05,2025-10-03,12,ACCOUNT,2,0
B05,2025-10-03,12,LOAN,3,1
B05,2025-10-03,14,LOAN,3,0
B05,2025-10-04,10,ACCOUNT,1,0
B05,2025-10-04,10,LOAN,1,0
B05,2025-10-04,11,LOAN,2,1
B05,2025-10-06,11,LOAN,3,1
B05,2025-10-06,12,LOAN,1,0
B05,2025-10-06,13,LOAN,2,0
B05,2025-10-06,14,LOAN,1,0
B05,2025-10-06,15,LOAN,2,0
B05,2025-10-08,11,LOAN,3,1
B05,2025-10-08,12,LOAN,1,0
B05,2025-10-09,11,ACCOUNT,1,0
B05,2025-10-09,11,LOAN,3,0
B05,2025-10-09,12,LOAN,3,0
B05,2025-10-10,11,ACCOUNT,4,2
B05,2025-10-10,11,LOAN,2,1
B05,2025-10-10,12,LOAN,1,0
B05,2025-10-10,13,LOAN,2,1
B05,2025-10-10,14,LOAN,2,0
B05,2025-10-13,11,LOAN,1,0
B05,2025-10-13,12,LOAN,2,1
B05,2025-10-13,14,LOAN,3,1
B05,2025-10-13,15,LOAN,2,0
B05,2025-10-14,10,ACCOUNT,1,0
B05,2025-10-14,11,LOAN,1,0
B05,2025-10-14,13,LOAN,1,0
B05,2025-10-14,15,ACCOUNT,1,0
B05,2025-10-15,10,ACCOUNT,2,1
B05,2025-10-15,10,LOAN,3,0
B05,2025-10-15,11,ACCOUNT,3,1
B05,2025-10-15,11,LOAN,3,1
B05,2025-10-15,12,ACCOUNT,1,0
B05,2025-10-15,13,LOAN,3,1
B05,2025-10-15,15,LOAN,4,1
B05,2025-10-16,11,LOAN,1,0
B05,2025-10-16,12,LOAN,5,1
B05,2025-10-16,13,LOAN,5,2
B05,2025-10-16,14,LOAN,3,1
B05,2025-10-16,15,ACCOUNT,1,0
B05,2025-10-16,15,LOAN,1,0
B05,2025-10-17,10,ACCOUNT,1,0
B05,2025-10-17,10,LOAN,3,1
B05,2025-10-17,11,LOAN,2,0
B05,2025-10-17,12,LOAN,1,0
B05,2025-10-17,13,LOAN,1,0
B05,2025-10-17,14,LOAN,1,0
B05,2025-10-18,10,LOAN,3,1
B05,2025-10-18,11,LOAN,2,0
B05,2025-10-18,12,ACCOUNT,2,0
B05,2025-10-18,12,LOAN,3,1
B05,2025-10-18,13,ACCOUNT,2,1
B05,2025-10-18,13,LOAN,3,0
B05,2025-10-18,14,LOAN,1,0
B05,2025-10-21,10,LOAN,4,1
B05,2025-10-21,11,ACCOUNT,2,1
B05,2025-10-21,11,LOAN,1,0
B05,2025-10-21,12,LOAN,6,1
B05,2025-10-21,13,LOAN,4,0
B05,2025-10-21,14,LOAN,2,1
B05,2025-10-21,15,ACCOUNT,1,0
B05,2025-10-21,15,LOAN,2,1
B05,2025-10-23,10,LOAN,1,0
B05,2025-10-23,11,ACCOUNT,2,1
B05,2025-10-23,11,LOAN,3,0
B05,2025-10-23,12,LOAN,1,0
B05,2025-10-23,13,LOAN,2,0
B05,2025-10-23,15,LOAN,1,0
B05,2025-10-24,10,ACCOUNT,2,0
B05,2025-10-24,10,LOAN,2,0
B05,2025-10-24,11,LOAN,2,1
B05,2025-10-24,12,ACCOUNT,1,0
B05,2025-10-24,12,LOAN,2,0
B05,2025-10-24,13,LOAN,5,2
B05,2025-10-24,14,ACCOUNT,1,0
B05,2025-10-24,14,LOAN,6,2
B05,2025-10-27,10,LOAN,3,1
B05,2025-10-27,11,LOAN,2,0
B05,2025-10-27,12,LOAN,1,0
B05,2025-10-27,14,ACCOUNT,1,0
B05,2025-10-27,14,LOAN,5,2
B05,2025-10-27,15,ACCOUNT,2,1
B05,2025-10-27,15,LOAN,1,0
B05,2025-10-28,10,ACCOUNT,1,0
B05,2025-10-28,10,LOAN,1,0
B05,2025-10-28,12,LOAN,2,0
B05,2025-10-28,13,LOAN,2,0
B05,2025-10-28,14,LOAN,2,1
B05,2025-10-29,11,LOAN,3,1
B05,2025-10-29,13,ACCOUNT,1,0
B05,2025-10-29,14,LOAN,2,1
B05,2025-10-29,15,LOAN,2,0
B05,2025-10-30,11,LOAN,1,0
B05,2025-10-30,12,LOAN,1,0
B05,2025-10-30,13,LOAN,2,0
B05,2025-10-30,14,LOAN,1,0
B05,2025-10-30,15,LOAN,2,1
B05,2025-10-31,10,LOAN,1,0
B05,2025-10-31,12,ACCOUNT,2,1
B05,2025-10-31,12,LOAN,1,0
B05,2025-10-31,13,LOAN,1,0
B05,2025-10-31,14,LOAN,1,0
B05,2025-10-31,15,LOAN,1,0
B05,2025-11-03,10,LOAN,2,0
B05,2025-11-03,11,LOAN,1,0
B05,2025-11-03,12,LOAN,3,1
B05,2025-11-03,14,LOAN,3,1
B05,2025-11-03,15,ACCOUNT,1,0
B05,2025-11-03,15,LOAN,1,0
B05,2025-11-04,11,LOAN,3,0
B05,2025-11-04,13,LOAN,1,0
B05,2025-11-04,15,ACCOUNT,2,1
B05,2025-11-05,10,LOAN,1,0
B05,2025-11-05,11,LOAN,4,1
B05,2025-11-05,12,LOAN,8,2
B05,2025-11-05,14,LOAN,2,0
B05,2025-11-06,10,LOAN,1,0
B05,2025-11-06,12,ACCOUNT,1,0
B05,2025-11-06,14,LOAN,1,0
B05,2025-11-06,15,LOAN,1,0
B05,2025-11-07,11,LOAN,4,1
B05,2025-11-07,12,LOAN,1,0
B05,2025-11-07,13,ACCOUNT,1,0
B05,2025-11-07,13,LOAN,2,0
B05,2025-11-07,14,LOAN,5,2
B05,2025-11-07,15,LOAN,3,1
B05,2025-11-10,10,ACCOUNT,1,0
B05,2025-11-10,11,ACCOUNT,1,0
B05,2025-11-10,11,LOAN,2,0
B05,2025-11-10,13,ACCOUNT,1,0
B05,2025-11-10,13,LOAN,3,2
B05,2025-11-10,14,ACCOUNT,1,0
B05,2025-11-10,14,LOAN,1,0
B05,2025-11-10,15,ACCOUNT,5,3
B05,2025-11-10,15,LOAN,3,1
B05,2025-11-11,10,LOAN,2,0
B05,2025-11-11,11,LOAN,1,0
B05,2025-11-11,12,LOAN,1,0
B05,2025-11-11,13,LOAN,1,0
B05,2025-11-11,14,ACCOUNT,1,0
B05,2025-11-12,11,LOAN,2,1
B05,2025-11-12,12,ACCOUNT,1,0
B05,2025-11-12,12,LOAN,4,1
B05,2025-11-12,13,LOAN,1,0
B05,2025-11-13,10,LOAN,2,1
B05,2025-11-13,11,ACCOUNT,1,0
B05,2025-11-13,12,LOAN,1,0
B05,2025-11-13,13,LOAN,1,0
B05,2025-11-13,14,LOAN,3,0
B05,2025-11-13,15,LOAN,1,0
B05,2025-11-14,10,ACCOUNT,2,1
B05,2025-11-14,12,LOAN,2,0
B05,2025-11-14,13,LOAN,1,0
B05,2025-11-14,14,LOAN,1,0
B05,2025-11-14,15,LOAN,2,0
B05,2025-11-15,10,LOAN,2,1
B05,2025-11-15,11,LOAN,4,0
B05,2025-11-15,12,ACCOUNT,1,0
B05,2025-11-15,12,LOAN,2,0
B05,2025-11-15,13,ACCOUNT,1,0
B05,2025-11-15,13,LOAN,1,0
B05,2025-11-15,14,LOAN,2,0
B05,2025-11-15,15,LOAN,1,0
B05,2025-11-17,10,LOAN,2,1
B05,2025-11-17,11,LOAN,1,0
B05,2025-11-17,12,LOAN,2,0
B05,2025-11-17,13,ACCOUNT,2,0
B05,2025-11-17,14,LOAN,3,2
B05,2025-11-17,15,LOAN,1,0
B05,2025-11-18,12,LOAN,1,0
B05,2025-11-18,14,LOAN,4,2
B05,2025-11-20,10,LOAN,1,0
B05,2025-11-20,11,LOAN,1,0
B05,2025-11-20,13,LOAN,3,1
B05,2025-11-20,15,ACCOUNT,1,0
B05,2025-11-20,15,LOAN,4,1
B05,2025-11-21,11,ACCOUNT,1,0
B05,2025-11-21,11,LOAN,1,0
B05,2025-11-21,12,LOAN,1,0
B05,2025-11-21,13,LOAN,3,1
B05,2025-11-21,14,ACCOUNT,2,1
B05,2025-11-21,14,LOAN,4,1
B05,2025-11-21,15,LOAN,3,1
B05,2025-11-24,11,ACCOUNT,2,1
B05,2025-11-24,11,LOAN,3,2
B05,2025-11-24,12,LOAN,3,0
B05,2025-11-24,13,LOAN,1,0
B05,2025-11-24,14,ACCOUNT,1,0
B05,2025-11-24,14,LOAN,2,0
B05,2025-11-24,15,LOAN,1,0
B05,2025-11-25,10,LOAN,1,0
B05,2025-11-25,11,LOAN,1,0
B05,2025-11-25,13,LOAN,1,0
B05,2025-11-25,14,LOAN,1,0
B05,2025-11-25,15,LOAN,1,0
B05,2025-11-26,11,LOAN,2,0
B05,2025-11-26,12,ACCOUNT,1,0
B05,2025-11-26,12,LOAN,1,0
B05,2025-11-26,13,LOAN,2,1
B05,2025-11-26,14,LOAN,2,1
B05,2025-11-27,10,LOAN,1,0
B05,2025-11-27,11,LOAN,3,1
B05,2025-11-27,12,LOAN,3,1
B05,2025-11-27,14,ACCOUNT,1,0
B05,2025-11-27,14,LOAN,3,1
B05,2025-11-28,11,LOAN,1,0
B05,2025-11-28,12,ACCOUNT,1,0
B05,2025-11-28,12,LOAN,3,1
B05,2025-11-28,13,LOAN,1,0
B05,2025-11-29,12,LOAN,4,0
B05,2025-11-29,14,LOAN,3,1
B05,2025-11-29,15,LOAN,1,0
B05,2025-12-01,11,ACCOUNT,1,0
B05,2025-12-01,13,LOAN,2,1
B05,2025-12-01,14,ACCOUNT,1,0
B05,2025-12-01,15,LOAN,1,0
B05,2025-12-02,10,ACCOUNT,2,0
B05,2025-12-02,12,LOAN,1,0
B05,2025-12-02,14,ACCOUNT,1,0
B05,2025-12-02,15,LOAN,2,1
B05,2025-12-03,10,LOAN,1,0
B05,2025-12-03,11,LOAN,1,0
B05,2025-12-03,12,ACCOUNT,2,1
B05,2025-12-03,14,ACCOUNT,1,0
B05,2025-12-03,14,LOAN,1,0
B05,2025-12-04,13,ACCOUNT,1,0
B05,2025-12-05,11,LOAN,1,0
B05,2025-12-05,12,LOAN,1,0
B05,2025-12-05,13,ACCOUNT,1,0
B05,2025-12-05,13,LOAN,1,0
B05,2025-12-06,10,LOAN,2,1
B05,2025-12-06,13,LOAN,2,1
B05,2025-12-08,10,LOAN,1,0
B05,2025-12-08,11,LOAN,1,0
B05,2025-12-08,13,ACCOUNT,1,0
B05,2025-12-08,14,LOAN,2,0
B05,2025-12-08,15,LOAN,2,1
B05,2025-12-09,11,ACCOUNT,1,0
B05,2025-12-09,11,LOAN,2,1
B05,2025-12-09,12,LOAN,2,1
B05,2025-12-09,14,LOAN,1,0
B05,2025-12-09,15,LOAN,2,1
B05,2025-12-10,10,LOAN,2,0
B05,2025-12-10,11,ACCOUNT,2,1
B05,2025-12-10,11,LOAN,1,0
B05,2025-12-10,12,LOAN,1,0
B05,2025-12-11,10,ACCOUNT,2,0
B05,2025-12-11,12,ACCOUNT,2,1
B05,2025-12-11,12,LOAN,3,1
B05,2025-12-11,13,LOAN,1,0
B05,2025-12-11,14,LOAN,3,2
B05,2025-12-12,11,LOAN,2,0
B05,2025-12-12,12,LOAN,1,0
B05,2025-12-12,14,LOAN,1,0
B05,2025-12-12,15,LOAN,1,0
B05,2025-12-15,10,LOAN,1,0
B05,2025-12-15,11,LOAN,1,0
B05,2025-12-15,12,ACCOUNT,2,1
B05,2025-12-15,12,LOAN,1,0
B05,2025-12-15,14,ACCOUNT,2,0
B05,2025-12-15,14,LOAN,3,0
B05,2025-12-16,10,ACCOUNT,1,0
B05,2025-12-16,10,LOAN,1,0
B05,2025-12-16,11,LOAN,1,0
B05,2025-12-16,12,LOAN,2,1
B05,2025-12-16,13,LOAN,2,0
B05,2025-12-16,14,LOAN,3,1
B05,2025-12-17,11,ACCOUNT,1,0
B05,2025-12-17,13,LOAN,1,0
B05,2025-12-17,14,LOAN,2,0
B05,2025-12-18,11,LOAN,1,0
B05,2025-12-18,13,LOAN,2,1
B05,2025-12-19,10,LOAN,2,0
B05,2025-12-19,13,LOAN,1,0
B05,2025-12-19,14,LOAN,2,0
B05,2025-12-20,11,LOAN,2,1
B05,2025-12-20,12,ACCOUNT,1,0
B05,2025-12-20,12,LOAN,1,0
B05,2025-12-20,14,ACCOUNT,2,0
B05,2025-12-22,10,LOAN,1,0
B05,2025-12-22,12,ACCOUNT,1,0
B05,2025-12-22,12,LOAN,1,0
B05,2025-12-22,13,ACCOUNT,1,0
B05,2025-12-22,13,LOAN,3,1
B05,2025-12-22,14,ACCOUNT,2,1
B05,2025-12-23,11,LOAN,1,0
B05,2025-12-23,12,LOAN,1,0
B05,2025-12-23,13,ACCOUNT,2,0
B05,2025-12-23,14,LOAN,4,2
B05,2025-12-24,10,LOAN,2,0
B05,2025-12-24,11,LOAN,3,1
B05,2025-12-24,12,LOAN,1,0
B05,2025-12-24,14,LOAN,2,0
B05,2025-12-24,15,LOAN,2,0
B05,2025-12-26,10,LOAN,1,0
B05,2025-12-26,13,LOAN,2,1
B05,2025-12-26,14,LOAN,1,0
B05,2025-12-29,10,ACCOUNT,2,0
B05,2025-12-29,10,LOAN,1,0
B05,2025-12-29,11,ACCOUNT,3,1
B05,2025-12-29,11,LOAN,1,0
B05,2025-12-29,12,ACCOUNT,3,1
B05,2025-12-29,15,LOAN,1,0
B05,2025-12-30,13,LOAN,1,0
B05,2025-12-30,14,ACCOUNT,1,0
B05,2025-12-31,10,ACCOUNT,1,0
B05,2025-12-31,15,ACCOUNT,2,0
B05,2025-12-31,15,LOAN,1,0
B05,2026-01-01,10,LOAN,1,0
B05,2026-01-01,11,LOAN,1,0
B05,2026-01-01,12,LOAN,1,0
B05,2026-01-01,14,LOAN,2,0
B05,2026-01-01,15,LOAN,2,1
B05,2026-01-02,11,ACCOUNT,1,0
B05,2026-01-02,12,LOAN,2,0
B05,2026-01-02,13,LOAN,3,1
B05,2026-01-02,14,ACCOUNT,1,0
B05,2026-01-03,10,ACCOUNT,1,0
B05,2026-01-03,11,LOAN,1,0
B05,2026-01-03,12,LOAN,1,0
B05,2026-01-03,13,LOAN,1,0
B05,2026-01-05,11,LOAN,1,0
B05,2026-01-05,12,LOAN,1,0
B05,2026-01-05,15,LOAN,1,0
B05,2026-01-06,10,LOAN,2,1
B05,2026-01-06,11,LOAN,1,0
B05,2026-01-06,13,ACCOUNT,1,0
B05,2026-01-06,14,LOAN,1,0
B05,2026-01-06,15,ACCOUNT,1,0
B05,2026-01-06,15,LOAN,2,1
B05,2026-01-07,12,ACCOUNT,1,0
B05,2026-01-07,13,ACCOUNT,1,0
B05,2026-01-08,10,LOAN,1,0
B05,2026-01-08,11,ACCOUNT,1,0
B05,2026-01-08,11,LOAN,1,0
B05,2026-01-08,12,ACCOUNT,1,0
B05,2026-01-08,12,LOAN,1,0
B05,2026-01-08,14,ACCOUNT,1,0
B05,2026-01-08,14,LOAN,2,1
B05,2026-01-09,11,LOAN,1,0
B05,2026-01-09,12,LOAN,2,1
B05,2026-01-12,10,LOAN,2,0
B05,2026-01-12,11,LOAN,4,1
B05,2026-01-12,12,LOAN,5,1
B05,2026-01-12,14,ACCOUNT,1,0
B05,2026-01-12,14,LOAN,4,0
B05,2026-01-12,15,ACCOUNT,1,0
B05,2026-01-13,10,LOAN,1,0
B05,2026-01-13,12,LOAN,2,1
B05,2026-01-13,15,LOAN,1,0
B05,2026-01-14,10,LOAN,2,1
B05,2026-01-14,12,LOAN,1,0
B05,2026-01-14,13,LOAN,2,0
B05,2026-01-14,14,ACCOUNT,3,2
B05,2026-01-14,15,LOAN,1,0
B05,2026-01-16,10,LOAN,1,0
B05,2026-01-16,12,ACCOUNT,2,1
B05,2026-01-16,12,LOAN,4,1
B05,2026-01-16,13,LOAN,1,0
B05,2026-01-16,15,LOAN,2,0
B05,2026-01-17,10,ACCOUNT,1,0
B05,2026-01-17,10,LOAN,2,1
B05,2026-01-17,11,LOAN,3,0
B05,2026-01-17,13,ACCOUNT,1,0
B05,2026-01-17,14,ACCOUNT,1,0
B05,2026-01-17,14,LOAN,1,0
B05,2026-01-17,15,LOAN,2,0
B05,2026-01-19,10,ACCOUNT,2,1
B05,2026-01-19,12,ACCOUNT,1,0
B05,2026-01-19,12,LOAN,1,0
B05,2026-01-19,13,LOAN,1,0
B05,2026-01-19,14,LOAN,3,1
B05,2026-01-20,10,ACCOUNT,1,0
B05,2026-01-20,10,LOAN,1,0
B05,2026-01-20,11,LOAN,1,0
B05,2026-01-20,12,LOAN,1,0
B05,2026-01-20,15,ACCOUNT,1,0
B05,2026-01-20,15,LOAN,3,2
B05,2026-01-21,10,ACCOUNT,1,0
B05,2026-01-21,10,LOAN,3,1
B05,2026-01-21,11,LOAN,2,0
B05,2026-01-21,12,LOAN,1,0
B05,2026-01-21,13,LOAN,1,0
B05,2026-01-21,15,ACCOUNT,5,2
B05,2026-01-22,13,LOAN,3,2
B05,2026-01-22,14,LOAN,1,0
B05,2026-01-23,10,LOAN,1,0
B05,2026-01-23,12,ACCOUNT,1,0
B05,2026-01-23,12,LOAN,6,2
B05,2026-01-27,10,ACCOUNT,2,1
B05,2026-01-27,11,LOAN,1,0
B05,2026-01-27,12,LOAN,2,0
B05,2026-01-27,13,ACCOUNT,1,0
B05,2026-01-27,14,ACCOUNT,1,0
B05,2026-01-27,15,ACCOUNT,1,0
B05,2026-01-28,10,LOAN,2,1
B05,2026-01-28,11,ACCOUNT,1,0
B05,2026-01-28,12,LOAN,2,1
B05,2026-01-28,14,LOAN,3,1
B05,2026-01-29,11,LOAN,2,1
B05,2026-01-29,12,LOAN,3,1
B05,2026-01-29,14,LOAN,1,0
B05,2026-01-29,15,LOAN,1,0
B05,2026-01-30,12,ACCOUNT,2,1
B05,2026-01-30,12,LOAN,1,0
B05,2026-01-30,14,ACCOUNT,3,2
B05,2026-01-30,15,LOAN,1,0
B05,2026-01-31,11,LOAN,3,1
B05,2026-01-31,12,ACCOUNT,1,0
B05,2026-02-02,10,LOAN,2,0
B05,2026-02-02,11,LOAN,1,0
B05,2026-02-02,12,ACCOUNT,1,0
B05,2026-02-02,13,LOAN,1,0
B05,2026-02-02,14,LOAN,2,1
B05,2026-02-02,15,LOAN,1,0
B05,2026-02-03,10,LOAN,1,0
B05,2026-02-03,12,LOAN,3,1
B05,2026-02-03,13,LOAN,1,0
B05,2026-02-03,14,LOAN,1,0
B05,2026-02-04,10,ACCOUNT,2,1
B05,2026-02-04,13,ACCOUNT,1,0
B05,2026-02-05,13,LOAN,3,1
B05,2026-02-06,10,LOAN,1,0
B05,2026-02-06,11,LOAN,2,0
B05,2026-02-06,14,ACCOUNT,1,0
B05,2026-02-06,14,LOAN,2,1
B05,2026-02-06,15,ACCOUNT,1,0
B05,2026-02-07,11,ACCOUNT,1,0
B05,2026-02-07,11,LOAN,1,0
B05,2026-02-07,12,LOAN,1,0
B05,2026-02-07,14,LOAN,4,0
B05,2026-02-07,15,LOAN,2,1
B05,2026-02-09,10,ACCOUNT,2,1
B05,2026-02-09,12,ACCOUNT,3,2
B05,2026-02-09,13,LOAN,2,0
B05,2026-02-09,14,ACCOUNT,2,0
B05,2026-02-09,14,LOAN,1,0
B05,2026-02-10,10,LOAN,3,2
B05,2026-02-10,11,LOAN,1,0
B05,2026-02-10,12,LOAN,1,0
B05,2026-02-10,14,LOAN,1,0
B05,2026-02-10,15,LOAN,1,0
B05,2026-02-11,11,ACCOUNT,2,1
B05,2026-02-11,11,LOAN,2,0
B05,2026-02-11,12,LOAN,1,0
B05,2026-02-12,10,LOAN,1,0
B05,2026-02-12,11,LOAN,2,0
B05,2026-02-12,12,LOAN,6,2
B05,2026-02-12,13,LOAN,1,0
B05,2026-02-12,14,ACCOUNT,2,1
B05,2026-02-12,15,LOAN,1,0
B05,2026-02-13,10,ACCOUNT,1,0
B05,2026-02-13,13,LOAN,1,0
B05,2026-02-13,15,LOAN,1,0
B05,2026-02-16,10,LOAN,1,0
B05,2026-02-16,12,ACCOUNT,1,0
B05,2026-02-16,14,ACCOUNT,1,0
B05,2026-02-16,15,LOAN,3,0
B05,2026-02-17,10,LOAN,1,0
B05,2026-02-17,11,LOAN,1,0
B05,2026-02-17,14,LOAN,1,0
B05,2026-02-18,15,ACCOUNT,1,0
B05,2026-02-18,15,LOAN,1,0
B05,2026-02-19,10,ACCOUNT,3,1
B05,2026-02-19,10,LOAN,1,0
B05,2026-02-19,12,LOAN,5,2
B05,2026-02-19,13,LOAN,1,0
B05,2026-02-19,14,ACCOUNT,1,0
B05,2026-02-20,10,LOAN,1,0
B05,2026-02-20,11,LOAN,2,1
B05,2026-02-20,12,ACCOUNT,1,0
B05,2026-02-20,13,LOAN,1,0
B05,2026-02-20,14,LOAN,2,0
B05,2026-02-20,15,LOAN,2,1
B05,2026-02-21,12,LOAN,1,0
B05,2026-02-21,13,LOAN,1,0
B05,2026-02-23,11,LOAN,2,0
B05,2026-02-23,12,LOAN,2,1
B05,2026-02-24,10,LOAN,1,0
B05,2026-02-24,11,ACCOUNT,1,0
B05,2026-02-24,11,LOAN,6,3
B05,2026-02-24,14,LOAN,1,0
B05,2026-02-24,15,LOAN,3,0
B05,2026-02-25,10,LOAN,2,0
B05,2026-02-25,12,LOAN,1,0
B05,2026-02-25,13,LOAN,2,1
B05,2026-02-26,12,LOAN,1,0
B05,2026-02-26,13,LOAN,1,0
B05,2026-02-26,14,LOAN,2,0
B05,2026-02-27,11,LOAN,2,0
B05,2026-02-27,13,LOAN,1,0
B05,2026-02-27,14,LOAN,1,0
B05,2026-02-27,15,LOAN,1,0
B05,2026-03-02,11,ACCOUNT,2,1
B05,2026-03-02,11,LOAN,2,0
B05,2026-03-02,12,LOAN,1,0
B05,2026-03-02,13,ACCOUNT,1,0
B05,2026-03-02,15,ACCOUNT,1,0
B05,2026-03-02,15,LOAN,1,0
B05,2026-03-03,10,ACCOUNT,1,0
B05,2026-03-03,10,LOAN,2,1
B05,2026-03-03,11,ACCOUNT,3,1
B05,2026-03-03,12,ACCOUNT,1,0
B05,2026-03-03,13,LOAN,1,0
B05,2026-03-03,14,ACCOUNT,1,0
B05,2026-03-04,10,ACCOUNT,1,0
B05,2026-03-04,11,ACCOUNT,2,1
B05,2026-03-04,11,LOAN,2,0
B05,2026-03-04,12,LOAN,1,0
B05,2026-03-04,14,LOAN,3,1
B05,2026-03-04,15,LOAN,1,0
B05,2026-03-05,10,ACCOUNT,3,0
B05,2026-03-05,11,LOAN,1,0
B05,2026-03-05,12,LOAN,1,0
B05,2026-03-05,13,LOAN,1,0
B05,2026-03-05,14,ACCOUNT,2,1
B05,2026-03-05,14,LOAN,2,1
B05,2026-03-05,15,ACCOUNT,1,0
B05,2026-03-06,10,LOAN,1,0
B05,2026-03-06,11,LOAN,5,2
B05,2026-03-06,13,LOAN,3,1
B05,2026-03-06,15,LOAN,1,0
B05,2026-03-07,11,ACCOUNT,1,0
B05,2026-03-07,11,LOAN,1,0
B05,2026-03-07,12,LOAN,1,0
B05,2026-03-07,13,ACCOUNT,1,0
B05,2026-03-07,14,LOAN,1,0
B05,2026-03-07,15,ACCOUNT,2,1
B05,2026-03-09,11,ACCOUNT,1,0
B05,2026-03-09,11,LOAN,1,0
B05,2026-03-09,13,LOAN,1,0
B05,2026-03-09,14,ACCOUNT,1,0
B05,2026-03-09,15,ACCOUNT,2,1
B05,2026-03-10,11,LOAN,2,0
B05,2026-03-10,13,LOAN,2,0
B05,2026-03-10,15,LOAN,1,0
B05,2026-03-11,10,ACCOUNT,2,1
B05,2026-03-11,10,LOAN,2,0
B05,2026-03-11,11,ACCOUNT,1,0
B05,2026-03-11,11,LOAN,3,1
B05,2026-03-11,12,ACCOUNT,1,0
B05,2026-03-11,12,LOAN,2,1
B05,2026-03-11,15,LOAN,1,0
B05,2026-03-12,10,LOAN,1,0
B05,2026-03-12,14,ACCOUNT,2,1
B05,2026-03-13,11,LOAN,1,0
B05,2026-03-13,12,ACCOUNT,1,0
B05,2026-03-13,12,LOAN,4,2
B05,2026-03-13,13,ACCOUNT,2,1
B05,2026-03-13,13,LOAN,1,0
B05,2026-03-13,14,LOAN,2,0
B05,2026-03-16,10,ACCOUNT,2,0
B05,2026-03-16,10,LOAN,2,1
B05,2026-03-16,12,LOAN,3,1
B05,2026-03-16,13,LOAN,1,0
B05,2026-03-17,10,LOAN,1,0
B05,2026-03-17,11,ACCOUNT,1,0
B05,2026-03-17,11,LOAN,4,1
B05,2026-03-17,12,LOAN,4,2
B05,2026-03-17,13,LOAN,1,0
B05,2026-03-17,14,LOAN,1,0
B05,2026-03-17,15,LOAN,1,0
B05,2026-03-18,10,LOAN,1,0
B05,2026-03-18,12,ACCOUNT,2,1
B05,2026-03-18,12,LOAN,2,0
B05,2026-03-18,14,LOAN,3,0
B05,2026-03-18,15,LOAN,2,0
B05,2026-03-21,11,ACCOUNT,1,0
B05,2026-03-21,12,LOAN,1,0
B05,2026-03-21,13,LOAN,1,0
B05,2026-03-21,14,LOAN,3,0
B05,2026-03-21,15,LOAN,4,1
B05,2026-03-23,11,LOAN,1,0
B05,2026-03-23,12,LOAN,4,1
B05,2026-03-23,13,LOAN,1,0
B05,2026-03-23,15,LOAN,1,0
B05,2026-03-24,10,LOAN,2,1
B05,2026-03-24,12,ACCOUNT,1,0
B05,2026-03-24,12,LOAN,1,0
B05,2026-03-24,13,ACCOUNT,2,1
B05,2026-03-25,10,LOAN,1,0
B05,2026-03-25,11,LOAN,1,0
B05,2026-03-25,12,LOAN,2,0
B05,2026-03-25,13,ACCOUNT,1,0
B05,2026-03-25,14,LOAN,4,2
B05,2026-03-26,10,ACCOUNT,2,1
B05,2026-03-26,13,LOAN,1,0
B05,2026-03-26,15,LOAN,1,0
B05,2026-03-27,10,LOAN,1,0
B05,2026-03-27,11,LOAN,1,0
B05,2026-03-27,12,ACCOUNT,1,0
B05,2026-03-27,12,LOAN,2,0
B05,2026-03-27,13,LOAN,1,0
B05,2026-03-27,14,ACCOUNT,2,1
B05,2026-03-27,15,ACCOUNT,2,1
B05,2026-03-27,15,LOAN,1,0
B05,2026-03-30,10,LOAN,3,0
B05,2026-03-30,11,LOAN,6,3
B05,2026-03-30,12,LOAN,2,0
B05,2026-03-30,13,LOAN,1,0
B05,2026-03-30,14,LOAN,2,1
B05,2026-04-02,10,LOAN,2,1
B05,2026-04-02,11,ACCOUNT,1,0
B05,2026-04-02,11,LOAN,1,0
B05,2026-04-02,12,LOAN,1,0
B05,2026-04-02,14,LOAN,1,0
B05,2026-04-02,15,LOAN,1,0
B05,2026-04-04,10,LOAN,1,0
B05,2026-04-04,11,LOAN,3,1
B05,2026-04-06,11,ACCOUNT,1,0
B05,2026-04-06,11,LOAN,1,0
B05,2026-04-06,13,LOAN,2,1
B05,2026-04-06,14,LOAN,1,0
B05,2026-04-07,10,LOAN,2,0
B05,2026-04-07,12,LOAN,1,0
B05,2026-04-07,13,LOAN,1,0
B05,2026-04-07,14,ACCOUNT,1,0
B05,2026-04-07,14,LOAN,3,2
B05,2026-04-08,10,LOAN,1,0
B05,2026-04-08,11,LOAN,1,0
B05,2026-04-08,12,LOAN,1,0
B05,2026-04-08,13,LOAN,2,0
B05,2026-04-09,10,LOAN,1,0
B05,2026-04-09,11,LOAN,1,0
B05,2026-04-09,12,LOAN,4,1
B05,2026-04-09,13,LOAN,1,0
B05,2026-04-09,14,LOAN,2,0
B05,2026-04-10,10,ACCOUNT,1,0
B05,2026-04-10,11,LOAN,2,0
B05,2026-04-10,12,LOAN,6,2
B05,2026-04-10,13,LOAN,1,0
B05,2026-04-10,15,LOAN,1,0
B05,2026-04-13,10,LOAN,2,1
B05,2026-04-13,11,LOAN,1,0
B05,2026-04-13,12,LOAN,1,0
B05,2026-04-13,13,ACCOUNT,1,0
B05,2026-04-13,13,LOAN,1,0
B05,2026-04-13,14,ACCOUNT,2,0
B05,2026-04-13,15,LOAN,2,0
B05,2026-04-15,11,ACCOUNT,1,0
B05,2026-04-15,11,LOAN,1,0
B05,2026-04-15,12,LOAN,3,0
B05,2026-04-15,13,LOAN,5,3
B05,2026-04-15,14,LOAN,2,0
B05,2026-04-16,12,LOAN,2,0
B05,2026-04-16,13,LOAN,1,0
B05,2026-04-16,15,ACCOUNT,1,0
B05,2026-04-17,10,LOAN,1,0
B05,2026-04-17,11,LOAN,1,0
B05,2026-04-17,12,LOAN,3,1
B05,2026-04-17,14,LOAN,2,0
B05,2026-04-17,15,LOAN,1,0
B05,2026-04-18,11,ACCOUNT,2,1
B05,2026-04-18,12,LOAN,1,0
B05,2026-04-18,13,ACCOUNT,2,1
B05,2026-04-18,14,ACCOUNT,2,0
B05,2026-04-20,11,LOAN,1,0
B05,2026-04-20,12,ACCOUNT,1,0
B05,2026-04-20,12,LOAN,1,0
B05,2026-04-20,13,ACCOUNT,2,0
B05,2026-04-20,13,LOAN,4,1
B05,2026-04-20,14,LOAN,1,0
B05,2026-04-21,12,ACCOUNT,2,1
B05,2026-04-21,12,LOAN,1,0
B05,2026-04-21,14,LOAN,2,1
B05,2026-04-22,11,LOAN,1,0
B05,2026-04-22,12,ACCOUNT,1,0
B05,2026-04-22,12,LOAN,1,0
B05,2026-04-22,13,LOAN,1,0
B05,2026-04-22,14,ACCOUNT,1,0
B05,2026-04-22,14,LOAN,2,1
B05,2026-04-23,10,ACCOUNT,1,0
B05,2026-04-23,10,LOAN,4,0
B05,2026-04-23,11,LOAN,3,1
B05,2026-04-23,12,LOAN,4,1
B05,2026-04-23,13,LOAN,3,0
B05,2026-04-23,14,ACCOUNT,1,0
B05,2026-04-23,14,LOAN,1,0
B05,2026-04-23,15,ACCOUNT,1,0
B05,2026-04-24,11,LOAN,2,0
B05,2026-04-24,13,ACCOUNT,1,0
B05,2026-04-24,13,LOAN,1,0
B05,2026-04-24,15,LOAN,2,1
B05,2026-04-27,11,ACCOUNT,1,0
B05,2026-04-27,12,LOAN,2,1
B05,2026-04-27,13,LOAN,3,0
B05,2026-04-27,15,LOAN,2,1
B05,2026-04-28,10,ACCOUNT,1,0
B05,2026-04-28,11,ACCOUNT,5,1
B05,2026-04-28,12,LOAN,3,1
B05,2026-04-28,14,LOAN,1,0
B05,2026-04-28,15,ACCOUNT,1,0
B05,2026-04-28,15,LOAN,1,0
B05,2026-04-29,10,LOAN,1,0
B05,2026-04-29,11,ACCOUNT,3,1
B05,2026-04-29,11,LOAN,2,1
B05,2026-04-29,12,ACCOUNT,1,0
B05,2026-04-29,12,LOAN,2,1
B05,2026-04-29,14,LOAN,1,0
B05,2026-04-30,10,LOAN,1,0
B05,2026-05-02,10,ACCOUNT,1,0
B05,2026-05-02,10,LOAN,1,0
B05,2026-05-02,11,LOAN,1,0
B05,2026-05-02,12,ACCOUNT,1,0
B05,2026-05-02,13,LOAN,1,0
B05,2026-05-02,15,ACCOUNT,1,0
B05,2026-05-04,10,LOAN,1,0
B05,2026-05-04,11,LOAN,2,0
B05,2026-05-04,13,ACCOUNT,1,0
B05,2026-05-04,15,LOAN,1,0
B05,2026-05-05,11,LOAN,2,1
B05,2026-05-05,12,LOAN,1,0
B05,2026-05-05,13,ACCOUNT,1,0
B05,2026-05-05,13,LOAN,1,0
B05,2026-05-05,14,LOAN,2,0
B05,2026-05-05,15,LOAN,2,0
B05,2026-05-06,12,ACCOUNT,2,0
B05,2026-05-06,14,ACCOUNT,1,0
B05,2026-05-06,14,LOAN,1,0
B05,2026-05-07,10,LOAN,2,1
B05,2026-05-07,12,LOAN,2,0
B05,2026-05-07,13,ACCOUNT,1,0
B05,2026-05-08,10,ACCOUNT,1,0
B05,2026-05-08,10,LOAN,1,0
B05,2026-05-08,12,ACCOUNT,2,1
B05,2026-05-08,12,LOAN,2,0
B05,2026-05-08,14,ACCOUNT,2,1
B05,2026-05-08,14,LOAN,2,0
B05,2026-05-11,10,ACCOUNT,2,1
B05,2026-05-11,11,LOAN,4,0
B05,2026-05-11,12,LOAN,1,0
B05,2026-05-11,14,LOAN,1,0
B05,2026-05-12,10,ACCOUNT,1,0
B05,2026-05-12,12,LOAN,1,0
B05,2026-05-12,13,LOAN,2,0
B05,2026-05-13,10,LOAN,1,0
B05,2026-05-13,12,LOAN,1,0
B05,2026-05-13,14,LOAN,1,0
B05,2026-05-14,12,LOAN,1,0
B05,2026-05-14,14,LOAN,2,1
B05,2026-05-15,10,ACCOUNT,1,0
B05,2026-05-15,10,LOAN,1,0
B05,2026-05-15,12,LOAN,1,0
B05,2026-05-15,14,ACCOUNT,1,0
B05,2026-05-16,11,LOAN,1,0
B05,2026-05-16,12,LOAN,2,1
B05,2026-05-16,14,LOAN,1,0
B05,2026-05-18,10,LOAN,1,0
B05,2026-05-18,11,LOAN,1,0
B05,2026-05-18,13,ACCOUNT,1,0
B05,2026-05-18,14,ACCOUNT,1,0
B05,2026-05-18,14,LOAN,1,0
B05,2026-05-18,15,LOAN,1,0
B05,2026-05-19,10,LOAN,1,0
B05,2026-05-20,10,LOAN,2,1
B05,2026-05-20,11,ACCOUNT,1,0
B05,2026-05-20,12,LOAN,2,1
B05,2026-05-20,13,LOAN,3,0
B05,2026-05-20,15,LOAN,1,0
B05,2026-05-21,11,LOAN,3,0
B05,2026-05-21,12,ACCOUNT,4,2
B05,2026-05-21,13,ACCOUNT,1,0
B05,2026-05-21,14,LOAN,1,0
B05,2026-05-21,15,ACCOUNT,1,0
B05,2026-05-22,10,LOAN,1,0
B05,2026-05-22,11,LOAN,1,0
B05,2026-05-22,13,ACCOUNT,1,0
B05,2026-05-22,13,LOAN,1,0
B05,2026-05-22,14,LOAN,1,0
B05,2026-05-22,15,LOAN,2,1
B05,2026-05-25,10,LOAN,1,0
B05,2026-05-25,11,LOAN,4,1
B05,2026-05-25,14,ACCOUNT,1,0
B05,2026-05-25,14,LOAN,3,1
B05,2026-05-25,15,ACCOUNT,2,1
B05,2026-05-25,15,LOAN,1,0
B05,2026-05-26,12,ACCOUNT,2,0
B05,2026-05-26,12,LOAN,1,0
B05,2026-05-26,14,LOAN,1,0
B05,2026-05-28,10,LOAN,1,0
B05,2026-05-28,11,LOAN,1,0
B05,2026-05-28,12,LOAN,1,0
B05,2026-05-28,14,LOAN,1,0
B05,2026-05-29,11,LOAN,1,0
B05,2026-05-29,15,LOAN,3,1
B05,2026-05-30,10,LOAN,1,0
B05,2026-05-30,13,LOAN,1,0
B05,2026-05-30,14,LOAN,3,1
B05,2026-06-01,10,LOAN,2,1
B05,2026-06-01,11,LOAN,1,0
B05,2026-06-01,12,ACCOUNT,1,0
B05,2026-06-01,12,LOAN,1,0
B05,2026-06-01,13,LOAN,1,0
B05,2026-06-01,14,ACCOUNT,1,0
B05,2026-06-01,15,LOAN,1,0
B05,2026-06-02,10,LOAN,2,1
B05,2026-06-02,11,ACCOUNT,2,1
B05,2026-06-02,11,LOAN,3,1
B05,2026-06-02,12,LOAN,2,0
B05,2026-06-02,14,LOAN,3,1
B05,2026-06-03,10,LOAN,1,0
B05,2026-06-03,11,LOAN,2,0
B05,2026-06-03,12,ACCOUNT,2,0
B05,2026-06-03,12,LOAN,2,1
B05,2026-06-03,13,LOAN,2,0
B05,2026-06-03,14,LOAN,2,0
B05,2026-06-03,15,LOAN,1,0
B05,2026-06-04,11,LOAN,1,0
B05,2026-06-04,12,LOAN,1,0
B05,2026-06-04,13,ACCOUNT,1,0
B05,2026-06-04,13,LOAN,1,0
B05,2026-06-04,14,ACCOUNT,1,0
B05,2026-06-05,10,LOAN,2,0
B05,2026-06-05,11,ACCOUNT,1,0
B05,2026-06-05,12,LOAN,3,2
B05,2026-06-05,14,ACCOUNT,1,0
B05,2026-06-06,11,LOAN,1,0
B05,2026-06-06,13,LOAN,2,1
B05,2026-06-06,14,LOAN,1,0
B05,2026-06-06,15,LOAN,5,1
B05,2026-06-08,10,LOAN,4,2
B05,2026-06-08,11,LOAN,1,0
B05,2026-06-08,12,LOAN,3,0
B05,2026-06-08,14,LOAN,1,0
B05,2026-06-08,15,ACCOUNT,1,0
B05,2026-06-08,15,LOAN,1,0
B05,2026-06-09,10,LOAN,2,0
B05,2026-06-09,12,LOAN,5,1
B05,2026-06-09,13,ACCOUNT,2,1
B05,2026-06-09,13,LOAN,1,0
B05,2026-06-09,15,LOAN,2,1
B05,2026-06-10,10,LOAN,2,1
B05,2026-06-10,11,LOAN,3,0
B05,2026-06-10,12,LOAN,1,0
B05,2026-06-10,13,LOAN,2,0
B05,2026-06-10,14,LOAN,1,0
B05,2026-06-11,10,LOAN,1,0
B05,2026-06-11,11,LOAN,2,1
B05,2026-06-11,12,LOAN,1,0
B05,2026-06-11,13,LOAN,1,0
B05,2026-06-11,14,LOAN,2,0
B05,2026-06-11,15,LOAN,1,0
B05,2026-06-12,10,LOAN,3,0
B05,2026-06-12,11,LOAN,4,2
B05,2026-06-12,12,ACCOUNT,1,0
B05,2026-06-12,12,LOAN,3,2
B05,2026-06-12,13,LOAN,2,0
B05,2026-06-15,11,LOAN,1,0
B05,2026-06-15,12,LOAN,1,0
B05,2026-06-15,13,LOAN,2,0
B05,2026-06-16,10,LOAN,3,0
B05,2026-06-16,11,ACCOUNT,1,0
B05,2026-06-16,11,LOAN,3,0
B05,2026-06-16,12,LOAN,2,0
B05,2026-06-17,10,ACCOUNT,2,0
B05,2026-06-17,10,LOAN,1,0
B05,2026-06-17,11,ACCOUNT,1,0
B05,2026-06-17,11,LOAN,4,1
B05,2026-06-17,12,LOAN,3,1
B05,2026-06-17,14,LOAN,4,1
B05,2026-06-17,15,LOAN,1,0
B05,2026-06-18,10,ACCOUNT,1,0
B05,2026-06-18,12,ACCOUNT,1,0
B05,2026-06-18,12,LOAN,4,2
B05,2026-06-19,10,LOAN,3,0
B05,2026-06-19,11,LOAN,1,0
B05,2026-06-19,12,LOAN,3,0
B05,2026-06-19,14,ACCOUNT,2,1
B05,2026-06-19,15,LOAN,1,0
B05,2026-06-20,10,LOAN,1,0
B05,2026-06-20,11,LOAN,1,0
B05,2026-06-20,12,LOAN,1,0
B05,2026-06-20,13,ACCOUNT,1,0
B05,2026-06-20,13,LOAN,3,1
B05,2026-06-20,14,ACCOUNT,1,0
B05,2026-06-20,15,LOAN,1,0
B05,2026-06-22,10,LOAN,4,1
B05,2026-06-22,11,LOAN,2,0
B05,2026-06-22,12,LOAN,4,0
B05,2026-06-22,13,ACCOUNT,1,0
B05,2026-06-22,14,LOAN,3,1
B05,2026-06-22,15,LOAN,4,1
B05,2026-06-23,11,LOAN,2,0
B05,2026-06-23,14,LOAN,8,3
B05,2026-06-23,15,LOAN,1,0
B05,2026-06-24,10,LOAN,1,0
B05,2026-06-24,12,ACCOUNT,1,0
B05,2026-06-24,12,LOAN,1,0
B05,2026-06-24,13,LOAN,2,0
B05,2026-06-24,14,ACCOUNT,2,1
B05,2026-06-25,11,LOAN,6,2
B05,2026-06-25,12,LOAN,2,0
B05,2026-06-25,13,LOAN,2,0
B05,2026-06-25,14,ACCOUNT,1,0
B05,2026-06-25,14,LOAN,1,0
B05,2026-06-29,10,LOAN,1,0
B05,2026-06-29,11,LOAN,1,0
B05,2026-06-29,14,LOAN,6,1
B05,2026-06-30,10,LOAN,1,0
B05,2026-06-30,12,LOAN,4,1
B05,2026-06-30,13,LOAN,2,0
B05,2026-06-30,14,ACCOUNT,1,0
B05,2026-06-30,15,LOAN,1,0
B05,2026-07-01,10,ACCOUNT,1,0
B05,2026-07-01,10,LOAN,2,1
B05,2026-07-01,12,LOAN,3,0
B05,2026-07-01,14,LOAN,5,2
B05,2026-07-02,10,LOAN,1,0
B05,2026-07-02,13,LOAN,3,0
B05,2026-07-02,15,LOAN,2,0
B05,2026-07-03,11,LOAN,3,1
B05,2026-07-03,12,LOAN,1,0
B05,2026-07-04,10,LOAN,1,0
B05,2026-07-04,11,LOAN,3,0
B05,2026-07-04,12,ACCOUNT,1,0
B05,2026-07-04,12,LOAN,3,0
B05,2026-07-04,13,LOAN,1,0
B05,2026-07-04,14,LOAN,5,1
B05,2026-07-04,15,LOAN,1,0
B05,2026-07-06,10,LOAN,4,1
B05,2026-07-06,12,ACCOUNT,1,0
B05,2026-07-06,13,LOAN,1,0
B05,2026-07-06,14,LOAN,1,0
B05,2026-07-06,15,LOAN,1,0
B05,2026-07-07,10,LOAN,1,0
B05,2026-07-07,11,LOAN,3,0
B05,2026-07-07,12,ACCOUNT,1,0
B05,2026-07-07,15,LOAN,2,1
B05,2026-07-08,10,ACCOUNT,2,1
B05,2026-07-08,10,LOAN,1,0
B05,2026-07-08,12,ACCOUNT,1,0
B05,2026-07-08,13,LOAN,4,1
B05,2026-07-08,14,ACCOUNT,2,1
B05,2026-07-08,14,LOAN,4,1
B05,2026-07-08,15,LOAN,2,1
B05,2026-07-09,10,ACCOUNT,1,0
B05,2026-07-09,11,LOAN,4,1
B05,2026-07-09,12,LOAN,1,0
B05,2026-07-09,13,LOAN,1,0
B05,2026-07-09,14,LOAN,5,2
B05,2026-07-09,15,ACCOUNT,3,2
B05,2026-07-09,15,LOAN,2,0
B05,2026-07-10,10,LOAN,2,0
B05,2026-07-10,12,ACCOUNT,1,0
B05,2026-07-10,12,LOAN,1,0
B05,2026-07-10,14,LOAN,2,1
B05,2026-07-10,15,ACCOUNT,1,0
B05,2026-07-10,15,LOAN,1,0
B05,2026-07-13,10,ACCOUNT,2,1
B05,2026-07-13,10,LOAN,2,0
B05,2026-07-13,11,ACCOUNT,1,0
B05,2026-07-13,11,LOAN,6,2
B05,2026-07-13,12,LOAN,3,1
B05,2026-07-13,13,ACCOUNT,1,0
B05,2026-07-13,13,LOAN,4,1
B05,2026-07-13,14,LOAN,1,0
B05,2026-07-14,10,LOAN,2,0
B05,2026-07-14,11,LOAN,2,0
B05,2026-07-14,12,ACCOUNT,1,0
B05,2026-07-14,12,LOAN,2,0
B05,2026-07-14,14,ACCOUNT,2,1
B05,2026-07-14,15,LOAN,2,0
B05,2026-07-15,11,LOAN,3,1
B05,2026-07-15,14,ACCOUNT,2,1
B05,2026-07-16,11,LOAN,3,2
B05,2026-07-16,13,ACCOUNT,1,0
B05,2026-07-16,13,LOAN,1,0
B05,2026-07-16,14,LOAN,2,0
B05,2026-07-16,15,LOAN,1,0
B05,2026-07-17,10,LOAN,2,1
B05,2026-07-17,11,LOAN,1,0
B05,2026-07-17,12,ACCOUNT,1,0
B05,2026-07-17,13,LOAN,1,0
B05,2026-07-17,14,ACCOUNT,1,0
B05,2026-07-17,15,ACCOUNT,2,1
B05,2026-07-17,15,LOAN,2,0
B05,2026-07-18,10,LOAN,1,0
B05,2026-07-18,11,LOAN,3,1
B05,2026-07-18,12,LOAN,1,0
B05,2026-07-18,13,LOAN,2,0
B05,2026-07-18,14,LOAN,1,0
B05,2026-07-18,15,LOAN,2,0
B05,2026-07-20,10,LOAN,1,0
B05,2026-07-20,11,LOAN,3,0
B05,2026-07-20,12,LOAN,2,0
B05,2026-07-20,13,LOAN,1,0
B05,2026-07-20,14,LOAN,1,0
B05,2026-07-20,15,LOAN,3,0
B05,2026-07-21,10,LOAN,4,2
B05,2026-07-21,11,LOAN,4,1
B05,2026-07-21,12,LOAN,5,0
B05,2026-07-21,14,ACCOUNT,1,0
B05,2026-07-21,15,LOAN,2,0
B05,2026-07-22,11,LOAN,3,1
B05,2026-07-22,12,LOAN,2,0
B05,2026-07-22,13,LOAN,1,0
B05,2026-07-22,14,LOAN,1,0
B05,2026-07-22,15,LOAN,1,0
B05,2026-07-23,10,ACCOUNT,3,0
B05,2026-07-23,10,LOAN,2,0
B05,2026-07-23,13,ACCOUNT,1,0
B05,2026-07-23,13,LOAN,1,0
B05,2026-07-23,15,LOAN,3,2
B05,2026-07-24,10,ACCOUNT,2,1
B05,2026-07-24,11,LOAN,1,0
B05,2026-07-24,12,LOAN,3,0
B05,2026-07-24,15,ACCOUNT,2,0
B05,2026-07-27,11,LOAN,1,0
B05,2026-07-27,12,ACCOUNT,1,0
B05,2026-07-27,12,LOAN,2,0
B05,2026-07-27,14,ACCOUNT,1,0
B05,2026-07-27,15,ACCOUNT,1,0
B05,2026-07-27,15,LOAN,1,0
B05,2026-07-28,10,LOAN,2,0
B05,2026-07-28,11,LOAN,4,1
B05,2026-07-28,12,LOAN,3,0
B05,2026-07-28,13,LOAN,5,1
B05,2026-07-28,14,LOAN,2,0
B05,2026-07-29,10,LOAN,1,0
B05,2026-07-29,11,LOAN,2,0
B05,2026-07-29,12,ACCOUNT,1,0
B05,2026-07-29,12,LOAN,1,0
B05,2026-07-29,14,LOAN,1,0
B05,2026-07-30,10,LOAN,1,0
B05,2026-07-30,11,LOAN,1,0
B05,2026-07-30,13,LOAN,1,0
B05,2026-07-30,15,ACCOUNT,1,0
B05,2026-07-31,10,ACCOUNT,2,0
B05,2026-07-31,10,LOAN,4,0
B05,2026-07-31,11,LOAN,2,0
B05,2026-07-31,12,LOAN,2,0
B05,2026-07-31,14,LOAN,1,0
B05,2026-07-31,15,LOAN,3,1
B05,2026-08-01,11,LOAN,2,1
B05,2026-08-01,13,ACCOUNT,1,0
B05,2026-08-01,14,ACCOUNT,1,0
B05,2026-08-01,15,LOAN,1,0
B05,2026-08-03,10,ACCOUNT,1,0
B05,2026-08-03,10,LOAN,1,0
B05,2026-08-03,12,LOAN,1,0
B05,2026-08-03,13,LOAN,2,1
B05,2026-08-03,14,LOAN,1,0
B05,2026-08-03,15,LOAN,2,1
B05,2026-08-04,10,LOAN,1,0
B05,2026-08-04,11,ACCOUNT,1,0
B05,2026-08-04,11,LOAN,3,1
B05,2026-08-04,13,LOAN,2,0
B05,2026-08-05,10,ACCOUNT,1,0
B05,2026-08-05,11,LOAN,2,0
B05,2026-08-05,12,ACCOUNT,2,1
B05,2026-08-05,12,LOAN,3,0
B05,2026-08-05,13,LOAN,1,0
B05,2026-08-06,11,LOAN,1,0
B05,2026-08-06,13,LOAN,1,0
B05,2026-08-06,15,LOAN,1,0
B05,2026-08-07,12,LOAN,2,1
B05,2026-08-10,11,LOAN,3,0
B05,2026-08-10,12,LOAN,1,0
B05,2026-08-10,15,ACCOUNT,3,2
B05,2026-08-11,12,LOAN,2,0
B05,2026-08-11,13,LOAN,1,0
B05,2026-08-12,11,ACCOUNT,1,0
B05,2026-08-12,11,LOAN,4,2
B05,2026-08-12,14,LOAN,1,0
B05,2026-08-12,15,ACCOUNT,1,0
B05,2026-08-13,10,LOAN,1,0
B05,2026-08-13,11,LOAN,1,0
B05,2026-08-13,13,LOAN,2,1
B05,2026-08-14,10,LOAN,2,0
B05,2026-08-14,11,LOAN,1,0
B05,2026-08-14,13,LOAN,1,0
B05,2026-08-14,14,ACCOUNT,1,0
B05,2026-08-14,14,LOAN,2,1
B05,2026-08-14,15,LOAN,3,1
B05,2026-08-17,10,LOAN,2,0
B05,2026-08-17,11,ACCOUNT,1,0
B05,2026-08-17,11,LOAN,2,1
B05,2026-08-17,12,LOAN,1,0
B05,2026-08-17,13,ACCOUNT,1,0
B05,2026-08-17,13,LOAN,1,0
B05,2026-08-18,10,LOAN,3,1
B05,2026-08-18,12,ACCOUNT,1,0
B05,2026-08-19,11,LOAN,1,0
B05,2026-08-19,12,LOAN,1,0
B05,2026-08-19,14,LOAN,2,1
B05,2026-08-19,15,LOAN,1,0
B05,2026-08-20,10,ACCOUNT,1,0
B05,2026-08-20,10,LOAN,2,1
B05,2026-08-20,11,LOAN,1,0
B05,2026-08-20,12,LOAN,1,0
B05,2026-08-20,13,ACCOUNT,3,1
B05,2026-08-20,15,ACCOUNT,1,0
B05,2026-08-21,11,LOAN,2,1
B05,2026-08-21,12,LOAN,2,0
B05,2026-08-21,14,ACCOUNT,1,0
B05,2026-08-21,15,ACCOUNT,3,1
B05,2026-08-21,15,LOAN,1,0
B05,2026-08-24,11,ACCOUNT,2,1
B05,2026-08-24,12,LOAN,1,0
B05,2026-08-24,13,ACCOUNT,2,1
B05,2026-08-24,15,ACCOUNT,1,0
B05,2026-08-24,15,LOAN,2,1
B05,2026-08-25,10,ACCOUNT,1,0
B05,2026-08-25,10,LOAN,4,1
B05,2026-08-25,11,LOAN,1,0
B05,2026-08-25,12,LOAN,1,0
B05,2026-08-25,13,LOAN,1,0
B05,2026-08-27,11,ACCOUNT,1,0
B05,2026-08-27,15,LOAN,1,0
B05,2026-08-28,11,LOAN,2,0
B05,2026-08-28,12,LOAN,1,0
B05,2026-08-28,13,LOAN,4,1
B05,2026-08-28,15,ACCOUNT,1,0
B05,2026-08-29,10,LOAN,1,0
B05,2026-08-29,11,ACCOUNT,1,0
B05,2026-08-29,11,LOAN,1,0
B05,2026-08-29,12,ACCOUNT,1,0
B05,2026-08-29,12,LOAN,1,0
B05,2026-08-29,13,LOAN,2,0
B05,2026-08-29,15,LOAN,2,0
B05,2026-08-31,10,ACCOUNT,1,0
B05,2026-08-31,11,LOAN,1,0
B05,2026-08-31,13,LOAN,1,0
B05,2026-08-31,14,LOAN,4,3
B05,2026-08-31,15,LOAN,1,0
B05,2026-09-01,10,ACCOUNT,1,0
B05,2026-09-01,12,LOAN,2,1
B05,2026-09-01,13,ACCOUNT,1,0
B05,2026-09-01,13,LOAN,3,2
B05,2026-09-01,15,ACCOUNT,1,0
B05,2026-09-02,11,LOAN,2,0
B05,2026-09-02,12,LOAN,2,0
B05,2026-09-02,13,LOAN,1,0
B05,2026-09-02,14,LOAN,2,1
B05,2026-09-03,10,ACCOUNT,2,1
B05,2026-09-03,10,LOAN,1,0
B05,2026-09-03,11,LOAN,2,0
B05,2026-09-03,12,ACCOUNT,1,0
B05,2026-09-03,12,LOAN,1,0
B05,2026-09-03,13,LOAN,1,0
B05,2026-09-04,11,LOAN,2,0
B05,2026-09-04,14,LOAN,1,0
B05,2026-09-04,15,LOAN,1,0
B05,2026-09-05,10,LOAN,2,1
B05,2026-09-05,11,ACCOUNT,1,0
B05,2026-09-05,13,LOAN,1,0
B05,2026-09-05,14,LOAN,1,0
B05,2026-09-05,15,LOAN,2,1
B05,2026-09-07,10,LOAN,2,0
B05,2026-09-07,12,LOAN,2,1
B05,2026-09-07,15,ACCOUNT,1,0
B05,2026-09-07,15,LOAN,2,1
B05,2026-09-08,10,ACCOUNT,2,1
B05,2026-09-08,10,LOAN,1,0
B05,2026-09-08,11,LOAN,1,0
B05,2026-09-08,12,ACCOUNT,1,0
B05,2026-09-08,12,LOAN,4,1
B05,2026-09-08,13,LOAN,1,0
B05,2026-09-08,14,LOAN,2,0
B05,2026-09-09,11,LOAN,1,0
B05,2026-09-09,12,LOAN,1,0
B05,2026-09-09,14,LOAN,2,0
B05,2026-09-09,15,ACCOUNT,2,1
B05,2026-09-10,11,LOAN,1,0
B05,2026-09-10,12,LOAN,2,0
B05,2026-09-10,13,LOAN,2,1
B05,2026-09-10,14,ACCOUNT,1,0
B05,2026-09-11,12,LOAN,1,0
B05,2026-09-11,14,ACCOUNT,1,0
B05,2026-09-11,14,LOAN,1,0
B05,2026-09-11,15,ACCOUNT,1,0
B05,2026-09-15,12,ACCOUNT,2,1
B05,2026-09-15,12,LOAN,2,0
B05,2026-09-16,12,ACCOUNT,1,0
B05,2026-09-16,12,LOAN,2,0
B05,2026-09-17,10,LOAN,2,0
B05,2026-09-17,15,LOAN,4,1
B05,2026-09-18,10,ACCOUNT,1,0
B05,2026-09-18,11,ACCOUNT,1,0
B05,2026-09-18,11,LOAN,3,0
B05,2026-09-18,14,LOAN,2,1
B05,2026-09-19,13,LOAN,1,0
B05,2026-09-19,14,LOAN,1,0
B05,2026-09-21,10,ACCOUNT,2,1
B05,2026-09-21,11,LOAN,1,0
B05,2026-09-21,13,ACCOUNT,2,1
B05,2026-09-21,15,ACCOUNT,1,0
B05,2026-09-22,10,LOAN,6,4
B05,2026-09-22,11,LOAN,1,0
B05,2026-09-22,12,LOAN,2,0
B05,2026-09-22,13,LOAN,3,0
B05,2026-09-22,14,LOAN,2,0
B05,2026-09-22,15,ACCOUNT,2,1
B05,2026-09-23,10,ACCOUNT,1,0
B05,2026-09-23,11,LOAN,1,0
B05,2026-09-23,12,LOAN,2,1
B05,2026-09-23,15,ACCOUNT,1,0
B05,2026-09-23,15,LOAN,1,0
B05,2026-09-24,11,LOAN,1,0
B05,2026-09-24,12,ACCOUNT,2,0
B05,2026-09-24,14,LOAN,1,0
B05,2026-09-24,15,ACCOUNT,2,0
B05,2026-09-25,10,LOAN,1,0
B05,2026-09-25,11,LOAN,1,0
B05,2026-09-25,12,LOAN,2,0
B05,2026-09-25,14,LOAN,2,1
B05,2026-09-25,15,LOAN,2,0
B05,2026-09-28,10,ACCOUNT,2,1
B05,2026-09-28,11,ACCOUNT,3,1
B05,2026-09-28,11,LOAN,2,1
B05,2026-09-28,12,LOAN,2,0
B05,2026-09-28,14,ACCOUNT,1,0
B05,2026-09-28,14,LOAN,5,1
B05,2026-09-28,15,LOAN,1,0
B05,2026-09-29,11,LOAN,2,0
B05,2026-09-29,13,LOAN,3,1
B05,2026-09-29,14,LOAN,1,0
B05,2026-09-30,11,ACCOUNT,1,0
B05,2026-09-30,11,LOAN,1,0
B05,2026-09-30,15,LOAN,2,1
B05,2026-10-01,10,ACCOUNT,1,0
B05,2026-10-01,12,ACCOUNT,2,0
B05,2026-10-01,12,LOAN,4,0
B05,2026-10-01,14,LOAN,1,0
B05,2026-10-01,15,ACCOUNT,1,0
B05,2026-10-01,15,LOAN,2,0
B05,2026-10-03,11,LOAN,2,0
B05,2026-10-03,12,ACCOUNT,1,0
B05,2026-10-03,12,LOAN,2,0
B05,2026-10-03,13,LOAN,1,0
B05,2026-10-03,14,LOAN,3,0
B05,2026-10-03,15,LOAN,3,0
B05,2026-10-05,10,ACCOUNT,1,0
B05,2026-10-05,12,LOAN,4,0
B05,2026-10-05,13,LOAN,2,0
B05,2026-10-05,15,LOAN,1,0
B05,2026-10-06,10,ACCOUNT,1,0
B05,2026-10-06,10,LOAN,1,0
B05,2026-10-06,14,LOAN,1,0
B05,2026-10-07,10,LOAN,2,0
B05,2026-10-07,13,ACCOUNT,2,0
