date,branch_code,staff_id,status,remarks,shift
2025-04-02,B01,JAY01,Present,,10:00-17:00
2025-04-02,B01,JAY02,Present,,10:00-17:00
2025-04-02,B01,JAY03,Present,,10:00-17:00
2025-04-02,B01,JAY04,Present,,10:00-17:00
2025-04-02,B01,JAY05,Present,,10:00-17:00
2025-04-02,B01,JAY06,Present,,10:00-17:00
2025-04-02,B01,JAY08,Present,,10:00-17:00
2025-04-02,B01,JAY07,Present,,10:00-17:00
2025-04-02,B02,WHF01,Present,,10:00-17:00
2025-04-02,B02,WHF02,Present,,10:00-17:00
2025-04-02,B02,WHF03,Present,,10:00-17:00
2025-04-02,B02,WHF04,Present,,10:00-17:00
2025-04-02,B02,WHF05,Present,,10:00-17:00
2025-04-02,B02,WHF06,Present,,10:00-17:00
2025-04-02,B02,WHF07,Present,,10:00-17:00
2025-04-02,B03,MAL01,Present,,10:00-17:00
2025-04-02,B03,MAL02,Present,,10:00-17:00
2025-04-02,B03,MAL03,Present,,10:00-17:00
2025-04-02,B03,MAL04,Present,,10:00-17:00
2025-04-02,B03,MAL05,Present,,10:00-17:00
2025-04-02,B03,MAL06,Present,,10:00-17:00
2025-04-02,B03,MAL07,Present,,10:00-17:00
2025-04-02,B04,HSK01,Present,,10:00-17:00
2025-04-02,B04,HSK02,Present,,10:00-17:00
2025-04-02,B04,HSK03,Present,,10:00-17:00
2025-04-02,B04,HSK04,Leave,Sick / unplanned,
2025-04-02,B04,HSK05,Present,,10:00-17:00
2025-04-02,B05,DEV01,Present,,10:00-17:00
2025-04-02,B05,DEV02,Present,,10:00-17:00
2025-04-02,B05,DEV03,Present,,10:00-17:00
2025-04-02,B05,DEV04,Present,,10:00-17:00
2025-04-03,B01,JAY01,Present,,10:00-17:00
2025-04-03,B01,JAY02,Present,,10:00-17:00
2025-04-03,B01,JAY03,Present,,10:00-17:00
2025-04-03,B01,JAY04,Present,,10:00-17:00
2025-04-03,B01,JAY05,Present,,10:00-17:00
2025-04-03,B01,JAY06,Present,,10:00-17:00
2025-04-03,B01,JAY08,Present,,10:00-17:00
2025-04-03,B01,JAY07,Present,,10:00-17:00
2025-04-03,B02,WHF01,Present,,10:00-17:00
2025-04-03,B02,WHF02,Present,,10:00-17:00
2025-04-03,B02,WHF03,Present,,10:00-17:00
2025-04-03,B02,WHF04,Present,,10:00-17:00
2025-04-03,B02,WHF05,Present,,10:00-17:00
2025-04-03,B02,WHF06,Leave,Sick / unplanned,
2025-04-03,B02,WHF07,Present,,10:00-17:00
2025-04-03,B03,MAL01,Present,,10:00-17:00
2025-04-03,B03,MAL02,Present,,10:00-17:00
2025-04-03,B03,MAL03,Present,,10:00-17:00
2025-04-03,B03,MAL04,Present,,10:00-17:00
2025-04-03,B03,MAL05,Present,,10:00-17:00
2025-04-03,B03,MAL06,Present,,10:00-17:00
2025-04-03,B03,MAL07,Present,,10:00-17:00
2025-04-03,B04,HSK01,Present,,10:00-17:00
2025-04-03,B04,HSK02,Present,,10:00-17:00
2025-04-03,B04,HSK03,Present,,10:00-17:00
2025-04-03,B04,HSK04,Present,,10:00-17:00
2025-04-03,B04,HSK05,Present,,10:00-17:00
2025-04-03,B05,DEV01,Present,,10:00-17:00
2025-04-03,B05,DEV02,Present,,10:00-17:00
2025-04-03,B05,DEV03,Present,,10:00-17:00
2025-04-03,B05,DEV04,Present,,10:00-17:00
2025-04-04,B01,JAY01,Present,,10:00-17:00
2025-04-04,B01,JAY02,Present,,10:00-17:00
2025-04-04,B01,JAY03,Present,,10:00-17:00
2025-04-04,B01,JAY04,Leave,Sick / unplanned,
2025-04-04,B01,JAY05,Present,,10:00-17:00
2025-04-04,B01,JAY06,Present,,10:00-17:00
2025-04-04,B01,JAY08,Present,,10:00-17:00
2025-04-04,B01,JAY07,Present,,10:00-17:00
2025-04-04,B02,WHF01,Present,,10:00-17:00
2025-04-04,B02,WHF02,Present,,10:00-17:00
2025-04-04,B02,WHF03,Present,,10:00-17:00
2025-04-04,B02,WHF04,Present,,10:00-17:00
2025-04-04,B02,WHF05,Present,,10:00-17:00
2025-04-04,B02,WHF06,Present,,10:00-17:00
2025-04-04,B02,WHF07,Present,,10:00-17:00
2025-04-04,B03,MAL01,Present,,10:00-17:00
2025-04-04,B03,MAL02,Present,,10:00-17:00
2025-04-04,B03,MAL03,Present,,10:00-17:00
2025-04-04,B03,MAL04,Present,,10:00-17:00
2025-04-04,B03,MAL05,Present,,10:00-17:00
2025-04-04,B03,MAL06,Present,,10:00-17:00
2025-04-04,B03,MAL07,Present,,10:00-17:00
2025-04-04,B04,HSK01,Present,,10:00-17:00
2025-04-04,B04,HSK02,Present,,10:00-17:00
2025-04-04,B04,HSK03,Present,,10:00-17:00
2025-04-04,B04,HSK04,Present,,10:00-17:00
2025-04-04,B04,HSK05,Present,,10:00-17:00
2025-04-04,B05,DEV01,Present,,10:00-17:00
2025-04-04,B05,DEV02,Present,,10:00-17:00
2025-04-04,B05,DEV03,Present,,10:00-17:00
2025-04-04,B05,DEV04,Present,,10:00-17:00
2025-04-05,B01,JAY01,Present,,10:00-17:00
2025-04-05,B01,JAY02,Present,,10:00-17:00
2025-04-05,B01,JAY03,Present,,10:00-17:00
2025-04-05,B01,JAY04,Present,,10:00-17:00
2025-04-05,B01,JAY05,Present,,10:00-17:00
2025-04-05,B01,JAY06,Present,,10:00-17:00
2025-04-05,B01,JAY08,Present,,10:00-17:00
2025-04-05,B01,JAY07,Present,,10:00-17:00
2025-04-05,B02,WHF01,Present,,10:00-17:00
2025-04-05,B02,WHF02,Present,,10:00-17:00
2025-04-05,B02,WHF03,Present,,10:00-17:00
2025-04-05,B02,WHF04,Present,,10:00-17:00
2025-04-05,B02,WHF05,Present,,10:00-17:00
2025-04-05,B02,WHF06,Present,,10:00-17:00
2025-04-05,B02,WHF07,Present,,10:00-17:00
2025-04-05,B03,MAL01,Present,,10:00-17:00
2025-04-05,B03,MAL02,Present,,10:00-17:00
2025-04-05,B03,MAL03,Present,,10:00-17:00
2025-04-05,B03,MAL04,Present,,10:00-17:00
2025-04-05,B03,MAL05,Present,,10:00-17:00
2025-04-05,B03,MAL06,Present,,10:00-17:00
2025-04-05,B03,MAL07,Present,,10:00-17:00
2025-04-05,B04,HSK01,Present,,10:00-17:00
2025-04-05,B04,HSK02,Present,,10:00-17:00
2025-04-05,B04,HSK03,Present,,10:00-17:00
2025-04-05,B04,HSK04,Present,,10:00-17:00
2025-04-05,B04,HSK05,Present,,10:00-17:00
2025-04-05,B05,DEV01,Leave,Sick / unplanned,
2025-04-05,B05,DEV02,Present,,10:00-17:00
2025-04-05,B05,DEV03,Present,,10:00-17:00
2025-04-05,B05,DEV04,Present,,10:00-17:00
2025-04-07,B01,JAY01,Present,,10:00-17:00
2025-04-07,B01,JAY02,Present,,10:00-17:00
2025-04-07,B01,JAY03,Present,,10:00-17:00
2025-04-07,B01,JAY04,Present,,10:00-17:00
2025-04-07,B01,JAY05,Present,,10:00-17:00
2025-04-07,B01,JAY06,Present,,10:00-17:00
2025-04-07,B01,JAY08,Present,,10:00-17:00
2025-04-07,B01,JAY07,Present,,10:00-17:00
2025-04-07,B02,WHF01,Present,,10:00-17:00
2025-04-07,B02,WHF02,Present,,10:00-17:00
2025-04-07,B02,WHF03,Present,,10:00-17:00
2025-04-07,B02,WHF04,Leave,Sick / unplanned,
2025-04-07,B02,WHF05,Present,,10:00-17:00
2025-04-07,B02,WHF06,Present,,10:00-17:00
2025-04-07,B02,WHF07,Leave,Sick / unplanned,
2025-04-07,B03,MAL01,Present,,10:00-17:00
2025-04-07,B03,MAL02,Present,,10:00-17:00
2025-04-07,B03,MAL03,Present,,10:00-17:00
2025-04-07,B03,MAL04,Present,,10:00-17:00
2025-04-07,B03,MAL05,Present,,10:00-17:00
2025-04-07,B03,MAL06,Present,,10:00-17:00
2025-04-07,B03,MAL07,Present,,10:00-17:00
2025-04-07,B04,HSK01,Present,,10:00-17:00
2025-04-07,B04,HSK02,Present,,10:00-17:00
2025-04-07,B04,HSK03,Present,,10:00-17:00
2025-04-07,B04,HSK04,Present,,10:00-17:00
2025-04-07,B04,HSK05,Present,,10:00-17:00
2025-04-07,B05,DEV01,Present,,10:00-17:00
2025-04-07,B05,DEV02,Present,,10:00-17:00
2025-04-07,B05,DEV03,Present,,10:00-17:00
2025-04-07,B05,DEV04,Present,,10:00-17:00
2025-04-08,B01,JAY01,Present,,10:00-17:00
2025-04-08,B01,JAY02,Present,,10:00-17:00
2025-04-08,B01,JAY03,Present,,10:00-17:00
2025-04-08,B01,JAY04,Present,,10:00-17:00
2025-04-08,B01,JAY05,Present,,10:00-17:00
2025-04-08,B01,JAY06,Present,,10:00-17:00
2025-04-08,B01,JAY08,Present,,10:00-17:00
2025-04-08,B01,JAY07,Present,,10:00-17:00
2025-04-08,B02,WHF01,Present,,10:00-17:00
2025-04-08,B02,WHF02,Leave,Sick / unplanned,
2025-04-08,B02,WHF03,Present,,10:00-17:00
2025-04-08,B02,WHF04,Present,,10:00-17:00
2025-04-08,B02,WHF05,Present,,10:00-17:00
2025-04-08,B02,WHF06,Present,,10:00-17:00
2025-04-08,B02,WHF07,Present,,10:00-17:00
2025-04-08,B03,MAL01,Present,,10:00-17:00
2025-04-08,B03,MAL02,Present,,10:00-17:00
2025-04-08,B03,MAL03,Present,,10:00-17:00
2025-04-08,B03,MAL04,Present,,10:00-17:00
2025-04-08,B03,MAL05,Present,,10:00-17:00
2025-04-08,B03,MAL06,Present,,10:00-17:00
2025-04-08,B03,MAL07,Present,,10:00-17:00
2025-04-08,B04,HSK01,Present,,10:00-17:00
2025-04-08,B04,HSK02,Present,,10:00-17:00
2025-04-08,B04,HSK03,Present,,10:00-17:00
2025-04-08,B04,HSK04,Present,,10:00-17:00
2025-04-08,B04,HSK05,Present,,10:00-17:00
2025-04-08,B05,DEV01,Present,,10:00-17:00
2025-04-08,B05,DEV02,Present,,10:00-17:00
2025-04-08,B05,DEV03,Present,,10:00-17:00
2025-04-08,B05,DEV04,Present,,10:00-17:00
2025-04-09,B01,JAY01,Present,,10:00-17:00
2025-04-09,B01,JAY02,Present,,10:00-17:00
2025-04-09,B01,JAY03,Present,,10:00-17:00
2025-04-09,B01,JAY04,Present,,10:00-17:00
2025-04-09,B01,JAY05,Present,,10:00-17:00
2025-04-09,B01,JAY06,Present,,10:00-17:00
2025-04-09,B01,JAY08,Present,,10:00-17:00
2025-04-09,B01,JAY07,Present,,10:00-17:00
2025-04-09,B02,WHF01,Present,,10:00-17:00
2025-04-09,B02,WHF02,Present,,10:00-17:00
2025-04-09,B02,WHF03,Present,,10:00-17:00
2025-04-09,B02,WHF04,Present,,10:00-17:00
2025-04-09,B02,WHF05,Leave,Sick / unplanned,
2025-04-09,B02,WHF06,Present,,10:00-17:00
2025-04-09,B02,WHF07,Present,,10:00-17:00
2025-04-09,B03,MAL01,Present,,10:00-17:00
2025-04-09,B03,MAL02,Present,,10:00-17:00
2025-04-09,B03,MAL03,Leave,Sick / unplanned,
2025-04-09,B03,MAL04,Present,,10:00-17:00
2025-04-09,B03,MAL05,Leave,Sick / unplanned,
2025-04-09,B03,MAL06,Present,,10:00-17:00
2025-04-09,B03,MAL07,Present,,10:00-17:00
2025-04-09,B04,HSK01,Present,,10:00-17:00
2025-04-09,B04,HSK02,Present,,10:00-17:00
2025-04-09,B04,HSK03,Present,,10:00-17:00
2025-04-09,B04,HSK04,Present,,10:00-17:00
2025-04-09,B04,HSK05,Present,,10:00-17:00
2025-04-09,B05,DEV01,Present,,10:00-17:00
2025-04-09,B05,DEV02,Leave,Sick / unplanned,
2025-04-09,B05,DEV03,Present,,10:00-17:00
2025-04-09,B05,DEV04,Present,,10:00-17:00
2025-04-11,B01,JAY01,Present,,10:00-17:00
2025-04-11,B01,JAY02,Present,,10:00-17:00
2025-04-11,B01,JAY03,Leave,Sick / unplanned,
2025-04-11,B01,JAY04,Present,,10:00-17:00
2025-04-11,B01,JAY05,Present,,10:00-17:00
2025-04-11,B01,JAY06,Present,,10:00-17:00
2025-04-11,B01,JAY08,Present,,10:00-17:00
2025-04-11,B01,JAY07,Present,,10:00-17:00
2025-04-11,B02,WHF01,Present,,10:00-17:00
2025-04-11,B02,WHF02,Present,,10:00-17:00
2025-04-11,B02,WHF03,Present,,10:00-17:00
2025-04-11,B02,WHF04,Present,,10:00-17:00
2025-04-11,B02,WHF05,Present,,10:00-17:00
2025-04-11,B02,WHF06,Leave,Sick / unplanned,
2025-04-11,B02,WHF07,Present,,10:00-17:00
2025-04-11,B03,MAL01,Present,,10:00-17:00
2025-04-11,B03,MAL02,Present,,10:00-17:00
2025-04-11,B03,MAL03,Present,,10:00-17:00
2025-04-11,B03,MAL04,Present,,10:00-17:00
2025-04-11,B03,MAL05,Present,,10:00-17:00
2025-04-11,B03,MAL06,Present,,10:00-17:00
2025-04-11,B03,MAL07,Present,,10:00-17:00
2025-04-11,B04,HSK01,Present,,10:00-17:00
2025-04-11,B04,HSK02,Present,,10:00-17:00
2025-04-11,B04,HSK03,Present,,10:00-17:00
2025-04-11,B04,HSK04,Present,,10:00-17:00
2025-04-11,B04,HSK05,Present,,10:00-17:00
2025-04-11,B05,DEV01,Present,,10:00-17:00
2025-04-11,B05,DEV02,Present,,10:00-17:00
2025-04-11,B05,DEV03,Present,,10:00-17:00
2025-04-11,B05,DEV04,Present,,10:00-17:00
2025-04-15,B01,JAY01,Present,,10:00-17:00
2025-04-15,B01,JAY02,Present,,10:00-17:00
2025-04-15,B01,JAY03,Present,,10:00-17:00
2025-04-15,B01,JAY04,Leave,Sick / unplanned,
2025-04-15,B01,JAY05,Present,,10:00-17:00
2025-04-15,B01,JAY06,Present,,10:00-17:00
2025-04-15,B01,JAY08,Present,,10:00-17:00
2025-04-15,B01,JAY07,Present,,10:00-17:00
2025-04-15,B02,WHF01,Present,,10:00-17:00
2025-04-15,B02,WHF02,Present,,10:00-17:00
2025-04-15,B02,WHF03,Present,,10:00-17:00
2025-04-15,B02,WHF04,Present,,10:00-17:00
2025-04-15,B02,WHF05,Present,,10:00-17:00
2025-04-15,B02,WHF06,Present,,10:00-17:00
2025-04-15,B02,WHF07,Present,,10:00-17:00
2025-04-15,B03,MAL01,Present,,10:00-17:00
2025-04-15,B03,MAL02,Present,,10:00-17:00
2025-04-15,B03,MAL03,Present,,10:00-17:00
2025-04-15,B03,MAL04,Present,,10:00-17:00
2025-04-15,B03,MAL05,Present,,10:00-17:00
2025-04-15,B03,MAL06,Present,,10:00-17:00
2025-04-15,B03,MAL07,Present,,10:00-17:00
2025-04-15,B04,HSK01,Present,,10:00-17:00
2025-04-15,B04,HSK02,Present,,10:00-17:00
2025-04-15,B04,HSK03,Present,,10:00-17:00
2025-04-15,B04,HSK04,Present,,10:00-17:00
2025-04-15,B04,HSK05,Present,,10:00-17:00
2025-04-15,B05,DEV01,Leave,Sick / unplanned,
2025-04-15,B05,DEV02,Present,,10:00-17:00
2025-04-15,B05,DEV03,Present,,10:00-17:00
2025-04-15,B05,DEV04,Present,,10:00-17:00
2025-04-16,B01,JAY01,Leave,Sick / unplanned,
2025-04-16,B01,JAY02,Present,,10:00-17:00
2025-04-16,B01,JAY03,Leave,Sick / unplanned,
2025-04-16,B01,JAY04,Leave,Sick / unplanned,
2025-04-16,B01,JAY05,Present,,10:00-17:00
2025-04-16,B01,JAY06,Present,,10:00-17:00
2025-04-16,B01,JAY08,Present,,10:00-17:00
2025-04-16,B01,JAY07,Present,,10:00-17:00
2025-04-16,B02,WHF01,Present,,10:00-17:00
2025-04-16,B02,WHF02,Present,,10:00-17:00
2025-04-16,B02,WHF03,Present,,10:00-17:00
2025-04-16,B02,WHF04,Present,,10:00-17:00
2025-04-16,B02,WHF05,Present,,10:00-17:00
2025-04-16,B02,WHF06,Present,,10:00-17:00
2025-04-16,B02,WHF07,Present,,10:00-17:00
2025-04-16,B03,MAL01,Present,,10:00-17:00
2025-04-16,B03,MAL02,Present,,10:00-17:00
2025-04-16,B03,MAL03,Present,,10:00-17:00
2025-04-16,B03,MAL04,Present,,10:00-17:00
2025-04-16,B03,MAL05,Present,,10:00-17:00
2025-04-16,B03,MAL06,Present,,10:00-17:00
2025-04-16,B03,MAL07,Present,,10:00-17:00
2025-04-16,B04,HSK01,Present,,10:00-17:00
2025-04-16,B04,HSK02,Present,,10:00-17:00
2025-04-16,B04,HSK03,Present,,10:00-17:00
2025-04-16,B04,HSK04,Present,,10:00-17:00
2025-04-16,B04,HSK05,Present,,10:00-17:00
2025-04-16,B05,DEV01,Present,,10:00-17:00
2025-04-16,B05,DEV02,Present,,10:00-17:00
2025-04-16,B05,DEV03,Present,,10:00-17:00
2025-04-16,B05,DEV04,Present,,10:00-17:00
2025-04-17,B01,JAY01,Present,,10:00-17:00
2025-04-17,B01,JAY02,Present,,10:00-17:00
2025-04-17,B01,JAY03,Present,,10:00-17:00
2025-04-17,B01,JAY04,Present,,10:00-17:00
2025-04-17,B01,JAY05,Present,,10:00-17:00
2025-04-17,B01,JAY06,Present,,10:00-17:00
2025-04-17,B01,JAY08,Present,,10:00-17:00
2025-04-17,B01,JAY07,Present,,10:00-17:00
2025-04-17,B02,WHF01,Leave,Sick / unplanned,
2025-04-17,B02,WHF02,Present,,10:00-17:00
2025-04-17,B02,WHF03,Present,,10:00-17:00
2025-04-17,B02,WHF04,Present,,10:00-17:00
2025-04-17,B02,WHF05,Present,,10:00-17:00
2025-04-17,B02,WHF06,Present,,10:00-17:00
2025-04-17,B02,WHF07,Present,,10:00-17:00
2025-04-17,B03,MAL01,Present,,10:00-17:00
2025-04-17,B03,MAL02,Present,,10:00-17:00
2025-04-17,B03,MAL03,Present,,10:00-17:00
2025-04-17,B03,MAL04,Present,,10:00-17:00
2025-04-17,B03,MAL05,Present,,10:00-17:00
2025-04-17,B03,MAL06,Present,,10:00-17:00
2025-04-17,B03,MAL07,Present,,10:00-17:00
2025-04-17,B04,HSK01,Present,,10:00-17:00
2025-04-17,B04,HSK02,Present,,10:00-17:00
2025-04-17,B04,HSK03,Present,,10:00-17:00
2025-04-17,B04,HSK04,Leave,Sick / unplanned,
2025-04-17,B04,HSK05,Present,,10:00-17:00
2025-04-17,B05,DEV01,Present,,10:00-17:00
2025-04-17,B05,DEV02,Present,,10:00-17:00
2025-04-17,B05,DEV03,Present,,10:00-17:00
2025-04-17,B05,DEV04,Present,,10:00-17:00
2025-04-19,B01,JAY01,Present,,10:00-17:00
2025-04-19,B01,JAY02,Present,,10:00-17:00
2025-04-19,B01,JAY03,Present,,10:00-17:00
2025-04-19,B01,JAY04,Present,,10:00-17:00
2025-04-19,B01,JAY05,Present,,10:00-17:00
2025-04-19,B01,JAY06,Present,,10:00-17:00
2025-04-19,B01,JAY08,Present,,10:00-17:00
2025-04-19,B01,JAY07,Present,,10:00-17:00
2025-04-19,B02,WHF01,Present,,10:00-17:00
2025-04-19,B02,WHF02,Present,,10:00-17:00
2025-04-19,B02,WHF03,Present,,10:00-17:00
2025-04-19,B02,WHF04,Present,,10:00-17:00
2025-04-19,B02,WHF05,Present,,10:00-17:00
2025-04-19,B02,WHF06,Present,,10:00-17:00
2025-04-19,B02,WHF07,Present,,10:00-17:00
2025-04-19,B03,MAL01,Present,,10:00-17:00
2025-04-19,B03,MAL02,Present,,10:00-17:00
2025-04-19,B03,MAL03,Present,,10:00-17:00
2025-04-19,B03,MAL04,Present,,10:00-17:00
2025-04-19,B03,MAL05,Present,,10:00-17:00
2025-04-19,B03,MAL06,Present,,10:00-17:00
2025-04-19,B03,MAL07,Present,,10:00-17:00
2025-04-19,B04,HSK01,Present,,10:00-17:00
2025-04-19,B04,HSK02,Present,,10:00-17:00
2025-04-19,B04,HSK03,Present,,10:00-17:00
2025-04-19,B04,HSK04,Present,,10:00-17:00
2025-04-19,B04,HSK05,Present,,10:00-17:00
2025-04-19,B05,DEV01,Present,,10:00-17:00
2025-04-19,B05,DEV02,Present,,10:00-17:00
2025-04-19,B05,DEV03,Present,,10:00-17:00
2025-04-19,B05,DEV04,Present,,10:00-17:00
2025-04-21,B01,JAY01,Present,,10:00-17:00
2025-04-21,B01,JAY02,Present,,10:00-17:00
2025-04-21,B01,JAY03,Present,,10:00-17:00
2025-04-21,B01,JAY04,Present,,10:00-17:00
2025-04-21,B01,JAY05,Present,,10:00-17:00
2025-04-21,B01,JAY06,Present,,10:00-17:00
2025-04-21,B01,JAY08,Present,,10:00-17:00
2025-04-21,B01,JAY07,Present,,10:00-17:00
2025-04-21,B02,WHF01,Present,,10:00-17:00
2025-04-21,B02,WHF02,Present,,10:00-17:00
2025-04-21,B02,WHF03,Present,,10:00-17:00
2025-04-21,B02,WHF04,Present,,10:00-17:00
2025-04-21,B02,WHF05,Present,,10:00-17:00
2025-04-21,B02,WHF06,Present,,10:00-17:00
2025-04-21,B02,WHF07,Present,,10:00-17:00
2025-04-21,B03,MAL01,Present,,10:00-17:00
2025-04-21,B03,MAL02,Present,,10:00-17:00
2025-04-21,B03,MAL03,Present,,10:00-17:00
2025-04-21,B03,MAL04,Present,,10:00-17:00
2025-04-21,B03,MAL05,Present,,10:00-17:00
2025-04-21,B03,MAL06,Present,,10:00-17:00
2025-04-21,B03,MAL07,Present,,10:00-17:00
2025-04-21,B04,HSK01,Present,,10:00-17:00
2025-04-21,B04,HSK02,Present,,10:00-17:00
2025-04-21,B04,HSK03,Present,,10:00-17:00
2025-04-21,B04,HSK04,Present,,10:00-17:00
2025-04-21,B04,HSK05,Present,,10:00-17:00
2025-04-21,B05,DEV01,Present,,10:00-17:00
2025-04-21,B05,DEV02,Present,,10:00-17:00
2025-04-21,B05,DEV03,Present,,10:00-17:00
2025-04-21,B05,DEV04,Present,,10:00-17:00
2025-04-22,B01,JAY01,Leave,Sick / unplanned,
2025-04-22,B01,JAY02,Present,,10:00-17:00
2025-04-22,B01,JAY03,Present,,10:00-17:00
2025-04-22,B01,JAY04,Present,,10:00-17:00
2025-04-22,B01,JAY05,Present,,10:00-17:00
2025-04-22,B01,JAY06,Present,,10:00-17:00
2025-04-22,B01,JAY08,Present,,10:00-17:00
2025-04-22,B01,JAY07,Present,,10:00-17:00
2025-04-22,B02,WHF01,Present,,10:00-17:00
2025-04-22,B02,WHF02,Present,,10:00-17:00
2025-04-22,B02,WHF03,Present,,10:00-17:00
2025-04-22,B02,WHF04,Present,,10:00-17:00
2025-04-22,B02,WHF05,Present,,10:00-17:00
2025-04-22,B02,WHF06,Present,,10:00-17:00
2025-04-22,B02,WHF07,Present,,10:00-17:00
2025-04-22,B03,MAL01,Present,,10:00-17:00
2025-04-22,B03,MAL02,Leave,Sick / unplanned,
2025-04-22,B03,MAL03,Present,,10:00-17:00
2025-04-22,B03,MAL04,Present,,10:00-17:00
2025-04-22,B03,MAL05,Present,,10:00-17:00
2025-04-22,B03,MAL06,Present,,10:00-17:00
2025-04-22,B03,MAL07,Present,,10:00-17:00
2025-04-22,B04,HSK01,Present,,10:00-17:00
2025-04-22,B04,HSK02,Present,,10:00-17:00
2025-04-22,B04,HSK03,Present,,10:00-17:00
2025-04-22,B04,HSK04,Present,,10:00-17:00
2025-04-22,B04,HSK05,Present,,10:00-17:00
2025-04-22,B05,DEV01,Present,,10:00-17:00
2025-04-22,B05,DEV02,Present,,10:00-17:00
2025-04-22,B05,DEV03,Present,,10:00-17:00
2025-04-22,B05,DEV04,Present,,10:00-17:00
2025-04-23,B01,JAY01,Present,,10:00-17:00
2025-04-23,B01,JAY02,Present,,10:00-17:00
2025-04-23,B01,JAY03,Present,,10:00-17:00
2025-04-23,B01,JAY04,Present,,10:00-17:00
2025-04-23,B01,JAY05,Present,,10:00-17:00
2025-04-23,B01,JAY06,Present,,10:00-17:00
2025-04-23,B01,JAY08,Present,,10:00-17:00
2025-04-23,B01,JAY07,Present,,10:00-17:00
2025-04-23,B02,WHF01,Present,,10:00-17:00
2025-04-23,B02,WHF02,Present,,10:00-17:00
2025-04-23,B02,WHF03,Present,,10:00-17:00
2025-04-23,B02,WHF04,Present,,10:00-17:00
2025-04-23,B02,WHF05,Present,,10:00-17:00
2025-04-23,B02,WHF06,Present,,10:00-17:00
2025-04-23,B02,WHF07,Present,,10:00-17:00
2025-04-23,B03,MAL01,Present,,10:00-17:00
2025-04-23,B03,MAL02,Present,,10:00-17:00
2025-04-23,B03,MAL03,Present,,10:00-17:00
2025-04-23,B03,MAL04,Present,,10:00-17:00
2025-04-23,B03,MAL05,Present,,10:00-17:00
2025-04-23,B03,MAL06,Present,,10:00-17:00
2025-04-23,B03,MAL07,Present,,10:00-17:00
2025-04-23,B04,HSK01,Present,,10:00-17:00
2025-04-23,B04,HSK02,Present,,10:00-17:00
2025-04-23,B04,HSK03,Present,,10:00-17:00
2025-04-23,B04,HSK04,Present,,10:00-17:00
2025-04-23,B04,HSK05,Present,,10:00-17:00
2025-04-23,B05,DEV01,Present,,10:00-17:00
2025-04-23,B05,DEV02,Present,,10:00-17:00
2025-04-23,B05,DEV03,Present,,10:00-17:00
2025-04-23,B05,DEV04,Present,,10:00-17:00
2025-04-24,B01,JAY01,Present,,10:00-17:00
2025-04-24,B01,JAY02,Present,,10:00-17:00
2025-04-24,B01,JAY03,Present,,10:00-17:00
2025-04-24,B01,JAY04,Present,,10:00-17:00
2025-04-24,B01,JAY05,Present,,10:00-17:00
2025-04-24,B01,JAY06,Present,,10:00-17:00
2025-04-24,B01,JAY08,Present,,10:00-17:00
2025-04-24,B01,JAY07,Present,,10:00-17:00
2025-04-24,B02,WHF01,Present,,10:00-17:00
2025-04-24,B02,WHF02,Present,,10:00-17:00
2025-04-24,B02,WHF03,Present,,10:00-17:00
2025-04-24,B02,WHF04,Present,,10:00-17:00
2025-04-24,B02,WHF05,Present,,10:00-17:00
2025-04-24,B02,WHF06,Leave,Sick / unplanned,
2025-04-24,B02,WHF07,Leave,Sick / unplanned,
2025-04-24,B03,MAL01,Present,,10:00-17:00
2025-04-24,B03,MAL02,Present,,10:00-17:00
2025-04-24,B03,MAL03,Present,,10:00-17:00
2025-04-24,B03,MAL04,Present,,10:00-17:00
2025-04-24,B03,MAL05,Present,,10:00-17:00
2025-04-24,B03,MAL06,Present,,10:00-17:00
2025-04-24,B03,MAL07,Present,,10:00-17:00
2025-04-24,B04,HSK01,Present,,10:00-17:00
2025-04-24,B04,HSK02,Present,,10:00-17:00
2025-04-24,B04,HSK03,Leave,Sick / unplanned,
2025-04-24,B04,HSK04,Present,,10:00-17:00
2025-04-24,B04,HSK05,Present,,10:00-17:00
2025-04-24,B05,DEV01,Present,,10:00-17:00
2025-04-24,B05,DEV02,Present,,10:00-17:00
2025-04-24,B05,DEV03,Present,,10:00-17:00
2025-04-24,B05,DEV04,Present,,10:00-17:00
2025-04-25,B01,JAY01,Present,,10:00-17:00
2025-04-25,B01,JAY02,Present,,10:00-17:00
2025-04-25,B01,JAY03,Present,,10:00-17:00
2025-04-25,B01,JAY04,Present,,10:00-17:00
2025-04-25,B01,JAY05,Present,,10:00-17:00
2025-04-25,B01,JAY06,Present,,10:00-17:00
2025-04-25,B01,JAY08,Present,,10:00-17:00
2025-04-25,B01,JAY07,Leave,Sick / unplanned,
2025-04-25,B02,WHF01,Present,,10:00-17:00
2025-04-25,B02,WHF02,Present,,10:00-17:00
2025-04-25,B02,WHF03,Present,,10:00-17:00
2025-04-25,B02,WHF04,Present,,10:00-17:00
2025-04-25,B02,WHF05,Present,,10:00-17:00
2025-04-25,B02,WHF06,Present,,10:00-17:00
2025-04-25,B02,WHF07,Present,,10:00-17:00
2025-04-25,B03,MAL01,Present,,10:00-17:00
2025-04-25,B03,MAL02,Present,,10:00-17:00
2025-04-25,B03,MAL03,Present,,10:00-17:00
2025-04-25,B03,MAL04,Present,,10:00-17:00
2025-04-25,B03,MAL05,Present,,10:00-17:00
2025-04-25,B03,MAL06,Present,,10:00-17:00
2025-04-25,B03,MAL07,Present,,10:00-17:00
2025-04-25,B04,HSK01,Present,,10:00-17:00
2025-04-25,B04,HSK02,Present,,10:00-17:00
2025-04-25,B04,HSK03,Present,,10:00-17:00
2025-04-25,B04,HSK04,Present,,10:00-17:00
2025-04-25,B04,HSK05,Present,,10:00-17:00
2025-04-25,B05,DEV01,Present,,10:00-17:00
2025-04-25,B05,DEV02,Present,,10:00-17:00
2025-04-25,B05,DEV03,Present,,10:00-17:00
2025-04-25,B05,DEV04,Present,,10:00-17:00
2025-04-28,B01,JAY01,Present,,10:00-17:00
2025-04-28,B01,JAY02,Present,,10:00-17:00
2025-04-28,B01,JAY03,Present,,10:00-17:00
2025-04-28,B01,JAY04,Present,,10:00-17:00
2025-04-28,B01,JAY05,Present,,10:00-17:00
2025-04-28,B01,JAY06,Present,,10:00-17:00
2025-04-28,B01,JAY08,Present,,10:00-17:00
2025-04-28,B01,JAY07,Present,,10:00-17:00
2025-04-28,B02,WHF01,Present,,10:00-17:00
2025-04-28,B02,WHF02,Present,,10:00-17:00
2025-04-28,B02,WHF03,Present,,10:00-17:00
2025-04-28,B02,WHF04,Present,,10:00-17:00
2025-04-28,B02,WHF05,Present,,10:00-17:00
2025-04-28,B02,WHF06,Leave,Sick / unplanned,
2025-04-28,B02,WHF07,Present,,10:00-17:00
2025-04-28,B03,MAL01,Present,,10:00-17:00
2025-04-28,B03,MAL02,Present,,10:00-17:00
2025-04-28,B03,MAL03,Present,,10:00-17:00
2025-04-28,B03,MAL04,Present,,10:00-17:00
2025-04-28,B03,MAL05,Present,,10:00-17:00
2025-04-28,B03,MAL06,Present,,10:00-17:00
2025-04-28,B03,MAL07,Present,,10:00-17:00
2025-04-28,B04,HSK01,Present,,10:00-17:00
2025-04-28,B04,HSK02,Present,,10:00-17:00
2025-04-28,B04,HSK03,Present,,10:00-17:00
2025-04-28,B04,HSK04,Present,,10:00-17:00
2025-04-28,B04,HSK05,Present,,10:00-17:00
2025-04-28,B05,DEV01,Present,,10:00-17:00
2025-04-28,B05,DEV02,Present,,10:00-17:00
2025-04-28,B05,DEV03,Present,,10:00-17:00
2025-04-28,B05,DEV04,Present,,10:00-17:00
2025-04-29,B01,JAY01,Present,,10:00-17:00
2025-04-29,B01,JAY02,Present,,10:00-17:00
2025-04-29,B01,JAY03,Present,,10:00-17:00
2025-04-29,B01,JAY04,Present,,10:00-17:00
2025-04-29,B01,JAY05,Present,,10:00-17:00
2025-04-29,B01,JAY06,Present,,10:00-17:00
2025-04-29,B01,JAY08,Present,,10:00-17:00
2025-04-29,B01,JAY07,Present,,10:00-17:00
2025-04-29,B02,WHF01,Present,,10:00-17:00
2025-04-29,B02,WHF02,Present,,10:00-17:00
2025-04-29,B02,WHF03,Present,,10:00-17:00
2025-04-29,B02,WHF04,Present,,10:00-17:00
2025-04-29,B02,WHF05,Present,,10:00-17:00
2025-04-29,B02,WHF06,Present,,10:00-17:00
2025-04-29,B02,WHF07,Present,,10:00-17:00
2025-04-29,B03,MAL01,Present,,10:00-17:00
2025-04-29,B03,MAL02,Present,,10:00-17:00
2025-04-29,B03,MAL03,Present,,10:00-17:00
2025-04-29,B03,MAL04,Present,,10:00-17:00
2025-04-29,B03,MAL05,Present,,10:00-17:00
2025-04-29,B03,MAL06,Present,,10:00-17:00
2025-04-29,B03,MAL07,Present,,10:00-17:00
2025-04-29,B04,HSK01,Present,,10:00-17:00
2025-04-29,B04,HSK02,Present,,10:00-17:00
2025-04-29,B04,HSK03,Present,,10:00-17:00
2025-04-29,B04,HSK04,Present,,10:00-17:00
2025-04-29,B04,HSK05,Present,,10:00-17:00
2025-04-29,B05,DEV01,Present,,10:00-17:00
2025-04-29,B05,DEV02,Present,,10:00-17:00
2025-04-29,B05,DEV03,Present,,10:00-17:00
2025-04-29,B05,DEV04,Present,,10:00-17:00
2025-05-02,B01,JAY01,Present,,10:00-17:00
2025-05-02,B01,JAY02,Present,,10:00-17:00
2025-05-02,B01,JAY03,Present,,10:00-17:00
2025-05-02,B01,JAY04,Present,,10:00-17:00
2025-05-02,B01,JAY05,Present,,10:00-17:00
2025-05-02,B01,JAY06,Present,,10:00-17:00
2025-05-02,B01,JAY08,Present,,10:00-17:00
2025-05-02,B01,JAY07,Leave,Sick / unplanned,
2025-05-02,B02,WHF01,Present,,10:00-17:00
2025-05-02,B02,WHF02,Present,,10:00-17:00
2025-05-02,B02,WHF03,Present,,10:00-17:00
2025-05-02,B02,WHF04,Present,,10:00-17:00
2025-05-02,B02,WHF05,Present,,10:00-17:00
2025-05-02,B02,WHF06,Present,,10:00-17:00
2025-05-02,B02,WHF07,Present,,10:00-17:00
2025-05-02,B03,MAL01,Present,,10:00-17:00
2025-05-02,B03,MAL02,Present,,10:00-17:00
2025-05-02,B03,MAL03,Present,,10:00-17:00
2025-05-02,B03,MAL04,Present,,10:00-17:00
2025-05-02,B03,MAL05,Present,,10:00-17:00
2025-05-02,B03,MAL06,Present,,10:00-17:00
2025-05-02,B03,MAL07,Present,,10:00-17:00
2025-05-02,B04,HSK01,Present,,10:00-17:00
2025-05-02,B04,HSK02,Present,,10:00-17:00
2025-05-02,B04,HSK03,Present,,10:00-17:00
2025-05-02,B04,HSK04,Leave,Sick / unplanned,
2025-05-02,B04,HSK05,Present,,10:00-17:00
2025-05-02,B05,DEV01,Present,,10:00-17:00
2025-05-02,B05,DEV02,Present,,10:00-17:00
2025-05-02,B05,DEV03,Present,,10:00-17:00
2025-05-02,B05,DEV04,Present,,10:00-17:00
2025-05-03,B01,JAY01,Present,,10:00-17:00
2025-05-03,B01,JAY02,Leave,Sick / unplanned,
2025-05-03,B01,JAY03,Present,,10:00-17:00
2025-05-03,B01,JAY04,Present,,10:00-17:00
2025-05-03,B01,JAY05,Present,,10:00-17:00
2025-05-03,B01,JAY06,Present,,10:00-17:00
2025-05-03,B01,JAY08,Present,,10:00-17:00
2025-05-03,B01,JAY07,Present,,10:00-17:00
2025-05-03,B02,WHF01,Present,,10:00-17:00
2025-05-03,B02,WHF02,Present,,10:00-17:00
2025-05-03,B02,WHF03,Present,,10:00-17:00
2025-05-03,B02,WHF04,Present,,10:00-17:00
2025-05-03,B02,WHF05,Present,,10:00-17:00
2025-05-03,B02,WHF06,Present,,10:00-17:00
2025-05-03,B02,WHF07,Present,,10:00-17:00
2025-05-03,B03,MAL01,Present,,10:00-17:00
2025-05-03,B03,MAL02,Present,,10:00-17:00
2025-05-03,B03,MAL03,Present,,10:00-17:00
2025-05-03,B03,MAL04,Present,,10:00-17:00
2025-05-03,B03,MAL05,Present,,10:00-17:00
2025-05-03,B03,MAL06,Present,,10:00-17:00
2025-05-03,B03,MAL07,Present,,10:00-17:00
2025-05-03,B04,HSK01,Present,,10:00-17:00
2025-05-03,B04,HSK02,Present,,10:00-17:00
2025-05-03,B04,HSK03,Present,,10:00-17:00
2025-05-03,B04,HSK04,Present,,10:00-17:00
2025-05-03,B04,HSK05,Present,,10:00-17:00
2025-05-03,B05,DEV01,Present,,10:00-17:00
2025-05-03,B05,DEV02,Present,,10:00-17:00
2025-05-03,B05,DEV03,Present,,10:00-17:00
2025-05-03,B05,DEV04,Present,,10:00-17:00
2025-05-05,B01,JAY01,Present,,10:00-17:00
2025-05-05,B01,JAY02,Present,,10:00-17:00
2025-05-05,B01,JAY03,Present,,10:00-17:00
2025-05-05,B01,JAY04,Present,,10:00-17:00
2025-05-05,B01,JAY05,Present,,10:00-17:00
2025-05-05,B01,JAY06,Present,,10:00-17:00
2025-05-05,B01,JAY08,Present,,10:00-17:00
2025-05-05,B01,JAY07,Present,,10:00-17:00
2025-05-05,B02,WHF01,Present,,10:00-17:00
2025-05-05,B02,WHF02,Leave,Sick / unplanned,
2025-05-05,B02,WHF03,Present,,10:00-17:00
2025-05-05,B02,WHF04,Present,,10:00-17:00
2025-05-05,B02,WHF05,Present,,10:00-17:00
2025-05-05,B02,WHF06,Present,,10:00-17:00
2025-05-05,B02,WHF07,Leave,Sick / unplanned,
2025-05-05,B03,MAL01,Present,,10:00-17:00
2025-05-05,B03,MAL02,Present,,10:00-17:00
2025-05-05,B03,MAL03,Present,,10:00-17:00
2025-05-05,B03,MAL04,Present,,10:00-17:00
2025-05-05,B03,MAL05,Present,,10:00-17:00
2025-05-05,B03,MAL06,Present,,10:00-17:00
2025-05-05,B03,MAL07,Present,,10:00-17:00
2025-05-05,B04,HSK01,Present,,10:00-17:00
2025-05-05,B04,HSK02,Present,,10:00-17:00
2025-05-05,B04,HSK03,Leave,Sick / unplanned,
2025-05-05,B04,HSK04,Present,,10:00-17:00
2025-05-05,B04,HSK05,Present,,10:00-17:00
2025-05-05,B05,DEV01,Present,,10:00-17:00
2025-05-05,B05,DEV02,Present,,10:00-17:00
2025-05-05,B05,DEV03,Present,,10:00-17:00
2025-05-05,B05,DEV04,Present,,10:00-17:00
2025-05-06,B01,JAY01,Present,,10:00-17:00
2025-05-06,B01,JAY02,Present,,10:00-17:00
2025-05-06,B01,JAY03,Present,,10:00-17:00
2025-05-06,B01,JAY04,Present,,10:00-17:00
2025-05-06,B01,JAY05,Present,,10:00-17:00
2025-05-06,B01,JAY06,Present,,10:00-17:00
2025-05-06,B01,JAY08,Present,,10:00-17:00
2025-05-06,B01,JAY07,Present,,10:00-17:00
2025-05-06,B02,WHF01,Present,,10:00-17:00
2025-05-06,B02,WHF02,Present,,10:00-17:00
2025-05-06,B02,WHF03,Present,,10:00-17:00
2025-05-06,B02,WHF04,Present,,10:00-17:00
2025-05-06,B02,WHF05,Present,,10:00-17:00
2025-05-06,B02,WHF06,Present,,10:00-17:00
2025-05-06,B02,WHF07,Present,,10:00-17:00
2025-05-06,B03,MAL01,Present,,10:00-17:00
2025-05-06,B03,MAL02,Present,,10:00-17:00
2025-05-06,B03,MAL03,Present,,10:00-17:00
2025-05-06,B03,MAL04,Present,,10:00-17:00
2025-05-06,B03,MAL05,Present,,10:00-17:00
2025-05-06,B03,MAL06,Present,,10:00-17:00
2025-05-06,B03,MAL07,Present,,10:00-17:00
2025-05-06,B04,HSK01,Present,,10:00-17:00
2025-05-06,B04,HSK02,Present,,10:00-17:00
2025-05-06,B04,HSK03,Present,,10:00-17:00
2025-05-06,B04,HSK04,Present,,10:00-17:00
2025-05-06,B04,HSK05,Present,,10:00-17:00
2025-05-06,B05,DEV01,Present,,10:00-17:00
2025-05-06,B05,DEV02,Present,,10:00-17:00
2025-05-06,B05,DEV03,Present,,10:00-17:00
2025-05-06,B05,DEV04,Present,,10:00-17:00
2025-05-07,B01,JAY01,Present,,10:00-17:00
2025-05-07,B01,JAY02,Leave,Sick / unplanned,
2025-05-07,B01,JAY03,Present,,10:00-17:00
2025-05-07,B01,JAY04,Present,,10:00-17:00
2025-05-07,B01,JAY05,Present,,10:00-17:00
2025-05-07,B01,JAY06,Present,,10:00-17:00
2025-05-07,B01,JAY08,Present,,10:00-17:00
2025-05-07,B01,JAY07,Present,,10:00-17:00
2025-05-07,B02,WHF01,Present,,10:00-17:00
2025-05-07,B02,WHF02,Present,,10:00-17:00
2025-05-07,B02,WHF03,Present,,10:00-17:00
2025-05-07,B02,WHF04,Present,,10:00-17:00
2025-05-07,B02,WHF05,Present,,10:00-17:00
2025-05-07,B02,WHF06,Present,,10:00-17:00
2025-05-07,B02,WHF07,Present,,10:00-17:00
2025-05-07,B03,MAL01,Present,,10:00-17:00
2025-05-07,B03,MAL02,Leave,Sick / unplanned,
2025-05-07,B03,MAL03,Present,,10:00-17:00
2025-05-07,B03,MAL04,Present,,10:00-17:00
2025-05-07,B03,MAL05,Present,,10:00-17:00
2025-05-07,B03,MAL06,Present,,10:00-17:00
2025-05-07,B03,MAL07,Present,,10:00-17:00
2025-05-07,B04,HSK01,Present,,10:00-17:00
2025-05-07,B04,HSK02,Present,,10:00-17:00
2025-05-07,B04,HSK03,Present,,10:00-17:00
2025-05-07,B04,HSK04,Present,,10:00-17:00
2025-05-07,B04,HSK05,Present,,10:00-17:00
2025-05-07,B05,DEV01,Leave,Sick / unplanned,
2025-05-07,B05,DEV02,Present,,10:00-17:00
2025-05-07,B05,DEV03,Present,,10:00-17:00
2025-05-07,B05,DEV04,Present,,10:00-17:00
2025-05-08,B01,JAY01,Present,,10:00-17:00
2025-05-08,B01,JAY02,Leave,Sick / unplanned,
2025-05-08,B01,JAY03,Present,,10:00-17:00
2025-05-08,B01,JAY04,Present,,10:00-17:00
2025-05-08,B01,JAY05,Present,,10:00-17:00
2025-05-08,B01,JAY06,Present,,10:00-17:00
2025-05-08,B01,JAY08,Present,,10:00-17:00
2025-05-08,B01,JAY07,Present,,10:00-17:00
2025-05-08,B02,WHF01,Present,,10:00-17:00
2025-05-08,B02,WHF02,Present,,10:00-17:00
2025-05-08,B02,WHF03,Present,,10:00-17:00
2025-05-08,B02,WHF04,Present,,10:00-17:00
2025-05-08,B02,WHF05,Present,,10:00-17:00
2025-05-08,B02,WHF06,Present,,10:00-17:00
2025-05-08,B02,WHF07,Present,,10:00-17:00
2025-05-08,B03,MAL01,Present,,10:00-17:00
2025-05-08,B03,MAL02,Present,,10:00-17:00
2025-05-08,B03,MAL03,Present,,10:00-17:00
2025-05-08,B03,MAL04,Present,,10:00-17:00
2025-05-08,B03,MAL05,Present,,10:00-17:00
2025-05-08,B03,MAL06,Present,,10:00-17:00
2025-05-08,B03,MAL07,Present,,10:00-17:00
2025-05-08,B04,HSK01,Present,,10:00-17:00
2025-05-08,B04,HSK02,Present,,10:00-17:00
2025-05-08,B04,HSK03,Present,,10:00-17:00
2025-05-08,B04,HSK04,Present,,10:00-17:00
2025-05-08,B04,HSK05,Present,,10:00-17:00
2025-05-08,B05,DEV01,Present,,10:00-17:00
2025-05-08,B05,DEV02,Present,,10:00-17:00
2025-05-08,B05,DEV03,Present,,10:00-17:00
2025-05-08,B05,DEV04,Present,,10:00-17:00
2025-05-09,B01,JAY01,Present,,10:00-17:00
2025-05-09,B01,JAY02,Present,,10:00-17:00
2025-05-09,B01,JAY03,Present,,10:00-17:00
2025-05-09,B01,JAY04,Present,,10:00-17:00
2025-05-09,B01,JAY05,Present,,10:00-17:00
2025-05-09,B01,JAY06,Present,,10:00-17:00
2025-05-09,B01,JAY08,Present,,10:00-17:00
2025-05-09,B01,JAY07,Present,,10:00-17:00
2025-05-09,B02,WHF01,Present,,10:00-17:00
2025-05-09,B02,WHF02,Leave,Sick / unplanned,
2025-05-09,B02,WHF03,Present,,10:00-17:00
2025-05-09,B02,WHF04,Present,,10:00-17:00
2025-05-09,B02,WHF05,Present,,10:00-17:00
2025-05-09,B02,WHF06,Present,,10:00-17:00
2025-05-09,B02,WHF07,Present,,10:00-17:00
2025-05-09,B03,MAL01,Present,,10:00-17:00
2025-05-09,B03,MAL02,Present,,10:00-17:00
2025-05-09,B03,MAL03,Present,,10:00-17:00
2025-05-09,B03,MAL04,Present,,10:00-17:00
2025-05-09,B03,MAL05,Present,,10:00-17:00
2025-05-09,B03,MAL06,Leave,Sick / unplanned,
2025-05-09,B03,MAL07,Present,,10:00-17:00
2025-05-09,B04,HSK01,Present,,10:00-17:00
2025-05-09,B04,HSK02,Present,,10:00-17:00
2025-05-09,B04,HSK03,Present,,10:00-17:00
2025-05-09,B04,HSK04,Present,,10:00-17:00
2025-05-09,B04,HSK05,Leave,Sick / unplanned,
2025-05-09,B05,DEV01,Present,,10:00-17:00
2025-05-09,B05,DEV02,Present,,10:00-17:00
2025-05-09,B05,DEV03,Present,,10:00-17:00
2025-05-09,B05,DEV04,Present,,10:00-17:00
2025-05-12,B01,JAY01,Present,,10:00-17:00
2025-05-12,B01,JAY02,Present,,10:00-17:00
2025-05-12,B01,JAY03,Present,,10:00-17:00
2025-05-12,B01,JAY04,Present,,10:00-17:00
2025-05-12,B01,JAY05,Present,,10:00-17:00
2025-05-12,B01,JAY06,Present,,10:00-17:00
2025-05-12,B01,JAY08,Leave,Sick / unplanned,
2025-05-12,B01,JAY07,Present,,10:00-17:00
2025-05-12,B02,WHF01,Present,,10:00-17:00
2025-05-12,B02,WHF02,Present,,10:00-17:00
2025-05-12,B02,WHF03,Present,,10:00-17:00
2025-05-12,B02,WHF04,Present,,10:00-17:00
2025-05-12,B02,WHF05,Present,,10:00-17:00
2025-05-12,B02,WHF06,Present,,10:00-17:00
2025-05-12,B02,WHF07,Present,,10:00-17:00
2025-05-12,B03,MAL01,Present,,10:00-17:00
2025-05-12,B03,MAL02,Present,,10:00-17:00
2025-05-12,B03,MAL03,Present,,10:00-17:00
2025-05-12,B03,MAL04,Present,,10:00-17:00
2025-05-12,B03,MAL05,Present,,10:00-17:00
2025-05-12,B03,MAL06,Present,,10:00-17:00
2025-05-12,B03,MAL07,Leave,Sick / unplanned,
2025-05-12,B04,HSK01,Present,,10:00-17:00
2025-05-12,B04,HSK02,Present,,10:00-17:00
2025-05-12,B04,HSK03,Present,,10:00-17:00
2025-05-12,B04,HSK04,Present,,10:00-17:00
2025-05-12,B04,HSK05,Present,,10:00-17:00
2025-05-12,B05,DEV01,Present,,10:00-17:00
2025-05-12,B05,DEV02,Present,,10:00-17:00
2025-05-12,B05,DEV03,Present,,10:00-17:00
2025-05-12,B05,DEV04,Present,,10:00-17:00
2025-05-13,B01,JAY01,Present,,10:00-17:00
2025-05-13,B01,JAY02,Present,,10:00-17:00
2025-05-13,B01,JAY03,Present,,10:00-17:00
2025-05-13,B01,JAY04,Present,,10:00-17:00
2025-05-13,B01,JAY05,Present,,10:00-17:00
2025-05-13,B01,JAY06,Present,,10:00-17:00
2025-05-13,B01,JAY08,Present,,10:00-17:00
2025-05-13,B01,JAY07,Present,,10:00-17:00
2025-05-13,B02,WHF01,Present,,10:00-17:00
2025-05-13,B02,WHF02,Present,,10:00-17:00
2025-05-13,B02,WHF03,Present,,10:00-17:00
2025-05-13,B02,WHF04,Present,,10:00-17:00
2025-05-13,B02,WHF05,Present,,10:00-17:00
2025-05-13,B02,WHF06,Present,,10:00-17:00
2025-05-13,B02,WHF07,Present,,10:00-17:00
2025-05-13,B03,MAL01,Present,,10:00-17:00
2025-05-13,B03,MAL02,Present,,10:00-17:00
2025-05-13,B03,MAL03,Present,,10:00-17:00
2025-05-13,B03,MAL04,Present,,10:00-17:00
2025-05-13,B03,MAL05,Present,,10:00-17:00
2025-05-13,B03,MAL06,Present,,10:00-17:00
2025-05-13,B03,MAL07,Present,,10:00-17:00
2025-05-13,B04,HSK01,Present,,10:00-17:00
2025-05-13,B04,HSK02,Present,,10:00-17:00
2025-05-13,B04,HSK03,Present,,10:00-17:00
2025-05-13,B04,HSK04,Present,,10:00-17:00
2025-05-13,B04,HSK05,Present,,10:00-17:00
2025-05-13,B05,DEV01,Present,,10:00-17:00
2025-05-13,B05,DEV02,Present,,10:00-17:00
2025-05-13,B05,DEV03,Present,,10:00-17:00
2025-05-13,B05,DEV04,Present,,10:00-17:00
2025-05-14,B01,JAY01,Present,,10:00-17:00
2025-05-14,B01,JAY02,Present,,10:00-17:00
2025-05-14,B01,JAY03,Present,,10:00-17:00
2025-05-14,B01,JAY04,Present,,10:00-17:00
2025-05-14,B01,JAY05,Present,,10:00-17:00
2025-05-14,B01,JAY06,Present,,10:00-17:00
2025-05-14,B01,JAY08,Present,,10:00-17:00
2025-05-14,B01,JAY07,Present,,10:00-17:00
2025-05-14,B02,WHF01,Present,,10:00-17:00
2025-05-14,B02,WHF02,Present,,10:00-17:00
2025-05-14,B02,WHF03,Present,,10:00-17:00
2025-05-14,B02,WHF04,Present,,10:00-17:00
2025-05-14,B02,WHF05,Present,,10:00-17:00
2025-05-14,B02,WHF06,Present,,10:00-17:00
2025-05-14,B02,WHF07,Present,,10:00-17:00
2025-05-14,B03,MAL01,Present,,10:00-17:00
2025-05-14,B03,MAL02,Present,,10:00-17:00
2025-05-14,B03,MAL03,Present,,10:00-17:00
2025-05-14,B03,MAL04,Leave,Sick / unplanned,
2025-05-14,B03,MAL05,Present,,10:00-17:00
2025-05-14,B03,MAL06,Present,,10:00-17:00
2025-05-14,B03,MAL07,Leave,Sick / unplanned,
2025-05-14,B04,HSK01,Present,,10:00-17:00
2025-05-14,B04,HSK02,Present,,10:00-17:00
2025-05-14,B04,HSK03,Present,,10:00-17:00
2025-05-14,B04,HSK04,Present,,10:00-17:00
2025-05-14,B04,HSK05,Present,,10:00-17:00
2025-05-14,B05,DEV01,Present,,10:00-17:00
2025-05-14,B05,DEV02,Present,,10:00-17:00
2025-05-14,B05,DEV03,Present,,10:00-17:00
2025-05-14,B05,DEV04,Present,,10:00-17:00
2025-05-15,B01,JAY01,Present,,10:00-17:00
2025-05-15,B01,JAY02,Present,,10:00-17:00
2025-05-15,B01,JAY03,Present,,10:00-17:00
2025-05-15,B01,JAY04,Present,,10:00-17:00
2025-05-15,B01,JAY05,Present,,10:00-17:00
2025-05-15,B01,JAY06,Leave,Sick / unplanned,
2025-05-15,B01,JAY08,Present,,10:00-17:00
2025-05-15,B01,JAY07,Present,,10:00-17:00
2025-05-15,B02,WHF01,Present,,10:00-17:00
2025-05-15,B02,WHF02,Present,,10:00-17:00
2025-05-15,B02,WHF03,Present,,10:00-17:00
2025-05-15,B02,WHF04,Present,,10:00-17:00
2025-05-15,B02,WHF05,Present,,10:00-17:00
2025-05-15,B02,WHF06,Present,,10:00-17:00
2025-05-15,B02,WHF07,Present,,10:00-17:00
2025-05-15,B03,MAL01,Present,,10:00-17:00
2025-05-15,B03,MAL02,Present,,10:00-17:00
2025-05-15,B03,MAL03,Present,,10:00-17:00
2025-05-15,B03,MAL04,Present,,10:00-17:00
2025-05-15,B03,MAL05,Present,,10:00-17:00
2025-05-15,B03,MAL06,Present,,10:00-17:00
2025-05-15,B03,MAL07,Present,,10:00-17:00
2025-05-15,B04,HSK01,Present,,10:00-17:00
2025-05-15,B04,HSK02,Present,,10:00-17:00
2025-05-15,B04,HSK03,Present,,10:00-17:00
2025-05-15,B04,HSK04,Present,,10:00-17:00
2025-05-15,B04,HSK05,Present,,10:00-17:00
2025-05-15,B05,DEV01,Present,,10:00-17:00
2025-05-15,B05,DEV02,Present,,10:00-17:00
2025-05-15,B05,DEV03,Present,,10:00-17:00
2025-05-15,B05,DEV04,Present,,10:00-17:00
2025-05-16,B01,JAY01,Present,,10:00-17:00
2025-05-16,B01,JAY02,Leave,Sick / unplanned,
2025-05-16,B01,JAY03,Present,,10:00-17:00
2025-05-16,B01,JAY04,Present,,10:00-17:00
2025-05-16,B01,JAY05,Present,,10:00-17:00
2025-05-16,B01,JAY06,Present,,10:00-17:00
2025-05-16,B01,JAY08,Present,,10:00-17:00
2025-05-16,B01,JAY07,Present,,10:00-17:00
2025-05-16,B02,WHF01,Present,,10:00-17:00
2025-05-16,B02,WHF02,Present,,10:00-17:00
2025-05-16,B02,WHF03,Present,,10:00-17:00
2025-05-16,B02,WHF04,Present,,10:00-17:00
2025-05-16,B02,WHF05,Present,,10:00-17:00
2025-05-16,B02,WHF06,Present,,10:00-17:00
2025-05-16,B02,WHF07,Present,,10:00-17:00
2025-05-16,B03,MAL01,Present,,10:00-17:00
2025-05-16,B03,MAL02,Present,,10:00-17:00
2025-05-16,B03,MAL03,Present,,10:00-17:00
2025-05-16,B03,MAL04,Present,,10:00-17:00
2025-05-16,B03,MAL05,Present,,10:00-17:00
2025-05-16,B03,MAL06,Present,,10:00-17:00
2025-05-16,B03,MAL07,Present,,10:00-17:00
2025-05-16,B04,HSK01,Present,,10:00-17:00
2025-05-16,B04,HSK02,Present,,10:00-17:00
2025-05-16,B04,HSK03,Present,,10:00-17:00
2025-05-16,B04,HSK04,Present,,10:00-17:00
2025-05-16,B04,HSK05,Present,,10:00-17:00
2025-05-16,B05,DEV01,Present,,10:00-17:00
2025-05-16,B05,DEV02,Present,,10:00-17:00
2025-05-16,B05,DEV03,Present,,10:00-17:00
2025-05-16,B05,DEV04,Present,,10:00-17:00
2025-05-17,B01,JAY01,Present,,10:00-17:00
2025-05-17,B01,JAY02,Present,,10:00-17:00
2025-05-17,B01,JAY03,Present,,10:00-17:00
2025-05-17,B01,JAY04,Present,,10:00-17:00
2025-05-17,B01,JAY05,Present,,10:00-17:00
2025-05-17,B01,JAY06,Present,,10:00-17:00
2025-05-17,B01,JAY08,Present,,10:00-17:00
2025-05-17,B01,JAY07,Present,,10:00-17:00
2025-05-17,B02,WHF01,Present,,10:00-17:00
2025-05-17,B02,WHF02,Present,,10:00-17:00
2025-05-17,B02,WHF03,Present,,10:00-17:00
2025-05-17,B02,WHF04,Present,,10:00-17:00
2025-05-17,B02,WHF05,Present,,10:00-17:00
2025-05-17,B02,WHF06,Present,,10:00-17:00
2025-05-17,B02,WHF07,Present,,10:00-17:00
2025-05-17,B03,MAL01,Present,,10:00-17:00
2025-05-17,B03,MAL02,Present,,10:00-17:00
2025-05-17,B03,MAL03,Present,,10:00-17:00
2025-05-17,B03,MAL04,Present,,10:00-17:00
2025-05-17,B03,MAL05,Present,,10:00-17:00
2025-05-17,B03,MAL06,Present,,10:00-17:00
2025-05-17,B03,MAL07,Present,,10:00-17:00
2025-05-17,B04,HSK01,Present,,10:00-17:00
2025-05-17,B04,HSK02,Present,,10:00-17:00
2025-05-17,B04,HSK03,Present,,10:00-17:00
2025-05-17,B04,HSK04,Present,,10:00-17:00
2025-05-17,B04,HSK05,Present,,10:00-17:00
2025-05-17,B05,DEV01,Present,,10:00-17:00
2025-05-17,B05,DEV02,Present,,10:00-17:00
2025-05-17,B05,DEV03,Present,,10:00-17:00
2025-05-17,B05,DEV04,Present,,10:00-17:00
2025-05-19,B01,JAY01,Present,,10:00-17:00
2025-05-19,B01,JAY02,Present,,10:00-17:00
2025-05-19,B01,JAY03,Present,,10:00-17:00
2025-05-19,B01,JAY04,Present,,10:00-17:00
2025-05-19,B01,JAY05,Present,,10:00-17:00
2025-05-19,B01,JAY06,Present,,10:00-17:00
2025-05-19,B01,JAY08,Present,,10:00-17:00
2025-05-19,B01,JAY07,Present,,10:00-17:00
2025-05-19,B02,WHF01,Present,,10:00-17:00
2025-05-19,B02,WHF02,Leave,Sick / unplanned,
2025-05-19,B02,WHF03,Present,,10:00-17:00
2025-05-19,B02,WHF04,Present,,10:00-17:00
2025-05-19,B02,WHF05,Present,,10:00-17:00
2025-05-19,B02,WHF06,Present,,10:00-17:00
2025-05-19,B02,WHF07,Present,,10:00-17:00
2025-05-19,B03,MAL01,Present,,10:00-17:00
2025-05-19,B03,MAL02,Present,,10:00-17:00
2025-05-19,B03,MAL03,Present,,10:00-17:00
2025-05-19,B03,MAL04,Present,,10:00-17:00
2025-05-19,B03,MAL05,Present,,10:00-17:00
2025-05-19,B03,MAL06,Present,,10:00-17:00
2025-05-19,B03,MAL07,Present,,10:00-17:00
2025-05-19,B04,HSK01,Present,,10:00-17:00
2025-05-19,B04,HSK02,Present,,10:00-17:00
2025-05-19,B04,HSK03,Present,,10:00-17:00
2025-05-19,B04,HSK04,Present,,10:00-17:00
2025-05-19,B04,HSK05,Present,,10:00-17:00
2025-05-19,B05,DEV01,Present,,10:00-17:00
2025-05-19,B05,DEV02,Present,,10:00-17:00
2025-05-19,B05,DEV03,Present,,10:00-17:00
2025-05-19,B05,DEV04,Present,,10:00-17:00
2025-05-20,B01,JAY01,Present,,10:00-17:00
2025-05-20,B01,JAY02,Present,,10:00-17:00
2025-05-20,B01,JAY03,Present,,10:00-17:00
2025-05-20,B01,JAY04,Present,,10:00-17:00
2025-05-20,B01,JAY05,Present,,10:00-17:00
2025-05-20,B01,JAY06,Present,,10:00-17:00
2025-05-20,B01,JAY08,Present,,10:00-17:00
2025-05-20,B01,JAY07,Present,,10:00-17:00
2025-05-20,B02,WHF01,Present,,10:00-17:00
2025-05-20,B02,WHF02,Present,,10:00-17:00
2025-05-20,B02,WHF03,Present,,10:00-17:00
2025-05-20,B02,WHF04,Present,,10:00-17:00
2025-05-20,B02,WHF05,Present,,10:00-17:00
2025-05-20,B02,WHF06,Present,,10:00-17:00
2025-05-20,B02,WHF07,Present,,10:00-17:00
2025-05-20,B03,MAL01,Present,,10:00-17:00
2025-05-20,B03,MAL02,Present,,10:00-17:00
2025-05-20,B03,MAL03,Present,,10:00-17:00
2025-05-20,B03,MAL04,Present,,10:00-17:00
2025-05-20,B03,MAL05,Present,,10:00-17:00
2025-05-20,B03,MAL06,Present,,10:00-17:00
2025-05-20,B03,MAL07,Present,,10:00-17:00
2025-05-20,B04,HSK01,Present,,10:00-17:00
2025-05-20,B04,HSK02,Present,,10:00-17:00
2025-05-20,B04,HSK03,Present,,10:00-17:00
2025-05-20,B04,HSK04,Present,,10:00-17:00
2025-05-20,B04,HSK05,Present,,10:00-17:00
2025-05-20,B05,DEV01,Present,,10:00-17:00
2025-05-20,B05,DEV02,Present,,10:00-17:00
2025-05-20,B05,DEV03,Present,,10:00-17:00
2025-05-20,B05,DEV04,Present,,10:00-17:00
2025-05-21,B01,JAY01,Present,,10:00-17:00
2025-05-21,B01,JAY02,Present,,10:00-17:00
2025-05-21,B01,JAY03,Present,,10:00-17:00
2025-05-21,B01,JAY04,Present,,10:00-17:00
2025-05-21,B01,JAY05,Present,,10:00-17:00
2025-05-21,B01,JAY06,Present,,10:00-17:00
2025-05-21,B01,JAY08,Present,,10:00-17:00
2025-05-21,B01,JAY07,Present,,10:00-17:00
2025-05-21,B02,WHF01,Present,,10:00-17:00
2025-05-21,B02,WHF02,Present,,10:00-17:00
2025-05-21,B02,WHF03,Present,,10:00-17:00
2025-05-21,B02,WHF04,Present,,10:00-17:00
2025-05-21,B02,WHF05,Present,,10:00-17:00
2025-05-21,B02,WHF06,Present,,10:00-17:00
2025-05-21,B02,WHF07,Present,,10:00-17:00
2025-05-21,B03,MAL01,Present,,10:00-17:00
2025-05-21,B03,MAL02,Present,,10:00-17:00
2025-05-21,B03,MAL03,Present,,10:00-17:00
2025-05-21,B03,MAL04,Present,,10:00-17:00
2025-05-21,B03,MAL05,Present,,10:00-17:00
2025-05-21,B03,MAL06,Present,,10:00-17:00
2025-05-21,B03,MAL07,Present,,10:00-17:00
2025-05-21,B04,HSK01,Present,,10:00-17:00
2025-05-21,B04,HSK02,Present,,10:00-17:00
2025-05-21,B04,HSK03,Present,,10:00-17:00
2025-05-21,B04,HSK04,Present,,10:00-17:00
2025-05-21,B04,HSK05,Present,,10:00-17:00
2025-05-21,B05,DEV01,Present,,10:00-17:00
2025-05-21,B05,DEV02,Present,,10:00-17:00
2025-05-21,B05,DEV03,Present,,10:00-17:00
2025-05-21,B05,DEV04,Present,,10:00-17:00
2025-05-22,B01,JAY01,Present,,10:00-17:00
2025-05-22,B01,JAY02,Present,,10:00-17:00
2025-05-22,B01,JAY03,Present,,10:00-17:00
2025-05-22,B01,JAY04,Present,,10:00-17:00
2025-05-22,B01,JAY05,Present,,10:00-17:00
2025-05-22,B01,JAY06,Present,,10:00-17:00
2025-05-22,B01,JAY08,Present,,10:00-17:00
2025-05-22,B01,JAY07,Present,,10:00-17:00
2025-05-22,B02,WHF01,Present,,10:00-17:00
2025-05-22,B02,WHF02,Present,,10:00-17:00
2025-05-22,B02,WHF03,Present,,10:00-17:00
2025-05-22,B02,WHF04,Present,,10:00-17:00
2025-05-22,B02,WHF05,Present,,10:00-17:00
2025-05-22,B02,WHF06,Present,,10:00-17:00
2025-05-22,B02,WHF07,Present,,10:00-17:00
2025-05-22,B03,MAL01,Leave,Sick / unplanned,
2025-05-22,B03,MAL02,Present,,10:00-17:00
2025-05-22,B03,MAL03,Present,,10:00-17:00
2025-05-22,B03,MAL04,Present,,10:00-17:00
2025-05-22,B03,MAL05,Present,,10:00-17:00
2025-05-22,B03,MAL06,Leave,Sick / unplanned,
2025-05-22,B03,MAL07,Present,,10:00-17:00
2025-05-22,B04,HSK01,Present,,10:00-17:00
2025-05-22,B04,HSK02,Present,,10:00-17:00
2025-05-22,B04,HSK03,Present,,10:00-17:00
2025-05-22,B04,HSK04,Present,,10:00-17:00
2025-05-22,B04,HSK05,Present,,10:00-17:00
2025-05-22,B05,DEV01,Present,,10:00-17:00
2025-05-22,B05,DEV02,Present,,10:00-17:00
2025-05-22,B05,DEV03,Present,,10:00-17:00
2025-05-22,B05,DEV04,Present,,10:00-17:00
2025-05-23,B01,JAY01,Present,,10:00-17:00
2025-05-23,B01,JAY02,Present,,10:00-17:00
2025-05-23,B01,JAY03,Present,,10:00-17:00
2025-05-23,B01,JAY04,Present,,10:00-17:00
2025-05-23,B01,JAY05,Leave,Sick / unplanned,
2025-05-23,B01,JAY06,Present,,10:00-17:00
2025-05-23,B01,JAY08,Present,,10:00-17:00
2025-05-23,B01,JAY07,Present,,10:00-17:00
2025-05-23,B02,WHF01,Present,,10:00-17:00
2025-05-23,B02,WHF02,Present,,10:00-17:00
2025-05-23,B02,WHF03,Present,,10:00-17:00
2025-05-23,B02,WHF04,Present,,10:00-17:00
2025-05-23,B02,WHF05,Present,,10:00-17:00
2025-05-23,B02,WHF06,Present,,10:00-17:00
2025-05-23,B02,WHF07,Present,,10:00-17:00
2025-05-23,B03,MAL01,Present,,10:00-17:00
2025-05-23,B03,MAL02,Present,,10:00-17:00
2025-05-23,B03,MAL03,Present,,10:00-17:00
2025-05-23,B03,MAL04,Present,,10:00-17:00
2025-05-23,B03,MAL05,Present,,10:00-17:00
2025-05-23,B03,MAL06,Present,,10:00-17:00
2025-05-23,B03,MAL07,Present,,10:00-17:00
2025-05-23,B04,HSK01,Present,,10:00-17:00
2025-05-23,B04,HSK02,Leave,Sick / unplanned,
2025-05-23,B04,HSK03,Present,,10:00-17:00
2025-05-23,B04,HSK04,Present,,10:00-17:00
2025-05-23,B04,HSK05,Present,,10:00-17:00
2025-05-23,B05,DEV01,Present,,10:00-17:00
2025-05-23,B05,DEV02,Present,,10:00-17:00
2025-05-23,B05,DEV03,Present,,10:00-17:00
2025-05-23,B05,DEV04,Present,,10:00-17:00
2025-05-26,B01,JAY01,Present,,10:00-17:00
2025-05-26,B01,JAY02,Present,,10:00-17:00
2025-05-26,B01,JAY03,Present,,10:00-17:00
2025-05-26,B01,JAY04,Present,,10:00-17:00
2025-05-26,B01,JAY05,Present,,10:00-17:00
2025-05-26,B01,JAY06,Present,,10:00-17:00
2025-05-26,B01,JAY08,Present,,10:00-17:00
2025-05-26,B01,JAY07,Present,,10:00-17:00
2025-05-26,B02,WHF01,Present,,10:00-17:00
2025-05-26,B02,WHF02,Present,,10:00-17:00
2025-05-26,B02,WHF03,Present,,10:00-17:00
2025-05-26,B02,WHF04,Present,,10:00-17:00
2025-05-26,B02,WHF05,Present,,10:00-17:00
2025-05-26,B02,WHF06,Present,,10:00-17:00
2025-05-26,B02,WHF07,Present,,10:00-17:00
2025-05-26,B03,MAL01,Present,,10:00-17:00
2025-05-26,B03,MAL02,Present,,10:00-17:00
2025-05-26,B03,MAL03,Present,,10:00-17:00
2025-05-26,B03,MAL04,Present,,10:00-17:00
2025-05-26,B03,MAL05,Present,,10:00-17:00
2025-05-26,B03,MAL06,Present,,10:00-17:00
2025-05-26,B03,MAL07,Present,,10:00-17:00
2025-05-26,B04,HSK01,Present,,10:00-17:00
2025-05-26,B04,HSK02,Present,,10:00-17:00
2025-05-26,B04,HSK03,Present,,10:00-17:00
2025-05-26,B04,HSK04,Present,,10:00-17:00
2025-05-26,B04,HSK05,Present,,10:00-17:00
2025-05-26,B05,DEV01,Present,,10:00-17:00
2025-05-26,B05,DEV02,Present,,10:00-17:00
2025-05-26,B05,DEV03,Present,,10:00-17:00
2025-05-26,B05,DEV04,Present,,10:00-17:00
2025-05-27,B01,JAY01,Present,,10:00-17:00
2025-05-27,B01,JAY02,Present,,10:00-17:00
2025-05-27,B01,JAY03,Present,,10:00-17:00
2025-05-27,B01,JAY04,Present,,10:00-17:00
2025-05-27,B01,JAY05,Present,,10:00-17:00
2025-05-27,B01,JAY06,Present,,10:00-17:00
2025-05-27,B01,JAY08,Present,,10:00-17:00
2025-05-27,B01,JAY07,Present,,10:00-17:00
2025-05-27,B02,WHF01,Present,,10:00-17:00
2025-05-27,B02,WHF02,Present,,10:00-17:00
2025-05-27,B02,WHF03,Present,,10:00-17:00
2025-05-27,B02,WHF04,Present,,10:00-17:00
2025-05-27,B02,WHF05,Present,,10:00-17:00
2025-05-27,B02,WHF06,Present,,10:00-17:00
2025-05-27,B02,WHF07,Present,,10:00-17:00
2025-05-27,B03,MAL01,Present,,10:00-17:00
2025-05-27,B03,MAL02,Present,,10:00-17:00
2025-05-27,B03,MAL03,Present,,10:00-17:00
2025-05-27,B03,MAL04,Present,,10:00-17:00
2025-05-27,B03,MAL05,Present,,10:00-17:00
2025-05-27,B03,MAL06,Present,,10:00-17:00
2025-05-27,B03,MAL07,Present,,10:00-17:00
2025-05-27,B04,HSK01,Present,,10:00-17:00
2025-05-27,B04,HSK02,Present,,10:00-17:00
2025-05-27,B04,HSK03,Present,,10:00-17:00
2025-05-27,B04,HSK04,Present,,10:00-17:00
2025-05-27,B04,HSK05,Present,,10:00-17:00
2025-05-27,B05,DEV01,Present,,10:00-17:00
2025-05-27,B05,DEV02,Present,,10:00-17:00
2025-05-27,B05,DEV03,Present,,10:00-17:00
2025-05-27,B05,DEV04,Present,,10:00-17:00
2025-05-28,B01,JAY01,Present,,10:00-17:00
2025-05-28,B01,JAY02,Present,,10:00-17:00
2025-05-28,B01,JAY03,Present,,10:00-17:00
2025-05-28,B01,JAY04,Present,,10:00-17:00
2025-05-28,B01,JAY05,Present,,10:00-17:00
2025-05-28,B01,JAY06,Present,,10:00-17:00
2025-05-28,B01,JAY08,Leave,Sick / unplanned,
2025-05-28,B01,JAY07,Present,,10:00-17:00
2025-05-28,B02,WHF01,Present,,10:00-17:00
2025-05-28,B02,WHF02,Present,,10:00-17:00
2025-05-28,B02,WHF03,Present,,10:00-17:00
2025-05-28,B02,WHF04,Present,,10:00-17:00
2025-05-28,B02,WHF05,Present,,10:00-17:00
2025-05-28,B02,WHF06,Leave,Sick / unplanned,
2025-05-28,B02,WHF07,Present,,10:00-17:00
2025-05-28,B03,MAL01,Present,,10:00-17:00
2025-05-28,B03,MAL02,Present,,10:00-17:00
2025-05-28,B03,MAL03,Present,,10:00-17:00
2025-05-28,B03,MAL04,Present,,10:00-17:00
2025-05-28,B03,MAL05,Present,,10:00-17:00
2025-05-28,B03,MAL06,Present,,10:00-17:00
2025-05-28,B03,MAL07,Present,,10:00-17:00
2025-05-28,B04,HSK01,Present,,10:00-17:00
2025-05-28,B04,HSK02,Present,,10:00-17:00
2025-05-28,B04,HSK03,Present,,10:00-17:00
2025-05-28,B04,HSK04,Present,,10:00-17:00
2025-05-28,B04,HSK05,Present,,10:00-17:00
2025-05-28,B05,DEV01,Present,,10:00-17:00
2025-05-28,B05,DEV02,Present,,10:00-17:00
2025-05-28,B05,DEV03,Present,,10:00-17:00
2025-05-28,B05,DEV04,Present,,10:00-17:00
2025-05-29,B01,JAY01,Present,,10:00-17:00
2025-05-29,B01,JAY02,Present,,10:00-17:00
2025-05-29,B01,JAY03,Present,,10:00-17:00
2025-05-29,B01,JAY04,Present,,10:00-17:00
2025-05-29,B01,JAY05,Present,,10:00-17:00
2025-05-29,B01,JAY06,Present,,10:00-17:00
2025-05-29,B01,JAY08,Present,,10:00-17:00
2025-05-29,B01,JAY07,Present,,10:00-17:00
2025-05-29,B02,WHF01,Present,,10:00-17:00
2025-05-29,B02,WHF02,Present,,10:00-17:00
2025-05-29,B02,WHF03,Present,,10:00-17:00
2025-05-29,B02,WHF04,Present,,10:00-17:00
2025-05-29,B02,WHF05,Present,,10:00-17:00
2025-05-29,B02,WHF06,Present,,10:00-17:00
2025-05-29,B02,WHF07,Present,,10:00-17:00
2025-05-29,B03,MAL01,Present,,10:00-17:00
2025-05-29,B03,MAL02,Present,,10:00-17:00
2025-05-29,B03,MAL03,Present,,10:00-17:00
2025-05-29,B03,MAL04,Present,,10:00-17:00
2025-05-29,B03,MAL05,Present,,10:00-17:00
2025-05-29,B03,MAL06,Present,,10:00-17:00
2025-05-29,B03,MAL07,Present,,10:00-17:00
2025-05-29,B04,HSK01,Present,,10:00-17:00
2025-05-29,B04,HSK02,Present,,10:00-17:00
2025-05-29,B04,HSK03,Present,,10:00-17:00
2025-05-29,B04,HSK04,Present,,10:00-17:00
2025-05-29,B04,HSK05,Present,,10:00-17:00
2025-05-29,B05,DEV01,Present,,10:00-17:00
2025-05-29,B05,DEV02,Present,,10:00-17:00
2025-05-29,B05,DEV03,Present,,10:00-17:00
2025-05-29,B05,DEV04,Present,,10:00-17:00
2025-05-30,B01,JAY01,Present,,10:00-17:00
2025-05-30,B01,JAY02,Present,,10:00-17:00
2025-05-30,B01,JAY03,Present,,10:00-17:00
2025-05-30,B01,JAY04,Present,,10:00-17:00
2025-05-30,B01,JAY05,Present,,10:00-17:00
2025-05-30,B01,JAY06,Present,,10:00-17:00
2025-05-30,B01,JAY08,Present,,10:00-17:00
2025-05-30,B01,JAY07,Present,,10:00-17:00
2025-05-30,B02,WHF01,Present,,10:00-17:00
2025-05-30,B02,WHF02,Present,,10:00-17:00
2025-05-30,B02,WHF03,Present,,10:00-17:00
2025-05-30,B02,WHF04,Present,,10:00-17:00
2025-05-30,B02,WHF05,Present,,10:00-17:00
2025-05-30,B02,WHF06,Present,,10:00-17:00
2025-05-30,B02,WHF07,Present,,10:00-17:00
2025-05-30,B03,MAL01,Present,,10:00-17:00
2025-05-30,B03,MAL02,Present,,10:00-17:00
2025-05-30,B03,MAL03,Present,,10:00-17:00
2025-05-30,B03,MAL04,Present,,10:00-17:00
2025-05-30,B03,MAL05,Present,,10:00-17:00
2025-05-30,B03,MAL06,Present,,10:00-17:00
2025-05-30,B03,MAL07,Present,,10:00-17:00
2025-05-30,B04,HSK01,Present,,10:00-17:00
2025-05-30,B04,HSK02,Present,,10:00-17:00
2025-05-30,B04,HSK03,Present,,10:00-17:00
2025-05-30,B04,HSK04,Present,,10:00-17:00
2025-05-30,B04,HSK05,Present,,10:00-17:00
2025-05-30,B05,DEV01,Present,,10:00-17:00
2025-05-30,B05,DEV02,Present,,10:00-17:00
2025-05-30,B05,DEV03,Present,,10:00-17:00
2025-05-30,B05,DEV04,Present,,10:00-17:00
2025-05-31,B01,JAY01,Present,,10:00-17:00
2025-05-31,B01,JAY02,Present,,10:00-17:00
2025-05-31,B01,JAY03,Present,,10:00-17:00
2025-05-31,B01,JAY04,Present,,10:00-17:00
2025-05-31,B01,JAY05,Present,,10:00-17:00
2025-05-31,B01,JAY06,Present,,10:00-17:00
2025-05-31,B01,JAY08,Present,,10:00-17:00
2025-05-31,B01,JAY07,Present,,10:00-17:00
2025-05-31,B02,WHF01,Present,,10:00-17:00
2025-05-31,B02,WHF02,Present,,10:00-17:00
2025-05-31,B02,WHF03,Present,,10:00-17:00
2025-05-31,B02,WHF04,Present,,10:00-17:00
2025-05-31,B02,WHF05,Present,,10:00-17:00
2025-05-31,B02,WHF06,Present,,10:00-17:00
2025-05-31,B02,WHF07,Present,,10:00-17:00
2025-05-31,B03,MAL01,Present,,10:00-17:00
2025-05-31,B03,MAL02,Present,,10:00-17:00
2025-05-31,B03,MAL03,Present,,10:00-17:00
2025-05-31,B03,MAL04,Present,,10:00-17:00
2025-05-31,B03,MAL05,Leave,Sick / unplanned,
2025-05-31,B03,MAL06,Present,,10:00-17:00
2025-05-31,B03,MAL07,Present,,10:00-17:00
2025-05-31,B04,HSK01,Present,,10:00-17:00
2025-05-31,B04,HSK02,Present,,10:00-17:00
2025-05-31,B04,HSK03,Present,,10:00-17:00
2025-05-31,B04,HSK04,Present,,10:00-17:00
2025-05-31,B04,HSK05,Present,,10:00-17:00
2025-05-31,B05,DEV01,Present,,10:00-17:00
2025-05-31,B05,DEV02,Present,,10:00-17:00
2025-05-31,B05,DEV03,Present,,10:00-17:00
2025-05-31,B05,DEV04,Present,,10:00-17:00
2025-06-02,B01,JAY01,Present,,10:00-17:00
2025-06-02,B01,JAY02,Present,,10:00-17:00
2025-06-02,B01,JAY03,Present,,10:00-17:00
2025-06-02,B01,JAY04,Present,,10:00-17:00
2025-06-02,B01,JAY05,Present,,10:00-17:00
2025-06-02,B01,JAY06,Present,,10:00-17:00
2025-06-02,B01,JAY08,Present,,10:00-17:00
2025-06-02,B01,JAY07,Present,,10:00-17:00
2025-06-02,B02,WHF01,Present,,10:00-17:00
2025-06-02,B02,WHF02,Present,,10:00-17:00
2025-06-02,B02,WHF03,Present,,10:00-17:00
2025-06-02,B02,WHF04,Present,,10:00-17:00
2025-06-02,B02,WHF05,Present,,10:00-17:00
2025-06-02,B02,WHF06,Present,,10:00-17:00
2025-06-02,B02,WHF07,Present,,10:00-17:00
2025-06-02,B03,MAL01,Present,,10:00-17:00
2025-06-02,B03,MAL02,Present,,10:00-17:00
2025-06-02,B03,MAL03,Present,,10:00-17:00
2025-06-02,B03,MAL04,Present,,10:00-17:00
2025-06-02,B03,MAL05,Present,,10:00-17:00
2025-06-02,B03,MAL06,Present,,10:00-17:00
2025-06-02,B03,MAL07,Present,,10:00-17:00
2025-06-02,B04,HSK01,Present,,10:00-17:00
2025-06-02,B04,HSK02,Present,,10:00-17:00
2025-06-02,B04,HSK03,Present,,10:00-17:00
2025-06-02,B04,HSK04,Present,,10:00-17:00
2025-06-02,B04,HSK05,Present,,10:00-17:00
2025-06-02,B05,DEV01,Present,,10:00-17:00
2025-06-02,B05,DEV02,Present,,10:00-17:00
2025-06-02,B05,DEV03,Present,,10:00-17:00
2025-06-02,B05,DEV04,Present,,10:00-17:00
2025-06-03,B01,JAY01,Present,,10:00-17:00
2025-06-03,B01,JAY02,Present,,10:00-17:00
2025-06-03,B01,JAY03,Present,,10:00-17:00
2025-06-03,B01,JAY04,Present,,10:00-17:00
2025-06-03,B01,JAY05,Present,,10:00-17:00
2025-06-03,B01,JAY06,Present,,10:00-17:00
2025-06-03,B01,JAY08,Present,,10:00-17:00
2025-06-03,B01,JAY07,Present,,10:00-17:00
2025-06-03,B02,WHF01,Present,,10:00-17:00
2025-06-03,B02,WHF02,Present,,10:00-17:00
2025-06-03,B02,WHF03,Present,,10:00-17:00
2025-06-03,B02,WHF04,Present,,10:00-17:00
2025-06-03,B02,WHF05,Present,,10:00-17:00
2025-06-03,B02,WHF06,Present,,10:00-17:00
2025-06-03,B02,WHF07,Present,,10:00-17:00
2025-06-03,B03,MAL01,Present,,10:00-17:00
2025-06-03,B03,MAL02,Present,,10:00-17:00
2025-06-03,B03,MAL03,Present,,10:00-17:00
2025-06-03,B03,MAL04,Present,,10:00-17:00
2025-06-03,B03,MAL05,Present,,10:00-17:00
2025-06-03,B03,MAL06,Present,,10:00-17:00
2025-06-03,B03,MAL07,Present,,10:00-17:00
2025-06-03,B04,HSK01,Present,,10:00-17:00
2025-06-03,B04,HSK02,Present,,10:00-17:00
2025-06-03,B04,HSK03,Leave,Sick / unplanned,
2025-06-03,B04,HSK04,Leave,Sick / unplanned,
2025-06-03,B04,HSK05,Present,,10:00-17:00
2025-06-03,B05,DEV01,Present,,10:00-17:00
2025-06-03,B05,DEV02,Present,,10:00-17:00
2025-06-03,B05,DEV03,Present,,10:00-17:00
2025-06-03,B05,DEV04,Present,,10:00-17:00
2025-06-04,B01,JAY01,Present,,10:00-17:00
2025-06-04,B01,JAY02,Present,,10:00-17:00
2025-06-04,B01,JAY03,Present,,10:00-17:00
2025-06-04,B01,JAY04,Present,,10:00-17:00
2025-06-04,B01,JAY05,Present,,10:00-17:00
2025-06-04,B01,JAY06,Present,,10:00-17:00
2025-06-04,B01,JAY08,Present,,10:00-17:00
2025-06-04,B01,JAY07,Present,,10:00-17:00
2025-06-04,B02,WHF01,Present,,10:00-17:00
2025-06-04,B02,WHF02,Present,,10:00-17:00
2025-06-04,B02,WHF03,Present,,10:00-17:00
2025-06-04,B02,WHF04,Present,,10:00-17:00
2025-06-04,B02,WHF05,Present,,10:00-17:00
2025-06-04,B02,WHF06,Present,,10:00-17:00
2025-06-04,B02,WHF07,Present,,10:00-17:00
2025-06-04,B03,MAL01,Present,,10:00-17:00
2025-06-04,B03,MAL02,Present,,10:00-17:00
2025-06-04,B03,MAL03,Present,,10:00-17:00
2025-06-04,B03,MAL04,Present,,10:00-17:00
2025-06-04,B03,MAL05,Present,,10:00-17:00
2025-06-04,B03,MAL06,Present,,10:00-17:00
2025-06-04,B03,MAL07,Present,,10:00-17:00
2025-06-04,B04,HSK01,Present,,10:00-17:00
2025-06-04,B04,HSK02,Present,,10:00-17:00
2025-06-04,B04,HSK03,Present,,10:00-17:00
2025-06-04,B04,HSK04,Present,,10:00-17:00
2025-06-04,B04,HSK05,Present,,10:00-17:00
2025-06-04,B05,DEV01,Present,,10:00-17:00
2025-06-04,B05,DEV02,Present,,10:00-17:00
2025-06-04,B05,DEV03,Present,,10:00-17:00
2025-06-04,B05,DEV04,Present,,10:00-17:00
2025-06-05,B01,JAY01,Present,,10:00-17:00
2025-06-05,B01,JAY02,Present,,10:00-17:00
2025-06-05,B01,JAY03,Present,,10:00-17:00
2025-06-05,B01,JAY04,Present,,10:00-17:00
2025-06-05,B01,JAY05,Present,,10:00-17:00
2025-06-05,B01,JAY06,Present,,10:00-17:00
2025-06-05,B01,JAY08,Present,,10:00-17:00
2025-06-05,B01,JAY07,Present,,10:00-17:00
2025-06-05,B02,WHF01,Present,,10:00-17:00
2025-06-05,B02,WHF02,Present,,10:00-17:00
2025-06-05,B02,WHF03,Present,,10:00-17:00
2025-06-05,B02,WHF04,Present,,10:00-17:00
2025-06-05,B02,WHF05,Present,,10:00-17:00
2025-06-05,B02,WHF06,Present,,10:00-17:00
2025-06-05,B02,WHF07,Present,,10:00-17:00
2025-06-05,B03,MAL01,Present,,10:00-17:00
2025-06-05,B03,MAL02,Present,,10:00-17:00
2025-06-05,B03,MAL03,Present,,10:00-17:00
2025-06-05,B03,MAL04,Present,,10:00-17:00
2025-06-05,B03,MAL05,Leave,Sick / unplanned,
2025-06-05,B03,MAL06,Present,,10:00-17:00
2025-06-05,B03,MAL07,Present,,10:00-17:00
2025-06-05,B04,HSK01,Present,,10:00-17:00
2025-06-05,B04,HSK02,Present,,10:00-17:00
2025-06-05,B04,HSK03,Present,,10:00-17:00
2025-06-05,B04,HSK04,Present,,10:00-17:00
2025-06-05,B04,HSK05,Present,,10:00-17:00
2025-06-05,B05,DEV01,Present,,10:00-17:00
2025-06-05,B05,DEV02,Present,,10:00-17:00
2025-06-05,B05,DEV03,Present,,10:00-17:00
2025-06-05,B05,DEV04,Present,,10:00-17:00
2025-06-06,B01,JAY01,Present,,10:00-17:00
2025-06-06,B01,JAY02,Present,,10:00-17:00
2025-06-06,B01,JAY03,Present,,10:00-17:00
2025-06-06,B01,JAY04,Present,,10:00-17:00
2025-06-06,B01,JAY05,Present,,10:00-17:00
2025-06-06,B01,JAY06,Present,,10:00-17:00
2025-06-06,B01,JAY08,Present,,10:00-17:00
2025-06-06,B01,JAY07,Present,,10:00-17:00
2025-06-06,B02,WHF01,Present,,10:00-17:00
2025-06-06,B02,WHF02,Present,,10:00-17:00
2025-06-06,B02,WHF03,Present,,10:00-17:00
2025-06-06,B02,WHF04,Present,,10:00-17:00
2025-06-06,B02,WHF05,Present,,10:00-17:00
2025-06-06,B02,WHF06,Present,,10:00-17:00
2025-06-06,B02,WHF07,Present,,10:00-17:00
2025-06-06,B03,MAL01,Present,,10:00-17:00
2025-06-06,B03,MAL02,Present,,10:00-17:00
2025-06-06,B03,MAL03,Present,,10:00-17:00
2025-06-06,B03,MAL04,Present,,10:00-17:00
2025-06-06,B03,MAL05,Present,,10:00-17:00
2025-06-06,B03,MAL06,Present,,10:00-17:00
2025-06-06,B03,MAL07,Present,,10:00-17:00
2025-06-06,B04,HSK01,Present,,10:00-17:00
2025-06-06,B04,HSK02,Present,,10:00-17:00
2025-06-06,B04,HSK03,Present,,10:00-17:00
2025-06-06,B04,HSK04,Present,,10:00-17:00
2025-06-06,B04,HSK05,Present,,10:00-17:00
2025-06-06,B05,DEV01,Present,,10:00-17:00
2025-06-06,B05,DEV02,Present,,10:00-17:00
2025-06-06,B05,DEV03,Present,,10:00-17:00
2025-06-06,B05,DEV04,Present,,10:00-17:00
2025-06-09,B01,JAY01,Present,,10:00-17:00
2025-06-09,B01,JAY02,Present,,10:00-17:00
2025-06-09,B01,JAY03,Present,,10:00-17:00
2025-06-09,B01,JAY04,Present,,10:00-17:00
2025-06-09,B01,JAY05,Present,,10:00-17:00
2025-06-09,B01,JAY06,Present,,10:00-17:00
2025-06-09,B01,JAY08,Present,,10:00-17:00
2025-06-09,B01,JAY07,Present,,10:00-17:00
2025-06-09,B02,WHF01,Present,,10:00-17:00
2025-06-09,B02,WHF02,Present,,10:00-17:00
2025-06-09,B02,WHF03,Present,,10:00-17:00
2025-06-09,B02,WHF04,Present,,10:00-17:00
2025-06-09,B02,WHF05,Present,,10:00-17:00
2025-06-09,B02,WHF06,Present,,10:00-17:00
2025-06-09,B02,WHF07,Present,,10:00-17:00
2025-06-09,B03,MAL01,Present,,10:00-17:00
2025-06-09,B03,MAL02,Present,,10:00-17:00
2025-06-09,B03,MAL03,Present,,10:00-17:00
2025-06-09,B03,MAL04,Present,,10:00-17:00
2025-06-09,B03,MAL05,Present,,10:00-17:00
2025-06-09,B03,MAL06,Present,,10:00-17:00
2025-06-09,B03,MAL07,Present,,10:00-17:00
2025-06-09,B04,HSK01,Present,,10:00-17:00
2025-06-09,B04,HSK02,Present,,10:00-17:00
2025-06-09,B04,HSK03,Present,,10:00-17:00
2025-06-09,B04,HSK04,Present,,10:00-17:00
2025-06-09,B04,HSK05,Present,,10:00-17:00
2025-06-09,B05,DEV01,Present,,10:00-17:00
2025-06-09,B05,DEV02,Present,,10:00-17:00
2025-06-09,B05,DEV03,Present,,10:00-17:00
2025-06-09,B05,DEV04,Present,,10:00-17:00
2025-06-10,B01,JAY01,Present,,10:00-17:00
2025-06-10,B01,JAY02,Present,,10:00-17:00
2025-06-10,B01,JAY03,Present,,10:00-17:00
2025-06-10,B01,JAY04,Present,,10:00-17:00
2025-06-10,B01,JAY05,Present,,10:00-17:00
2025-06-10,B01,JAY06,Present,,10:00-17:00
2025-06-10,B01,JAY08,Present,,10:00-17:00
2025-06-10,B01,JAY07,Present,,10:00-17:00
2025-06-10,B02,WHF01,Present,,10:00-17:00
2025-06-10,B02,WHF02,Present,,10:00-17:00
2025-06-10,B02,WHF03,Present,,10:00-17:00
2025-06-10,B02,WHF04,Present,,10:00-17:00
2025-06-10,B02,WHF05,Present,,10:00-17:00
2025-06-10,B02,WHF06,Present,,10:00-17:00
2025-06-10,B02,WHF07,Present,,10:00-17:00
2025-06-10,B03,MAL01,Present,,10:00-17:00
2025-06-10,B03,MAL02,Present,,10:00-17:00
2025-06-10,B03,MAL03,Present,,10:00-17:00
2025-06-10,B03,MAL04,Present,,10:00-17:00
2025-06-10,B03,MAL05,Present,,10:00-17:00
2025-06-10,B03,MAL06,Present,,10:00-17:00
2025-06-10,B03,MAL07,Present,,10:00-17:00
2025-06-10,B04,HSK01,Present,,10:00-17:00
2025-06-10,B04,HSK02,Present,,10:00-17:00
2025-06-10,B04,HSK03,Present,,10:00-17:00
2025-06-10,B04,HSK04,Present,,10:00-17:00
2025-06-10,B04,HSK05,Present,,10:00-17:00
2025-06-10,B05,DEV01,Present,,10:00-17:00
2025-06-10,B05,DEV02,Present,,10:00-17:00
2025-06-10,B05,DEV03,Present,,10:00-17:00
2025-06-10,B05,DEV04,Present,,10:00-17:00
2025-06-11,B01,JAY01,Present,,10:00-17:00
2025-06-11,B01,JAY02,Present,,10:00-17:00
2025-06-11,B01,JAY03,Present,,10:00-17:00
2025-06-11,B01,JAY04,Present,,10:00-17:00
2025-06-11,B01,JAY05,Present,,10:00-17:00
2025-06-11,B01,JAY06,Present,,10:00-17:00
2025-06-11,B01,JAY08,Present,,10:00-17:00
2025-06-11,B01,JAY07,Present,,10:00-17:00
2025-06-11,B02,WHF01,Present,,10:00-17:00
2025-06-11,B02,WHF02,Present,,10:00-17:00
2025-06-11,B02,WHF03,Present,,10:00-17:00
2025-06-11,B02,WHF04,Present,,10:00-17:00
2025-06-11,B02,WHF05,Present,,10:00-17:00
2025-06-11,B02,WHF06,Present,,10:00-17:00
2025-06-11,B02,WHF07,Present,,10:00-17:00
2025-06-11,B03,MAL01,Present,,10:00-17:00
2025-06-11,B03,MAL02,Present,,10:00-17:00
2025-06-11,B03,MAL03,Present,,10:00-17:00
2025-06-11,B03,MAL04,Present,,10:00-17:00
2025-06-11,B03,MAL05,Present,,10:00-17:00
2025-06-11,B03,MAL06,Present,,10:00-17:00
2025-06-11,B03,MAL07,Present,,10:00-17:00
2025-06-11,B04,HSK01,Present,,10:00-17:00
2025-06-11,B04,HSK02,Present,,10:00-17:00
2025-06-11,B04,HSK03,Present,,10:00-17:00
2025-06-11,B04,HSK04,Present,,10:00-17:00
2025-06-11,B04,HSK05,Present,,10:00-17:00
2025-06-11,B05,DEV01,Present,,10:00-17:00
2025-06-11,B05,DEV02,Present,,10:00-17:00
2025-06-11,B05,DEV03,Present,,10:00-17:00
2025-06-11,B05,DEV04,Present,,10:00-17:00
2025-06-12,B01,JAY01,Present,,10:00-17:00
2025-06-12,B01,JAY02,Present,,10:00-17:00
2025-06-12,B01,JAY03,Present,,10:00-17:00
2025-06-12,B01,JAY04,Present,,10:00-17:00
2025-06-12,B01,JAY05,Present,,10:00-17:00
2025-06-12,B01,JAY06,Present,,10:00-17:00
2025-06-12,B01,JAY08,Leave,Sick / unplanned,
2025-06-12,B01,JAY07,Present,,10:00-17:00
2025-06-12,B02,WHF01,Present,,10:00-17:00
2025-06-12,B02,WHF02,Present,,10:00-17:00
2025-06-12,B02,WHF03,Present,,10:00-17:00
2025-06-12,B02,WHF04,Present,,10:00-17:00
2025-06-12,B02,WHF05,Present,,10:00-17:00
2025-06-12,B02,WHF06,Present,,10:00-17:00
2025-06-12,B02,WHF07,Present,,10:00-17:00
2025-06-12,B03,MAL01,Present,,10:00-17:00
2025-06-12,B03,MAL02,Present,,10:00-17:00
2025-06-12,B03,MAL03,Present,,10:00-17:00
2025-06-12,B03,MAL04,Present,,10:00-17:00
2025-06-12,B03,MAL05,Present,,10:00-17:00
2025-06-12,B03,MAL06,Present,,10:00-17:00
2025-06-12,B03,MAL07,Present,,10:00-17:00
2025-06-12,B04,HSK01,Present,,10:00-17:00
2025-06-12,B04,HSK02,Present,,10:00-17:00
2025-06-12,B04,HSK03,Present,,10:00-17:00
2025-06-12,B04,HSK04,Present,,10:00-17:00
2025-06-12,B04,HSK05,Present,,10:00-17:00
2025-06-12,B05,DEV01,Present,,10:00-17:00
2025-06-12,B05,DEV02,Present,,10:00-17:00
2025-06-12,B05,DEV03,Present,,10:00-17:00
2025-06-12,B05,DEV04,Present,,10:00-17:00
2025-06-13,B01,JAY01,Present,,10:00-17:00
2025-06-13,B01,JAY02,Present,,10:00-17:00
2025-06-13,B01,JAY03,Present,,10:00-17:00
2025-06-13,B01,JAY04,Present,,10:00-17:00
2025-06-13,B01,JAY05,Present,,10:00-17:00
2025-06-13,B01,JAY06,Present,,10:00-17:00
2025-06-13,B01,JAY08,Present,,10:00-17:00
2025-06-13,B01,JAY07,Present,,10:00-17:00
2025-06-13,B02,WHF01,Present,,10:00-17:00
2025-06-13,B02,WHF02,Present,,10:00-17:00
2025-06-13,B02,WHF03,Present,,10:00-17:00
2025-06-13,B02,WHF04,Present,,10:00-17:00
2025-06-13,B02,WHF05,Present,,10:00-17:00
2025-06-13,B02,WHF06,Present,,10:00-17:00
2025-06-13,B02,WHF07,Leave,Sick / unplanned,
2025-06-13,B03,MAL01,Present,,10:00-17:00
2025-06-13,B03,MAL02,Present,,10:00-17:00
2025-06-13,B03,MAL03,Present,,10:00-17:00
2025-06-13,B03,MAL04,Present,,10:00-17:00
2025-06-13,B03,MAL05,Present,,10:00-17:00
2025-06-13,B03,MAL06,Leave,Sick / unplanned,
2025-06-13,B03,MAL07,Present,,10:00-17:00
2025-06-13,B04,HSK01,Present,,10:00-17:00
2025-06-13,B04,HSK02,Present,,10:00-17:00
2025-06-13,B04,HSK03,Present,,10:00-17:00
2025-06-13,B04,HSK04,Present,,10:00-17:00
2025-06-13,B04,HSK05,Present,,10:00-17:00
2025-06-13,B05,DEV01,Present,,10:00-17:00
2025-06-13,B05,DEV02,Present,,10:00-17:00
2025-06-13,B05,DEV03,Present,,10:00-17:00
2025-06-13,B05,DEV04,Present,,10:00-17:00
2025-06-16,B01,JAY01,Present,,10:00-17:00
2025-06-16,B01,JAY02,Present,,10:00-17:00
2025-06-16,B01,JAY03,Present,,10:00-17:00
2025-06-16,B01,JAY04,Present,,10:00-17:00
2025-06-16,B01,JAY05,Present,,10:00-17:00
2025-06-16,B01,JAY06,Present,,10:00-17:00
2025-06-16,B01,JAY08,Present,,10:00-17:00
2025-06-16,B01,JAY07,Present,,10:00-17:00
2025-06-16,B02,WHF01,Present,,10:00-17:00
2025-06-16,B02,WHF02,Present,,10:00-17:00
2025-06-16,B02,WHF03,Present,,10:00-17:00
2025-06-16,B02,WHF04,Present,,10:00-17:00
2025-06-16,B02,WHF05,Present,,10:00-17:00
2025-06-16,B02,WHF06,Present,,10:00-17:00
2025-06-16,B02,WHF07,Present,,10:00-17:00
2025-06-16,B03,MAL01,Present,,10:00-17:00
2025-06-16,B03,MAL02,Present,,10:00-17:00
2025-06-16,B03,MAL03,Present,,10:00-17:00
2025-06-16,B03,MAL04,Present,,10:00-17:00
2025-06-16,B03,MAL05,Present,,10:00-17:00
2025-06-16,B03,MAL06,Present,,10:00-17:00
2025-06-16,B03,MAL07,Present,,10:00-17:00
2025-06-16,B04,HSK01,Present,,10:00-17:00
2025-06-16,B04,HSK02,Present,,10:00-17:00
2025-06-16,B04,HSK03,Present,,10:00-17:00
2025-06-16,B04,HSK04,Present,,10:00-17:00
2025-06-16,B04,HSK05,Present,,10:00-17:00
2025-06-16,B05,DEV01,Present,,10:00-17:00
2025-06-16,B05,DEV02,Present,,10:00-17:00
2025-06-16,B05,DEV03,Present,,10:00-17:00
2025-06-16,B05,DEV04,Present,,10:00-17:00
2025-06-17,B01,JAY01,Present,,10:00-17:00
2025-06-17,B01,JAY02,Present,,10:00-17:00
2025-06-17,B01,JAY03,Present,,10:00-17:00
2025-06-17,B01,JAY04,Present,,10:00-17:00
2025-06-17,B01,JAY05,Present,,10:00-17:00
2025-06-17,B01,JAY06,Present,,10:00-17:00
2025-06-17,B01,JAY08,Present,,10:00-17:00
2025-06-17,B01,JAY07,Present,,10:00-17:00
2025-06-17,B02,WHF01,Present,,10:00-17:00
2025-06-17,B02,WHF02,Present,,10:00-17:00
2025-06-17,B02,WHF03,Present,,10:00-17:00
2025-06-17,B02,WHF04,Present,,10:00-17:00
2025-06-17,B02,WHF05,Present,,10:00-17:00
2025-06-17,B02,WHF06,Present,,10:00-17:00
2025-06-17,B02,WHF07,Present,,10:00-17:00
2025-06-17,B03,MAL01,Present,,10:00-17:00
2025-06-17,B03,MAL02,Present,,10:00-17:00
2025-06-17,B03,MAL03,Present,,10:00-17:00
2025-06-17,B03,MAL04,Present,,10:00-17:00
2025-06-17,B03,MAL05,Present,,10:00-17:00
2025-06-17,B03,MAL06,Leave,Sick / unplanned,
2025-06-17,B03,MAL07,Present,,10:00-17:00
2025-06-17,B04,HSK01,Present,,10:00-17:00
2025-06-17,B04,HSK02,Present,,10:00-17:00
2025-06-17,B04,HSK03,Present,,10:00-17:00
2025-06-17,B04,HSK04,Present,,10:00-17:00
2025-06-17,B04,HSK05,Present,,10:00-17:00
2025-06-17,B05,DEV01,Present,,10:00-17:00
2025-06-17,B05,DEV02,Present,,10:00-17:00
2025-06-17,B05,DEV03,Present,,10:00-17:00
2025-06-17,B05,DEV04,Present,,10:00-17:00
2025-06-18,B01,JAY01,Present,,10:00-17:00
2025-06-18,B01,JAY02,Present,,10:00-17:00
2025-06-18,B01,JAY03,Leave,Sick / unplanned,
2025-06-18,B01,JAY04,Present,,10:00-17:00
2025-06-18,B01,JAY05,Leave,Sick / unplanned,
2025-06-18,B01,JAY06,Present,,10:00-17:00
2025-06-18,B01,JAY08,Present,,10:00-17:00
2025-06-18,B01,JAY07,Present,,10:00-17:00
2025-06-18,B02,WHF01,Present,,10:00-17:00
2025-06-18,B02,WHF02,Present,,10:00-17:00
2025-06-18,B02,WHF03,Present,,10:00-17:00
2025-06-18,B02,WHF04,Present,,10:00-17:00
2025-06-18,B02,WHF05,Present,,10:00-17:00
2025-06-18,B02,WHF06,Present,,10:00-17:00
2025-06-18,B02,WHF07,Present,,10:00-17:00
2025-06-18,B03,MAL01,Present,,10:00-17:00
2025-06-18,B03,MAL02,Present,,10:00-17:00
2025-06-18,B03,MAL03,Present,,10:00-17:00
2025-06-18,B03,MAL04,Present,,10:00-17:00
2025-06-18,B03,MAL05,Present,,10:00-17:00
2025-06-18,B03,MAL06,Present,,10:00-17:00
2025-06-18,B03,MAL07,Present,,10:00-17:00
2025-06-18,B04,HSK01,Present,,10:00-17:00
2025-06-18,B04,HSK02,Present,,10:00-17:00
2025-06-18,B04,HSK03,Present,,10:00-17:00
2025-06-18,B04,HSK04,Leave,Sick / unplanned,
2025-06-18,B04,HSK05,Present,,10:00-17:00
2025-06-18,B05,DEV01,Present,,10:00-17:00
2025-06-18,B05,DEV02,Present,,10:00-17:00
2025-06-18,B05,DEV03,Present,,10:00-17:00
2025-06-18,B05,DEV04,Present,,10:00-17:00
2025-06-19,B01,JAY01,Present,,10:00-17:00
2025-06-19,B01,JAY02,Present,,10:00-17:00
2025-06-19,B01,JAY03,Present,,10:00-17:00
2025-06-19,B01,JAY04,Present,,10:00-17:00
2025-06-19,B01,JAY05,Present,,10:00-17:00
2025-06-19,B01,JAY06,Present,,10:00-17:00
2025-06-19,B01,JAY08,Leave,Sick / unplanned,
2025-06-19,B01,JAY07,Present,,10:00-17:00
2025-06-19,B02,WHF01,Present,,10:00-17:00
2025-06-19,B02,WHF02,Present,,10:00-17:00
2025-06-19,B02,WHF03,Present,,10:00-17:00
2025-06-19,B02,WHF04,Present,,10:00-17:00
2025-06-19,B02,WHF05,Present,,10:00-17:00
2025-06-19,B02,WHF06,Present,,10:00-17:00
2025-06-19,B02,WHF07,Present,,10:00-17:00
2025-06-19,B03,MAL01,Present,,10:00-17:00
2025-06-19,B03,MAL02,Present,,10:00-17:00
2025-06-19,B03,MAL03,Present,,10:00-17:00
2025-06-19,B03,MAL04,Present,,10:00-17:00
2025-06-19,B03,MAL05,Present,,10:00-17:00
2025-06-19,B03,MAL06,Present,,10:00-17:00
2025-06-19,B03,MAL07,Present,,10:00-17:00
2025-06-19,B04,HSK01,Present,,10:00-17:00
2025-06-19,B04,HSK02,Present,,10:00-17:00
2025-06-19,B04,HSK03,Present,,10:00-17:00
2025-06-19,B04,HSK04,Leave,Sick / unplanned,
2025-06-19,B04,HSK05,Present,,10:00-17:00
2025-06-19,B05,DEV01,Present,,10:00-17:00
2025-06-19,B05,DEV02,Present,,10:00-17:00
2025-06-19,B05,DEV03,Present,,10:00-17:00
2025-06-19,B05,DEV04,Present,,10:00-17:00
2025-06-20,B01,JAY01,Present,,10:00-17:00
2025-06-20,B01,JAY02,Present,,10:00-17:00
2025-06-20,B01,JAY03,Present,,10:00-17:00
2025-06-20,B01,JAY04,Present,,10:00-17:00
2025-06-20,B01,JAY05,Present,,10:00-17:00
2025-06-20,B01,JAY06,Present,,10:00-17:00
2025-06-20,B01,JAY08,Present,,10:00-17:00
2025-06-20,B01,JAY07,Present,,10:00-17:00
2025-06-20,B02,WHF01,Present,,10:00-17:00
2025-06-20,B02,WHF02,Present,,10:00-17:00
2025-06-20,B02,WHF03,Present,,10:00-17:00
2025-06-20,B02,WHF04,Present,,10:00-17:00
2025-06-20,B02,WHF05,Present,,10:00-17:00
2025-06-20,B02,WHF06,Present,,10:00-17:00
2025-06-20,B02,WHF07,Present,,10:00-17:00
2025-06-20,B03,MAL01,Present,,10:00-17:00
2025-06-20,B03,MAL02,Present,,10:00-17:00
2025-06-20,B03,MAL03,Present,,10:00-17:00
2025-06-20,B03,MAL04,Present,,10:00-17:00
2025-06-20,B03,MAL05,Present,,10:00-17:00
2025-06-20,B03,MAL06,Present,,10:00-17:00
2025-06-20,B03,MAL07,Present,,10:00-17:00
2025-06-20,B04,HSK01,Present,,10:00-17:00
2025-06-20,B04,HSK02,Present,,10:00-17:00
2025-06-20,B04,HSK03,Present,,10:00-17:00
2025-06-20,B04,HSK04,Present,,10:00-17:00
2025-06-20,B04,HSK05,Present,,10:00-17:00
2025-06-20,B05,DEV01,Present,,10:00-17:00
2025-06-20,B05,DEV02,Present,,10:00-17:00
2025-06-20,B05,DEV03,Present,,10:00-17:00
2025-06-20,B05,DEV04,Present,,10:00-17:00
2025-06-21,B01,JAY01,Present,,10:00-17:00
2025-06-21,B01,JAY02,Leave,Sick / unplanned,
2025-06-21,B01,JAY03,Present,,10:00-17:00
2025-06-21,B01,JAY04,Present,,10:00-17:00
2025-06-21,B01,JAY05,Present,,10:00-17:00
2025-06-21,B01,JAY06,Present,,10:00-17:00
2025-06-21,B01,JAY08,Present,,10:00-17:00
2025-06-21,B01,JAY07,Present,,10:00-17:00
2025-06-21,B02,WHF01,Present,,10:00-17:00
2025-06-21,B02,WHF02,Present,,10:00-17:00
2025-06-21,B02,WHF03,Present,,10:00-17:00
2025-06-21,B02,WHF04,Present,,10:00-17:00
2025-06-21,B02,WHF05,Present,,10:00-17:00
2025-06-21,B02,WHF06,Present,,10:00-17:00
2025-06-21,B02,WHF07,Present,,10:00-17:00
2025-06-21,B03,MAL01,Present,,10:00-17:00
2025-06-21,B03,MAL02,Present,,10:00-17:00
2025-06-21,B03,MAL03,Present,,10:00-17:00
2025-06-21,B03,MAL04,Present,,10:00-17:00
2025-06-21,B03,MAL05,Present,,10:00-17:00
2025-06-21,B03,MAL06,Present,,10:00-17:00
2025-06-21,B03,MAL07,Present,,10:00-17:00
2025-06-21,B04,HSK01,Present,,10:00-17:00
2025-06-21,B04,HSK02,Present,,10:00-17:00
2025-06-21,B04,HSK03,Present,,10:00-17:00
2025-06-21,B04,HSK04,Present,,10:00-17:00
2025-06-21,B04,HSK05,Present,,10:00-17:00
2025-06-21,B05,DEV01,Present,,10:00-17:00
2025-06-21,B05,DEV02,Present,,10:00-17:00
2025-06-21,B05,DEV03,Present,,10:00-17:00
2025-06-21,B05,DEV04,Present,,10:00-17:00
2025-06-23,B01,JAY01,Present,,10:00-17:00
2025-06-23,B01,JAY02,Present,,10:00-17:00
2025-06-23,B01,JAY03,Leave,Sick / unplanned,
2025-06-23,B01,JAY04,Present,,10:00-17:00
2025-06-23,B01,JAY05,Present,,10:00-17:00
2025-06-23,B01,JAY06,Present,,10:00-17:00
2025-06-23,B01,JAY08,Present,,10:00-17:00
2025-06-23,B01,JAY07,Present,,10:00-17:00
2025-06-23,B02,WHF01,Present,,10:00-17:00
2025-06-23,B02,WHF02,Leave,Sick / unplanned,
2025-06-23,B02,WHF03,Present,,10:00-17:00
2025-06-23,B02,WHF04,Present,,10:00-17:00
2025-06-23,B02,WHF05,Present,,10:00-17:00
2025-06-23,B02,WHF06,Leave,Sick / unplanned,
2025-06-23,B02,WHF07,Present,,10:00-17:00
2025-06-23,B03,MAL01,Present,,10:00-17:00
2025-06-23,B03,MAL02,Present,,10:00-17:00
2025-06-23,B03,MAL03,Present,,10:00-17:00
2025-06-23,B03,MAL04,Present,,10:00-17:00
2025-06-23,B03,MAL05,Present,,10:00-17:00
2025-06-23,B03,MAL06,Present,,10:00-17:00
2025-06-23,B03,MAL07,Present,,10:00-17:00
2025-06-23,B04,HSK01,Present,,10:00-17:00
2025-06-23,B04,HSK02,Present,,10:00-17:00
2025-06-23,B04,HSK03,Present,,10:00-17:00
2025-06-23,B04,HSK04,Present,,10:00-17:00
2025-06-23,B04,HSK05,Present,,10:00-17:00
2025-06-23,B05,DEV01,Present,,10:00-17:00
2025-06-23,B05,DEV02,Present,,10:00-17:00
2025-06-23,B05,DEV03,Present,,10:00-17:00
2025-06-23,B05,DEV04,Present,,10:00-17:00
2025-06-24,B01,JAY01,Leave,Sick / unplanned,
2025-06-24,B01,JAY02,Present,,10:00-17:00
2025-06-24,B01,JAY03,Present,,10:00-17:00
2025-06-24,B01,JAY04,Present,,10:00-17:00
2025-06-24,B01,JAY05,Present,,10:00-17:00
2025-06-24,B01,JAY06,Present,,10:00-17:00
2025-06-24,B01,JAY08,Leave,Sick / unplanned,
2025-06-24,B01,JAY07,Present,,10:00-17:00
2025-06-24,B02,WHF01,Present,,10:00-17:00
2025-06-24,B02,WHF02,Present,,10:00-17:00
2025-06-24,B02,WHF03,Present,,10:00-17:00
2025-06-24,B02,WHF04,Present,,10:00-17:00
2025-06-24,B02,WHF05,Present,,10:00-17:00
2025-06-24,B02,WHF06,Present,,10:00-17:00
2025-06-24,B02,WHF07,Present,,10:00-17:00
2025-06-24,B03,MAL01,Present,,10:00-17:00
2025-06-24,B03,MAL02,Present,,10:00-17:00
2025-06-24,B03,MAL03,Present,,10:00-17:00
2025-06-24,B03,MAL04,Present,,10:00-17:00
2025-06-24,B03,MAL05,Present,,10:00-17:00
2025-06-24,B03,MAL06,Present,,10:00-17:00
2025-06-24,B03,MAL07,Leave,Sick / unplanned,
2025-06-24,B04,HSK01,Present,,10:00-17:00
2025-06-24,B04,HSK02,Present,,10:00-17:00
2025-06-24,B04,HSK03,Present,,10:00-17:00
2025-06-24,B04,HSK04,Leave,Sick / unplanned,
2025-06-24,B04,HSK05,Present,,10:00-17:00
2025-06-24,B05,DEV01,Present,,10:00-17:00
2025-06-24,B05,DEV02,Present,,10:00-17:00
2025-06-24,B05,DEV03,Present,,10:00-17:00
2025-06-24,B05,DEV04,Present,,10:00-17:00
2025-06-25,B01,JAY01,Present,,10:00-17:00
2025-06-25,B01,JAY02,Present,,10:00-17:00
2025-06-25,B01,JAY03,Leave,Sick / unplanned,
2025-06-25,B01,JAY04,Present,,10:00-17:00
2025-06-25,B01,JAY05,Present,,10:00-17:00
2025-06-25,B01,JAY06,Present,,10:00-17:00
2025-06-25,B01,JAY08,Present,,10:00-17:00
2025-06-25,B01,JAY07,Leave,Sick / unplanned,
2025-06-25,B02,WHF01,Leave,Sick / unplanned,
2025-06-25,B02,WHF02,Present,,10:00-17:00
2025-06-25,B02,WHF03,Present,,10:00-17:00
2025-06-25,B02,WHF04,Present,,10:00-17:00
2025-06-25,B02,WHF05,Present,,10:00-17:00
2025-06-25,B02,WHF06,Present,,10:00-17:00
2025-06-25,B02,WHF07,Present,,10:00-17:00
2025-06-25,B03,MAL01,Present,,10:00-17:00
2025-06-25,B03,MAL02,Present,,10:00-17:00
2025-06-25,B03,MAL03,Present,,10:00-17:00
2025-06-25,B03,MAL04,Present,,10:00-17:00
2025-06-25,B03,MAL05,Present,,10:00-17:00
2025-06-25,B03,MAL06,Present,,10:00-17:00
2025-06-25,B03,MAL07,Present,,10:00-17:00
2025-06-25,B04,HSK01,Present,,10:00-17:00
2025-06-25,B04,HSK02,Present,,10:00-17:00
2025-06-25,B04,HSK03,Present,,10:00-17:00
2025-06-25,B04,HSK04,Leave,Sick / unplanned,
2025-06-25,B04,HSK05,Present,,10:00-17:00
2025-06-25,B05,DEV01,Present,,10:00-17:00
2025-06-25,B05,DEV02,Present,,10:00-17:00
2025-06-25,B05,DEV03,Present,,10:00-17:00
2025-06-25,B05,DEV04,Present,,10:00-17:00
2025-06-26,B01,JAY01,Present,,10:00-17:00
2025-06-26,B01,JAY02,Present,,10:00-17:00
2025-06-26,B01,JAY03,Present,,10:00-17:00
2025-06-26,B01,JAY04,Present,,10:00-17:00
2025-06-26,B01,JAY05,Present,,10:00-17:00
2025-06-26,B01,JAY06,Present,,10:00-17:00
2025-06-26,B01,JAY08,Present,,10:00-17:00
2025-06-26,B01,JAY07,Present,,10:00-17:00
2025-06-26,B02,WHF01,Present,,10:00-17:00
2025-06-26,B02,WHF02,Present,,10:00-17:00
2025-06-26,B02,WHF03,Present,,10:00-17:00
2025-06-26,B02,WHF04,Present,,10:00-17:00
2025-06-26,B02,WHF05,Present,,10:00-17:00
2025-06-26,B02,WHF06,Present,,10:00-17:00
2025-06-26,B02,WHF07,Present,,10:00-17:00
2025-06-26,B03,MAL01,Present,,10:00-17:00
2025-06-26,B03,MAL02,Present,,10:00-17:00
2025-06-26,B03,MAL03,Present,,10:00-17:00
2025-06-26,B03,MAL04,Present,,10:00-17:00
2025-06-26,B03,MAL05,Present,,10:00-17:00
2025-06-26,B03,MAL06,Present,,10:00-17:00
2025-06-26,B03,MAL07,Present,,10:00-17:00
2025-06-26,B04,HSK01,Present,,10:00-17:00
2025-06-26,B04,HSK02,Present,,10:00-17:00
2025-06-26,B04,HSK03,Present,,10:00-17:00
2025-06-26,B04,HSK04,Present,,10:00-17:00
2025-06-26,B04,HSK05,Present,,10:00-17:00
2025-06-26,B05,DEV01,Present,,10:00-17:00
2025-06-26,B05,DEV02,Present,,10:00-17:00
2025-06-26,B05,DEV03,Present,,10:00-17:00
2025-06-26,B05,DEV04,Present,,10:00-17:00
2025-06-27,B01,JAY01,Present,,10:00-17:00
2025-06-27,B01,JAY02,Present,,10:00-17:00
2025-06-27,B01,JAY03,Present,,10:00-17:00
2025-06-27,B01,JAY04,Present,,10:00-17:00
2025-06-27,B01,JAY05,Present,,10:00-17:00
2025-06-27,B01,JAY06,Present,,10:00-17:00
2025-06-27,B01,JAY08,Present,,10:00-17:00
2025-06-27,B01,JAY07,Present,,10:00-17:00
2025-06-27,B02,WHF01,Present,,10:00-17:00
2025-06-27,B02,WHF02,Present,,10:00-17:00
2025-06-27,B02,WHF03,Present,,10:00-17:00
2025-06-27,B02,WHF04,Present,,10:00-17:00
2025-06-27,B02,WHF05,Present,,10:00-17:00
2025-06-27,B02,WHF06,Present,,10:00-17:00
2025-06-27,B02,WHF07,Present,,10:00-17:00
2025-06-27,B03,MAL01,Present,,10:00-17:00
2025-06-27,B03,MAL02,Present,,10:00-17:00
2025-06-27,B03,MAL03,Present,,10:00-17:00
2025-06-27,B03,MAL04,Present,,10:00-17:00
2025-06-27,B03,MAL05,Present,,10:00-17:00
2025-06-27,B03,MAL06,Present,,10:00-17:00
2025-06-27,B03,MAL07,Present,,10:00-17:00
2025-06-27,B04,HSK01,Present,,10:00-17:00
2025-06-27,B04,HSK02,Present,,10:00-17:00
2025-06-27,B04,HSK03,Present,,10:00-17:00
2025-06-27,B04,HSK04,Present,,10:00-17:00
2025-06-27,B04,HSK05,Present,,10:00-17:00
2025-06-27,B05,DEV01,Present,,10:00-17:00
2025-06-27,B05,DEV02,Present,,10:00-17:00
2025-06-27,B05,DEV03,Present,,10:00-17:00
2025-06-27,B05,DEV04,Present,,10:00-17:00
2025-06-30,B01,JAY01,Present,,10:00-17:00
2025-06-30,B01,JAY02,Present,,10:00-17:00
2025-06-30,B01,JAY03,Present,,10:00-17:00
2025-06-30,B01,JAY04,Present,,10:00-17:00
2025-06-30,B01,JAY05,Present,,10:00-17:00
2025-06-30,B01,JAY06,Present,,10:00-17:00
2025-06-30,B01,JAY08,Present,,10:00-17:00
2025-06-30,B01,JAY07,Present,,10:00-17:00
2025-06-30,B02,WHF01,Present,,10:00-17:00
2025-06-30,B02,WHF02,Present,,10:00-17:00
2025-06-30,B02,WHF03,Present,,10:00-17:00
2025-06-30,B02,WHF04,Present,,10:00-17:00
2025-06-30,B02,WHF05,Present,,10:00-17:00
2025-06-30,B02,WHF06,Present,,10:00-17:00
2025-06-30,B02,WHF07,Present,,10:00-17:00
2025-06-30,B03,MAL01,Present,,10:00-17:00
2025-06-30,B03,MAL02,Leave,Sick / unplanned,
2025-06-30,B03,MAL03,Present,,10:00-17:00
2025-06-30,B03,MAL04,Present,,10:00-17:00
2025-06-30,B03,MAL05,Present,,10:00-17:00
2025-06-30,B03,MAL06,Leave,Sick / unplanned,
2025-06-30,B03,MAL07,Present,,10:00-17:00
2025-06-30,B04,HSK01,Present,,10:00-17:00
2025-06-30,B04,HSK02,Present,,10:00-17:00
2025-06-30,B04,HSK03,Present,,10:00-17:00
2025-06-30,B04,HSK04,Present,,10:00-17:00
2025-06-30,B04,HSK05,Present,,10:00-17:00
2025-06-30,B05,DEV01,Present,,10:00-17:00
2025-06-30,B05,DEV02,Present,,10:00-17:00
2025-06-30,B05,DEV03,Present,,10:00-17:00
2025-06-30,B05,DEV04,Present,,10:00-17:00
2025-07-01,B01,JAY01,Present,,10:00-17:00
2025-07-01,B01,JAY02,Present,,10:00-17:00
2025-07-01,B01,JAY03,Present,,10:00-17:00
2025-07-01,B01,JAY04,Present,,10:00-17:00
2025-07-01,B01,JAY05,Present,,10:00-17:00
2025-07-01,B01,JAY06,Present,,10:00-17:00
2025-07-01,B01,JAY08,Present,,10:00-17:00
2025-07-01,B01,JAY07,Present,,10:00-17:00
2025-07-01,B02,WHF01,Present,,10:00-17:00
2025-07-01,B02,WHF02,Present,,10:00-17:00
2025-07-01,B02,WHF03,Present,,10:00-17:00
2025-07-01,B02,WHF04,Present,,10:00-17:00
2025-07-01,B02,WHF05,Present,,10:00-17:00
2025-07-01,B02,WHF06,Present,,10:00-17:00
2025-07-01,B02,WHF07,Present,,10:00-17:00
2025-07-01,B03,MAL01,Present,,10:00-17:00
2025-07-01,B03,MAL02,Present,,10:00-17:00
2025-07-01,B03,MAL03,Present,,10:00-17:00
2025-07-01,B03,MAL04,Present,,10:00-17:00
2025-07-01,B03,MAL05,Present,,10:00-17:00
2025-07-01,B03,MAL06,Present,,10:00-17:00
2025-07-01,B03,MAL07,Present,,10:00-17:00
2025-07-01,B04,HSK01,Present,,10:00-17:00
2025-07-01,B04,HSK02,Present,,10:00-17:00
2025-07-01,B04,HSK03,Present,,10:00-17:00
2025-07-01,B04,HSK04,Leave,Sick / unplanned,
2025-07-01,B04,HSK05,Present,,10:00-17:00
2025-07-01,B05,DEV01,Present,,10:00-17:00
2025-07-01,B05,DEV02,Present,,10:00-17:00
2025-07-01,B05,DEV03,Present,,10:00-17:00
2025-07-01,B05,DEV04,Present,,10:00-17:00
2025-07-02,B01,JAY01,Present,,10:00-17:00
2025-07-02,B01,JAY02,Present,,10:00-17:00
2025-07-02,B01,JAY03,Present,,10:00-17:00
2025-07-02,B01,JAY04,Present,,10:00-17:00
2025-07-02,B01,JAY05,Present,,10:00-17:00
2025-07-02,B01,JAY06,Present,,10:00-17:00
2025-07-02,B01,JAY08,Present,,10:00-17:00
2025-07-02,B01,JAY07,Present,,10:00-17:00
2025-07-02,B02,WHF01,Present,,10:00-17:00
2025-07-02,B02,WHF02,Present,,10:00-17:00
2025-07-02,B02,WHF03,Present,,10:00-17:00
2025-07-02,B02,WHF04,Present,,10:00-17:00
2025-07-02,B02,WHF05,Present,,10:00-17:00
2025-07-02,B02,WHF06,Present,,10:00-17:00
2025-07-02,B02,WHF07,Present,,10:00-17:00
2025-07-02,B03,MAL01,Present,,10:00-17:00
2025-07-02,B03,MAL02,Present,,10:00-17:00
2025-07-02,B03,MAL03,Present,,10:00-17:00
2025-07-02,B03,MAL04,Present,,10:00-17:00
2025-07-02,B03,MAL05,Present,,10:00-17:00
2025-07-02,B03,MAL06,Present,,10:00-17:00
2025-07-02,B03,MAL07,Present,,10:00-17:00
2025-07-02,B04,HSK01,Present,,10:00-17:00
2025-07-02,B04,HSK02,Present,,10:00-17:00
2025-07-02,B04,HSK03,Present,,10:00-17:00
2025-07-02,B04,HSK04,Present,,10:00-17:00
2025-07-02,B04,HSK05,Present,,10:00-17:00
2025-07-02,B05,DEV01,Present,,10:00-17:00
2025-07-02,B05,DEV02,Present,,10:00-17:00
2025-07-02,B05,DEV03,Present,,10:00-17:00
2025-07-02,B05,DEV04,Present,,10:00-17:00
2025-07-03,B01,JAY01,Present,,10:00-17:00
2025-07-03,B01,JAY02,Present,,10:00-17:00
2025-07-03,B01,JAY03,Present,,10:00-17:00
2025-07-03,B01,JAY04,Present,,10:00-17:00
2025-07-03,B01,JAY05,Present,,10:00-17:00
2025-07-03,B01,JAY06,Present,,10:00-17:00
2025-07-03,B01,JAY08,Present,,10:00-17:00
2025-07-03,B01,JAY07,Present,,10:00-17:00
2025-07-03,B02,WHF01,Present,,10:00-17:00
2025-07-03,B02,WHF02,Present,,10:00-17:00
2025-07-03,B02,WHF03,Present,,10:00-17:00
2025-07-03,B02,WHF04,Present,,10:00-17:00
2025-07-03,B02,WHF05,Present,,10:00-17:00
2025-07-03,B02,WHF06,Present,,10:00-17:00
2025-07-03,B02,WHF07,Present,,10:00-17:00
2025-07-03,B03,MAL01,Leave,Sick / unplanned,
2025-07-03,B03,MAL02,Present,,10:00-17:00
2025-07-03,B03,MAL03,Present,,10:00-17:00
2025-07-03,B03,MAL04,Present,,10:00-17:00
2025-07-03,B03,MAL05,Present,,10:00-17:00
2025-07-03,B03,MAL06,Present,,10:00-17:00
2025-07-03,B03,MAL07,Present,,10:00-17:00
2025-07-03,B04,HSK01,Present,,10:00-17:00
2025-07-03,B04,HSK02,Present,,10:00-17:00
2025-07-03,B04,HSK03,Present,,10:00-17:00
2025-07-03,B04,HSK04,Present,,10:00-17:00
2025-07-03,B04,HSK05,Present,,10:00-17:00
2025-07-03,B05,DEV01,Present,,10:00-17:00
2025-07-03,B05,DEV02,Present,,10:00-17:00
2025-07-03,B05,DEV03,Present,,10:00-17:00
2025-07-03,B05,DEV04,Present,,10:00-17:00
2025-07-04,B01,JAY01,Present,,10:00-17:00
2025-07-04,B01,JAY02,Present,,10:00-17:00
2025-07-04,B01,JAY03,Present,,10:00-17:00
2025-07-04,B01,JAY04,Present,,10:00-17:00
2025-07-04,B01,JAY05,Present,,10:00-17:00
2025-07-04,B01,JAY06,Present,,10:00-17:00
2025-07-04,B01,JAY08,Present,,10:00-17:00
2025-07-04,B01,JAY07,Present,,10:00-17:00
2025-07-04,B02,WHF01,Present,,10:00-17:00
2025-07-04,B02,WHF02,Present,,10:00-17:00
2025-07-04,B02,WHF03,Present,,10:00-17:00
2025-07-04,B02,WHF04,Present,,10:00-17:00
2025-07-04,B02,WHF05,Present,,10:00-17:00
2025-07-04,B02,WHF06,Present,,10:00-17:00
2025-07-04,B02,WHF07,Present,,10:00-17:00
2025-07-04,B03,MAL01,Present,,10:00-17:00
2025-07-04,B03,MAL02,Present,,10:00-17:00
2025-07-04,B03,MAL03,Present,,10:00-17:00
2025-07-04,B03,MAL04,Present,,10:00-17:00
2025-07-04,B03,MAL05,Leave,Sick / unplanned,
2025-07-04,B03,MAL06,Present,,10:00-17:00
2025-07-04,B03,MAL07,Present,,10:00-17:00
2025-07-04,B04,HSK01,Present,,10:00-17:00
2025-07-04,B04,HSK02,Present,,10:00-17:00
2025-07-04,B04,HSK03,Present,,10:00-17:00
2025-07-04,B04,HSK04,Present,,10:00-17:00
2025-07-04,B04,HSK05,Present,,10:00-17:00
2025-07-04,B05,DEV01,Present,,10:00-17:00
2025-07-04,B05,DEV02,Present,,10:00-17:00
2025-07-04,B05,DEV03,Present,,10:00-17:00
2025-07-04,B05,DEV04,Present,,10:00-17:00
2025-07-05,B01,JAY01,Present,,10:00-17:00
2025-07-05,B01,JAY02,Present,,10:00-17:00
2025-07-05,B01,JAY03,Present,,10:00-17:00
2025-07-05,B01,JAY04,Present,,10:00-17:00
2025-07-05,B01,JAY05,Present,,10:00-17:00
2025-07-05,B01,JAY06,Leave,Sick / unplanned,
2025-07-05,B01,JAY08,Present,,10:00-17:00
2025-07-05,B01,JAY07,Present,,10:00-17:00
2025-07-05,B02,WHF01,Present,,10:00-17:00
2025-07-05,B02,WHF02,Present,,10:00-17:00
2025-07-05,B02,WHF03,Present,,10:00-17:00
2025-07-05,B02,WHF04,Present,,10:00-17:00
2025-07-05,B02,WHF05,Present,,10:00-17:00
2025-07-05,B02,WHF06,Present,,10:00-17:00
2025-07-05,B02,WHF07,Present,,10:00-17:00
2025-07-05,B03,MAL01,Present,,10:00-17:00
2025-07-05,B03,MAL02,Present,,10:00-17:00
2025-07-05,B03,MAL03,Present,,10:00-17:00
2025-07-05,B03,MAL04,Present,,10:00-17:00
2025-07-05,B03,MAL05,Present,,10:00-17:00
2025-07-05,B03,MAL06,Present,,10:00-17:00
2025-07-05,B03,MAL07,Present,,10:00-17:00
2025-07-05,B04,HSK01,Present,,10:00-17:00
2025-07-05,B04,HSK02,Present,,10:00-17:00
2025-07-05,B04,HSK03,Present,,10:00-17:00
2025-07-05,B04,HSK04,Present,,10:00-17:00
2025-07-05,B04,HSK05,Present,,10:00-17:00
2025-07-05,B05,DEV01,Present,,10:00-17:00
2025-07-05,B05,DEV02,Present,,10:00-17:00
2025-07-05,B05,DEV03,Present,,10:00-17:00
2025-07-05,B05,DEV04,Present,,10:00-17:00
2025-07-07,B01,JAY01,Present,,10:00-17:00
2025-07-07,B01,JAY02,Present,,10:00-17:00
2025-07-07,B01,JAY03,Present,,10:00-17:00
2025-07-07,B01,JAY04,Present,,10:00-17:00
2025-07-07,B01,JAY05,Present,,10:00-17:00
2025-07-07,B01,JAY06,Present,,10:00-17:00
2025-07-07,B01,JAY08,Present,,10:00-17:00
2025-07-07,B01,JAY07,Present,,10:00-17:00
2025-07-07,B02,WHF01,Present,,10:00-17:00
2025-07-07,B02,WHF02,Present,,10:00-17:00
2025-07-07,B02,WHF03,Present,,10:00-17:00
2025-07-07,B02,WHF04,Present,,10:00-17:00
2025-07-07,B02,WHF05,Present,,10:00-17:00
2025-07-07,B02,WHF06,Present,,10:00-17:00
2025-07-07,B02,WHF07,Present,,10:00-17:00
2025-07-07,B03,MAL01,Present,,10:00-17:00
2025-07-07,B03,MAL02,Present,,10:00-17:00
2025-07-07,B03,MAL03,Present,,10:00-17:00
2025-07-07,B03,MAL04,Leave,Sick / unplanned,
2025-07-07,B03,MAL05,Present,,10:00-17:00
2025-07-07,B03,MAL06,Present,,10:00-17:00
2025-07-07,B03,MAL07,Present,,10:00-17:00
2025-07-07,B04,HSK01,Present,,10:00-17:00
2025-07-07,B04,HSK02,Present,,10:00-17:00
2025-07-07,B04,HSK03,Present,,10:00-17:00
2025-07-07,B04,HSK04,Present,,10:00-17:00
2025-07-07,B04,HSK05,Present,,10:00-17:00
2025-07-07,B05,DEV01,Present,,10:00-17:00
2025-07-07,B05,DEV02,Present,,10:00-17:00
2025-07-07,B05,DEV03,Present,,10:00-17:00
2025-07-07,B05,DEV04,Present,,10:00-17:00
2025-07-08,B01,JAY01,Present,,10:00-17:00
2025-07-08,B01,JAY02,Present,,10:00-17:00
2025-07-08,B01,JAY03,Present,,10:00-17:00
2025-07-08,B01,JAY04,Present,,10:00-17:00
2025-07-08,B01,JAY05,Present,,10:00-17:00
2025-07-08,B01,JAY06,Present,,10:00-17:00
2025-07-08,B01,JAY08,Present,,10:00-17:00
2025-07-08,B01,JAY07,Present,,10:00-17:00
2025-07-08,B02,WHF01,Present,,10:00-17:00
2025-07-08,B02,WHF02,Present,,10:00-17:00
2025-07-08,B02,WHF03,Present,,10:00-17:00
2025-07-08,B02,WHF04,Present,,10:00-17:00
2025-07-08,B02,WHF05,Present,,10:00-17:00
2025-07-08,B02,WHF06,Present,,10:00-17:00
2025-07-08,B02,WHF07,Present,,10:00-17:00
2025-07-08,B03,MAL01,Present,,10:00-17:00
2025-07-08,B03,MAL02,Present,,10:00-17:00
2025-07-08,B03,MAL03,Present,,10:00-17:00
2025-07-08,B03,MAL04,Present,,10:00-17:00
2025-07-08,B03,MAL05,Present,,10:00-17:00
2025-07-08,B03,MAL06,Present,,10:00-17:00
2025-07-08,B03,MAL07,Present,,10:00-17:00
2025-07-08,B04,HSK01,Present,,10:00-17:00
2025-07-08,B04,HSK02,Present,,10:00-17:00
2025-07-08,B04,HSK03,Present,,10:00-17:00
2025-07-08,B04,HSK04,Present,,10:00-17:00
2025-07-08,B04,HSK05,Leave,Sick / unplanned,
2025-07-08,B05,DEV01,Present,,10:00-17:00
2025-07-08,B05,DEV02,Present,,10:00-17:00
2025-07-08,B05,DEV03,Present,,10:00-17:00
2025-07-08,B05,DEV04,Present,,10:00-17:00
2025-07-09,B01,JAY01,Present,,10:00-17:00
2025-07-09,B01,JAY02,Present,,10:00-17:00
2025-07-09,B01,JAY03,Present,,10:00-17:00
2025-07-09,B01,JAY04,Present,,10:00-17:00
2025-07-09,B01,JAY05,Leave,Sick / unplanned,
2025-07-09,B01,JAY06,Present,,10:00-17:00
2025-07-09,B01,JAY08,Present,,10:00-17:00
2025-07-09,B01,JAY07,Present,,10:00-17:00
2025-07-09,B02,WHF01,Present,,10:00-17:00
2025-07-09,B02,WHF02,Present,,10:00-17:00
2025-07-09,B02,WHF03,Present,,10:00-17:00
2025-07-09,B02,WHF04,Present,,10:00-17:00
2025-07-09,B02,WHF05,Leave,Sick / unplanned,
2025-07-09,B02,WHF06,Present,,10:00-17:00
2025-07-09,B02,WHF07,Present,,10:00-17:00
2025-07-09,B03,MAL01,Present,,10:00-17:00
2025-07-09,B03,MAL02,Present,,10:00-17:00
2025-07-09,B03,MAL03,Present,,10:00-17:00
2025-07-09,B03,MAL04,Present,,10:00-17:00
2025-07-09,B03,MAL05,Present,,10:00-17:00
2025-07-09,B03,MAL06,Present,,10:00-17:00
2025-07-09,B03,MAL07,Present,,10:00-17:00
2025-07-09,B04,HSK01,Present,,10:00-17:00
2025-07-09,B04,HSK02,Present,,10:00-17:00
2025-07-09,B04,HSK03,Present,,10:00-17:00
2025-07-09,B04,HSK04,Present,,10:00-17:00
2025-07-09,B04,HSK05,Present,,10:00-17:00
2025-07-09,B05,DEV01,Present,,10:00-17:00
2025-07-09,B05,DEV02,Present,,10:00-17:00
2025-07-09,B05,DEV03,Present,,10:00-17:00
2025-07-09,B05,DEV04,Present,,10:00-17:00
2025-07-10,B01,JAY01,Present,,10:00-17:00
2025-07-10,B01,JAY02,Present,,10:00-17:00
2025-07-10,B01,JAY03,Present,,10:00-17:00
2025-07-10,B01,JAY04,Present,,10:00-17:00
2025-07-10,B01,JAY05,Present,,10:00-17:00
2025-07-10,B01,JAY06,Present,,10:00-17:00
2025-07-10,B01,JAY08,Present,,10:00-17:00
2025-07-10,B01,JAY07,Present,,10:00-17:00
2025-07-10,B02,WHF01,Present,,10:00-17:00
2025-07-10,B02,WHF02,Present,,10:00-17:00
2025-07-10,B02,WHF03,Present,,10:00-17:00
2025-07-10,B02,WHF04,Present,,10:00-17:00
2025-07-10,B02,WHF05,Present,,10:00-17:00
2025-07-10,B02,WHF06,Present,,10:00-17:00
2025-07-10,B02,WHF07,Present,,10:00-17:00
2025-07-10,B03,MAL01,Present,,10:00-17:00
2025-07-10,B03,MAL02,Present,,10:00-17:00
2025-07-10,B03,MAL03,Present,,10:00-17:00
2025-07-10,B03,MAL04,Present,,10:00-17:00
2025-07-10,B03,MAL05,Present,,10:00-17:00
2025-07-10,B03,MAL06,Present,,10:00-17:00
2025-07-10,B03,MAL07,Present,,10:00-17:00
2025-07-10,B04,HSK01,Present,,10:00-17:00
2025-07-10,B04,HSK02,Present,,10:00-17:00
2025-07-10,B04,HSK03,Present,,10:00-17:00
2025-07-10,B04,HSK04,Present,,10:00-17:00
2025-07-10,B04,HSK05,Present,,10:00-17:00
2025-07-10,B05,DEV01,Present,,10:00-17:00
2025-07-10,B05,DEV02,Present,,10:00-17:00
2025-07-10,B05,DEV03,Present,,10:00-17:00
2025-07-10,B05,DEV04,Present,,10:00-17:00
2025-07-11,B01,JAY01,Present,,10:00-17:00
2025-07-11,B01,JAY02,Present,,10:00-17:00
2025-07-11,B01,JAY03,Present,,10:00-17:00
2025-07-11,B01,JAY04,Present,,10:00-17:00
2025-07-11,B01,JAY05,Present,,10:00-17:00
2025-07-11,B01,JAY06,Present,,10:00-17:00
2025-07-11,B01,JAY08,Present,,10:00-17:00
2025-07-11,B01,JAY07,Present,,10:00-17:00
2025-07-11,B02,WHF01,Leave,Sick / unplanned,
2025-07-11,B02,WHF02,Present,,10:00-17:00
2025-07-11,B02,WHF03,Leave,Sick / unplanned,
2025-07-11,B02,WHF04,Present,,10:00-17:00
2025-07-11,B02,WHF05,Present,,10:00-17:00
2025-07-11,B02,WHF06,Present,,10:00-17:00
2025-07-11,B02,WHF07,Present,,10:00-17:00
2025-07-11,B03,MAL01,Present,,10:00-17:00
2025-07-11,B03,MAL02,Present,,10:00-17:00
2025-07-11,B03,MAL03,Present,,10:00-17:00
2025-07-11,B03,MAL04,Present,,10:00-17:00
2025-07-11,B03,MAL05,Present,,10:00-17:00
2025-07-11,B03,MAL06,Present,,10:00-17:00
2025-07-11,B03,MAL07,Present,,10:00-17:00
2025-07-11,B04,HSK01,Present,,10:00-17:00
2025-07-11,B04,HSK02,Present,,10:00-17:00
2025-07-11,B04,HSK03,Present,,10:00-17:00
2025-07-11,B04,HSK04,Present,,10:00-17:00
2025-07-11,B04,HSK05,Present,,10:00-17:00
2025-07-11,B05,DEV01,Present,,10:00-17:00
2025-07-11,B05,DEV02,Present,,10:00-17:00
2025-07-11,B05,DEV03,Present,,10:00-17:00
2025-07-11,B05,DEV04,Present,,10:00-17:00
2025-07-14,B01,JAY01,Present,,10:00-17:00
2025-07-14,B01,JAY02,Present,,10:00-17:00
2025-07-14,B01,JAY03,Present,,10:00-17:00
2025-07-14,B01,JAY04,Present,,10:00-17:00
2025-07-14,B01,JAY05,Present,,10:00-17:00
2025-07-14,B01,JAY06,Present,,10:00-17:00
2025-07-14,B01,JAY08,Present,,10:00-17:00
2025-07-14,B01,JAY07,Present,,10:00-17:00
2025-07-14,B02,WHF01,Present,,10:00-17:00
2025-07-14,B02,WHF02,Present,,10:00-17:00
2025-07-14,B02,WHF03,Present,,10:00-17:00
2025-07-14,B02,WHF04,Present,,10:00-17:00
2025-07-14,B02,WHF05,Present,,10:00-17:00
2025-07-14,B02,WHF06,Present,,10:00-17:00
2025-07-14,B02,WHF07,Present,,10:00-17:00
2025-07-14,B03,MAL01,Present,,10:00-17:00
2025-07-14,B03,MAL02,Present,,10:00-17:00
2025-07-14,B03,MAL03,Present,,10:00-17:00
2025-07-14,B03,MAL04,Present,,10:00-17:00
2025-07-14,B03,MAL05,Present,,10:00-17:00
2025-07-14,B03,MAL06,Present,,10:00-17:00
2025-07-14,B03,MAL07,Present,,10:00-17:00
2025-07-14,B04,HSK01,Present,,10:00-17:00
2025-07-14,B04,HSK02,Present,,10:00-17:00
2025-07-14,B04,HSK03,Present,,10:00-17:00
2025-07-14,B04,HSK04,Present,,10:00-17:00
2025-07-14,B04,HSK05,Present,,10:00-17:00
2025-07-14,B05,DEV01,Present,,10:00-17:00
2025-07-14,B05,DEV02,Present,,10:00-17:00
2025-07-14,B05,DEV03,Present,,10:00-17:00
2025-07-14,B05,DEV04,Present,,10:00-17:00
2025-07-15,B01,JAY01,Present,,10:00-17:00
2025-07-15,B01,JAY02,Present,,10:00-17:00
2025-07-15,B01,JAY03,Present,,10:00-17:00
2025-07-15,B01,JAY04,Present,,10:00-17:00
2025-07-15,B01,JAY05,Present,,10:00-17:00
2025-07-15,B01,JAY06,Present,,10:00-17:00
2025-07-15,B01,JAY08,Present,,10:00-17:00
2025-07-15,B01,JAY07,Present,,10:00-17:00
2025-07-15,B02,WHF01,Present,,10:00-17:00
2025-07-15,B02,WHF02,Present,,10:00-17:00
2025-07-15,B02,WHF03,Present,,10:00-17:00
2025-07-15,B02,WHF04,Present,,10:00-17:00
2025-07-15,B02,WHF05,Present,,10:00-17:00
2025-07-15,B02,WHF06,Present,,10:00-17:00
2025-07-15,B02,WHF07,Present,,10:00-17:00
2025-07-15,B03,MAL01,Present,,10:00-17:00
2025-07-15,B03,MAL02,Present,,10:00-17:00
2025-07-15,B03,MAL03,Present,,10:00-17:00
2025-07-15,B03,MAL04,Present,,10:00-17:00
2025-07-15,B03,MAL05,Present,,10:00-17:00
2025-07-15,B03,MAL06,Present,,10:00-17:00
2025-07-15,B03,MAL07,Present,,10:00-17:00
2025-07-15,B04,HSK01,Present,,10:00-17:00
2025-07-15,B04,HSK02,Present,,10:00-17:00
2025-07-15,B04,HSK03,Present,,10:00-17:00
2025-07-15,B04,HSK04,Present,,10:00-17:00
2025-07-15,B04,HSK05,Present,,10:00-17:00
2025-07-15,B05,DEV01,Present,,10:00-17:00
2025-07-15,B05,DEV02,Leave,Sick / unplanned,
2025-07-15,B05,DEV03,Present,,10:00-17:00
2025-07-15,B05,DEV04,Present,,10:00-17:00
2025-07-16,B01,JAY01,Present,,10:00-17:00
2025-07-16,B01,JAY02,Present,,10:00-17:00
2025-07-16,B01,JAY03,Present,,10:00-17:00
2025-07-16,B01,JAY04,Present,,10:00-17:00
2025-07-16,B01,JAY05,Present,,10:00-17:00
2025-07-16,B01,JAY06,Present,,10:00-17:00
2025-07-16,B01,JAY08,Present,,10:00-17:00
2025-07-16,B01,JAY07,Present,,10:00-17:00
2025-07-16,B02,WHF01,Present,,10:00-17:00
2025-07-16,B02,WHF02,Present,,10:00-17:00
2025-07-16,B02,WHF03,Present,,10:00-17:00
2025-07-16,B02,WHF04,Present,,10:00-17:00
2025-07-16,B02,WHF05,Present,,10:00-17:00
2025-07-16,B02,WHF06,Present,,10:00-17:00
2025-07-16,B02,WHF07,Present,,10:00-17:00
2025-07-16,B03,MAL01,Present,,10:00-17:00
2025-07-16,B03,MAL02,Present,,10:00-17:00
2025-07-16,B03,MAL03,Present,,10:00-17:00
2025-07-16,B03,MAL04,Present,,10:00-17:00
2025-07-16,B03,MAL05,Present,,10:00-17:00
2025-07-16,B03,MAL06,Present,,10:00-17:00
2025-07-16,B03,MAL07,Present,,10:00-17:00
2025-07-16,B04,HSK01,Present,,10:00-17:00
2025-07-16,B04,HSK02,Present,,10:00-17:00
2025-07-16,B04,HSK03,Present,,10:00-17:00
2025-07-16,B04,HSK04,Present,,10:00-17:00
2025-07-16,B04,HSK05,Present,,10:00-17:00
2025-07-16,B05,DEV01,Present,,10:00-17:00
2025-07-16,B05,DEV02,Present,,10:00-17:00
2025-07-16,B05,DEV03,Present,,10:00-17:00
2025-07-16,B05,DEV04,Present,,10:00-17:00
2025-07-17,B01,JAY01,Present,,10:00-17:00
2025-07-17,B01,JAY02,Present,,10:00-17:00
2025-07-17,B01,JAY03,Leave,Sick / unplanned,
2025-07-17,B01,JAY04,Present,,10:00-17:00
2025-07-17,B01,JAY05,Present,,10:00-17:00
2025-07-17,B01,JAY06,Leave,Sick / unplanned,
2025-07-17,B01,JAY08,Present,,10:00-17:00
2025-07-17,B01,JAY07,Present,,10:00-17:00
2025-07-17,B02,WHF01,Present,,10:00-17:00
2025-07-17,B02,WHF02,Present,,10:00-17:00
2025-07-17,B02,WHF03,Present,,10:00-17:00
2025-07-17,B02,WHF04,Present,,10:00-17:00
2025-07-17,B02,WHF05,Present,,10:00-17:00
2025-07-17,B02,WHF06,Present,,10:00-17:00
2025-07-17,B02,WHF07,Present,,10:00-17:00
2025-07-17,B03,MAL01,Present,,10:00-17:00
2025-07-17,B03,MAL02,Present,,10:00-17:00
2025-07-17,B03,MAL03,Present,,10:00-17:00
2025-07-17,B03,MAL04,Present,,10:00-17:00
2025-07-17,B03,MAL05,Present,,10:00-17:00
2025-07-17,B03,MAL06,Present,,10:00-17:00
2025-07-17,B03,MAL07,Present,,10:00-17:00
2025-07-17,B04,HSK01,Present,,10:00-17:00
2025-07-17,B04,HSK02,Present,,10:00-17:00
2025-07-17,B04,HSK03,Present,,10:00-17:00
2025-07-17,B04,HSK04,Present,,10:00-17:00
2025-07-17,B04,HSK05,Present,,10:00-17:00
2025-07-17,B05,DEV01,Present,,10:00-17:00
2025-07-17,B05,DEV02,Present,,10:00-17:00
2025-07-17,B05,DEV03,Present,,10:00-17:00
2025-07-17,B05,DEV04,Present,,10:00-17:00
2025-07-18,B01,JAY01,Present,,10:00-17:00
2025-07-18,B01,JAY02,Present,,10:00-17:00
2025-07-18,B01,JAY03,Present,,10:00-17:00
2025-07-18,B01,JAY04,Present,,10:00-17:00
2025-07-18,B01,JAY05,Present,,10:00-17:00
2025-07-18,B01,JAY06,Present,,10:00-17:00
2025-07-18,B01,JAY08,Present,,10:00-17:00
2025-07-18,B01,JAY07,Present,,10:00-17:00
2025-07-18,B02,WHF01,Present,,10:00-17:00
2025-07-18,B02,WHF02,Present,,10:00-17:00
2025-07-18,B02,WHF03,Present,,10:00-17:00
2025-07-18,B02,WHF04,Present,,10:00-17:00
2025-07-18,B02,WHF05,Present,,10:00-17:00
2025-07-18,B02,WHF06,Present,,10:00-17:00
2025-07-18,B02,WHF07,Present,,10:00-17:00
2025-07-18,B03,MAL01,Present,,10:00-17:00
2025-07-18,B03,MAL02,Present,,10:00-17:00
2025-07-18,B03,MAL03,Present,,10:00-17:00
2025-07-18,B03,MAL04,Present,,10:00-17:00
2025-07-18,B03,MAL05,Present,,10:00-17:00
2025-07-18,B03,MAL06,Present,,10:00-17:00
2025-07-18,B03,MAL07,Present,,10:00-17:00
2025-07-18,B04,HSK01,Present,,10:00-17:00
2025-07-18,B04,HSK02,Present,,10:00-17:00
2025-07-18,B04,HSK03,Present,,10:00-17:00
2025-07-18,B04,HSK04,Present,,10:00-17:00
2025-07-18,B04,HSK05,Present,,10:00-17:00
2025-07-18,B05,DEV01,Present,,10:00-17:00
2025-07-18,B05,DEV02,Present,,10:00-17:00
2025-07-18,B05,DEV03,Present,,10:00-17:00
2025-07-18,B05,DEV04,Present,,10:00-17:00
2025-07-19,B01,JAY01,Present,,10:00-17:00
2025-07-19,B01,JAY02,Present,,10:00-17:00
2025-07-19,B01,JAY03,Present,,10:00-17:00
2025-07-19,B01,JAY04,Present,,10:00-17:00
2025-07-19,B01,JAY05,Present,,10:00-17:00
2025-07-19,B01,JAY06,Present,,10:00-17:00
2025-07-19,B01,JAY08,Present,,10:00-17:00
2025-07-19,B01,JAY07,Present,,10:00-17:00
2025-07-19,B02,WHF01,Present,,10:00-17:00
2025-07-19,B02,WHF02,Present,,10:00-17:00
2025-07-19,B02,WHF03,Present,,10:00-17:00
2025-07-19,B02,WHF04,Present,,10:00-17:00
2025-07-19,B02,WHF05,Present,,10:00-17:00
2025-07-19,B02,WHF06,Present,,10:00-17:00
2025-07-19,B02,WHF07,Present,,10:00-17:00
2025-07-19,B03,MAL01,Present,,10:00-17:00
2025-07-19,B03,MAL02,Present,,10:00-17:00
2025-07-19,B03,MAL03,Present,,10:00-17:00
2025-07-19,B03,MAL04,Present,,10:00-17:00
2025-07-19,B03,MAL05,Present,,10:00-17:00
2025-07-19,B03,MAL06,Present,,10:00-17:00
2025-07-19,B03,MAL07,Present,,10:00-17:00
2025-07-19,B04,HSK01,Present,,10:00-17:00
2025-07-19,B04,HSK02,Present,,10:00-17:00
2025-07-19,B04,HSK03,Present,,10:00-17:00
2025-07-19,B04,HSK04,Present,,10:00-17:00
2025-07-19,B04,HSK05,Present,,10:00-17:00
2025-07-19,B05,DEV01,Leave,Sick / unplanned,
2025-07-19,B05,DEV02,Present,,10:00-17:00
2025-07-19,B05,DEV03,Present,,10:00-17:00
2025-07-19,B05,DEV04,Present,,10:00-17:00
2025-07-21,B01,JAY01,Present,,10:00-17:00
2025-07-21,B01,JAY02,Present,,10:00-17:00
2025-07-21,B01,JAY03,Present,,10:00-17:00
2025-07-21,B01,JAY04,Present,,10:00-17:00
2025-07-21,B01,JAY05,Present,,10:00-17:00
2025-07-21,B01,JAY06,Present,,10:00-17:00
2025-07-21,B01,JAY08,Present,,10:00-17:00
2025-07-21,B01,JAY07,Present,,10:00-17:00
2025-07-21,B02,WHF01,Present,,10:00-17:00
2025-07-21,B02,WHF02,Present,,10:00-17:00
2025-07-21,B02,WHF03,Present,,10:00-17:00
2025-07-21,B02,WHF04,Present,,10:00-17:00
2025-07-21,B02,WHF05,Present,,10:00-17:00
2025-07-21,B02,WHF06,Present,,10:00-17:00
2025-07-21,B02,WHF07,Present,,10:00-17:00
2025-07-21,B03,MAL01,Present,,10:00-17:00
2025-07-21,B03,MAL02,Present,,10:00-17:00
2025-07-21,B03,MAL03,Present,,10:00-17:00
2025-07-21,B03,MAL04,Present,,10:00-17:00
2025-07-21,B03,MAL05,Present,,10:00-17:00
2025-07-21,B03,MAL06,Present,,10:00-17:00
2025-07-21,B03,MAL07,Present,,10:00-17:00
2025-07-21,B04,HSK01,Present,,10:00-17:00
2025-07-21,B04,HSK02,Present,,10:00-17:00
2025-07-21,B04,HSK03,Present,,10:00-17:00
2025-07-21,B04,HSK04,Leave,Sick / unplanned,
2025-07-21,B04,HSK05,Present,,10:00-17:00
2025-07-21,B05,DEV01,Present,,10:00-17:00
2025-07-21,B05,DEV02,Present,,10:00-17:00
2025-07-21,B05,DEV03,Leave,Sick / unplanned,
2025-07-21,B05,DEV04,Present,,10:00-17:00
2025-07-22,B01,JAY01,Present,,10:00-17:00
2025-07-22,B01,JAY02,Present,,10:00-17:00
2025-07-22,B01,JAY03,Present,,10:00-17:00
2025-07-22,B01,JAY04,Present,,10:00-17:00
2025-07-22,B01,JAY05,Present,,10:00-17:00
2025-07-22,B01,JAY06,Present,,10:00-17:00
2025-07-22,B01,JAY08,Present,,10:00-17:00
2025-07-22,B01,JAY07,Present,,10:00-17:00
2025-07-22,B02,WHF01,Present,,10:00-17:00
2025-07-22,B02,WHF02,Present,,10:00-17:00
2025-07-22,B02,WHF03,Present,,10:00-17:00
2025-07-22,B02,WHF04,Present,,10:00-17:00
2025-07-22,B02,WHF05,Present,,10:00-17:00
2025-07-22,B02,WHF06,Present,,10:00-17:00
2025-07-22,B02,WHF07,Present,,10:00-17:00
2025-07-22,B03,MAL01,Present,,10:00-17:00
2025-07-22,B03,MAL02,Present,,10:00-17:00
2025-07-22,B03,MAL03,Present,,10:00-17:00
2025-07-22,B03,MAL04,Present,,10:00-17:00
2025-07-22,B03,MAL05,Present,,10:00-17:00
2025-07-22,B03,MAL06,Present,,10:00-17:00
2025-07-22,B03,MAL07,Present,,10:00-17:00
2025-07-22,B04,HSK01,Present,,10:00-17:00
2025-07-22,B04,HSK02,Present,,10:00-17:00
2025-07-22,B04,HSK03,Present,,10:00-17:00
2025-07-22,B04,HSK04,Present,,10:00-17:00
2025-07-22,B04,HSK05,Leave,Sick / unplanned,
2025-07-22,B05,DEV01,Present,,10:00-17:00
2025-07-22,B05,DEV02,Present,,10:00-17:00
2025-07-22,B05,DEV03,Present,,10:00-17:00
2025-07-22,B05,DEV04,Present,,10:00-17:00
2025-07-23,B01,JAY01,Present,,10:00-17:00
2025-07-23,B01,JAY02,Present,,10:00-17:00
2025-07-23,B01,JAY03,Present,,10:00-17:00
2025-07-23,B01,JAY04,Present,,10:00-17:00
2025-07-23,B01,JAY05,Present,,10:00-17:00
2025-07-23,B01,JAY06,Present,,10:00-17:00
2025-07-23,B01,JAY08,Present,,10:00-17:00
2025-07-23,B01,JAY07,Present,,10:00-17:00
2025-07-23,B02,WHF01,Present,,10:00-17:00
2025-07-23,B02,WHF02,Present,,10:00-17:00
2025-07-23,B02,WHF03,Present,,10:00-17:00
2025-07-23,B02,WHF04,Present,,10:00-17:00
2025-07-23,B02,WHF05,Present,,10:00-17:00
2025-07-23,B02,WHF06,Present,,10:00-17:00
2025-07-23,B02,WHF07,Present,,10:00-17:00
2025-07-23,B03,MAL01,Present,,10:00-17:00
2025-07-23,B03,MAL02,Present,,10:00-17:00
2025-07-23,B03,MAL03,Present,,10:00-17:00
2025-07-23,B03,MAL04,Present,,10:00-17:00
2025-07-23,B03,MAL05,Present,,10:00-17:00
2025-07-23,B03,MAL06,Present,,10:00-17:00
2025-07-23,B03,MAL07,Present,,10:00-17:00
2025-07-23,B04,HSK01,Present,,10:00-17:00
2025-07-23,B04,HSK02,Present,,10:00-17:00
2025-07-23,B04,HSK03,Present,,10:00-17:00
2025-07-23,B04,HSK04,Present,,10:00-17:00
2025-07-23,B04,HSK05,Present,,10:00-17:00
2025-07-23,B05,DEV01,Present,,10:00-17:00
2025-07-23,B05,DEV02,Present,,10:00-17:00
2025-07-23,B05,DEV03,Present,,10:00-17:00
2025-07-23,B05,DEV04,Present,,10:00-17:00
2025-07-24,B01,JAY01,Leave,Sick / unplanned,
2025-07-24,B01,JAY02,Present,,10:00-17:00
2025-07-24,B01,JAY03,Present,,10:00-17:00
2025-07-24,B01,JAY04,Present,,10:00-17:00
2025-07-24,B01,JAY05,Present,,10:00-17:00
2025-07-24,B01,JAY06,Present,,10:00-17:00
2025-07-24,B01,JAY08,Present,,10:00-17:00
2025-07-24,B01,JAY07,Present,,10:00-17:00
2025-07-24,B02,WHF01,Present,,10:00-17:00
2025-07-24,B02,WHF02,Present,,10:00-17:00
2025-07-24,B02,WHF03,Present,,10:00-17:00
2025-07-24,B02,WHF04,Present,,10:00-17:00
2025-07-24,B02,WHF05,Present,,10:00-17:00
2025-07-24,B02,WHF06,Present,,10:00-17:00
2025-07-24,B02,WHF07,Present,,10:00-17:00
2025-07-24,B03,MAL01,Present,,10:00-17:00
2025-07-24,B03,MAL02,Present,,10:00-17:00
2025-07-24,B03,MAL03,Leave,Sick / unplanned,
2025-07-24,B03,MAL04,Present,,10:00-17:00
2025-07-24,B03,MAL05,Present,,10:00-17:00
2025-07-24,B03,MAL06,Present,,10:00-17:00
2025-07-24,B03,MAL07,Present,,10:00-17:00
2025-07-24,B04,HSK01,Present,,10:00-17:00
2025-07-24,B04,HSK02,Present,,10:00-17:00
2025-07-24,B04,HSK03,Present,,10:00-17:00
2025-07-24,B04,HSK04,Present,,10:00-17:00
2025-07-24,B04,HSK05,Present,,10:00-17:00
2025-07-24,B05,DEV01,Present,,10:00-17:00
2025-07-24,B05,DEV02,Present,,10:00-17:00
2025-07-24,B05,DEV03,Present,,10:00-17:00
2025-07-24,B05,DEV04,Present,,10:00-17:00
2025-07-25,B01,JAY01,Present,,10:00-17:00
2025-07-25,B01,JAY02,Present,,10:00-17:00
2025-07-25,B01,JAY03,Present,,10:00-17:00
2025-07-25,B01,JAY04,Present,,10:00-17:00
2025-07-25,B01,JAY05,Present,,10:00-17:00
2025-07-25,B01,JAY06,Present,,10:00-17:00
2025-07-25,B01,JAY08,Present,,10:00-17:00
2025-07-25,B01,JAY07,Present,,10:00-17:00
2025-07-25,B02,WHF01,Present,,10:00-17:00
2025-07-25,B02,WHF02,Leave,Sick / unplanned,
2025-07-25,B02,WHF03,Present,,10:00-17:00
2025-07-25,B02,WHF04,Present,,10:00-17:00
2025-07-25,B02,WHF05,Present,,10:00-17:00
2025-07-25,B02,WHF06,Present,,10:00-17:00
2025-07-25,B02,WHF07,Present,,10:00-17:00
2025-07-25,B03,MAL01,Present,,10:00-17:00
2025-07-25,B03,MAL02,Present,,10:00-17:00
2025-07-25,B03,MAL03,Present,,10:00-17:00
2025-07-25,B03,MAL04,Present,,10:00-17:00
2025-07-25,B03,MAL05,Present,,10:00-17:00
2025-07-25,B03,MAL06,Present,,10:00-17:00
2025-07-25,B03,MAL07,Present,,10:00-17:00
2025-07-25,B04,HSK01,Present,,10:00-17:00
2025-07-25,B04,HSK02,Present,,10:00-17:00
2025-07-25,B04,HSK03,Present,,10:00-17:00
2025-07-25,B04,HSK04,Present,,10:00-17:00
2025-07-25,B04,HSK05,Present,,10:00-17:00
2025-07-25,B05,DEV01,Present,,10:00-17:00
2025-07-25,B05,DEV02,Present,,10:00-17:00
2025-07-25,B05,DEV03,Present,,10:00-17:00
2025-07-25,B05,DEV04,Present,,10:00-17:00
2025-07-28,B01,JAY01,Present,,10:00-17:00
2025-07-28,B01,JAY02,Present,,10:00-17:00
2025-07-28,B01,JAY03,Present,,10:00-17:00
2025-07-28,B01,JAY04,Present,,10:00-17:00
2025-07-28,B01,JAY05,Present,,10:00-17:00
2025-07-28,B01,JAY06,Present,,10:00-17:00
2025-07-28,B01,JAY08,Present,,10:00-17:00
2025-07-28,B01,JAY07,Present,,10:00-17:00
2025-07-28,B02,WHF01,Present,,10:00-17:00
2025-07-28,B02,WHF02,Present,,10:00-17:00
2025-07-28,B02,WHF03,Present,,10:00-17:00
2025-07-28,B02,WHF04,Present,,10:00-17:00
2025-07-28,B02,WHF05,Present,,10:00-17:00
2025-07-28,B02,WHF06,Present,,10:00-17:00
2025-07-28,B02,WHF07,Present,,10:00-17:00
2025-07-28,B03,MAL01,Present,,10:00-17:00
2025-07-28,B03,MAL02,Present,,10:00-17:00
2025-07-28,B03,MAL03,Present,,10:00-17:00
2025-07-28,B03,MAL04,Present,,10:00-17:00
2025-07-28,B03,MAL05,Present,,10:00-17:00
2025-07-28,B03,MAL06,Present,,10:00-17:00
2025-07-28,B03,MAL07,Leave,Sick / unplanned,
2025-07-28,B04,HSK01,Present,,10:00-17:00
2025-07-28,B04,HSK02,Present,,10:00-17:00
2025-07-28,B04,HSK03,Present,,10:00-17:00
2025-07-28,B04,HSK04,Present,,10:00-17:00
2025-07-28,B04,HSK05,Present,,10:00-17:00
2025-07-28,B05,DEV01,Present,,10:00-17:00
2025-07-28,B05,DEV02,Present,,10:00-17:00
2025-07-28,B05,DEV03,Present,,10:00-17:00
2025-07-28,B05,DEV04,Present,,10:00-17:00
2025-07-29,B01,JAY01,Present,,10:00-17:00
2025-07-29,B01,JAY02,Present,,10:00-17:00
2025-07-29,B01,JAY03,Present,,10:00-17:00
2025-07-29,B01,JAY04,Present,,10:00-17:00
2025-07-29,B01,JAY05,Present,,10:00-17:00
2025-07-29,B01,JAY06,Present,,10:00-17:00
2025-07-29,B01,JAY08,Present,,10:00-17:00
2025-07-29,B01,JAY07,Present,,10:00-17:00
2025-07-29,B02,WHF01,Present,,10:00-17:00
2025-07-29,B02,WHF02,Present,,10:00-17:00
2025-07-29,B02,WHF03,Present,,10:00-17:00
2025-07-29,B02,WHF04,Present,,10:00-17:00
2025-07-29,B02,WHF05,Present,,10:00-17:00
2025-07-29,B02,WHF06,Present,,10:00-17:00
2025-07-29,B02,WHF07,Present,,10:00-17:00
2025-07-29,B03,MAL01,Present,,10:00-17:00
2025-07-29,B03,MAL02,Present,,10:00-17:00
2025-07-29,B03,MAL03,Present,,10:00-17:00
2025-07-29,B03,MAL04,Leave,Sick / unplanned,
2025-07-29,B03,MAL05,Present,,10:00-17:00
2025-07-29,B03,MAL06,Present,,10:00-17:00
2025-07-29,B03,MAL07,Present,,10:00-17:00
2025-07-29,B04,HSK01,Present,,10:00-17:00
2025-07-29,B04,HSK02,Present,,10:00-17:00
2025-07-29,B04,HSK03,Present,,10:00-17:00
2025-07-29,B04,HSK04,Present,,10:00-17:00
2025-07-29,B04,HSK05,Present,,10:00-17:00
2025-07-29,B05,DEV01,Present,,10:00-17:00
2025-07-29,B05,DEV02,Present,,10:00-17:00
2025-07-29,B05,DEV03,Present,,10:00-17:00
2025-07-29,B05,DEV04,Present,,10:00-17:00
2025-07-30,B01,JAY01,Present,,10:00-17:00
2025-07-30,B01,JAY02,Present,,10:00-17:00
2025-07-30,B01,JAY03,Present,,10:00-17:00
2025-07-30,B01,JAY04,Present,,10:00-17:00
2025-07-30,B01,JAY05,Present,,10:00-17:00
2025-07-30,B01,JAY06,Present,,10:00-17:00
2025-07-30,B01,JAY08,Present,,10:00-17:00
2025-07-30,B01,JAY07,Present,,10:00-17:00
2025-07-30,B02,WHF01,Present,,10:00-17:00
2025-07-30,B02,WHF02,Present,,10:00-17:00
2025-07-30,B02,WHF03,Present,,10:00-17:00
2025-07-30,B02,WHF04,Present,,10:00-17:00
2025-07-30,B02,WHF05,Present,,10:00-17:00
2025-07-30,B02,WHF06,Present,,10:00-17:00
2025-07-30,B02,WHF07,Present,,10:00-17:00
2025-07-30,B03,MAL01,Leave,Sick / unplanned,
2025-07-30,B03,MAL02,Present,,10:00-17:00
2025-07-30,B03,MAL03,Present,,10:00-17:00
2025-07-30,B03,MAL04,Present,,10:00-17:00
2025-07-30,B03,MAL05,Leave,Sick / unplanned,
2025-07-30,B03,MAL06,Present,,10:00-17:00
2025-07-30,B03,MAL07,Present,,10:00-17:00
2025-07-30,B04,HSK01,Present,,10:00-17:00
2025-07-30,B04,HSK02,Leave,Sick / unplanned,
2025-07-30,B04,HSK03,Present,,10:00-17:00
2025-07-30,B04,HSK04,Present,,10:00-17:00
2025-07-30,B04,HSK05,Present,,10:00-17:00
2025-07-30,B05,DEV01,Present,,10:00-17:00
2025-07-30,B05,DEV02,Present,,10:00-17:00
2025-07-30,B05,DEV03,Present,,10:00-17:00
2025-07-30,B05,DEV04,Present,,10:00-17:00
2025-07-31,B01,JAY01,Present,,10:00-17:00
2025-07-31,B01,JAY02,Present,,10:00-17:00
2025-07-31,B01,JAY03,Present,,10:00-17:00
2025-07-31,B01,JAY04,Present,,10:00-17:00
2025-07-31,B01,JAY05,Present,,10:00-17:00
2025-07-31,B01,JAY06,Present,,10:00-17:00
2025-07-31,B01,JAY08,Present,,10:00-17:00
2025-07-31,B01,JAY07,Present,,10:00-17:00
2025-07-31,B02,WHF01,Present,,10:00-17:00
2025-07-31,B02,WHF02,Present,,10:00-17:00
2025-07-31,B02,WHF03,Present,,10:00-17:00
2025-07-31,B02,WHF04,Present,,10:00-17:00
2025-07-31,B02,WHF05,Present,,10:00-17:00
2025-07-31,B02,WHF06,Present,,10:00-17:00
2025-07-31,B02,WHF07,Present,,10:00-17:00
2025-07-31,B03,MAL01,Present,,10:00-17:00
2025-07-31,B03,MAL02,Present,,10:00-17:00
2025-07-31,B03,MAL03,Present,,10:00-17:00
2025-07-31,B03,MAL04,Present,,10:00-17:00
2025-07-31,B03,MAL05,Present,,10:00-17:00
2025-07-31,B03,MAL06,Present,,10:00-17:00
2025-07-31,B03,MAL07,Present,,10:00-17:00
2025-07-31,B04,HSK01,Present,,10:00-17:00
2025-07-31,B04,HSK02,Leave,Sick / unplanned,
2025-07-31,B04,HSK03,Present,,10:00-17:00
2025-07-31,B04,HSK04,Present,,10:00-17:00
2025-07-31,B04,HSK05,Present,,10:00-17:00
2025-07-31,B05,DEV01,Present,,10:00-17:00
2025-07-31,B05,DEV02,Present,,10:00-17:00
2025-07-31,B05,DEV03,Present,,10:00-17:00
2025-07-31,B05,DEV04,Present,,10:00-17:00
2025-08-01,B01,JAY01,Present,,10:00-17:00
2025-08-01,B01,JAY02,Present,,10:00-17:00
2025-08-01,B01,JAY03,Present,,10:00-17:00
2025-08-01,B01,JAY04,Present,,10:00-17:00
2025-08-01,B01,JAY05,Present,,10:00-17:00
2025-08-01,B01,JAY06,Present,,10:00-17:00
2025-08-01,B01,JAY08,Present,,10:00-17:00
2025-08-01,B01,JAY07,Present,,10:00-17:00
2025-08-01,B02,WHF01,Present,,10:00-17:00
2025-08-01,B02,WHF02,Present,,10:00-17:00
2025-08-01,B02,WHF03,Present,,10:00-17:00
2025-08-01,B02,WHF04,Present,,10:00-17:00
2025-08-01,B02,WHF05,Present,,10:00-17:00
2025-08-01,B02,WHF06,Present,,10:00-17:00
2025-08-01,B02,WHF07,Present,,10:00-17:00
2025-08-01,B03,MAL01,Present,,10:00-17:00
2025-08-01,B03,MAL02,Present,,10:00-17:00
2025-08-01,B03,MAL03,Present,,10:00-17:00
2025-08-01,B03,MAL04,Present,,10:00-17:00
2025-08-01,B03,MAL05,Present,,10:00-17:00
2025-08-01,B03,MAL06,Present,,10:00-17:00
2025-08-01,B03,MAL07,Present,,10:00-17:00
2025-08-01,B04,HSK01,Present,,10:00-17:00
2025-08-01,B04,HSK02,Present,,10:00-17:00
2025-08-01,B04,HSK03,Present,,10:00-17:00
2025-08-01,B04,HSK04,Present,,10:00-17:00
2025-08-01,B04,HSK05,Present,,10:00-17:00
2025-08-01,B05,DEV01,Present,,10:00-17:00
2025-08-01,B05,DEV02,Present,,10:00-17:00
2025-08-01,B05,DEV03,Present,,10:00-17:00
2025-08-01,B05,DEV04,Present,,10:00-17:00
2025-08-02,B01,JAY01,Leave,Sick / unplanned,
2025-08-02,B01,JAY02,Present,,10:00-17:00
2025-08-02,B01,JAY03,Present,,10:00-17:00
2025-08-02,B01,JAY04,Present,,10:00-17:00
2025-08-02,B01,JAY05,Present,,10:00-17:00
2025-08-02,B01,JAY06,Present,,10:00-17:00
2025-08-02,B01,JAY08,Present,,10:00-17:00
2025-08-02,B01,JAY07,Present,,10:00-17:00
2025-08-02,B02,WHF01,Present,,10:00-17:00
2025-08-02,B02,WHF02,Present,,10:00-17:00
2025-08-02,B02,WHF03,Present,,10:00-17:00
2025-08-02,B02,WHF04,Leave,Sick / unplanned,
2025-08-02,B02,WHF05,Present,,10:00-17:00
2025-08-02,B02,WHF06,Present,,10:00-17:00
2025-08-02,B02,WHF07,Present,,10:00-17:00
2025-08-02,B03,MAL01,Present,,10:00-17:00
2025-08-02,B03,MAL02,Present,,10:00-17:00
2025-08-02,B03,MAL03,Present,,10:00-17:00
2025-08-02,B03,MAL04,Leave,Sick / unplanned,
2025-08-02,B03,MAL05,Present,,10:00-17:00
2025-08-02,B03,MAL06,Present,,10:00-17:00
2025-08-02,B03,MAL07,Present,,10:00-17:00
2025-08-02,B04,HSK01,Present,,10:00-17:00
2025-08-02,B04,HSK02,Present,,10:00-17:00
2025-08-02,B04,HSK03,Present,,10:00-17:00
2025-08-02,B04,HSK04,Present,,10:00-17:00
2025-08-02,B04,HSK05,Present,,10:00-17:00
2025-08-02,B05,DEV01,Present,,10:00-17:00
2025-08-02,B05,DEV02,Present,,10:00-17:00
2025-08-02,B05,DEV03,Present,,10:00-17:00
2025-08-02,B05,DEV04,Present,,10:00-17:00
2025-08-04,B01,JAY01,Present,,10:00-17:00
2025-08-04,B01,JAY02,Present,,10:00-17:00
2025-08-04,B01,JAY03,Present,,10:00-17:00
2025-08-04,B01,JAY04,Present,,10:00-17:00
2025-08-04,B01,JAY05,Present,,10:00-17:00
2025-08-04,B01,JAY06,Present,,10:00-17:00
2025-08-04,B01,JAY08,Present,,10:00-17:00
2025-08-04,B01,JAY07,Present,,10:00-17:00
2025-08-04,B02,WHF01,Present,,10:00-17:00
2025-08-04,B02,WHF02,Present,,10:00-17:00
2025-08-04,B02,WHF03,Present,,10:00-17:00
2025-08-04,B02,WHF04,Present,,10:00-17:00
2025-08-04,B02,WHF05,Present,,10:00-17:00
2025-08-04,B02,WHF06,Present,,10:00-17:00
2025-08-04,B02,WHF07,Present,,10:00-17:00
2025-08-04,B03,MAL01,Present,,10:00-17:00
2025-08-04,B03,MAL02,Present,,10:00-17:00
2025-08-04,B03,MAL03,Present,,10:00-17:00
2025-08-04,B03,MAL04,Present,,10:00-17:00
2025-08-04,B03,MAL05,Present,,10:00-17:00
2025-08-04,B03,MAL06,Present,,10:00-17:00
2025-08-04,B03,MAL07,Present,,10:00-17:00
2025-08-04,B04,HSK01,Present,,10:00-17:00
2025-08-04,B04,HSK02,Present,,10:00-17:00
2025-08-04,B04,HSK03,Present,,10:00-17:00
2025-08-04,B04,HSK04,Present,,10:00-17:00
2025-08-04,B04,HSK05,Present,,10:00-17:00
2025-08-04,B05,DEV01,Present,,10:00-17:00
2025-08-04,B05,DEV02,Present,,10:00-17:00
2025-08-04,B05,DEV03,Present,,10:00-17:00
2025-08-04,B05,DEV04,Present,,10:00-17:00
2025-08-05,B01,JAY01,Present,,10:00-17:00
2025-08-05,B01,JAY02,Present,,10:00-17:00
2025-08-05,B01,JAY03,Present,,10:00-17:00
2025-08-05,B01,JAY04,Present,,10:00-17:00
2025-08-05,B01,JAY05,Present,,10:00-17:00
2025-08-05,B01,JAY06,Present,,10:00-17:00
2025-08-05,B01,JAY08,Present,,10:00-17:00
2025-08-05,B01,JAY07,Present,,10:00-17:00
2025-08-05,B02,WHF01,Present,,10:00-17:00
2025-08-05,B02,WHF02,Present,,10:00-17:00
2025-08-05,B02,WHF03,Present,,10:00-17:00
2025-08-05,B02,WHF04,Present,,10:00-17:00
2025-08-05,B02,WHF05,Present,,10:00-17:00
2025-08-05,B02,WHF06,Present,,10:00-17:00
2025-08-05,B02,WHF07,Present,,10:00-17:00
2025-08-05,B03,MAL01,Present,,10:00-17:00
2025-08-05,B03,MAL02,Present,,10:00-17:00
2025-08-05,B03,MAL03,Present,,10:00-17:00
2025-08-05,B03,MAL04,Present,,10:00-17:00
2025-08-05,B03,MAL05,Present,,10:00-17:00
2025-08-05,B03,MAL06,Present,,10:00-17:00
2025-08-05,B03,MAL07,Present,,10:00-17:00
2025-08-05,B04,HSK01,Present,,10:00-17:00
2025-08-05,B04,HSK02,Present,,10:00-17:00
2025-08-05,B04,HSK03,Present,,10:00-17:00
2025-08-05,B04,HSK04,Present,,10:00-17:00
2025-08-05,B04,HSK05,Present,,10:00-17:00
2025-08-05,B05,DEV01,Present,,10:00-17:00
2025-08-05,B05,DEV02,Present,,10:00-17:00
2025-08-05,B05,DEV03,Present,,10:00-17:00
2025-08-05,B05,DEV04,Present,,10:00-17:00
2025-08-06,B01,JAY01,Present,,10:00-17:00
2025-08-06,B01,JAY02,Present,,10:00-17:00
2025-08-06,B01,JAY03,Present,,10:00-17:00
2025-08-06,B01,JAY04,Present,,10:00-17:00
2025-08-06,B01,JAY05,Present,,10:00-17:00
2025-08-06,B01,JAY06,Present,,10:00-17:00
2025-08-06,B01,JAY08,Present,,10:00-17:00
2025-08-06,B01,JAY07,Present,,10:00-17:00
2025-08-06,B02,WHF01,Present,,10:00-17:00
2025-08-06,B02,WHF02,Present,,10:00-17:00
2025-08-06,B02,WHF03,Present,,10:00-17:00
2025-08-06,B02,WHF04,Present,,10:00-17:00
2025-08-06,B02,WHF05,Present,,10:00-17:00
2025-08-06,B02,WHF06,Present,,10:00-17:00
2025-08-06,B02,WHF07,Present,,10:00-17:00
2025-08-06,B03,MAL01,Present,,10:00-17:00
2025-08-06,B03,MAL02,Present,,10:00-17:00
2025-08-06,B03,MAL03,Present,,10:00-17:00
2025-08-06,B03,MAL04,Leave,Sick / unplanned,
2025-08-06,B03,MAL05,Present,,10:00-17:00
2025-08-06,B03,MAL06,Present,,10:00-17:00
2025-08-06,B03,MAL07,Present,,10:00-17:00
2025-08-06,B04,HSK01,Present,,10:00-17:00
2025-08-06,B04,HSK02,Present,,10:00-17:00
2025-08-06,B04,HSK03,Present,,10:00-17:00
2025-08-06,B04,HSK04,Present,,10:00-17:00
2025-08-06,B04,HSK05,Present,,10:00-17:00
2025-08-06,B05,DEV01,Present,,10:00-17:00
2025-08-06,B05,DEV02,Present,,10:00-17:00
2025-08-06,B05,DEV03,Present,,10:00-17:00
2025-08-06,B05,DEV04,Present,,10:00-17:00
2025-08-07,B01,JAY01,Present,,10:00-17:00
2025-08-07,B01,JAY02,Present,,10:00-17:00
2025-08-07,B01,JAY03,Present,,10:00-17:00
2025-08-07,B01,JAY04,Present,,10:00-17:00
2025-08-07,B01,JAY05,Present,,10:00-17:00
2025-08-07,B01,JAY06,Present,,10:00-17:00
2025-08-07,B01,JAY08,Present,,10:00-17:00
2025-08-07,B01,JAY07,Present,,10:00-17:00
2025-08-07,B02,WHF01,Present,,10:00-17:00
2025-08-07,B02,WHF02,Present,,10:00-17:00
2025-08-07,B02,WHF03,Present,,10:00-17:00
2025-08-07,B02,WHF04,Leave,Sick / unplanned,
2025-08-07,B02,WHF05,Present,,10:00-17:00
2025-08-07,B02,WHF06,Present,,10:00-17:00
2025-08-07,B02,WHF07,Present,,10:00-17:00
2025-08-07,B03,MAL01,Present,,10:00-17:00
2025-08-07,B03,MAL02,Present,,10:00-17:00
2025-08-07,B03,MAL03,Present,,10:00-17:00
2025-08-07,B03,MAL04,Present,,10:00-17:00
2025-08-07,B03,MAL05,Present,,10:00-17:00
2025-08-07,B03,MAL06,Present,,10:00-17:00
2025-08-07,B03,MAL07,Present,,10:00-17:00
2025-08-07,B04,HSK01,Present,,10:00-17:00
2025-08-07,B04,HSK02,Present,,10:00-17:00
2025-08-07,B04,HSK03,Present,,10:00-17:00
2025-08-07,B04,HSK04,Present,,10:00-17:00
2025-08-07,B04,HSK05,Present,,10:00-17:00
2025-08-07,B05,DEV01,Present,,10:00-17:00
2025-08-07,B05,DEV02,Present,,10:00-17:00
2025-08-07,B05,DEV03,Present,,10:00-17:00
2025-08-07,B05,DEV04,Present,,10:00-17:00
2025-08-11,B01,JAY01,Present,,10:00-17:00
2025-08-11,B01,JAY02,Present,,10:00-17:00
2025-08-11,B01,JAY03,Present,,10:00-17:00
2025-08-11,B01,JAY04,Present,,10:00-17:00
2025-08-11,B01,JAY05,Present,,10:00-17:00
2025-08-11,B01,JAY06,Present,,10:00-17:00
2025-08-11,B01,JAY08,Present,,10:00-17:00
2025-08-11,B01,JAY07,Present,,10:00-17:00
2025-08-11,B02,WHF01,Present,,10:00-17:00
2025-08-11,B02,WHF02,Present,,10:00-17:00
2025-08-11,B02,WHF03,Present,,10:00-17:00
2025-08-11,B02,WHF04,Present,,10:00-17:00
2025-08-11,B02,WHF05,Present,,10:00-17:00
2025-08-11,B02,WHF06,Present,,10:00-17:00
2025-08-11,B02,WHF07,Present,,10:00-17:00
2025-08-11,B03,MAL01,Present,,10:00-17:00
2025-08-11,B03,MAL02,Present,,10:00-17:00
2025-08-11,B03,MAL03,Present,,10:00-17:00
2025-08-11,B03,MAL04,Present,,10:00-17:00
2025-08-11,B03,MAL05,Present,,10:00-17:00
2025-08-11,B03,MAL06,Present,,10:00-17:00
2025-08-11,B03,MAL07,Present,,10:00-17:00
2025-08-11,B04,HSK01,Present,,10:00-17:00
2025-08-11,B04,HSK02,Present,,10:00-17:00
2025-08-11,B04,HSK03,Present,,10:00-17:00
2025-08-11,B04,HSK04,Present,,10:00-17:00
2025-08-11,B04,HSK05,Present,,10:00-17:00
2025-08-11,B05,DEV01,Present,,10:00-17:00
2025-08-11,B05,DEV02,Present,,10:00-17:00
2025-08-11,B05,DEV03,Leave,Sick / unplanned,
2025-08-11,B05,DEV04,Present,,10:00-17:00
2025-08-12,B01,JAY01,Present,,10:00-17:00
2025-08-12,B01,JAY02,Present,,10:00-17:00
2025-08-12,B01,JAY03,Present,,10:00-17:00
2025-08-12,B01,JAY04,Present,,10:00-17:00
2025-08-12,B01,JAY05,Present,,10:00-17:00
2025-08-12,B01,JAY06,Present,,10:00-17:00
2025-08-12,B01,JAY08,Present,,10:00-17:00
2025-08-12,B01,JAY07,Present,,10:00-17:00
2025-08-12,B02,WHF01,Present,,10:00-17:00
2025-08-12,B02,WHF02,Present,,10:00-17:00
2025-08-12,B02,WHF03,Present,,10:00-17:00
2025-08-12,B02,WHF04,Present,,10:00-17:00
2025-08-12,B02,WHF05,Present,,10:00-17:00
2025-08-12,B02,WHF06,Present,,10:00-17:00
2025-08-12,B02,WHF07,Present,,10:00-17:00
2025-08-12,B03,MAL01,Present,,10:00-17:00
2025-08-12,B03,MAL02,Present,,10:00-17:00
2025-08-12,B03,MAL03,Present,,10:00-17:00
2025-08-12,B03,MAL04,Present,,10:00-17:00
2025-08-12,B03,MAL05,Present,,10:00-17:00
2025-08-12,B03,MAL06,Present,,10:00-17:00
2025-08-12,B03,MAL07,Present,,10:00-17:00
2025-08-12,B04,HSK01,Present,,10:00-17:00
2025-08-12,B04,HSK02,Present,,10:00-17:00
2025-08-12,B04,HSK03,Present,,10:00-17:00
2025-08-12,B04,HSK04,Present,,10:00-17:00
2025-08-12,B04,HSK05,Present,,10:00-17:00
2025-08-12,B05,DEV01,Present,,10:00-17:00
2025-08-12,B05,DEV02,Present,,10:00-17:00
2025-08-12,B05,DEV03,Present,,10:00-17:00
2025-08-12,B05,DEV04,Present,,10:00-17:00
2025-08-13,B01,JAY01,Present,,10:00-17:00
2025-08-13,B01,JAY02,Leave,Sick / unplanned,
2025-08-13,B01,JAY03,Present,,10:00-17:00
2025-08-13,B01,JAY04,Present,,10:00-17:00
2025-08-13,B01,JAY05,Present,,10:00-17:00
2025-08-13,B01,JAY06,Present,,10:00-17:00
2025-08-13,B01,JAY08,Present,,10:00-17:00
2025-08-13,B01,JAY07,Present,,10:00-17:00
2025-08-13,B02,WHF01,Present,,10:00-17:00
2025-08-13,B02,WHF02,Present,,10:00-17:00
2025-08-13,B02,WHF03,Present,,10:00-17:00
2025-08-13,B02,WHF04,Present,,10:00-17:00
2025-08-13,B02,WHF05,Present,,10:00-17:00
2025-08-13,B02,WHF06,Present,,10:00-17:00
2025-08-13,B02,WHF07,Present,,10:00-17:00
2025-08-13,B03,MAL01,Present,,10:00-17:00
2025-08-13,B03,MAL02,Present,,10:00-17:00
2025-08-13,B03,MAL03,Present,,10:00-17:00
2025-08-13,B03,MAL04,Present,,10:00-17:00
2025-08-13,B03,MAL05,Present,,10:00-17:00
2025-08-13,B03,MAL06,Leave,Sick / unplanned,
2025-08-13,B03,MAL07,Present,,10:00-17:00
2025-08-13,B04,HSK01,Present,,10:00-17:00
2025-08-13,B04,HSK02,Leave,Sick / unplanned,
2025-08-13,B04,HSK03,Present,,10:00-17:00
2025-08-13,B04,HSK04,Present,,10:00-17:00
2025-08-13,B04,HSK05,Present,,10:00-17:00
2025-08-13,B05,DEV01,Present,,10:00-17:00
2025-08-13,B05,DEV02,Present,,10:00-17:00
2025-08-13,B05,DEV03,Leave,Sick / unplanned,
2025-08-13,B05,DEV04,Present,,10:00-17:00
2025-08-14,B01,JAY01,Present,,10:00-17:00
2025-08-14,B01,JAY02,Present,,10:00-17:00
2025-08-14,B01,JAY03,Present,,10:00-17:00
2025-08-14,B01,JAY04,Present,,10:00-17:00
2025-08-14,B01,JAY05,Present,,10:00-17:00
2025-08-14,B01,JAY06,Present,,10:00-17:00
2025-08-14,B01,JAY08,Leave,Sick / unplanned,
2025-08-14,B01,JAY07,Present,,10:00-17:00
2025-08-14,B02,WHF01,Present,,10:00-17:00
2025-08-14,B02,WHF02,Present,,10:00-17:00
2025-08-14,B02,WHF03,Present,,10:00-17:00
2025-08-14,B02,WHF04,Present,,10:00-17:00
2025-08-14,B02,WHF05,Present,,10:00-17:00
2025-08-14,B02,WHF06,Leave,Sick / unplanned,
2025-08-14,B02,WHF07,Present,,10:00-17:00
2025-08-14,B03,MAL01,Present,,10:00-17:00
2025-08-14,B03,MAL02,Present,,10:00-17:00
2025-08-14,B03,MAL03,Present,,10:00-17:00
2025-08-14,B03,MAL04,Present,,10:00-17:00
2025-08-14,B03,MAL05,Present,,10:00-17:00
2025-08-14,B03,MAL06,Present,,10:00-17:00
2025-08-14,B03,MAL07,Present,,10:00-17:00
2025-08-14,B04,HSK01,Present,,10:00-17:00
2025-08-14,B04,HSK02,Present,,10:00-17:00
2025-08-14,B04,HSK03,Present,,10:00-17:00
2025-08-14,B04,HSK04,Present,,10:00-17:00
2025-08-14,B04,HSK05,Present,,10:00-17:00
2025-08-14,B05,DEV01,Present,,10:00-17:00
2025-08-14,B05,DEV02,Present,,10:00-17:00
2025-08-14,B05,DEV03,Present,,10:00-17:00
2025-08-14,B05,DEV04,Present,,10:00-17:00
2025-08-16,B01,JAY01,Present,,10:00-17:00
2025-08-16,B01,JAY02,Present,,10:00-17:00
2025-08-16,B01,JAY03,Present,,10:00-17:00
2025-08-16,B01,JAY04,Present,,10:00-17:00
2025-08-16,B01,JAY05,Present,,10:00-17:00
2025-08-16,B01,JAY06,Present,,10:00-17:00
2025-08-16,B01,JAY08,Present,,10:00-17:00
2025-08-16,B01,JAY07,Present,,10:00-17:00
2025-08-16,B02,WHF01,Present,,10:00-17:00
2025-08-16,B02,WHF02,Present,,10:00-17:00
2025-08-16,B02,WHF03,Present,,10:00-17:00
2025-08-16,B02,WHF04,Present,,10:00-17:00
2025-08-16,B02,WHF05,Present,,10:00-17:00
2025-08-16,B02,WHF06,Present,,10:00-17:00
2025-08-16,B02,WHF07,Leave,Sick / unplanned,
2025-08-16,B03,MAL01,Present,,10:00-17:00
2025-08-16,B03,MAL02,Leave,Sick / unplanned,
2025-08-16,B03,MAL03,Present,,10:00-17:00
2025-08-16,B03,MAL04,Present,,10:00-17:00
2025-08-16,B03,MAL05,Present,,10:00-17:00
2025-08-16,B03,MAL06,Present,,10:00-17:00
2025-08-16,B03,MAL07,Present,,10:00-17:00
2025-08-16,B04,HSK01,Present,,10:00-17:00
2025-08-16,B04,HSK02,Present,,10:00-17:00
2025-08-16,B04,HSK03,Present,,10:00-17:00
2025-08-16,B04,HSK04,Present,,10:00-17:00
2025-08-16,B04,HSK05,Present,,10:00-17:00
2025-08-16,B05,DEV01,Present,,10:00-17:00
2025-08-16,B05,DEV02,Present,,10:00-17:00
2025-08-16,B05,DEV03,Present,,10:00-17:00
2025-08-16,B05,DEV04,Present,,10:00-17:00
2025-08-18,B01,JAY01,Present,,10:00-17:00
2025-08-18,B01,JAY02,Present,,10:00-17:00
2025-08-18,B01,JAY03,Present,,10:00-17:00
2025-08-18,B01,JAY04,Present,,10:00-17:00
2025-08-18,B01,JAY05,Present,,10:00-17:00
2025-08-18,B01,JAY06,Present,,10:00-17:00
2025-08-18,B01,JAY08,Present,,10:00-17:00
2025-08-18,B01,JAY07,Present,,10:00-17:00
2025-08-18,B02,WHF01,Present,,10:00-17:00
2025-08-18,B02,WHF02,Present,,10:00-17:00
2025-08-18,B02,WHF03,Present,,10:00-17:00
2025-08-18,B02,WHF04,Present,,10:00-17:00
2025-08-18,B02,WHF05,Present,,10:00-17:00
2025-08-18,B02,WHF06,Present,,10:00-17:00
2025-08-18,B02,WHF07,Leave,Sick / unplanned,
2025-08-18,B03,MAL01,Present,,10:00-17:00
2025-08-18,B03,MAL02,Present,,10:00-17:00
2025-08-18,B03,MAL03,Present,,10:00-17:00
2025-08-18,B03,MAL04,Present,,10:00-17:00
2025-08-18,B03,MAL05,Present,,10:00-17:00
2025-08-18,B03,MAL06,Present,,10:00-17:00
2025-08-18,B03,MAL07,Present,,10:00-17:00
2025-08-18,B04,HSK01,Present,,10:00-17:00
2025-08-18,B04,HSK02,Present,,10:00-17:00
2025-08-18,B04,HSK03,Present,,10:00-17:00
2025-08-18,B04,HSK04,Present,,10:00-17:00
2025-08-18,B04,HSK05,Present,,10:00-17:00
2025-08-18,B05,DEV01,Present,,10:00-17:00
2025-08-18,B05,DEV02,Present,,10:00-17:00
2025-08-18,B05,DEV03,Present,,10:00-17:00
2025-08-18,B05,DEV04,Present,,10:00-17:00
2025-08-19,B01,JAY01,Present,,10:00-17:00
2025-08-19,B01,JAY02,Present,,10:00-17:00
2025-08-19,B01,JAY03,Present,,10:00-17:00
2025-08-19,B01,JAY04,Present,,10:00-17:00
2025-08-19,B01,JAY05,Present,,10:00-17:00
2025-08-19,B01,JAY06,Present,,10:00-17:00
2025-08-19,B01,JAY08,Present,,10:00-17:00
2025-08-19,B01,JAY07,Present,,10:00-17:00
2025-08-19,B02,WHF01,Present,,10:00-17:00
2025-08-19,B02,WHF02,Present,,10:00-17:00
2025-08-19,B02,WHF03,Present,,10:00-17:00
2025-08-19,B02,WHF04,Present,,10:00-17:00
2025-08-19,B02,WHF05,Present,,10:00-17:00
2025-08-19,B02,WHF06,Present,,10:00-17:00
2025-08-19,B02,WHF07,Present,,10:00-17:00
2025-08-19,B03,MAL01,Present,,10:00-17:00
2025-08-19,B03,MAL02,Present,,10:00-17:00
2025-08-19,B03,MAL03,Present,,10:00-17:00
2025-08-19,B03,MAL04,Present,,10:00-17:00
2025-08-19,B03,MAL05,Present,,10:00-17:00
2025-08-19,B03,MAL06,Present,,10:00-17:00
2025-08-19,B03,MAL07,Present,,10:00-17:00
2025-08-19,B04,HSK01,Present,,10:00-17:00
2025-08-19,B04,HSK02,Present,,10:00-17:00
2025-08-19,B04,HSK03,Present,,10:00-17:00
2025-08-19,B04,HSK04,Present,,10:00-17:00
2025-08-19,B04,HSK05,Present,,10:00-17:00
2025-08-19,B05,DEV01,Present,,10:00-17:00
2025-08-19,B05,DEV02,Present,,10:00-17:00
2025-08-19,B05,DEV03,Present,,10:00-17:00
2025-08-19,B05,DEV04,Leave,Sick / unplanned,
2025-08-20,B01,JAY01,Present,,10:00-17:00
2025-08-20,B01,JAY02,Present,,10:00-17:00
2025-08-20,B01,JAY03,Present,,10:00-17:00
2025-08-20,B01,JAY04,Present,,10:00-17:00
2025-08-20,B01,JAY05,Present,,10:00-17:00
2025-08-20,B01,JAY06,Present,,10:00-17:00
2025-08-20,B01,JAY08,Present,,10:00-17:00
2025-08-20,B01,JAY07,Present,,10:00-17:00
2025-08-20,B02,WHF01,Present,,10:00-17:00
2025-08-20,B02,WHF02,Present,,10:00-17:00
2025-08-20,B02,WHF03,Present,,10:00-17:00
2025-08-20,B02,WHF04,Present,,10:00-17:00
2025-08-20,B02,WHF05,Present,,10:00-17:00
2025-08-20,B02,WHF06,Present,,10:00-17:00
2025-08-20,B02,WHF07,Present,,10:00-17:00
2025-08-20,B03,MAL01,Present,,10:00-17:00
2025-08-20,B03,MAL02,Present,,10:00-17:00
2025-08-20,B03,MAL03,Present,,10:00-17:00
2025-08-20,B03,MAL04,Present,,10:00-17:00
2025-08-20,B03,MAL05,Present,,10:00-17:00
2025-08-20,B03,MAL06,Present,,10:00-17:00
2025-08-20,B03,MAL07,Present,,10:00-17:00
2025-08-20,B04,HSK01,Present,,10:00-17:00
2025-08-20,B04,HSK02,Present,,10:00-17:00
2025-08-20,B04,HSK03,Present,,10:00-17:00
2025-08-20,B04,HSK04,Present,,10:00-17:00
2025-08-20,B04,HSK05,Present,,10:00-17:00
2025-08-20,B05,DEV01,Present,,10:00-17:00
2025-08-20,B05,DEV02,Present,,10:00-17:00
2025-08-20,B05,DEV03,Present,,10:00-17:00
2025-08-20,B05,DEV04,Present,,10:00-17:00
2025-08-21,B01,JAY01,Present,,10:00-17:00
2025-08-21,B01,JAY02,Present,,10:00-17:00
2025-08-21,B01,JAY03,Present,,10:00-17:00
2025-08-21,B01,JAY04,Present,,10:00-17:00
2025-08-21,B01,JAY05,Present,,10:00-17:00
2025-08-21,B01,JAY06,Present,,10:00-17:00
2025-08-21,B01,JAY08,Present,,10:00-17:00
2025-08-21,B01,JAY07,Present,,10:00-17:00
2025-08-21,B02,WHF01,Present,,10:00-17:00
2025-08-21,B02,WHF02,Present,,10:00-17:00
2025-08-21,B02,WHF03,Present,,10:00-17:00
2025-08-21,B02,WHF04,Present,,10:00-17:00
2025-08-21,B02,WHF05,Leave,Sick / unplanned,
2025-08-21,B02,WHF06,Present,,10:00-17:00
2025-08-21,B02,WHF07,Present,,10:00-17:00
2025-08-21,B03,MAL01,Present,,10:00-17:00
2025-08-21,B03,MAL02,Present,,10:00-17:00
2025-08-21,B03,MAL03,Leave,Sick / unplanned,
2025-08-21,B03,MAL04,Present,,10:00-17:00
2025-08-21,B03,MAL05,Present,,10:00-17:00
2025-08-21,B03,MAL06,Present,,10:00-17:00
2025-08-21,B03,MAL07,Present,,10:00-17:00
2025-08-21,B04,HSK01,Present,,10:00-17:00
2025-08-21,B04,HSK02,Present,,10:00-17:00
2025-08-21,B04,HSK03,Present,,10:00-17:00
2025-08-21,B04,HSK04,Present,,10:00-17:00
2025-08-21,B04,HSK05,Present,,10:00-17:00
2025-08-21,B05,DEV01,Present,,10:00-17:00
2025-08-21,B05,DEV02,Present,,10:00-17:00
2025-08-21,B05,DEV03,Present,,10:00-17:00
2025-08-21,B05,DEV04,Present,,10:00-17:00
2025-08-22,B01,JAY01,Present,,10:00-17:00
2025-08-22,B01,JAY02,Present,,10:00-17:00
2025-08-22,B01,JAY03,Present,,10:00-17:00
2025-08-22,B01,JAY04,Present,,10:00-17:00
2025-08-22,B01,JAY05,Present,,10:00-17:00
2025-08-22,B01,JAY06,Present,,10:00-17:00
2025-08-22,B01,JAY08,Present,,10:00-17:00
2025-08-22,B01,JAY07,Present,,10:00-17:00
2025-08-22,B02,WHF01,Present,,10:00-17:00
2025-08-22,B02,WHF02,Present,,10:00-17:00
2025-08-22,B02,WHF03,Present,,10:00-17:00
2025-08-22,B02,WHF04,Present,,10:00-17:00
2025-08-22,B02,WHF05,Present,,10:00-17:00
2025-08-22,B02,WHF06,Present,,10:00-17:00
2025-08-22,B02,WHF07,Present,,10:00-17:00
2025-08-22,B03,MAL01,Present,,10:00-17:00
2025-08-22,B03,MAL02,Leave,Sick / unplanned,
2025-08-22,B03,MAL03,Present,,10:00-17:00
2025-08-22,B03,MAL04,Present,,10:00-17:00
2025-08-22,B03,MAL05,Present,,10:00-17:00
2025-08-22,B03,MAL06,Present,,10:00-17:00
2025-08-22,B03,MAL07,Present,,10:00-17:00
2025-08-22,B04,HSK01,Present,,10:00-17:00
2025-08-22,B04,HSK02,Present,,10:00-17:00
2025-08-22,B04,HSK03,Present,,10:00-17:00
2025-08-22,B04,HSK04,Present,,10:00-17:00
2025-08-22,B04,HSK05,Present,,10:00-17:00
2025-08-22,B05,DEV01,Present,,10:00-17:00
2025-08-22,B05,DEV02,Present,,10:00-17:00
2025-08-22,B05,DEV03,Present,,10:00-17:00
2025-08-22,B05,DEV04,Present,,10:00-17:00
2025-08-25,B01,JAY01,Present,,10:00-17:00
2025-08-25,B01,JAY02,Present,,10:00-17:00
2025-08-25,B01,JAY03,Present,,10:00-17:00
2025-08-25,B01,JAY04,Present,,10:00-17:00
2025-08-25,B01,JAY05,Present,,10:00-17:00
2025-08-25,B01,JAY06,Present,,10:00-17:00
2025-08-25,B01,JAY08,Present,,10:00-17:00
2025-08-25,B01,JAY07,Present,,10:00-17:00
2025-08-25,B02,WHF01,Present,,10:00-17:00
2025-08-25,B02,WHF02,Present,,10:00-17:00
2025-08-25,B02,WHF03,Present,,10:00-17:00
2025-08-25,B02,WHF04,Present,,10:00-17:00
2025-08-25,B02,WHF05,Present,,10:00-17:00
2025-08-25,B02,WHF06,Present,,10:00-17:00
2025-08-25,B02,WHF07,Present,,10:00-17:00
2025-08-25,B03,MAL01,Present,,10:00-17:00
2025-08-25,B03,MAL02,Present,,10:00-17:00
2025-08-25,B03,MAL03,Present,,10:00-17:00
2025-08-25,B03,MAL04,Present,,10:00-17:00
2025-08-25,B03,MAL05,Present,,10:00-17:00
2025-08-25,B03,MAL06,Present,,10:00-17:00
2025-08-25,B03,MAL07,Present,,10:00-17:00
2025-08-25,B04,HSK01,Present,,10:00-17:00
2025-08-25,B04,HSK02,Present,,10:00-17:00
2025-08-25,B04,HSK03,Present,,10:00-17:00
2025-08-25,B04,HSK04,Present,,10:00-17:00
2025-08-25,B04,HSK05,Present,,10:00-17:00
2025-08-25,B05,DEV01,Present,,10:00-17:00
2025-08-25,B05,DEV02,Present,,10:00-17:00
2025-08-25,B05,DEV03,Present,,10:00-17:00
2025-08-25,B05,DEV04,Present,,10:00-17:00
2025-08-26,B01,JAY01,Present,,10:00-17:00
2025-08-26,B01,JAY02,Present,,10:00-17:00
2025-08-26,B01,JAY03,Present,,10:00-17:00
2025-08-26,B01,JAY04,Present,,10:00-17:00
2025-08-26,B01,JAY05,Present,,10:00-17:00
2025-08-26,B01,JAY06,Present,,10:00-17:00
2025-08-26,B01,JAY08,Present,,10:00-17:00
2025-08-26,B01,JAY07,Present,,10:00-17:00
2025-08-26,B02,WHF01,Leave,Sick / unplanned,
2025-08-26,B02,WHF02,Present,,10:00-17:00
2025-08-26,B02,WHF03,Present,,10:00-17:00
2025-08-26,B02,WHF04,Present,,10:00-17:00
2025-08-26,B02,WHF05,Present,,10:00-17:00
2025-08-26,B02,WHF06,Present,,10:00-17:00
2025-08-26,B02,WHF07,Present,,10:00-17:00
2025-08-26,B03,MAL01,Present,,10:00-17:00
2025-08-26,B03,MAL02,Present,,10:00-17:00
2025-08-26,B03,MAL03,Present,,10:00-17:00
2025-08-26,B03,MAL04,Present,,10:00-17:00
2025-08-26,B03,MAL05,Present,,10:00-17:00
2025-08-26,B03,MAL06,Present,,10:00-17:00
2025-08-26,B03,MAL07,Present,,10:00-17:00
2025-08-26,B04,HSK01,Present,,10:00-17:00
2025-08-26,B04,HSK02,Leave,Sick / unplanned,
2025-08-26,B04,HSK03,Present,,10:00-17:00
2025-08-26,B04,HSK04,Present,,10:00-17:00
2025-08-26,B04,HSK05,Present,,10:00-17:00
2025-08-26,B05,DEV01,Present,,10:00-17:00
2025-08-26,B05,DEV02,Present,,10:00-17:00
2025-08-26,B05,DEV03,Present,,10:00-17:00
2025-08-26,B05,DEV04,Present,,10:00-17:00
2025-08-28,B01,JAY01,Present,,10:00-17:00
2025-08-28,B01,JAY02,Present,,10:00-17:00
2025-08-28,B01,JAY03,Present,,10:00-17:00
2025-08-28,B01,JAY04,Present,,10:00-17:00
2025-08-28,B01,JAY05,Present,,10:00-17:00
2025-08-28,B01,JAY06,Present,,10:00-17:00
2025-08-28,B01,JAY08,Present,,10:00-17:00
2025-08-28,B01,JAY07,Present,,10:00-17:00
2025-08-28,B02,WHF01,Present,,10:00-17:00
2025-08-28,B02,WHF02,Present,,10:00-17:00
2025-08-28,B02,WHF03,Present,,10:00-17:00
2025-08-28,B02,WHF04,Present,,10:00-17:00
2025-08-28,B02,WHF05,Present,,10:00-17:00
2025-08-28,B02,WHF06,Present,,10:00-17:00
2025-08-28,B02,WHF07,Present,,10:00-17:00
2025-08-28,B03,MAL01,Present,,10:00-17:00
2025-08-28,B03,MAL02,Present,,10:00-17:00
2025-08-28,B03,MAL03,Present,,10:00-17:00
2025-08-28,B03,MAL04,Present,,10:00-17:00
2025-08-28,B03,MAL05,Present,,10:00-17:00
2025-08-28,B03,MAL06,Present,,10:00-17:00
2025-08-28,B03,MAL07,Present,,10:00-17:00
2025-08-28,B04,HSK01,Present,,10:00-17:00
2025-08-28,B04,HSK02,Present,,10:00-17:00
2025-08-28,B04,HSK03,Present,,10:00-17:00
2025-08-28,B04,HSK04,Present,,10:00-17:00
2025-08-28,B04,HSK05,Present,,10:00-17:00
2025-08-28,B05,DEV01,Leave,Sick / unplanned,
2025-08-28,B05,DEV02,Present,,10:00-17:00
2025-08-28,B05,DEV03,Present,,10:00-17:00
2025-08-28,B05,DEV04,Present,,10:00-17:00
2025-08-29,B01,JAY01,Present,,10:00-17:00
2025-08-29,B01,JAY02,Present,,10:00-17:00
2025-08-29,B01,JAY03,Leave,Sick / unplanned,
2025-08-29,B01,JAY04,Present,,10:00-17:00
2025-08-29,B01,JAY05,Present,,10:00-17:00
2025-08-29,B01,JAY06,Present,,10:00-17:00
2025-08-29,B01,JAY08,Present,,10:00-17:00
2025-08-29,B01,JAY07,Present,,10:00-17:00
2025-08-29,B02,WHF01,Present,,10:00-17:00
2025-08-29,B02,WHF02,Present,,10:00-17:00
2025-08-29,B02,WHF03,Present,,10:00-17:00
2025-08-29,B02,WHF04,Present,,10:00-17:00
2025-08-29,B02,WHF05,Present,,10:00-17:00
2025-08-29,B02,WHF06,Present,,10:00-17:00
2025-08-29,B02,WHF07,Present,,10:00-17:00
2025-08-29,B03,MAL01,Present,,10:00-17:00
2025-08-29,B03,MAL02,Present,,10:00-17:00
2025-08-29,B03,MAL03,Present,,10:00-17:00
2025-08-29,B03,MAL04,Present,,10:00-17:00
2025-08-29,B03,MAL05,Present,,10:00-17:00
2025-08-29,B03,MAL06,Present,,10:00-17:00
2025-08-29,B03,MAL07,Present,,10:00-17:00
2025-08-29,B04,HSK01,Present,,10:00-17:00
2025-08-29,B04,HSK02,Present,,10:00-17:00
2025-08-29,B04,HSK03,Present,,10:00-17:00
2025-08-29,B04,HSK04,Present,,10:00-17:00
2025-08-29,B04,HSK05,Present,,10:00-17:00
2025-08-29,B05,DEV01,Present,,10:00-17:00
2025-08-29,B05,DEV02,Present,,10:00-17:00
2025-08-29,B05,DEV03,Present,,10:00-17:00
2025-08-29,B05,DEV04,Present,,10:00-17:00
2025-08-30,B01,JAY01,Present,,10:00-17:00
2025-08-30,B01,JAY02,Present,,10:00-17:00
2025-08-30,B01,JAY03,Present,,10:00-17:00
2025-08-30,B01,JAY04,Present,,10:00-17:00
2025-08-30,B01,JAY05,Present,,10:00-17:00
2025-08-30,B01,JAY06,Present,,10:00-17:00
2025-08-30,B01,JAY08,Present,,10:00-17:00
2025-08-30,B01,JAY07,Leave,Sick / unplanned,
2025-08-30,B02,WHF01,Present,,10:00-17:00
2025-08-30,B02,WHF02,Present,,10:00-17:00
2025-08-30,B02,WHF03,Present,,10:00-17:00
2025-08-30,B02,WHF04,Present,,10:00-17:00
2025-08-30,B02,WHF05,Present,,10:00-17:00
2025-08-30,B02,WHF06,Present,,10:00-17:00
2025-08-30,B02,WHF07,Present,,10:00-17:00
2025-08-30,B03,MAL01,Present,,10:00-17:00
2025-08-30,B03,MAL02,Present,,10:00-17:00
2025-08-30,B03,MAL03,Leave,Sick / unplanned,
2025-08-30,B03,MAL04,Present,,10:00-17:00
2025-08-30,B03,MAL05,Present,,10:00-17:00
2025-08-30,B03,MAL06,Present,,10:00-17:00
2025-08-30,B03,MAL07,Present,,10:00-17:00
2025-08-30,B04,HSK01,Present,,10:00-17:00
2025-08-30,B04,HSK02,Present,,10:00-17:00
2025-08-30,B04,HSK03,Present,,10:00-17:00
2025-08-30,B04,HSK04,Present,,10:00-17:00
2025-08-30,B04,HSK05,Present,,10:00-17:00
2025-08-30,B05,DEV01,Present,,10:00-17:00
2025-08-30,B05,DEV02,Present,,10:00-17:00
2025-08-30,B05,DEV03,Present,,10:00-17:00
2025-08-30,B05,DEV04,Present,,10:00-17:00
2025-09-01,B01,JAY01,Present,,10:00-17:00
2025-09-01,B01,JAY02,Leave,Sick / unplanned,
2025-09-01,B01,JAY03,Present,,10:00-17:00
2025-09-01,B01,JAY04,Present,,10:00-17:00
2025-09-01,B01,JAY05,Present,,10:00-17:00
2025-09-01,B01,JAY06,Present,,10:00-17:00
2025-09-01,B01,JAY08,Present,,10:00-17:00
2025-09-01,B01,JAY07,Present,,10:00-17:00
2025-09-01,B02,WHF01,Present,,10:00-17:00
2025-09-01,B02,WHF02,Present,,10:00-17:00
2025-09-01,B02,WHF03,Present,,10:00-17:00
2025-09-01,B02,WHF04,Present,,10:00-17:00
2025-09-01,B02,WHF05,Present,,10:00-17:00
2025-09-01,B02,WHF06,Present,,10:00-17:00
2025-09-01,B02,WHF07,Present,,10:00-17:00
2025-09-01,B03,MAL01,Leave,Sick / unplanned,
2025-09-01,B03,MAL02,Present,,10:00-17:00
2025-09-01,B03,MAL03,Present,,10:00-17:00
2025-09-01,B03,MAL04,Present,,10:00-17:00
2025-09-01,B03,MAL05,Present,,10:00-17:00
2025-09-01,B03,MAL06,Present,,10:00-17:00
2025-09-01,B03,MAL07,Present,,10:00-17:00
2025-09-01,B04,HSK01,Present,,10:00-17:00
2025-09-01,B04,HSK02,Present,,10:00-17:00
2025-09-01,B04,HSK03,Present,,10:00-17:00
2025-09-01,B04,HSK04,Present,,10:00-17:00
2025-09-01,B04,HSK05,Present,,10:00-17:00
2025-09-01,B05,DEV01,Present,,10:00-17:00
2025-09-01,B05,DEV02,Present,,10:00-17:00
2025-09-01,B05,DEV03,Present,,10:00-17:00
2025-09-01,B05,DEV04,Present,,10:00-17:00
2025-09-02,B01,JAY01,Leave,Sick / unplanned,
2025-09-02,B01,JAY02,Present,,10:00-17:00
2025-09-02,B01,JAY03,Present,,10:00-17:00
2025-09-02,B01,JAY04,Present,,10:00-17:00
2025-09-02,B01,JAY05,Present,,10:00-17:00
2025-09-02,B01,JAY06,Present,,10:00-17:00
2025-09-02,B01,JAY08,Present,,10:00-17:00
2025-09-02,B01,JAY07,Present,,10:00-17:00
2025-09-02,B02,WHF01,Present,,10:00-17:00
2025-09-02,B02,WHF02,Present,,10:00-17:00
2025-09-02,B02,WHF03,Present,,10:00-17:00
2025-09-02,B02,WHF04,Present,,10:00-17:00
2025-09-02,B02,WHF05,Present,,10:00-17:00
2025-09-02,B02,WHF06,Present,,10:00-17:00
2025-09-02,B02,WHF07,Present,,10:00-17:00
2025-09-02,B03,MAL01,Present,,10:00-17:00
2025-09-02,B03,MAL02,Present,,10:00-17:00
2025-09-02,B03,MAL03,Present,,10:00-17:00
2025-09-02,B03,MAL04,Present,,10:00-17:00
2025-09-02,B03,MAL05,Leave,Sick / unplanned,
2025-09-02,B03,MAL06,Present,,10:00-17:00
2025-09-02,B03,MAL07,Present,,10:00-17:00
2025-09-02,B04,HSK01,Present,,10:00-17:00
2025-09-02,B04,HSK02,Present,,10:00-17:00
2025-09-02,B04,HSK03,Present,,10:00-17:00
2025-09-02,B04,HSK04,Present,,10:00-17:00
2025-09-02,B04,HSK05,Present,,10:00-17:00
2025-09-02,B05,DEV01,Present,,10:00-17:00
2025-09-02,B05,DEV02,Present,,10:00-17:00
2025-09-02,B05,DEV03,Present,,10:00-17:00
2025-09-02,B05,DEV04,Present,,10:00-17:00
2025-09-03,B01,JAY01,Present,,10:00-17:00
2025-09-03,B01,JAY02,Present,,10:00-17:00
2025-09-03,B01,JAY03,Present,,10:00-17:00
2025-09-03,B01,JAY04,Present,,10:00-17:00
2025-09-03,B01,JAY05,Present,,10:00-17:00
2025-09-03,B01,JAY06,Present,,10:00-17:00
2025-09-03,B01,JAY08,Present,,10:00-17:00
2025-09-03,B01,JAY07,Present,,10:00-17:00
2025-09-03,B02,WHF01,Present,,10:00-17:00
2025-09-03,B02,WHF02,Present,,10:00-17:00
2025-09-03,B02,WHF03,Present,,10:00-17:00
2025-09-03,B02,WHF04,Leave,Sick / unplanned,
2025-09-03,B02,WHF05,Present,,10:00-17:00
2025-09-03,B02,WHF06,Present,,10:00-17:00
2025-09-03,B02,WHF07,Present,,10:00-17:00
2025-09-03,B03,MAL01,Present,,10:00-17:00
2025-09-03,B03,MAL02,Present,,10:00-17:00
2025-09-03,B03,MAL03,Present,,10:00-17:00
2025-09-03,B03,MAL04,Present,,10:00-17:00
2025-09-03,B03,MAL05,Present,,10:00-17:00
2025-09-03,B03,MAL06,Present,,10:00-17:00
2025-09-03,B03,MAL07,Present,,10:00-17:00
2025-09-03,B04,HSK01,Present,,10:00-17:00
2025-09-03,B04,HSK02,Present,,10:00-17:00
2025-09-03,B04,HSK03,Present,,10:00-17:00
2025-09-03,B04,HSK04,Present,,10:00-17:00
2025-09-03,B04,HSK05,Present,,10:00-17:00
2025-09-03,B05,DEV01,Present,,10:00-17:00
2025-09-03,B05,DEV02,Present,,10:00-17:00
2025-09-03,B05,DEV03,Present,,10:00-17:00
2025-09-03,B05,DEV04,Present,,10:00-17:00
2025-09-04,B01,JAY01,Present,,10:00-17:00
2025-09-04,B01,JAY02,Present,,10:00-17:00
2025-09-04,B01,JAY03,Present,,10:00-17:00
2025-09-04,B01,JAY04,Present,,10:00-17:00
2025-09-04,B01,JAY05,Present,,10:00-17:00
2025-09-04,B01,JAY06,Present,,10:00-17:00
2025-09-04,B01,JAY08,Present,,10:00-17:00
2025-09-04,B01,JAY07,Present,,10:00-17:00
2025-09-04,B02,WHF01,Present,,10:00-17:00
2025-09-04,B02,WHF02,Present,,10:00-17:00
2025-09-04,B02,WHF03,Present,,10:00-17:00
2025-09-04,B02,WHF04,Present,,10:00-17:00
2025-09-04,B02,WHF05,Present,,10:00-17:00
2025-09-04,B02,WHF06,Present,,10:00-17:00
2025-09-04,B02,WHF07,Present,,10:00-17:00
2025-09-04,B03,MAL01,Present,,10:00-17:00
2025-09-04,B03,MAL02,Present,,10:00-17:00
2025-09-04,B03,MAL03,Present,,10:00-17:00
2025-09-04,B03,MAL04,Present,,10:00-17:00
2025-09-04,B03,MAL05,Leave,Sick / unplanned,
2025-09-04,B03,MAL06,Present,,10:00-17:00
2025-09-04,B03,MAL07,Present,,10:00-17:00
2025-09-04,B04,HSK01,Present,,10:00-17:00
2025-09-04,B04,HSK02,Present,,10:00-17:00
2025-09-04,B04,HSK03,Present,,10:00-17:00
2025-09-04,B04,HSK04,Present,,10:00-17:00
2025-09-04,B04,HSK05,Present,,10:00-17:00
2025-09-04,B05,DEV01,Present,,10:00-17:00
2025-09-04,B05,DEV02,Present,,10:00-17:00
2025-09-04,B05,DEV03,Present,,10:00-17:00
2025-09-04,B05,DEV04,Present,,10:00-17:00
2025-09-06,B01,JAY01,Present,,10:00-17:00
2025-09-06,B01,JAY02,Present,,10:00-17:00
2025-09-06,B01,JAY03,Present,,10:00-17:00
2025-09-06,B01,JAY04,Present,,10:00-17:00
2025-09-06,B01,JAY05,Present,,10:00-17:00
2025-09-06,B01,JAY06,Present,,10:00-17:00
2025-09-06,B01,JAY08,Present,,10:00-17:00
2025-09-06,B01,JAY07,Present,,10:00-17:00
2025-09-06,B02,WHF01,Present,,10:00-17:00
2025-09-06,B02,WHF02,Present,,10:00-17:00
2025-09-06,B02,WHF03,Present,,10:00-17:00
2025-09-06,B02,WHF04,Present,,10:00-17:00
2025-09-06,B02,WHF05,Present,,10:00-17:00
2025-09-06,B02,WHF06,Present,,10:00-17:00
2025-09-06,B02,WHF07,Present,,10:00-17:00
2025-09-06,B03,MAL01,Present,,10:00-17:00
2025-09-06,B03,MAL02,Leave,Sick / unplanned,
2025-09-06,B03,MAL03,Present,,10:00-17:00
2025-09-06,B03,MAL04,Present,,10:00-17:00
2025-09-06,B03,MAL05,Present,,10:00-17:00
2025-09-06,B03,MAL06,Present,,10:00-17:00
2025-09-06,B03,MAL07,Present,,10:00-17:00
2025-09-06,B04,HSK01,Present,,10:00-17:00
2025-09-06,B04,HSK02,Present,,10:00-17:00
2025-09-06,B04,HSK03,Present,,10:00-17:00
2025-09-06,B04,HSK04,Present,,10:00-17:00
2025-09-06,B04,HSK05,Present,,10:00-17:00
2025-09-06,B05,DEV01,Present,,10:00-17:00
2025-09-06,B05,DEV02,Present,,10:00-17:00
2025-09-06,B05,DEV03,Present,,10:00-17:00
2025-09-06,B05,DEV04,Present,,10:00-17:00
2025-09-08,B01,JAY01,Present,,10:00-17:00
2025-09-08,B01,JAY02,Present,,10:00-17:00
2025-09-08,B01,JAY03,Present,,10:00-17:00
2025-09-08,B01,JAY04,Present,,10:00-17:00
2025-09-08,B01,JAY05,Present,,10:00-17:00
2025-09-08,B01,JAY06,Present,,10:00-17:00
2025-09-08,B01,JAY08,Present,,10:00-17:00
2025-09-08,B01,JAY07,Present,,10:00-17:00
2025-09-08,B02,WHF01,Present,,10:00-17:00
2025-09-08,B02,WHF02,Present,,10:00-17:00
2025-09-08,B02,WHF03,Present,,10:00-17:00
2025-09-08,B02,WHF04,Present,,10:00-17:00
2025-09-08,B02,WHF05,Present,,10:00-17:00
2025-09-08,B02,WHF06,Present,,10:00-17:00
2025-09-08,B02,WHF07,Present,,10:00-17:00
2025-09-08,B03,MAL01,Present,,10:00-17:00
2025-09-08,B03,MAL02,Present,,10:00-17:00
2025-09-08,B03,MAL03,Present,,10:00-17:00
2025-09-08,B03,MAL04,Present,,10:00-17:00
2025-09-08,B03,MAL05,Present,,10:00-17:00
2025-09-08,B03,MAL06,Present,,10:00-17:00
2025-09-08,B03,MAL07,Present,,10:00-17:00
2025-09-08,B04,HSK01,Present,,10:00-17:00
2025-09-08,B04,HSK02,Present,,10:00-17:00
2025-09-08,B04,HSK03,Present,,10:00-17:00
2025-09-08,B04,HSK04,Present,,10:00-17:00
2025-09-08,B04,HSK05,Present,,10:00-17:00
2025-09-08,B05,DEV01,Present,,10:00-17:00
2025-09-08,B05,DEV02,Present,,10:00-17:00
2025-09-08,B05,DEV03,Present,,10:00-17:00
2025-09-08,B05,DEV04,Present,,10:00-17:00
2025-09-09,B01,JAY01,Present,,10:00-17:00
2025-09-09,B01,JAY02,Present,,10:00-17:00
2025-09-09,B01,JAY03,Present,,10:00-17:00
2025-09-09,B01,JAY04,Present,,10:00-17:00
2025-09-09,B01,JAY05,Leave,Sick / unplanned,
2025-09-09,B01,JAY06,Present,,10:00-17:00
2025-09-09,B01,JAY08,Present,,10:00-17:00
2025-09-09,B01,JAY07,Present,,10:00-17:00
2025-09-09,B02,WHF01,Present,,10:00-17:00
2025-09-09,B02,WHF02,Present,,10:00-17:00
2025-09-09,B02,WHF03,Present,,10:00-17:00
2025-09-09,B02,WHF04,Present,,10:00-17:00
2025-09-09,B02,WHF05,Present,,10:00-17:00
2025-09-09,B02,WHF06,Leave,Sick / unplanned,
2025-09-09,B02,WHF07,Present,,10:00-17:00
2025-09-09,B03,MAL01,Present,,10:00-17:00
2025-09-09,B03,MAL02,Present,,10:00-17:00
2025-09-09,B03,MAL03,Present,,10:00-17:00
2025-09-09,B03,MAL04,Present,,10:00-17:00
2025-09-09,B03,MAL05,Present,,10:00-17:00
2025-09-09,B03,MAL06,Present,,10:00-17:00
2025-09-09,B03,MAL07,Present,,10:00-17:00
2025-09-09,B04,HSK01,Present,,10:00-17:00
2025-09-09,B04,HSK02,Present,,10:00-17:00
2025-09-09,B04,HSK03,Present,,10:00-17:00
2025-09-09,B04,HSK04,Present,,10:00-17:00
2025-09-09,B04,HSK05,Present,,10:00-17:00
2025-09-09,B05,DEV01,Present,,10:00-17:00
2025-09-09,B05,DEV02,Present,,10:00-17:00
2025-09-09,B05,DEV03,Present,,10:00-17:00
2025-09-09,B05,DEV04,Present,,10:00-17:00
2025-09-10,B01,JAY01,Present,,10:00-17:00
2025-09-10,B01,JAY02,Present,,10:00-17:00
2025-09-10,B01,JAY03,Present,,10:00-17:00
2025-09-10,B01,JAY04,Present,,10:00-17:00
2025-09-10,B01,JAY05,Present,,10:00-17:00
2025-09-10,B01,JAY06,Present,,10:00-17:00
2025-09-10,B01,JAY08,Present,,10:00-17:00
2025-09-10,B01,JAY07,Present,,10:00-17:00
2025-09-10,B02,WHF01,Present,,10:00-17:00
2025-09-10,B02,WHF02,Present,,10:00-17:00
2025-09-10,B02,WHF03,Present,,10:00-17:00
2025-09-10,B02,WHF04,Present,,10:00-17:00
2025-09-10,B02,WHF05,Present,,10:00-17:00
2025-09-10,B02,WHF06,Present,,10:00-17:00
2025-09-10,B02,WHF07,Present,,10:00-17:00
2025-09-10,B03,MAL01,Present,,10:00-17:00
2025-09-10,B03,MAL02,Present,,10:00-17:00
2025-09-10,B03,MAL03,Leave,Sick / unplanned,
2025-09-10,B03,MAL04,Present,,10:00-17:00
2025-09-10,B03,MAL05,Present,,10:00-17:00
2025-09-10,B03,MAL06,Present,,10:00-17:00
2025-09-10,B03,MAL07,Present,,10:00-17:00
2025-09-10,B04,HSK01,Present,,10:00-17:00
2025-09-10,B04,HSK02,Present,,10:00-17:00
2025-09-10,B04,HSK03,Present,,10:00-17:00
2025-09-10,B04,HSK04,Present,,10:00-17:00
2025-09-10,B04,HSK05,Present,,10:00-17:00
2025-09-10,B05,DEV01,Present,,10:00-17:00
2025-09-10,B05,DEV02,Present,,10:00-17:00
2025-09-10,B05,DEV03,Present,,10:00-17:00
2025-09-10,B05,DEV04,Present,,10:00-17:00
2025-09-11,B01,JAY01,Present,,10:00-17:00
2025-09-11,B01,JAY02,Present,,10:00-17:00
2025-09-11,B01,JAY03,Present,,10:00-17:00
2025-09-11,B01,JAY04,Present,,10:00-17:00
2025-09-11,B01,JAY05,Present,,10:00-17:00
2025-09-11,B01,JAY06,Present,,10:00-17:00
2025-09-11,B01,JAY08,Present,,10:00-17:00
2025-09-11,B01,JAY07,Present,,10:00-17:00
2025-09-11,B02,WHF01,Present,,10:00-17:00
2025-09-11,B02,WHF02,Present,,10:00-17:00
2025-09-11,B02,WHF03,Present,,10:00-17:00
2025-09-11,B02,WHF04,Present,,10:00-17:00
2025-09-11,B02,WHF05,Present,,10:00-17:00
2025-09-11,B02,WHF06,Present,,10:00-17:00
2025-09-11,B02,WHF07,Leave,Sick / unplanned,
2025-09-11,B03,MAL01,Present,,10:00-17:00
2025-09-11,B03,MAL02,Present,,10:00-17:00
2025-09-11,B03,MAL03,Present,,10:00-17:00
2025-09-11,B03,MAL04,Present,,10:00-17:00
2025-09-11,B03,MAL05,Present,,10:00-17:00
2025-09-11,B03,MAL06,Present,,10:00-17:00
2025-09-11,B03,MAL07,Present,,10:00-17:00
2025-09-11,B04,HSK01,Present,,10:00-17:00
2025-09-11,B04,HSK02,Present,,10:00-17:00
2025-09-11,B04,HSK03,Present,,10:00-17:00
2025-09-11,B04,HSK04,Present,,10:00-17:00
2025-09-11,B04,HSK05,Present,,10:00-17:00
2025-09-11,B05,DEV01,Present,,10:00-17:00
2025-09-11,B05,DEV02,Present,,10:00-17:00
2025-09-11,B05,DEV03,Present,,10:00-17:00
2025-09-11,B05,DEV04,Present,,10:00-17:00
2025-09-12,B01,JAY01,Present,,10:00-17:00
2025-09-12,B01,JAY02,Present,,10:00-17:00
2025-09-12,B01,JAY03,Present,,10:00-17:00
2025-09-12,B01,JAY04,Present,,10:00-17:00
2025-09-12,B01,JAY05,Present,,10:00-17:00
2025-09-12,B01,JAY06,Present,,10:00-17:00
2025-09-12,B01,JAY08,Present,,10:00-17:00
2025-09-12,B01,JAY07,Present,,10:00-17:00
2025-09-12,B02,WHF01,Present,,10:00-17:00
2025-09-12,B02,WHF02,Present,,10:00-17:00
2025-09-12,B02,WHF03,Present,,10:00-17:00
2025-09-12,B02,WHF04,Present,,10:00-17:00
2025-09-12,B02,WHF05,Present,,10:00-17:00
2025-09-12,B02,WHF06,Present,,10:00-17:00
2025-09-12,B02,WHF07,Present,,10:00-17:00
2025-09-12,B03,MAL01,Present,,10:00-17:00
2025-09-12,B03,MAL02,Present,,10:00-17:00
2025-09-12,B03,MAL03,Present,,10:00-17:00
2025-09-12,B03,MAL04,Present,,10:00-17:00
2025-09-12,B03,MAL05,Present,,10:00-17:00
2025-09-12,B03,MAL06,Present,,10:00-17:00
2025-09-12,B03,MAL07,Present,,10:00-17:00
2025-09-12,B04,HSK01,Present,,10:00-17:00
2025-09-12,B04,HSK02,Present,,10:00-17:00
2025-09-12,B04,HSK03,Present,,10:00-17:00
2025-09-12,B04,HSK04,Present,,10:00-17:00
2025-09-12,B04,HSK05,Present,,10:00-17:00
2025-09-12,B05,DEV01,Present,,10:00-17:00
2025-09-12,B05,DEV02,Present,,10:00-17:00
2025-09-12,B05,DEV03,Present,,10:00-17:00
2025-09-12,B05,DEV04,Present,,10:00-17:00
2025-09-15,B01,JAY01,Present,,10:00-17:00
2025-09-15,B01,JAY02,Present,,10:00-17:00
2025-09-15,B01,JAY03,Present,,10:00-17:00
2025-09-15,B01,JAY04,Present,,10:00-17:00
2025-09-15,B01,JAY05,Present,,10:00-17:00
2025-09-15,B01,JAY06,Present,,10:00-17:00
2025-09-15,B01,JAY08,Present,,10:00-17:00
2025-09-15,B01,JAY07,Present,,10:00-17:00
2025-09-15,B02,WHF01,Present,,10:00-17:00
2025-09-15,B02,WHF02,Present,,10:00-17:00
2025-09-15,B02,WHF03,Present,,10:00-17:00
2025-09-15,B02,WHF04,Present,,10:00-17:00
2025-09-15,B02,WHF05,Present,,10:00-17:00
2025-09-15,B02,WHF06,Present,,10:00-17:00
2025-09-15,B02,WHF07,Present,,10:00-17:00
2025-09-15,B03,MAL01,Present,,10:00-17:00
2025-09-15,B03,MAL02,Present,,10:00-17:00
2025-09-15,B03,MAL03,Present,,10:00-17:00
2025-09-15,B03,MAL04,Present,,10:00-17:00
2025-09-15,B03,MAL05,Present,,10:00-17:00
2025-09-15,B03,MAL06,Present,,10:00-17:00
2025-09-15,B03,MAL07,Present,,10:00-17:00
2025-09-15,B04,HSK01,Present,,10:00-17:00
2025-09-15,B04,HSK02,Present,,10:00-17:00
2025-09-15,B04,HSK03,Present,,10:00-17:00
2025-09-15,B04,HSK04,Present,,10:00-17:00
2025-09-15,B04,HSK05,Present,,10:00-17:00
2025-09-15,B05,DEV01,Present,,10:00-17:00
2025-09-15,B05,DEV02,Present,,10:00-17:00
2025-09-15,B05,DEV03,Present,,10:00-17:00
2025-09-15,B05,DEV04,Present,,10:00-17:00
2025-09-16,B01,JAY01,Present,,10:00-17:00
2025-09-16,B01,JAY02,Present,,10:00-17:00
2025-09-16,B01,JAY03,Present,,10:00-17:00
2025-09-16,B01,JAY04,Present,,10:00-17:00
2025-09-16,B01,JAY05,Present,,10:00-17:00
2025-09-16,B01,JAY06,Present,,10:00-17:00
2025-09-16,B01,JAY08,Present,,10:00-17:00
2025-09-16,B01,JAY07,Present,,10:00-17:00
2025-09-16,B02,WHF01,Present,,10:00-17:00
2025-09-16,B02,WHF02,Present,,10:00-17:00
2025-09-16,B02,WHF03,Present,,10:00-17:00
2025-09-16,B02,WHF04,Present,,10:00-17:00
2025-09-16,B02,WHF05,Present,,10:00-17:00
2025-09-16,B02,WHF06,Present,,10:00-17:00
2025-09-16,B02,WHF07,Present,,10:00-17:00
2025-09-16,B03,MAL01,Present,,10:00-17:00
2025-09-16,B03,MAL02,Present,,10:00-17:00
2025-09-16,B03,MAL03,Present,,10:00-17:00
2025-09-16,B03,MAL04,Present,,10:00-17:00
2025-09-16,B03,MAL05,Present,,10:00-17:00
2025-09-16,B03,MAL06,Leave,Sick / unplanned,
2025-09-16,B03,MAL07,Present,,10:00-17:00
2025-09-16,B04,HSK01,Present,,10:00-17:00
2025-09-16,B04,HSK02,Present,,10:00-17:00
2025-09-16,B04,HSK03,Present,,10:00-17:00
2025-09-16,B04,HSK04,Present,,10:00-17:00
2025-09-16,B04,HSK05,Present,,10:00-17:00
2025-09-16,B05,DEV01,Present,,10:00-17:00
2025-09-16,B05,DEV02,Present,,10:00-17:00
2025-09-16,B05,DEV03,Present,,10:00-17:00
2025-09-16,B05,DEV04,Present,,10:00-17:00
2025-09-17,B01,JAY01,Present,,10:00-17:00
2025-09-17,B01,JAY02,Present,,10:00-17:00
2025-09-17,B01,JAY03,Present,,10:00-17:00
2025-09-17,B01,JAY04,Present,,10:00-17:00
2025-09-17,B01,JAY05,Present,,10:00-17:00
2025-09-17,B01,JAY06,Present,,10:00-17:00
2025-09-17,B01,JAY08,Present,,10:00-17:00
2025-09-17,B01,JAY07,Present,,10:00-17:00
2025-09-17,B02,WHF01,Present,,10:00-17:00
2025-09-17,B02,WHF02,Present,,10:00-17:00
2025-09-17,B02,WHF03,Present,,10:00-17:00
2025-09-17,B02,WHF04,Present,,10:00-17:00
2025-09-17,B02,WHF05,Present,,10:00-17:00
2025-09-17,B02,WHF06,Present,,10:00-17:00
2025-09-17,B02,WHF07,Present,,10:00-17:00
2025-09-17,B03,MAL01,Present,,10:00-17:00
2025-09-17,B03,MAL02,Present,,10:00-17:00
2025-09-17,B03,MAL03,Present,,10:00-17:00
2025-09-17,B03,MAL04,Present,,10:00-17:00
2025-09-17,B03,MAL05,Present,,10:00-17:00
2025-09-17,B03,MAL06,Present,,10:00-17:00
2025-09-17,B03,MAL07,Present,,10:00-17:00
2025-09-17,B04,HSK01,Present,,10:00-17:00
2025-09-17,B04,HSK02,Present,,10:00-17:00
2025-09-17,B04,HSK03,Present,,10:00-17:00
2025-09-17,B04,HSK04,Present,,10:00-17:00
2025-09-17,B04,HSK05,Present,,10:00-17:00
2025-09-17,B05,DEV01,Present,,10:00-17:00
2025-09-17,B05,DEV02,Present,,10:00-17:00
2025-09-17,B05,DEV03,Present,,10:00-17:00
2025-09-17,B05,DEV04,Present,,10:00-17:00
2025-09-18,B01,JAY01,Present,,10:00-17:00
2025-09-18,B01,JAY02,Present,,10:00-17:00
2025-09-18,B01,JAY03,Present,,10:00-17:00
2025-09-18,B01,JAY04,Present,,10:00-17:00
2025-09-18,B01,JAY05,Present,,10:00-17:00
2025-09-18,B01,JAY06,Present,,10:00-17:00
2025-09-18,B01,JAY08,Present,,10:00-17:00
2025-09-18,B01,JAY07,Present,,10:00-17:00
2025-09-18,B02,WHF01,Present,,10:00-17:00
2025-09-18,B02,WHF02,Present,,10:00-17:00
2025-09-18,B02,WHF03,Present,,10:00-17:00
2025-09-18,B02,WHF04,Present,,10:00-17:00
2025-09-18,B02,WHF05,Present,,10:00-17:00
2025-09-18,B02,WHF06,Present,,10:00-17:00
2025-09-18,B02,WHF07,Present,,10:00-17:00
2025-09-18,B03,MAL01,Present,,10:00-17:00
2025-09-18,B03,MAL02,Present,,10:00-17:00
2025-09-18,B03,MAL03,Present,,10:00-17:00
2025-09-18,B03,MAL04,Present,,10:00-17:00
2025-09-18,B03,MAL05,Present,,10:00-17:00
2025-09-18,B03,MAL06,Present,,10:00-17:00
2025-09-18,B03,MAL07,Present,,10:00-17:00
2025-09-18,B04,HSK01,Present,,10:00-17:00
2025-09-18,B04,HSK02,Present,,10:00-17:00
2025-09-18,B04,HSK03,Present,,10:00-17:00
2025-09-18,B04,HSK04,Present,,10:00-17:00
2025-09-18,B04,HSK05,Present,,10:00-17:00
2025-09-18,B05,DEV01,Present,,10:00-17:00
2025-09-18,B05,DEV02,Present,,10:00-17:00
2025-09-18,B05,DEV03,Present,,10:00-17:00
2025-09-18,B05,DEV04,Present,,10:00-17:00
2025-09-19,B01,JAY01,Present,,10:00-17:00
2025-09-19,B01,JAY02,Present,,10:00-17:00
2025-09-19,B01,JAY03,Present,,10:00-17:00
2025-09-19,B01,JAY04,Present,,10:00-17:00
2025-09-19,B01,JAY05,Present,,10:00-17:00
2025-09-19,B01,JAY06,Present,,10:00-17:00
2025-09-19,B01,JAY08,Present,,10:00-17:00
2025-09-19,B01,JAY07,Present,,10:00-17:00
2025-09-19,B02,WHF01,Present,,10:00-17:00
2025-09-19,B02,WHF02,Present,,10:00-17:00
2025-09-19,B02,WHF03,Present,,10:00-17:00
2025-09-19,B02,WHF04,Present,,10:00-17:00
2025-09-19,B02,WHF05,Present,,10:00-17:00
2025-09-19,B02,WHF06,Present,,10:00-17:00
2025-09-19,B02,WHF07,Present,,10:00-17:00
2025-09-19,B03,MAL01,Present,,10:00-17:00
2025-09-19,B03,MAL02,Present,,10:00-17:00
2025-09-19,B03,MAL03,Present,,10:00-17:00
2025-09-19,B03,MAL04,Present,,10:00-17:00
2025-09-19,B03,MAL05,Present,,10:00-17:00
2025-09-19,B03,MAL06,Present,,10:00-17:00
2025-09-19,B03,MAL07,Present,,10:00-17:00
2025-09-19,B04,HSK01,Present,,10:00-17:00
2025-09-19,B04,HSK02,Present,,10:00-17:00
2025-09-19,B04,HSK03,Present,,10:00-17:00
2025-09-19,B04,HSK04,Present,,10:00-17:00
2025-09-19,B04,HSK05,Present,,10:00-17:00
2025-09-19,B05,DEV01,Present,,10:00-17:00
2025-09-19,B05,DEV02,Present,,10:00-17:00
2025-09-19,B05,DEV03,Present,,10:00-17:00
2025-09-19,B05,DEV04,Present,,10:00-17:00
2025-09-20,B01,JAY01,Leave,Sick / unplanned,
2025-09-20,B01,JAY02,Present,,10:00-17:00
2025-09-20,B01,JAY03,Present,,10:00-17:00
2025-09-20,B01,JAY04,Present,,10:00-17:00
2025-09-20,B01,JAY05,Present,,10:00-17:00
2025-09-20,B01,JAY06,Present,,10:00-17:00
2025-09-20,B01,JAY08,Present,,10:00-17:00
2025-09-20,B01,JAY07,Present,,10:00-17:00
2025-09-20,B02,WHF01,Present,,10:00-17:00
2025-09-20,B02,WHF02,Present,,10:00-17:00
2025-09-20,B02,WHF03,Present,,10:00-17:00
2025-09-20,B02,WHF04,Present,,10:00-17:00
2025-09-20,B02,WHF05,Present,,10:00-17:00
2025-09-20,B02,WHF06,Present,,10:00-17:00
2025-09-20,B02,WHF07,Present,,10:00-17:00
2025-09-20,B03,MAL01,Present,,10:00-17:00
2025-09-20,B03,MAL02,Present,,10:00-17:00
2025-09-20,B03,MAL03,Present,,10:00-17:00
2025-09-20,B03,MAL04,Present,,10:00-17:00
2025-09-20,B03,MAL05,Present,,10:00-17:00
2025-09-20,B03,MAL06,Present,,10:00-17:00
2025-09-20,B03,MAL07,Present,,10:00-17:00
2025-09-20,B04,HSK01,Present,,10:00-17:00
2025-09-20,B04,HSK02,Present,,10:00-17:00
2025-09-20,B04,HSK03,Leave,Sick / unplanned,
2025-09-20,B04,HSK04,Present,,10:00-17:00
2025-09-20,B04,HSK05,Present,,10:00-17:00
2025-09-20,B05,DEV01,Present,,10:00-17:00
2025-09-20,B05,DEV02,Present,,10:00-17:00
2025-09-20,B05,DEV03,Leave,Sick / unplanned,
2025-09-20,B05,DEV04,Leave,Sick / unplanned,
2025-09-22,B01,JAY01,Present,,10:00-17:00
2025-09-22,B01,JAY02,Present,,10:00-17:00
2025-09-22,B01,JAY03,Present,,10:00-17:00
2025-09-22,B01,JAY04,Present,,10:00-17:00
2025-09-22,B01,JAY05,Present,,10:00-17:00
2025-09-22,B01,JAY06,Present,,10:00-17:00
2025-09-22,B01,JAY08,Present,,10:00-17:00
2025-09-22,B01,JAY07,Present,,10:00-17:00
2025-09-22,B02,WHF01,Present,,10:00-17:00
2025-09-22,B02,WHF02,Present,,10:00-17:00
2025-09-22,B02,WHF03,Present,,10:00-17:00
2025-09-22,B02,WHF04,Present,,10:00-17:00
2025-09-22,B02,WHF05,Present,,10:00-17:00
2025-09-22,B02,WHF06,Present,,10:00-17:00
2025-09-22,B02,WHF07,Present,,10:00-17:00
2025-09-22,B03,MAL01,Present,,10:00-17:00
2025-09-22,B03,MAL02,Present,,10:00-17:00
2025-09-22,B03,MAL03,Present,,10:00-17:00
2025-09-22,B03,MAL04,Present,,10:00-17:00
2025-09-22,B03,MAL05,Leave,Sick / unplanned,
2025-09-22,B03,MAL06,Present,,10:00-17:00
2025-09-22,B03,MAL07,Present,,10:00-17:00
2025-09-22,B04,HSK01,Present,,10:00-17:00
2025-09-22,B04,HSK02,Present,,10:00-17:00
2025-09-22,B04,HSK03,Present,,10:00-17:00
2025-09-22,B04,HSK04,Present,,10:00-17:00
2025-09-22,B04,HSK05,Present,,10:00-17:00
2025-09-22,B05,DEV01,Present,,10:00-17:00
2025-09-22,B05,DEV02,Present,,10:00-17:00
2025-09-22,B05,DEV03,Present,,10:00-17:00
2025-09-22,B05,DEV04,Present,,10:00-17:00
2025-09-23,B01,JAY01,Present,,10:00-17:00
2025-09-23,B01,JAY02,Present,,10:00-17:00
2025-09-23,B01,JAY03,Present,,10:00-17:00
2025-09-23,B01,JAY04,Present,,10:00-17:00
2025-09-23,B01,JAY05,Present,,10:00-17:00
2025-09-23,B01,JAY06,Present,,10:00-17:00
2025-09-23,B01,JAY08,Present,,10:00-17:00
2025-09-23,B01,JAY07,Present,,10:00-17:00
2025-09-23,B02,WHF01,Present,,10:00-17:00
2025-09-23,B02,WHF02,Present,,10:00-17:00
2025-09-23,B02,WHF03,Present,,10:00-17:00
2025-09-23,B02,WHF04,Present,,10:00-17:00
2025-09-23,B02,WHF05,Present,,10:00-17:00
2025-09-23,B02,WHF06,Present,,10:00-17:00
2025-09-23,B02,WHF07,Present,,10:00-17:00
2025-09-23,B03,MAL01,Present,,10:00-17:00
2025-09-23,B03,MAL02,Present,,10:00-17:00
2025-09-23,B03,MAL03,Present,,10:00-17:00
2025-09-23,B03,MAL04,Present,,10:00-17:00
2025-09-23,B03,MAL05,Present,,10:00-17:00
2025-09-23,B03,MAL06,Present,,10:00-17:00
2025-09-23,B03,MAL07,Present,,10:00-17:00
2025-09-23,B04,HSK01,Present,,10:00-17:00
2025-09-23,B04,HSK02,Present,,10:00-17:00
2025-09-23,B04,HSK03,Present,,10:00-17:00
2025-09-23,B04,HSK04,Present,,10:00-17:00
2025-09-23,B04,HSK05,Present,,10:00-17:00
2025-09-23,B05,DEV01,Present,,10:00-17:00
2025-09-23,B05,DEV02,Present,,10:00-17:00
2025-09-23,B05,DEV03,Present,,10:00-17:00
2025-09-23,B05,DEV04,Present,,10:00-17:00
2025-09-24,B01,JAY01,Present,,10:00-17:00
2025-09-24,B01,JAY02,Present,,10:00-17:00
2025-09-24,B01,JAY03,Present,,10:00-17:00
2025-09-24,B01,JAY04,Present,,10:00-17:00
2025-09-24,B01,JAY05,Present,,10:00-17:00
2025-09-24,B01,JAY06,Present,,10:00-17:00
2025-09-24,B01,JAY08,Present,,10:00-17:00
2025-09-24,B01,JAY07,Present,,10:00-17:00
2025-09-24,B02,WHF01,Present,,10:00-17:00
2025-09-24,B02,WHF02,Present,,10:00-17:00
2025-09-24,B02,WHF03,Present,,10:00-17:00
2025-09-24,B02,WHF04,Present,,10:00-17:00
2025-09-24,B02,WHF05,Present,,10:00-17:00
2025-09-24,B02,WHF06,Present,,10:00-17:00
2025-09-24,B02,WHF07,Present,,10:00-17:00
2025-09-24,B03,MAL01,Present,,10:00-17:00
2025-09-24,B03,MAL02,Present,,10:00-17:00
2025-09-24,B03,MAL03,Present,,10:00-17:00
2025-09-24,B03,MAL04,Present,,10:00-17:00
2025-09-24,B03,MAL05,Present,,10:00-17:00
2025-09-24,B03,MAL06,Present,,10:00-17:00
2025-09-24,B03,MAL07,Present,,10:00-17:00
2025-09-24,B04,HSK01,Present,,10:00-17:00
2025-09-24,B04,HSK02,Present,,10:00-17:00
2025-09-24,B04,HSK03,Present,,10:00-17:00
2025-09-24,B04,HSK04,Present,,10:00-17:00
2025-09-24,B04,HSK05,Present,,10:00-17:00
2025-09-24,B05,DEV01,Present,,10:00-17:00
2025-09-24,B05,DEV02,Present,,10:00-17:00
2025-09-24,B05,DEV03,Present,,10:00-17:00
2025-09-24,B05,DEV04,Present,,10:00-17:00
2025-09-25,B01,JAY01,Present,,10:00-17:00
2025-09-25,B01,JAY02,Present,,10:00-17:00
2025-09-25,B01,JAY03,Present,,10:00-17:00
2025-09-25,B01,JAY04,Present,,10:00-17:00
2025-09-25,B01,JAY05,Present,,10:00-17:00
2025-09-25,B01,JAY06,Present,,10:00-17:00
2025-09-25,B01,JAY08,Present,,10:00-17:00
2025-09-25,B01,JAY07,Present,,10:00-17:00
2025-09-25,B02,WHF01,Present,,10:00-17:00
2025-09-25,B02,WHF02,Present,,10:00-17:00
2025-09-25,B02,WHF03,Present,,10:00-17:00
2025-09-25,B02,WHF04,Present,,10:00-17:00
2025-09-25,B02,WHF05,Present,,10:00-17:00
2025-09-25,B02,WHF06,Present,,10:00-17:00
2025-09-25,B02,WHF07,Present,,10:00-17:00
2025-09-25,B03,MAL01,Present,,10:00-17:00
2025-09-25,B03,MAL02,Present,,10:00-17:00
2025-09-25,B03,MAL03,Present,,10:00-17:00
2025-09-25,B03,MAL04,Present,,10:00-17:00
2025-09-25,B03,MAL05,Present,,10:00-17:00
2025-09-25,B03,MAL06,Present,,10:00-17:00
2025-09-25,B03,MAL07,Present,,10:00-17:00
2025-09-25,B04,HSK01,Present,,10:00-17:00
2025-09-25,B04,HSK02,Present,,10:00-17:00
2025-09-25,B04,HSK03,Present,,10:00-17:00
2025-09-25,B04,HSK04,Present,,10:00-17:00
2025-09-25,B04,HSK05,Leave,Sick / unplanned,
2025-09-25,B05,DEV01,Present,,10:00-17:00
2025-09-25,B05,DEV02,Present,,10:00-17:00
2025-09-25,B05,DEV03,Present,,10:00-17:00
2025-09-25,B05,DEV04,Present,,10:00-17:00
2025-09-26,B01,JAY01,Present,,10:00-17:00
2025-09-26,B01,JAY02,Present,,10:00-17:00
2025-09-26,B01,JAY03,Present,,10:00-17:00
2025-09-26,B01,JAY04,Leave,Sick / unplanned,
2025-09-26,B01,JAY05,Present,,10:00-17:00
2025-09-26,B01,JAY06,Present,,10:00-17:00
2025-09-26,B01,JAY08,Present,,10:00-17:00
2025-09-26,B01,JAY07,Present,,10:00-17:00
2025-09-26,B02,WHF01,Present,,10:00-17:00
2025-09-26,B02,WHF02,Present,,10:00-17:00
2025-09-26,B02,WHF03,Present,,10:00-17:00
2025-09-26,B02,WHF04,Leave,Sick / unplanned,
2025-09-26,B02,WHF05,Present,,10:00-17:00
2025-09-26,B02,WHF06,Present,,10:00-17:00
2025-09-26,B02,WHF07,Present,,10:00-17:00
2025-09-26,B03,MAL01,Present,,10:00-17:00
2025-09-26,B03,MAL02,Present,,10:00-17:00
2025-09-26,B03,MAL03,Present,,10:00-17:00
2025-09-26,B03,MAL04,Present,,10:00-17:00
2025-09-26,B03,MAL05,Present,,10:00-17:00
2025-09-26,B03,MAL06,Present,,10:00-17:00
2025-09-26,B03,MAL07,Present,,10:00-17:00
2025-09-26,B04,HSK01,Present,,10:00-17:00
2025-09-26,B04,HSK02,Present,,10:00-17:00
2025-09-26,B04,HSK03,Present,,10:00-17:00
2025-09-26,B04,HSK04,Present,,10:00-17:00
2025-09-26,B04,HSK05,Leave,Sick / unplanned,
2025-09-26,B05,DEV01,Present,,10:00-17:00
2025-09-26,B05,DEV02,Present,,10:00-17:00
2025-09-26,B05,DEV03,Present,,10:00-17:00
2025-09-26,B05,DEV04,Present,,10:00-17:00
2025-09-29,B01,JAY01,Leave,Sick / unplanned,
2025-09-29,B01,JAY02,Present,,10:00-17:00
2025-09-29,B01,JAY03,Present,,10:00-17:00
2025-09-29,B01,JAY04,Present,,10:00-17:00
2025-09-29,B01,JAY05,Present,,10:00-17:00
2025-09-29,B01,JAY06,Present,,10:00-17:00
2025-09-29,B01,JAY08,Present,,10:00-17:00
2025-09-29,B01,JAY07,Present,,10:00-17:00
2025-09-29,B02,WHF01,Present,,10:00-17:00
2025-09-29,B02,WHF02,Present,,10:00-17:00
2025-09-29,B02,WHF03,Present,,10:00-17:00
2025-09-29,B02,WHF04,Present,,10:00-17:00
2025-09-29,B02,WHF05,Present,,10:00-17:00
2025-09-29,B02,WHF06,Present,,10:00-17:00
2025-09-29,B02,WHF07,Present,,10:00-17:00
2025-09-29,B03,MAL01,Present,,10:00-17:00
2025-09-29,B03,MAL02,Present,,10:00-17:00
2025-09-29,B03,MAL03,Present,,10:00-17:00
2025-09-29,B03,MAL04,Present,,10:00-17:00
2025-09-29,B03,MAL05,Present,,10:00-17:00
2025-09-29,B03,MAL06,Present,,10:00-17:00
2025-09-29,B03,MAL07,Present,,10:00-17:00
2025-09-29,B04,HSK01,Present,,10:00-17:00
2025-09-29,B04,HSK02,Present,,10:00-17:00
2025-09-29,B04,HSK03,Present,,10:00-17:00
2025-09-29,B04,HSK04,Present,,10:00-17:00
2025-09-29,B04,HSK05,Present,,10:00-17:00
2025-09-29,B05,DEV01,Present,,10:00-17:00
2025-09-29,B05,DEV02,Present,,10:00-17:00
2025-09-29,B05,DEV03,Present,,10:00-17:00
2025-09-29,B05,DEV04,Present,,10:00-17:00
2025-09-30,B01,JAY01,Present,,10:00-17:00
2025-09-30,B01,JAY02,Present,,10:00-17:00
2025-09-30,B01,JAY03,Present,,10:00-17:00
2025-09-30,B01,JAY04,Present,,10:00-17:00
2025-09-30,B01,JAY05,Present,,10:00-17:00
2025-09-30,B01,JAY06,Present,,10:00-17:00
2025-09-30,B01,JAY08,Present,,10:00-17:00
2025-09-30,B01,JAY07,Present,,10:00-17:00
2025-09-30,B02,WHF01,Present,,10:00-17:00
2025-09-30,B02,WHF02,Present,,10:00-17:00
2025-09-30,B02,WHF03,Present,,10:00-17:00
2025-09-30,B02,WHF04,Present,,10:00-17:00
2025-09-30,B02,WHF05,Leave,Sick / unplanned,
2025-09-30,B02,WHF06,Present,,10:00-17:00
2025-09-30,B02,WHF07,Present,,10:00-17:00
2025-09-30,B03,MAL01,Present,,10:00-17:00
2025-09-30,B03,MAL02,Present,,10:00-17:00
2025-09-30,B03,MAL03,Present,,10:00-17:00
2025-09-30,B03,MAL04,Present,,10:00-17:00
2025-09-30,B03,MAL05,Present,,10:00-17:00
2025-09-30,B03,MAL06,Present,,10:00-17:00
2025-09-30,B03,MAL07,Leave,Sick / unplanned,
2025-09-30,B04,HSK01,Present,,10:00-17:00
2025-09-30,B04,HSK02,Present,,10:00-17:00
2025-09-30,B04,HSK03,Present,,10:00-17:00
2025-09-30,B04,HSK04,Present,,10:00-17:00
2025-09-30,B04,HSK05,Present,,10:00-17:00
2025-09-30,B05,DEV01,Present,,10:00-17:00
2025-09-30,B05,DEV02,Present,,10:00-17:00
2025-09-30,B05,DEV03,Present,,10:00-17:00
2025-09-30,B05,DEV04,Present,,10:00-17:00
2025-10-03,B01,JAY01,Present,,10:00-17:00
2025-10-03,B01,JAY02,Present,,10:00-17:00
2025-10-03,B01,JAY03,Present,,10:00-17:00
2025-10-03,B01,JAY04,Present,,10:00-17:00
2025-10-03,B01,JAY05,Present,,10:00-17:00
2025-10-03,B01,JAY06,Present,,10:00-17:00
2025-10-03,B01,JAY08,Present,,10:00-17:00
2025-10-03,B01,JAY07,Present,,10:00-17:00
2025-10-03,B02,WHF01,Present,,10:00-17:00
2025-10-03,B02,WHF02,Present,,10:00-17:00
2025-10-03,B02,WHF03,Present,,10:00-17:00
2025-10-03,B02,WHF04,Present,,10:00-17:00
2025-10-03,B02,WHF05,Present,,10:00-17:00
2025-10-03,B02,WHF06,Present,,10:00-17:00
2025-10-03,B02,WHF07,Present,,10:00-17:00
2025-10-03,B03,MAL01,Present,,10:00-17:00
2025-10-03,B03,MAL02,Present,,10:00-17:00
2025-10-03,B03,MAL03,Present,,10:00-17:00
2025-10-03,B03,MAL04,Present,,10:00-17:00
2025-10-03,B03,MAL05,Present,,10:00-17:00
2025-10-03,B03,MAL06,Leave,Sick / unplanned,
2025-10-03,B03,MAL07,Present,,10:00-17:00
2025-10-03,B04,HSK01,Leave,Sick / unplanned,
2025-10-03,B04,HSK02,Present,,10:00-17:00
2025-10-03,B04,HSK03,Present,,10:00-17:00
2025-10-03,B04,HSK04,Present,,10:00-17:00
2025-10-03,B04,HSK05,Present,,10:00-17:00
2025-10-03,B05,DEV01,Present,,10:00-17:00
2025-10-03,B05,DEV02,Present,,10:00-17:00
2025-10-03,B05,DEV03,Present,,10:00-17:00
2025-10-03,B05,DEV04,Present,,10:00-17:00
2025-10-04,B01,JAY01,Present,,10:00-17:00
2025-10-04,B01,JAY02,Present,,10:00-17:00
2025-10-04,B01,JAY03,Present,,10:00-17:00
2025-10-04,B01,JAY04,Present,,10:00-17:00
2025-10-04,B01,JAY05,Present,,10:00-17:00
2025-10-04,B01,JAY06,Present,,10:00-17:00
2025-10-04,B01,JAY08,Present,,10:00-17:00
2025-10-04,B01,JAY07,Present,,10:00-17:00
2025-10-04,B02,WHF01,Present,,10:00-17:00
2025-10-04,B02,WHF02,Present,,10:00-17:00
2025-10-04,B02,WHF03,Present,,10:00-17:00
2025-10-04,B02,WHF04,Present,,10:00-17:00
2025-10-04,B02,WHF05,Present,,10:00-17:00
2025-10-04,B02,WHF06,Present,,10:00-17:00
2025-10-04,B02,WHF07,Present,,10:00-17:00
2025-10-04,B03,MAL01,Present,,10:00-17:00
2025-10-04,B03,MAL02,Present,,10:00-17:00
2025-10-04,B03,MAL03,Present,,10:00-17:00
2025-10-04,B03,MAL04,Present,,10:00-17:00
2025-10-04,B03,MAL05,Leave,Sick / unplanned,
2025-10-04,B03,MAL06,Present,,10:00-17:00
2025-10-04,B03,MAL07,Present,,10:00-17:00
2025-10-04,B04,HSK01,Present,,10:00-17:00
2025-10-04,B04,HSK02,Present,,10:00-17:00
2025-10-04,B04,HSK03,Present,,10:00-17:00
2025-10-04,B04,HSK04,Present,,10:00-17:00
2025-10-04,B04,HSK05,Present,,10:00-17:00
2025-10-04,B05,DEV01,Present,,10:00-17:00
2025-10-04,B05,DEV02,Present,,10:00-17:00
2025-10-04,B05,DEV03,Present,,10:00-17:00
2025-10-04,B05,DEV04,Present,,10:00-17:00
2025-10-06,B01,JAY01,Present,,10:00-17:00
2025-10-06,B01,JAY02,Present,,10:00-17:00
2025-10-06,B01,JAY03,Present,,10:00-17:00
2025-10-06,B01,JAY04,Present,,10:00-17:00
2025-10-06,B01,JAY05,Present,,10:00-17:00
2025-10-06,B01,JAY06,Present,,10:00-17:00
2025-10-06,B01,JAY08,Present,,10:00-17:00
2025-10-06,B01,JAY07,Present,,10:00-17:00
2025-10-06,B02,WHF01,Present,,10:00-17:00
2025-10-06,B02,WHF02,Present,,10:00-17:00
2025-10-06,B02,WHF03,Present,,10:00-17:00
2025-10-06,B02,WHF04,Present,,10:00-17:00
2025-10-06,B02,WHF05,Present,,10:00-17:00
2025-10-06,B02,WHF06,Present,,10:00-17:00
2025-10-06,B02,WHF07,Present,,10:00-17:00
2025-10-06,B03,MAL01,Present,,10:00-17:00
2025-10-06,B03,MAL02,Present,,10:00-17:00
2025-10-06,B03,MAL03,Present,,10:00-17:00
2025-10-06,B03,MAL04,Present,,10:00-17:00
2025-10-06,B03,MAL05,Present,,10:00-17:00
2025-10-06,B03,MAL06,Present,,10:00-17:00
2025-10-06,B03,MAL07,Present,,10:00-17:00
2025-10-06,B04,HSK01,Present,,10:00-17:00
2025-10-06,B04,HSK02,Leave,Sick / unplanned,
2025-10-06,B04,HSK03,Present,,10:00-17:00
2025-10-06,B04,HSK04,Present,,10:00-17:00
2025-10-06,B04,HSK05,Present,,10:00-17:00
2025-10-06,B05,DEV01,Present,,10:00-17:00
2025-10-06,B05,DEV02,Present,,10:00-17:00
2025-10-06,B05,DEV03,Present,,10:00-17:00
2025-10-06,B05,DEV04,Present,,10:00-17:00
2025-10-08,B01,JAY01,Present,,10:00-17:00
2025-10-08,B01,JAY02,Present,,10:00-17:00
2025-10-08,B01,JAY03,Present,,10:00-17:00
2025-10-08,B01,JAY04,Present,,10:00-17:00
2025-10-08,B01,JAY05,Present,,10:00-17:00
2025-10-08,B01,JAY06,Present,,10:00-17:00
2025-10-08,B01,JAY08,Present,,10:00-17:00
2025-10-08,B01,JAY07,Present,,10:00-17:00
2025-10-08,B02,WHF01,Present,,10:00-17:00
2025-10-08,B02,WHF02,Leave,Sick / unplanned,
2025-10-08,B02,WHF03,Present,,10:00-17:00
2025-10-08,B02,WHF04,Present,,10:00-17:00
2025-10-08,B02,WHF05,Present,,10:00-17:00
2025-10-08,B02,WHF06,Present,,10:00-17:00
2025-10-08,B02,WHF07,Present,,10:00-17:00
2025-10-08,B03,MAL01,Present,,10:00-17:00
2025-10-08,B03,MAL02,Present,,10:00-17:00
2025-10-08,B03,MAL03,Present,,10:00-17:00
2025-10-08,B03,MAL04,Present,,10:00-17:00
2025-10-08,B03,MAL05,Present,,10:00-17:00
2025-10-08,B03,MAL06,Present,,10:00-17:00
2025-10-08,B03,MAL07,Present,,10:00-17:00
2025-10-08,B04,HSK01,Present,,10:00-17:00
2025-10-08,B04,HSK02,Present,,10:00-17:00
2025-10-08,B04,HSK03,Present,,10:00-17:00
2025-10-08,B04,HSK04,Present,,10:00-17:00
2025-10-08,B04,HSK05,Present,,10:00-17:00
2025-10-08,B05,DEV01,Present,,10:00-17:00
2025-10-08,B05,DEV02,Present,,10:00-17:00
2025-10-08,B05,DEV03,Present,,10:00-17:00
2025-10-08,B05,DEV04,Present,,10:00-17:00
2025-10-09,B01,JAY01,Present,,10:00-17:00
2025-10-09,B01,JAY02,Present,,10:00-17:00
2025-10-09,B01,JAY03,Present,,10:00-17:00
2025-10-09,B01,JAY04,Present,,10:00-17:00
2025-10-09,B01,JAY05,Present,,10:00-17:00
2025-10-09,B01,JAY06,Present,,10:00-17:00
2025-10-09,B01,JAY08,Present,,10:00-17:00
2025-10-09,B01,JAY07,Present,,10:00-17:00
2025-10-09,B02,WHF01,Present,,10:00-17:00
2025-10-09,B02,WHF02,Present,,10:00-17:00
2025-10-09,B02,WHF03,Present,,10:00-17:00
2025-10-09,B02,WHF04,Present,,10:00-17:00
2025-10-09,B02,WHF05,Present,,10:00-17:00
2025-10-09,B02,WHF06,Present,,10:00-17:00
2025-10-09,B02,WHF07,Present,,10:00-17:00
2025-10-09,B03,MAL01,Present,,10:00-17:00
2025-10-09,B03,MAL02,Present,,10:00-17:00
2025-10-09,B03,MAL03,Present,,10:00-17:00
2025-10-09,B03,MAL04,Present,,10:00-17:00
2025-10-09,B03,MAL05,Present,,10:00-17:00
2025-10-09,B03,MAL06,Present,,10:00-17:00
2025-10-09,B03,MAL07,Present,,10:00-17:00
2025-10-09,B04,HSK01,Present,,10:00-17:00
2025-10-09,B04,HSK02,Present,,10:00-17:00
2025-10-09,B04,HSK03,Present,,10:00-17:00
2025-10-09,B04,HSK04,Leave,Sick / unplanned,
2025-10-09,B04,HSK05,Present,,10:00-17:00
2025-10-09,B05,DEV01,Present,,10:00-17:00
2025-10-09,B05,DEV02,Present,,10:00-17:00
2025-10-09,B05,DEV03,Present,,10:00-17:00
2025-10-09,B05,DEV04,Present,,10:00-17:00
2025-10-10,B01,JAY01,Present,,10:00-17:00
2025-10-10,B01,JAY02,Present,,10:00-17:00
2025-10-10,B01,JAY03,Present,,10:00-17:00
2025-10-10,B01,JAY04,Present,,10:00-17:00
2025-10-10,B01,JAY05,Present,,10:00-17:00
2025-10-10,B01,JAY06,Present,,10:00-17:00
2025-10-10,B01,JAY08,Present,,10:00-17:00
2025-10-10,B01,JAY07,Present,,10:00-17:00
2025-10-10,B02,WHF01,Present,,10:00-17:00
2025-10-10,B02,WHF02,Present,,10:00-17:00
2025-10-10,B02,WHF03,Present,,10:00-17:00
2025-10-10,B02,WHF04,Present,,10:00-17:00
2025-10-10,B02,WHF05,Present,,10:00-17:00
2025-10-10,B02,WHF06,Present,,10:00-17:00
2025-10-10,B02,WHF07,Present,,10:00-17:00
2025-10-10,B03,MAL01,Present,,10:00-17:00
2025-10-10,B03,MAL02,Present,,10:00-17:00
2025-10-10,B03,MAL03,Present,,10:00-17:00
2025-10-10,B03,MAL04,Present,,10:00-17:00
2025-10-10,B03,MAL05,Present,,10:00-17:00
2025-10-10,B03,MAL06,Present,,10:00-17:00
2025-10-10,B03,MAL07,Present,,10:00-17:00
2025-10-10,B04,HSK01,Present,,10:00-17:00
2025-10-10,B04,HSK02,Present,,10:00-17:00
2025-10-10,B04,HSK03,Leave,Sick / unplanned,
2025-10-10,B04,HSK04,Present,,10:00-17:00
2025-10-10,B04,HSK05,Present,,10:00-17:00
2025-10-10,B05,DEV01,Present,,10:00-17:00
2025-10-10,B05,DEV02,Present,,10:00-17:00
2025-10-10,B05,DEV03,Present,,10:00-17:00
2025-10-10,B05,DEV04,Present,,10:00-17:00
2025-10-13,B01,JAY01,Present,,10:00-17:00
2025-10-13,B01,JAY02,Present,,10:00-17:00
2025-10-13,B01,JAY03,Present,,10:00-17:00
2025-10-13,B01,JAY04,Present,,10:00-17:00
2025-10-13,B01,JAY05,Present,,10:00-17:00
2025-10-13,B01,JAY06,Present,,10:00-17:00
2025-10-13,B01,JAY08,Present,,10:00-17:00
2025-10-13,B01,JAY07,Present,,10:00-17:00
2025-10-13,B02,WHF01,Present,,10:00-17:00
2025-10-13,B02,WHF02,Present,,10:00-17:00
2025-10-13,B02,WHF03,Present,,10:00-17:00
2025-10-13,B02,WHF04,Present,,10:00-17:00
2025-10-13,B02,WHF05,Present,,10:00-17:00
2025-10-13,B02,WHF06,Present,,10:00-17:00
2025-10-13,B02,WHF07,Present,,10:00-17:00
2025-10-13,B03,MAL01,Present,,10:00-17:00
2025-10-13,B03,MAL02,Present,,10:00-17:00
2025-10-13,B03,MAL03,Present,,10:00-17:00
2025-10-13,B03,MAL04,Present,,10:00-17:00
2025-10-13,B03,MAL05,Present,,10:00-17:00
2025-10-13,B03,MAL06,Present,,10:00-17:00
2025-10-13,B03,MAL07,Present,,10:00-17:00
2025-10-13,B04,HSK01,Present,,10:00-17:00
2025-10-13,B04,HSK02,Present,,10:00-17:00
2025-10-13,B04,HSK03,Present,,10:00-17:00
2025-10-13,B04,HSK04,Present,,10:00-17:00
2025-10-13,B04,HSK05,Present,,10:00-17:00
2025-10-13,B05,DEV01,Present,,10:00-17:00
2025-10-13,B05,DEV02,Present,,10:00-17:00
2025-10-13,B05,DEV03,Present,,10:00-17:00
2025-10-13,B05,DEV04,Present,,10:00-17:00
2025-10-14,B01,JAY01,Leave,Sick / unplanned,
2025-10-14,B01,JAY02,Present,,10:00-17:00
2025-10-14,B01,JAY03,Present,,10:00-17:00
2025-10-14,B01,JAY04,Present,,10:00-17:00
2025-10-14,B01,JAY05,Present,,10:00-17:00
2025-10-14,B01,JAY06,Present,,10:00-17:00
2025-10-14,B01,JAY08,Present,,10:00-17:00
2025-10-14,B01,JAY07,Present,,10:00-17:00
2025-10-14,B02,WHF01,Present,,10:00-17:00
2025-10-14,B02,WHF02,Present,,10:00-17:00
2025-10-14,B02,WHF03,Present,,10:00-17:00
2025-10-14,B02,WHF04,Present,,10:00-17:00
2025-10-14,B02,WHF05,Present,,10:00-17:00
2025-10-14,B02,WHF06,Present,,10:00-17:00
2025-10-14,B02,WHF07,Present,,10:00-17:00
2025-10-14,B03,MAL01,Present,,10:00-17:00
2025-10-14,B03,MAL02,Present,,10:00-17:00
2025-10-14,B03,MAL03,Present,,10:00-17:00
2025-10-14,B03,MAL04,Present,,10:00-17:00
2025-10-14,B03,MAL05,Present,,10:00-17:00
2025-10-14,B03,MAL06,Present,,10:00-17:00
2025-10-14,B03,MAL07,Present,,10:00-17:00
2025-10-14,B04,HSK01,Present,,10:00-17:00
2025-10-14,B04,HSK02,Present,,10:00-17:00
2025-10-14,B04,HSK03,Present,,10:00-17:00
2025-10-14,B04,HSK04,Present,,10:00-17:00
2025-10-14,B04,HSK05,Present,,10:00-17:00
2025-10-14,B05,DEV01,Present,,10:00-17:00
2025-10-14,B05,DEV02,Present,,10:00-17:00
2025-10-14,B05,DEV03,Present,,10:00-17:00
2025-10-14,B05,DEV04,Leave,Sick / unplanned,
2025-10-15,B01,JAY01,Present,,10:00-17:00
2025-10-15,B01,JAY02,Present,,10:00-17:00
2025-10-15,B01,JAY03,Present,,10:00-17:00
2025-10-15,B01,JAY04,Present,,10:00-17:00
2025-10-15,B01,JAY05,Present,,10:00-17:00
2025-10-15,B01,JAY06,Present,,10:00-17:00
2025-10-15,B01,JAY08,Present,,10:00-17:00
2025-10-15,B01,JAY07,Present,,10:00-17:00
2025-10-15,B02,WHF01,Present,,10:00-17:00
2025-10-15,B02,WHF02,Present,,10:00-17:00
2025-10-15,B02,WHF03,Present,,10:00-17:00
2025-10-15,B02,WHF04,Present,,10:00-17:00
2025-10-15,B02,WHF05,Leave,Sick / unplanned,
2025-10-15,B02,WHF06,Present,,10:00-17:00
2025-10-15,B02,WHF07,Present,,10:00-17:00
2025-10-15,B03,MAL01,Present,,10:00-17:00
2025-10-15,B03,MAL02,Present,,10:00-17:00
2025-10-15,B03,MAL03,Present,,10:00-17:00
2025-10-15,B03,MAL04,Present,,10:00-17:00
2025-10-15,B03,MAL05,Present,,10:00-17:00
2025-10-15,B03,MAL06,Present,,10:00-17:00
2025-10-15,B03,MAL07,Present,,10:00-17:00
2025-10-15,B04,HSK01,Leave,Sick / unplanned,
2025-10-15,B04,HSK02,Present,,10:00-17:00
2025-10-15,B04,HSK03,Present,,10:00-17:00
2025-10-15,B04,HSK04,Leave,Sick / unplanned,
2025-10-15,B04,HSK05,Present,,10:00-17:00
2025-10-15,B05,DEV01,Present,,10:00-17:00
2025-10-15,B05,DEV02,Present,,10:00-17:00
2025-10-15,B05,DEV03,Present,,10:00-17:00
2025-10-15,B05,DEV04,Present,,10:00-17:00
2025-10-16,B01,JAY01,Present,,10:00-17:00
2025-10-16,B01,JAY02,Present,,10:00-17:00
2025-10-16,B01,JAY03,Present,,10:00-17:00
2025-10-16,B01,JAY04,Present,,10:00-17:00
2025-10-16,B01,JAY05,Present,,10:00-17:00
2025-10-16,B01,JAY06,Present,,10:00-17:00
2025-10-16,B01,JAY08,Present,,10:00-17:00
2025-10-16,B01,JAY07,Present,,10:00-17:00
2025-10-16,B02,WHF01,Present,,10:00-17:00
2025-10-16,B02,WHF02,Present,,10:00-17:00
2025-10-16,B02,WHF03,Present,,10:00-17:00
2025-10-16,B02,WHF04,Present,,10:00-17:00
2025-10-16,B02,WHF05,Present,,10:00-17:00
2025-10-16,B02,WHF06,Present,,10:00-17:00
2025-10-16,B02,WHF07,Present,,10:00-17:00
2025-10-16,B03,MAL01,Present,,10:00-17:00
2025-10-16,B03,MAL02,Present,,10:00-17:00
2025-10-16,B03,MAL03,Present,,10:00-17:00
2025-10-16,B03,MAL04,Present,,10:00-17:00
2025-10-16,B03,MAL05,Present,,10:00-17:00
2025-10-16,B03,MAL06,Present,,10:00-17:00
2025-10-16,B03,MAL07,Present,,10:00-17:00
2025-10-16,B04,HSK01,Present,,10:00-17:00
2025-10-16,B04,HSK02,Present,,10:00-17:00
2025-10-16,B04,HSK03,Present,,10:00-17:00
2025-10-16,B04,HSK04,Present,,10:00-17:00
2025-10-16,B04,HSK05,Present,,10:00-17:00
2025-10-16,B05,DEV01,Present,,10:00-17:00
2025-10-16,B05,DEV02,Present,,10:00-17:00
2025-10-16,B05,DEV03,Present,,10:00-17:00
2025-10-16,B05,DEV04,Present,,10:00-17:00
2025-10-17,B01,JAY01,Present,,10:00-17:00
2025-10-17,B01,JAY02,Present,,10:00-17:00
2025-10-17,B01,JAY03,Present,,10:00-17:00
2025-10-17,B01,JAY04,Present,,10:00-17:00
2025-10-17,B01,JAY05,Present,,10:00-17:00
2025-10-17,B01,JAY06,Present,,10:00-17:00
2025-10-17,B01,JAY08,Present,,10:00-17:00
2025-10-17,B01,JAY07,Present,,10:00-17:00
2025-10-17,B02,WHF01,Present,,10:00-17:00
2025-10-17,B02,WHF02,Present,,10:00-17:00
2025-10-17,B02,WHF03,Present,,10:00-17:00
2025-10-17,B02,WHF04,Present,,10:00-17:00
2025-10-17,B02,WHF05,Present,,10:00-17:00
2025-10-17,B02,WHF06,Present,,10:00-17:00
2025-10-17,B02,WHF07,Present,,10:00-17:00
2025-10-17,B03,MAL01,Present,,10:00-17:00
2025-10-17,B03,MAL02,Present,,10:00-17:00
2025-10-17,B03,MAL03,Present,,10:00-17:00
2025-10-17,B03,MAL04,Present,,10:00-17:00
2025-10-17,B03,MAL05,Present,,10:00-17:00
2025-10-17,B03,MAL06,Present,,10:00-17:00
2025-10-17,B03,MAL07,Present,,10:00-17:00
2025-10-17,B04,HSK01,Present,,10:00-17:00
2025-10-17,B04,HSK02,Present,,10:00-17:00
2025-10-17,B04,HSK03,Present,,10:00-17:00
2025-10-17,B04,HSK04,Present,,10:00-17:00
2025-10-17,B04,HSK05,Present,,10:00-17:00
2025-10-17,B05,DEV01,Present,,10:00-17:00
2025-10-17,B05,DEV02,Present,,10:00-17:00
2025-10-17,B05,DEV03,Present,,10:00-17:00
2025-10-17,B05,DEV04,Present,,10:00-17:00
2025-10-18,B01,JAY01,Present,,10:00-17:00
2025-10-18,B01,JAY02,Present,,10:00-17:00
2025-10-18,B01,JAY03,Present,,10:00-17:00
2025-10-18,B01,JAY04,Present,,10:00-17:00
2025-10-18,B01,JAY05,Present,,10:00-17:00
2025-10-18,B01,JAY06,Present,,10:00-17:00
2025-10-18,B01,JAY08,Present,,10:00-17:00
2025-10-18,B01,JAY07,Present,,10:00-17:00
2025-10-18,B02,WHF01,Present,,10:00-17:00
2025-10-18,B02,WHF02,Present,,10:00-17:00
2025-10-18,B02,WHF03,Present,,10:00-17:00
2025-10-18,B02,WHF04,Leave,Sick / unplanned,
2025-10-18,B02,WHF05,Present,,10:00-17:00
2025-10-18,B02,WHF06,Present,,10:00-17:00
2025-10-18,B02,WHF07,Present,,10:00-17:00
2025-10-18,B03,MAL01,Present,,10:00-17:00
2025-10-18,B03,MAL02,Present,,10:00-17:00
2025-10-18,B03,MAL03,Present,,10:00-17:00
2025-10-18,B03,MAL04,Present,,10:00-17:00
2025-10-18,B03,MAL05,Present,,10:00-17:00
2025-10-18,B03,MAL06,Present,,10:00-17:00
2025-10-18,B03,MAL07,Present,,10:00-17:00
2025-10-18,B04,HSK01,Present,,10:00-17:00
2025-10-18,B04,HSK02,Present,,10:00-17:00
2025-10-18,B04,HSK03,Present,,10:00-17:00
2025-10-18,B04,HSK04,Present,,10:00-17:00
2025-10-18,B04,HSK05,Leave,Sick / unplanned,
2025-10-18,B05,DEV01,Present,,10:00-17:00
2025-10-18,B05,DEV02,Present,,10:00-17:00
2025-10-18,B05,DEV03,Present,,10:00-17:00
2025-10-18,B05,DEV04,Present,,10:00-17:00
2025-10-21,B01,JAY01,Present,,10:00-17:00
2025-10-21,B01,JAY02,Present,,10:00-17:00
2025-10-21,B01,JAY03,Present,,10:00-17:00
2025-10-21,B01,JAY04,Present,,10:00-17:00
2025-10-21,B01,JAY05,Present,,10:00-17:00
2025-10-21,B01,JAY06,Present,,10:00-17:00
2025-10-21,B01,JAY08,Present,,10:00-17:00
2025-10-21,B01,JAY07,Present,,10:00-17:00
2025-10-21,B02,WHF01,Present,,10:00-17:00
2025-10-21,B02,WHF02,Present,,10:00-17:00
2025-10-21,B02,WHF03,Present,,10:00-17:00
2025-10-21,B02,WHF04,Present,,10:00-17:00
2025-10-21,B02,WHF05,Present,,10:00-17:00
2025-10-21,B02,WHF06,Present,,10:00-17:00
2025-10-21,B02,WHF07,Present,,10:00-17:00
2025-10-21,B03,MAL01,Present,,10:00-17:00
2025-10-21,B03,MAL02,Present,,10:00-17:00
2025-10-21,B03,MAL03,Present,,10:00-17:00
2025-10-21,B03,MAL04,Present,,10:00-17:00
2025-10-21,B03,MAL05,Present,,10:00-17:00
2025-10-21,B03,MAL06,Present,,10:00-17:00
2025-10-21,B03,MAL07,Present,,10:00-17:00
2025-10-21,B04,HSK01,Present,,10:00-17:00
2025-10-21,B04,HSK02,Present,,10:00-17:00
2025-10-21,B04,HSK03,Present,,10:00-17:00
2025-10-21,B04,HSK04,Present,,10:00-17:00
2025-10-21,B04,HSK05,Present,,10:00-17:00
2025-10-21,B05,DEV01,Leave,Sick / unplanned,
2025-10-21,B05,DEV02,Present,,10:00-17:00
2025-10-21,B05,DEV03,Present,,10:00-17:00
2025-10-21,B05,DEV04,Leave,Sick / unplanned,
2025-10-23,B01,JAY01,Present,,10:00-17:00
2025-10-23,B01,JAY02,Present,,10:00-17:00
2025-10-23,B01,JAY03,Present,,10:00-17:00
2025-10-23,B01,JAY04,Present,,10:00-17:00
2025-10-23,B01,JAY05,Present,,10:00-17:00
2025-10-23,B01,JAY06,Present,,10:00-17:00
2025-10-23,B01,JAY08,Present,,10:00-17:00
2025-10-23,B01,JAY07,Present,,10:00-17:00
2025-10-23,B02,WHF01,Present,,10:00-17:00
2025-10-23,B02,WHF02,Present,,10:00-17:00
2025-10-23,B02,WHF03,Present,,10:00-17:00
2025-10-23,B02,WHF04,Present,,10:00-17:00
2025-10-23,B02,WHF05,Present,,10:00-17:00
2025-10-23,B02,WHF06,Present,,10:00-17:00
2025-10-23,B02,WHF07,Present,,10:00-17:00
2025-10-23,B03,MAL01,Present,,10:00-17:00
2025-10-23,B03,MAL02,Present,,10:00-17:00
2025-10-23,B03,MAL03,Present,,10:00-17:00
2025-10-23,B03,MAL04,Present,,10:00-17:00
2025-10-23,B03,MAL05,Present,,10:00-17:00
2025-10-23,B03,MAL06,Present,,10:00-17:00
2025-10-23,B03,MAL07,Present,,10:00-17:00
2025-10-23,B04,HSK01,Present,,10:00-17:00
2025-10-23,B04,HSK02,Present,,10:00-17:00
2025-10-23,B04,HSK03,Present,,10:00-17:00
2025-10-23,B04,HSK04,Present,,10:00-17:00
2025-10-23,B04,HSK05,Present,,10:00-17:00
2025-10-23,B05,DEV01,Present,,10:00-17:00
2025-10-23,B05,DEV02,Present,,10:00-17:00
2025-10-23,B05,DEV03,Present,,10:00-17:00
2025-10-23,B05,DEV04,Present,,10:00-17:00
2025-10-24,B01,JAY01,Present,,10:00-17:00
2025-10-24,B01,JAY02,Present,,10:00-17:00
2025-10-24,B01,JAY03,Present,,10:00-17:00
2025-10-24,B01,JAY04,Present,,10:00-17:00
2025-10-24,B01,JAY05,Present,,10:00-17:00
2025-10-24,B01,JAY06,Present,,10:00-17:00
2025-10-24,B01,JAY08,Present,,10:00-17:00
2025-10-24,B01,JAY07,Present,,10:00-17:00
2025-10-24,B02,WHF01,Present,,10:00-17:00
2025-10-24,B02,WHF02,Present,,10:00-17:00
2025-10-24,B02,WHF03,Present,,10:00-17:00
2025-10-24,B02,WHF04,Present,,10:00-17:00
2025-10-24,B02,WHF05,Present,,10:00-17:00
2025-10-24,B02,WHF06,Present,,10:00-17:00
2025-10-24,B02,WHF07,Present,,10:00-17:00
2025-10-24,B03,MAL01,Present,,10:00-17:00
2025-10-24,B03,MAL02,Present,,10:00-17:00
2025-10-24,B03,MAL03,Present,,10:00-17:00
2025-10-24,B03,MAL04,Present,,10:00-17:00
2025-10-24,B03,MAL05,Present,,10:00-17:00
2025-10-24,B03,MAL06,Present,,10:00-17:00
2025-10-24,B03,MAL07,Present,,10:00-17:00
2025-10-24,B04,HSK01,Present,,10:00-17:00
2025-10-24,B04,HSK02,Present,,10:00-17:00
2025-10-24,B04,HSK03,Present,,10:00-17:00
2025-10-24,B04,HSK04,Present,,10:00-17:00
2025-10-24,B04,HSK05,Present,,10:00-17:00
2025-10-24,B05,DEV01,Present,,10:00-17:00
2025-10-24,B05,DEV02,Present,,10:00-17:00
2025-10-24,B05,DEV03,Present,,10:00-17:00
2025-10-24,B05,DEV04,Present,,10:00-17:00
2025-10-27,B01,JAY01,Present,,10:00-17:00
2025-10-27,B01,JAY02,Present,,10:00-17:00
2025-10-27,B01,JAY03,Present,,10:00-17:00
2025-10-27,B01,JAY04,Present,,10:00-17:00
2025-10-27,B01,JAY05,Present,,10:00-17:00
2025-10-27,B01,JAY06,Present,,10:00-17:00
2025-10-27,B01,JAY08,Present,,10:00-17:00
2025-10-27,B01,JAY07,Present,,10:00-17:00
2025-10-27,B02,WHF01,Present,,10:00-17:00
2025-10-27,B02,WHF02,Present,,10:00-17:00
2025-10-27,B02,WHF03,Present,,10:00-17:00
2025-10-27,B02,WHF04,Present,,10:00-17:00
2025-10-27,B02,WHF05,Present,,10:00-17:00
2025-10-27,B02,WHF06,Present,,10:00-17:00
2025-10-27,B02,WHF07,Present,,10:00-17:00
2025-10-27,B03,MAL01,Present,,10:00-17:00
2025-10-27,B03,MAL02,Present,,10:00-17:00
2025-10-27,B03,MAL03,Present,,10:00-17:00
2025-10-27,B03,MAL04,Present,,10:00-17:00
2025-10-27,B03,MAL05,Present,,10:00-17:00
2025-10-27,B03,MAL06,Present,,10:00-17:00
2025-10-27,B03,MAL07,Present,,10:00-17:00
2025-10-27,B04,HSK01,Present,,10:00-17:00
2025-10-27,B04,HSK02,Present,,10:00-17:00
2025-10-27,B04,HSK03,Present,,10:00-17:00
2025-10-27,B04,HSK04,Present,,10:00-17:00
2025-10-27,B04,HSK05,Present,,10:00-17:00
2025-10-27,B05,DEV01,Leave,Sick / unplanned,
2025-10-27,B05,DEV02,Present,,10:00-17:00
2025-10-27,B05,DEV03,Present,,10:00-17:00
2025-10-27,B05,DEV04,Present,,10:00-17:00
2025-10-28,B01,JAY01,Present,,10:00-17:00
2025-10-28,B01,JAY02,Present,,10:00-17:00
2025-10-28,B01,JAY03,Present,,10:00-17:00
2025-10-28,B01,JAY04,Present,,10:00-17:00
2025-10-28,B01,JAY05,Present,,10:00-17:00
2025-10-28,B01,JAY06,Present,,10:00-17:00
2025-10-28,B01,JAY08,Leave,Sick / unplanned,
2025-10-28,B01,JAY07,Present,,10:00-17:00
2025-10-28,B02,WHF01,Present,,10:00-17:00
2025-10-28,B02,WHF02,Present,,10:00-17:00
2025-10-28,B02,WHF03,Present,,10:00-17:00
2025-10-28,B02,WHF04,Present,,10:00-17:00
2025-10-28,B02,WHF05,Present,,10:00-17:00
2025-10-28,B02,WHF06,Present,,10:00-17:00
2025-10-28,B02,WHF07,Present,,10:00-17:00
2025-10-28,B03,MAL01,Present,,10:00-17:00
2025-10-28,B03,MAL02,Present,,10:00-17:00
2025-10-28,B03,MAL03,Present,,10:00-17:00
2025-10-28,B03,MAL04,Present,,10:00-17:00
2025-10-28,B03,MAL05,Present,,10:00-17:00
2025-10-28,B03,MAL06,Present,,10:00-17:00
2025-10-28,B03,MAL07,Present,,10:00-17:00
2025-10-28,B04,HSK01,Present,,10:00-17:00
2025-10-28,B04,HSK02,Present,,10:00-17:00
2025-10-28,B04,HSK03,Present,,10:00-17:00
2025-10-28,B04,HSK04,Present,,10:00-17:00
2025-10-28,B04,HSK05,Present,,10:00-17:00
2025-10-28,B05,DEV01,Present,,10:00-17:00
2025-10-28,B05,DEV02,Present,,10:00-17:00
2025-10-28,B05,DEV03,Present,,10:00-17:00
2025-10-28,B05,DEV04,Present,,10:00-17:00
2025-10-29,B01,JAY01,Present,,10:00-17:00
2025-10-29,B01,JAY02,Present,,10:00-17:00
2025-10-29,B01,JAY03,Present,,10:00-17:00
2025-10-29,B01,JAY04,Present,,10:00-17:00
2025-10-29,B01,JAY05,Present,,10:00-17:00
2025-10-29,B01,JAY06,Present,,10:00-17:00
2025-10-29,B01,JAY08,Present,,10:00-17:00
2025-10-29,B01,JAY07,Present,,10:00-17:00
2025-10-29,B02,WHF01,Present,,10:00-17:00
2025-10-29,B02,WHF02,Present,,10:00-17:00
2025-10-29,B02,WHF03,Present,,10:00-17:00
2025-10-29,B02,WHF04,Present,,10:00-17:00
2025-10-29,B02,WHF05,Present,,10:00-17:00
2025-10-29,B02,WHF06,Present,,10:00-17:00
2025-10-29,B02,WHF07,Present,,10:00-17:00
2025-10-29,B03,MAL01,Present,,10:00-17:00
2025-10-29,B03,MAL02,Present,,10:00-17:00
2025-10-29,B03,MAL03,Present,,10:00-17:00
2025-10-29,B03,MAL04,Present,,10:00-17:00
2025-10-29,B03,MAL05,Present,,10:00-17:00
2025-10-29,B03,MAL06,Present,,10:00-17:00
2025-10-29,B03,MAL07,Present,,10:00-17:00
2025-10-29,B04,HSK01,Present,,10:00-17:00
2025-10-29,B04,HSK02,Present,,10:00-17:00
2025-10-29,B04,HSK03,Present,,10:00-17:00
2025-10-29,B04,HSK04,Present,,10:00-17:00
2025-10-29,B04,HSK05,Present,,10:00-17:00
2025-10-29,B05,DEV01,Present,,10:00-17:00
2025-10-29,B05,DEV02,Present,,10:00-17:00
2025-10-29,B05,DEV03,Present,,10:00-17:00
2025-10-29,B05,DEV04,Present,,10:00-17:00
2025-10-30,B01,JAY01,Present,,10:00-17:00
2025-10-30,B01,JAY02,Present,,10:00-17:00
2025-10-30,B01,JAY03,Present,,10:00-17:00
2025-10-30,B01,JAY04,Present,,10:00-17:00
2025-10-30,B01,JAY05,Present,,10:00-17:00
2025-10-30,B01,JAY06,Leave,Sick / unplanned,
2025-10-30,B01,JAY08,Present,,10:00-17:00
2025-10-30,B01,JAY07,Present,,10:00-17:00
2025-10-30,B02,WHF01,Present,,10:00-17:00
2025-10-30,B02,WHF02,Present,,10:00-17:00
2025-10-30,B02,WHF03,Present,,10:00-17:00
2025-10-30,B02,WHF04,Present,,10:00-17:00
2025-10-30,B02,WHF05,Present,,10:00-17:00
2025-10-30,B02,WHF06,Present,,10:00-17:00
2025-10-30,B02,WHF07,Present,,10:00-17:00
2025-10-30,B03,MAL01,Present,,10:00-17:00
2025-10-30,B03,MAL02,Present,,10:00-17:00
2025-10-30,B03,MAL03,Present,,10:00-17:00
2025-10-30,B03,MAL04,Present,,10:00-17:00
2025-10-30,B03,MAL05,Present,,10:00-17:00
2025-10-30,B03,MAL06,Present,,10:00-17:00
2025-10-30,B03,MAL07,Leave,Sick / unplanned,
2025-10-30,B04,HSK01,Present,,10:00-17:00
2025-10-30,B04,HSK02,Present,,10:00-17:00
2025-10-30,B04,HSK03,Present,,10:00-17:00
2025-10-30,B04,HSK04,Present,,10:00-17:00
2025-10-30,B04,HSK05,Present,,10:00-17:00
2025-10-30,B05,DEV01,Present,,10:00-17:00
2025-10-30,B05,DEV02,Present,,10:00-17:00
2025-10-30,B05,DEV03,Present,,10:00-17:00
2025-10-30,B05,DEV04,Present,,10:00-17:00
2025-10-31,B01,JAY01,Present,,10:00-17:00
2025-10-31,B01,JAY02,Present,,10:00-17:00
2025-10-31,B01,JAY03,Leave,Sick / unplanned,
2025-10-31,B01,JAY04,Present,,10:00-17:00
2025-10-31,B01,JAY05,Present,,10:00-17:00
2025-10-31,B01,JAY06,Present,,10:00-17:00
2025-10-31,B01,JAY08,Present,,10:00-17:00
2025-10-31,B01,JAY07,Present,,10:00-17:00
2025-10-31,B02,WHF01,Present,,10:00-17:00
2025-10-31,B02,WHF02,Present,,10:00-17:00
2025-10-31,B02,WHF03,Present,,10:00-17:00
2025-10-31,B02,WHF04,Present,,10:00-17:00
2025-10-31,B02,WHF05,Present,,10:00-17:00
2025-10-31,B02,WHF06,Present,,10:00-17:00
2025-10-31,B02,WHF07,Present,,10:00-17:00
2025-10-31,B03,MAL01,Leave,Sick / unplanned,
2025-10-31,B03,MAL02,Present,,10:00-17:00
2025-10-31,B03,MAL03,Present,,10:00-17:00
2025-10-31,B03,MAL04,Present,,10:00-17:00
2025-10-31,B03,MAL05,Present,,10:00-17:00
2025-10-31,B03,MAL06,Present,,10:00-17:00
2025-10-31,B03,MAL07,Present,,10:00-17:00
2025-10-31,B04,HSK01,Present,,10:00-17:00
2025-10-31,B04,HSK02,Present,,10:00-17:00
2025-10-31,B04,HSK03,Leave,Sick / unplanned,
2025-10-31,B04,HSK04,Present,,10:00-17:00
2025-10-31,B04,HSK05,Present,,10:00-17:00
2025-10-31,B05,DEV01,Present,,10:00-17:00
2025-10-31,B05,DEV02,Present,,10:00-17:00
2025-10-31,B05,DEV03,Present,,10:00-17:00
2025-10-31,B05,DEV04,Present,,10:00-17:00
2025-11-03,B01,JAY01,Present,,10:00-17:00
2025-11-03,B01,JAY02,Present,,10:00-17:00
2025-11-03,B01,JAY03,Present,,10:00-17:00
2025-11-03,B01,JAY04,Present,,10:00-17:00
2025-11-03,B01,JAY05,Present,,10:00-17:00
2025-11-03,B01,JAY06,Present,,10:00-17:00
2025-11-03,B01,JAY08,Present,,10:00-17:00
2025-11-03,B01,JAY07,Present,,10:00-17:00
2025-11-03,B02,WHF01,Present,,10:00-17:00
2025-11-03,B02,WHF02,Present,,10:00-17:00
2025-11-03,B02,WHF03,Present,,10:00-17:00
2025-11-03,B02,WHF04,Present,,10:00-17:00
2025-11-03,B02,WHF05,Present,,10:00-17:00
2025-11-03,B02,WHF06,Present,,10:00-17:00
2025-11-03,B02,WHF07,Present,,10:00-17:00
2025-11-03,B03,MAL01,Present,,10:00-17:00
2025-11-03,B03,MAL02,Present,,10:00-17:00
2025-11-03,B03,MAL03,Present,,10:00-17:00
2025-11-03,B03,MAL04,Present,,10:00-17:00
2025-11-03,B03,MAL05,Present,,10:00-17:00
2025-11-03,B03,MAL06,Present,,10:00-17:00
2025-11-03,B03,MAL07,Present,,10:00-17:00
2025-11-03,B04,HSK01,Present,,10:00-17:00
2025-11-03,B04,HSK02,Present,,10:00-17:00
2025-11-03,B04,HSK03,Present,,10:00-17:00
2025-11-03,B04,HSK04,Present,,10:00-17:00
2025-11-03,B04,HSK05,Present,,10:00-17:00
2025-11-03,B05,DEV01,Present,,10:00-17:00
2025-11-03,B05,DEV02,Present,,10:00-17:00
2025-11-03,B05,DEV03,Present,,10:00-17:00
2025-11-03,B05,DEV04,Present,,10:00-17:00
2025-11-04,B01,JAY01,Present,,10:00-17:00
2025-11-04,B01,JAY02,Present,,10:00-17:00
2025-11-04,B01,JAY03,Present,,10:00-17:00
2025-11-04,B01,JAY04,Present,,10:00-17:00
2025-11-04,B01,JAY05,Present,,10:00-17:00
2025-11-04,B01,JAY06,Present,,10:00-17:00
2025-11-04,B01,JAY08,Present,,10:00-17:00
2025-11-04,B01,JAY07,Present,,10:00-17:00
2025-11-04,B02,WHF01,Present,,10:00-17:00
2025-11-04,B02,WHF02,Present,,10:00-17:00
2025-11-04,B02,WHF03,Present,,10:00-17:00
2025-11-04,B02,WHF04,Present,,10:00-17:00
2025-11-04,B02,WHF05,Present,,10:00-17:00
2025-11-04,B02,WHF06,Present,,10:00-17:00
2025-11-04,B02,WHF07,Leave,Sick / unplanned,
2025-11-04,B03,MAL01,Present,,10:00-17:00
2025-11-04,B03,MAL02,Present,,10:00-17:00
2025-11-04,B03,MAL03,Present,,10:00-17:00
2025-11-04,B03,MAL04,Present,,10:00-17:00
2025-11-04,B03,MAL05,Leave,Sick / unplanned,
2025-11-04,B03,MAL06,Present,,10:00-17:00
2025-11-04,B03,MAL07,Present,,10:00-17:00
2025-11-04,B04,HSK01,Present,,10:00-17:00
2025-11-04,B04,HSK02,Present,,10:00-17:00
2025-11-04,B04,HSK03,Present,,10:00-17:00
2025-11-04,B04,HSK04,Present,,10:00-17:00
2025-11-04,B04,HSK05,Present,,10:00-17:00
2025-11-04,B05,DEV01,Present,,10:00-17:00
2025-11-04,B05,DEV02,Leave,Sick / unplanned,
2025-11-04,B05,DEV03,Present,,10:00-17:00
2025-11-04,B05,DEV04,Present,,10:00-17:00
2025-11-05,B01,JAY01,Present,,10:00-17:00
2025-11-05,B01,JAY02,Present,,10:00-17:00
2025-11-05,B01,JAY03,Present,,10:00-17:00
2025-11-05,B01,JAY04,Present,,10:00-17:00
2025-11-05,B01,JAY05,Leave,Sick / unplanned,
2025-11-05,B01,JAY06,Present,,10:00-17:00
2025-11-05,B01,JAY08,Present,,10:00-17:00
2025-11-05,B01,JAY07,Present,,10:00-17:00
2025-11-05,B02,WHF01,Present,,10:00-17:00
2025-11-05,B02,WHF02,Present,,10:00-17:00
2025-11-05,B02,WHF03,Present,,10:00-17:00
2025-11-05,B02,WHF04,Present,,10:00-17:00
2025-11-05,B02,WHF05,Present,,10:00-17:00
2025-11-05,B02,WHF06,Present,,10:00-17:00
2025-11-05,B02,WHF07,Present,,10:00-17:00
2025-11-05,B03,MAL01,Present,,10:00-17:00
2025-11-05,B03,MAL02,Present,,10:00-17:00
2025-11-05,B03,MAL03,Present,,10:00-17:00
2025-11-05,B03,MAL04,Present,,10:00-17:00
2025-11-05,B03,MAL05,Present,,10:00-17:00
2025-11-05,B03,MAL06,Present,,10:00-17:00
2025-11-05,B03,MAL07,Present,,10:00-17:00
2025-11-05,B04,HSK01,Present,,10:00-17:00
2025-11-05,B04,HSK02,Present,,10:00-17:00
2025-11-05,B04,HSK03,Present,,10:00-17:00
2025-11-05,B04,HSK04,Present,,10:00-17:00
2025-11-05,B04,HSK05,Present,,10:00-17:00
2025-11-05,B05,DEV01,Present,,10:00-17:00
2025-11-05,B05,DEV02,Present,,10:00-17:00
2025-11-05,B05,DEV03,Present,,10:00-17:00
2025-11-05,B05,DEV04,Present,,10:00-17:00
2025-11-06,B01,JAY01,Present,,10:00-17:00
2025-11-06,B01,JAY02,Present,,10:00-17:00
2025-11-06,B01,JAY03,Present,,10:00-17:00
2025-11-06,B01,JAY04,Present,,10:00-17:00
2025-11-06,B01,JAY05,Present,,10:00-17:00
2025-11-06,B01,JAY06,Present,,10:00-17:00
2025-11-06,B01,JAY08,Present,,10:00-17:00
2025-11-06,B01,JAY07,Present,,10:00-17:00
2025-11-06,B02,WHF01,Present,,10:00-17:00
2025-11-06,B02,WHF02,Present,,10:00-17:00
2025-11-06,B02,WHF03,Present,,10:00-17:00
2025-11-06,B02,WHF04,Present,,10:00-17:00
2025-11-06,B02,WHF05,Present,,10:00-17:00
2025-11-06,B02,WHF06,Present,,10:00-17:00
2025-11-06,B02,WHF07,Present,,10:00-17:00
2025-11-06,B03,MAL01,Present,,10:00-17:00
2025-11-06,B03,MAL02,Present,,10:00-17:00
2025-11-06,B03,MAL03,Present,,10:00-17:00
2025-11-06,B03,MAL04,Present,,10:00-17:00
2025-11-06,B03,MAL05,Present,,10:00-17:00
2025-11-06,B03,MAL06,Present,,10:00-17:00
2025-11-06,B03,MAL07,Present,,10:00-17:00
2025-11-06,B04,HSK01,Present,,10:00-17:00
2025-11-06,B04,HSK02,Present,,10:00-17:00
2025-11-06,B04,HSK03,Present,,10:00-17:00
2025-11-06,B04,HSK04,Present,,10:00-17:00
2025-11-06,B04,HSK05,Present,,10:00-17:00
2025-11-06,B05,DEV01,Present,,10:00-17:00
2025-11-06,B05,DEV02,Present,,10:00-17:00
2025-11-06,B05,DEV03,Present,,10:00-17:00
2025-11-06,B05,DEV04,Leave,Sick / unplanned,
2025-11-07,B01,JAY01,Present,,10:00-17:00
2025-11-07,B01,JAY02,Present,,10:00-17:00
2025-11-07,B01,JAY03,Present,,10:00-17:00
2025-11-07,B01,JAY04,Present,,10:00-17:00
2025-11-07,B01,JAY05,Present,,10:00-17:00
2025-11-07,B01,JAY06,Present,,10:00-17:00
2025-11-07,B01,JAY08,Present,,10:00-17:00
2025-11-07,B01,JAY07,Present,,10:00-17:00
2025-11-07,B02,WHF01,Present,,10:00-17:00
2025-11-07,B02,WHF02,Present,,10:00-17:00
2025-11-07,B02,WHF03,Present,,10:00-17:00
2025-11-07,B02,WHF04,Present,,10:00-17:00
2025-11-07,B02,WHF05,Present,,10:00-17:00
2025-11-07,B02,WHF06,Present,,10:00-17:00
2025-11-07,B02,WHF07,Present,,10:00-17:00
2025-11-07,B03,MAL01,Present,,10:00-17:00
2025-11-07,B03,MAL02,Present,,10:00-17:00
2025-11-07,B03,MAL03,Leave,Sick / unplanned,
2025-11-07,B03,MAL04,Present,,10:00-17:00
2025-11-07,B03,MAL05,Present,,10:00-17:00
2025-11-07,B03,MAL06,Present,,10:00-17:00
2025-11-07,B03,MAL07,Present,,10:00-17:00
2025-11-07,B04,HSK01,Present,,10:00-17:00
2025-11-07,B04,HSK02,Present,,10:00-17:00
2025-11-07,B04,HSK03,Present,,10:00-17:00
2025-11-07,B04,HSK04,Present,,10:00-17:00
2025-11-07,B04,HSK05,Present,,10:00-17:00
2025-11-07,B05,DEV01,Present,,10:00-17:00
2025-11-07,B05,DEV02,Present,,10:00-17:00
2025-11-07,B05,DEV03,Present,,10:00-17:00
2025-11-07,B05,DEV04,Present,,10:00-17:00
2025-11-10,B01,JAY01,Present,,10:00-17:00
2025-11-10,B01,JAY02,Present,,10:00-17:00
2025-11-10,B01,JAY03,Present,,10:00-17:00
2025-11-10,B01,JAY04,Present,,10:00-17:00
2025-11-10,B01,JAY05,Present,,10:00-17:00
2025-11-10,B01,JAY06,Present,,10:00-17:00
2025-11-10,B01,JAY08,Present,,10:00-17:00
2025-11-10,B01,JAY07,Present,,10:00-17:00
2025-11-10,B02,WHF01,Present,,10:00-17:00
2025-11-10,B02,WHF02,Present,,10:00-17:00
2025-11-10,B02,WHF03,Present,,10:00-17:00
2025-11-10,B02,WHF04,Present,,10:00-17:00
2025-11-10,B02,WHF05,Present,,10:00-17:00
2025-11-10,B02,WHF06,Present,,10:00-17:00
2025-11-10,B02,WHF07,Present,,10:00-17:00
2025-11-10,B03,MAL01,Present,,10:00-17:00
2025-11-10,B03,MAL02,Present,,10:00-17:00
2025-11-10,B03,MAL03,Present,,10:00-17:00
2025-11-10,B03,MAL04,Present,,10:00-17:00
2025-11-10,B03,MAL05,Present,,10:00-17:00
2025-11-10,B03,MAL06,Present,,10:00-17:00
2025-11-10,B03,MAL07,Present,,10:00-17:00
2025-11-10,B04,HSK01,Present,,10:00-17:00
2025-11-10,B04,HSK02,Present,,10:00-17:00
2025-11-10,B04,HSK03,Present,,10:00-17:00
2025-11-10,B04,HSK04,Present,,10:00-17:00
2025-11-10,B04,HSK05,Present,,10:00-17:00
2025-11-10,B05,DEV01,Present,,10:00-17:00
2025-11-10,B05,DEV02,Present,,10:00-17:00
2025-11-10,B05,DEV03,Present,,10:00-17:00
2025-11-10,B05,DEV04,Present,,10:00-17:00
2025-11-11,B01,JAY01,Present,,10:00-17:00
2025-11-11,B01,JAY02,Present,,10:00-17:00
2025-11-11,B01,JAY03,Present,,10:00-17:00
2025-11-11,B01,JAY04,Present,,10:00-17:00
2025-11-11,B01,JAY05,Present,,10:00-17:00
2025-11-11,B01,JAY06,Present,,10:00-17:00
2025-11-11,B01,JAY08,Present,,10:00-17:00
2025-11-11,B01,JAY07,Present,,10:00-17:00
2025-11-11,B02,WHF01,Present,,10:00-17:00
2025-11-11,B02,WHF02,Present,,10:00-17:00
2025-11-11,B02,WHF03,Present,,10:00-17:00
2025-11-11,B02,WHF04,Leave,Sick / unplanned,
2025-11-11,B02,WHF05,Present,,10:00-17:00
2025-11-11,B02,WHF06,Present,,10:00-17:00
2025-11-11,B02,WHF07,Present,,10:00-17:00
2025-11-11,B03,MAL01,Present,,10:00-17:00
2025-11-11,B03,MAL02,Present,,10:00-17:00
2025-11-11,B03,MAL03,Present,,10:00-17:00
2025-11-11,B03,MAL04,Present,,10:00-17:00
2025-11-11,B03,MAL05,Present,,10:00-17:00
2025-11-11,B03,MAL06,Present,,10:00-17:00
2025-11-11,B03,MAL07,Present,,10:00-17:00
2025-11-11,B04,HSK01,Present,,10:00-17:00
2025-11-11,B04,HSK02,Present,,10:00-17:00
2025-11-11,B04,HSK03,Present,,10:00-17:00
2025-11-11,B04,HSK04,Present,,10:00-17:00
2025-11-11,B04,HSK05,Present,,10:00-17:00
2025-11-11,B05,DEV01,Present,,10:00-17:00
2025-11-11,B05,DEV02,Present,,10:00-17:00
2025-11-11,B05,DEV03,Present,,10:00-17:00
2025-11-11,B05,DEV04,Present,,10:00-17:00
2025-11-12,B01,JAY01,Present,,10:00-17:00
2025-11-12,B01,JAY02,Present,,10:00-17:00
2025-11-12,B01,JAY03,Present,,10:00-17:00
2025-11-12,B01,JAY04,Present,,10:00-17:00
2025-11-12,B01,JAY05,Present,,10:00-17:00
2025-11-12,B01,JAY06,Present,,10:00-17:00
2025-11-12,B01,JAY08,Present,,10:00-17:00
2025-11-12,B01,JAY07,Present,,10:00-17:00
2025-11-12,B02,WHF01,Present,,10:00-17:00
2025-11-12,B02,WHF02,Present,,10:00-17:00
2025-11-12,B02,WHF03,Present,,10:00-17:00
2025-11-12,B02,WHF04,Present,,10:00-17:00
2025-11-12,B02,WHF05,Present,,10:00-17:00
2025-11-12,B02,WHF06,Present,,10:00-17:00
2025-11-12,B02,WHF07,Present,,10:00-17:00
2025-11-12,B03,MAL01,Present,,10:00-17:00
2025-11-12,B03,MAL02,Present,,10:00-17:00
2025-11-12,B03,MAL03,Present,,10:00-17:00
2025-11-12,B03,MAL04,Present,,10:00-17:00
2025-11-12,B03,MAL05,Present,,10:00-17:00
2025-11-12,B03,MAL06,Present,,10:00-17:00
2025-11-12,B03,MAL07,Present,,10:00-17:00
2025-11-12,B04,HSK01,Present,,10:00-17:00
2025-11-12,B04,HSK02,Present,,10:00-17:00
2025-11-12,B04,HSK03,Present,,10:00-17:00
2025-11-12,B04,HSK04,Present,,10:00-17:00
2025-11-12,B04,HSK05,Present,,10:00-17:00
2025-11-12,B05,DEV01,Present,,10:00-17:00
2025-11-12,B05,DEV02,Present,,10:00-17:00
2025-11-12,B05,DEV03,Present,,10:00-17:00
2025-11-12,B05,DEV04,Present,,10:00-17:00
2025-11-13,B01,JAY01,Present,,10:00-17:00
2025-11-13,B01,JAY02,Present,,10:00-17:00
2025-11-13,B01,JAY03,Present,,10:00-17:00
2025-11-13,B01,JAY04,Present,,10:00-17:00
2025-11-13,B01,JAY05,Present,,10:00-17:00
2025-11-13,B01,JAY06,Present,,10:00-17:00
2025-11-13,B01,JAY08,Present,,10:00-17:00
2025-11-13,B01,JAY07,Present,,10:00-17:00
2025-11-13,B02,WHF01,Present,,10:00-17:00
2025-11-13,B02,WHF02,Present,,10:00-17:00
2025-11-13,B02,WHF03,Present,,10:00-17:00
2025-11-13,B02,WHF04,Present,,10:00-17:00
2025-11-13,B02,WHF05,Present,,10:00-17:00
2025-11-13,B02,WHF06,Present,,10:00-17:00
2025-11-13,B02,WHF07,Present,,10:00-17:00
2025-11-13,B03,MAL01,Present,,10:00-17:00
2025-11-13,B03,MAL02,Present,,10:00-17:00
2025-11-13,B03,MAL03,Present,,10:00-17:00
2025-11-13,B03,MAL04,Present,,10:00-17:00
2025-11-13,B03,MAL05,Present,,10:00-17:00
2025-11-13,B03,MAL06,Present,,10:00-17:00
2025-11-13,B03,MAL07,Present,,10:00-17:00
2025-11-13,B04,HSK01,Present,,10:00-17:00
2025-11-13,B04,HSK02,Present,,10:00-17:00
2025-11-13,B04,HSK03,Leave,Sick / unplanned,
2025-11-13,B04,HSK04,Present,,10:00-17:00
2025-11-13,B04,HSK05,Present,,10:00-17:00
2025-11-13,B05,DEV01,Present,,10:00-17:00
2025-11-13,B05,DEV02,Present,,10:00-17:00
2025-11-13,B05,DEV03,Present,,10:00-17:00
2025-11-13,B05,DEV04,Present,,10:00-17:00
2025-11-14,B01,JAY01,Present,,10:00-17:00
2025-11-14,B01,JAY02,Present,,10:00-17:00
2025-11-14,B01,JAY03,Present,,10:00-17:00
2025-11-14,B01,JAY04,Leave,Sick / unplanned,
2025-11-14,B01,JAY05,Present,,10:00-17:00
2025-11-14,B01,JAY06,Present,,10:00-17:00
2025-11-14,B01,JAY08,Present,,10:00-17:00
2025-11-14,B01,JAY07,Present,,10:00-17:00
2025-11-14,B02,WHF01,Present,,10:00-17:00
2025-11-14,B02,WHF02,Present,,10:00-17:00
2025-11-14,B02,WHF03,Present,,10:00-17:00
2025-11-14,B02,WHF04,Present,,10:00-17:00
2025-11-14,B02,WHF05,Present,,10:00-17:00
2025-11-14,B02,WHF06,Present,,10:00-17:00
2025-11-14,B02,WHF07,Present,,10:00-17:00
2025-11-14,B03,MAL01,Present,,10:00-17:00
2025-11-14,B03,MAL02,Leave,Sick / unplanned,
2025-11-14,B03,MAL03,Present,,10:00-17:00
2025-11-14,B03,MAL04,Present,,10:00-17:00
2025-11-14,B03,MAL05,Present,,10:00-17:00
2025-11-14,B03,MAL06,Present,,10:00-17:00
2025-11-14,B03,MAL07,Present,,10:00-17:00
2025-11-14,B04,HSK01,Present,,10:00-17:00
2025-11-14,B04,HSK02,Present,,10:00-17:00
2025-11-14,B04,HSK03,Present,,10:00-17:00
2025-11-14,B04,HSK04,Present,,10:00-17:00
2025-11-14,B04,HSK05,Present,,10:00-17:00
2025-11-14,B05,DEV01,Present,,10:00-17:00
2025-11-14,B05,DEV02,Present,,10:00-17:00
2025-11-14,B05,DEV03,Present,,10:00-17:00
2025-11-14,B05,DEV04,Present,,10:00-17:00
2025-11-15,B01,JAY01,Present,,10:00-17:00
2025-11-15,B01,JAY02,Present,,10:00-17:00
2025-11-15,B01,JAY03,Present,,10:00-17:00
2025-11-15,B01,JAY04,Present,,10:00-17:00
2025-11-15,B01,JAY05,Present,,10:00-17:00
2025-11-15,B01,JAY06,Present,,10:00-17:00
2025-11-15,B01,JAY08,Present,,10:00-17:00
2025-11-15,B01,JAY07,Present,,10:00-17:00
2025-11-15,B02,WHF01,Present,,10:00-17:00
2025-11-15,B02,WHF02,Present,,10:00-17:00
2025-11-15,B02,WHF03,Present,,10:00-17:00
2025-11-15,B02,WHF04,Present,,10:00-17:00
2025-11-15,B02,WHF05,Present,,10:00-17:00
2025-11-15,B02,WHF06,Present,,10:00-17:00
2025-11-15,B02,WHF07,Present,,10:00-17:00
2025-11-15,B03,MAL01,Present,,10:00-17:00
2025-11-15,B03,MAL02,Present,,10:00-17:00
2025-11-15,B03,MAL03,Present,,10:00-17:00
2025-11-15,B03,MAL04,Present,,10:00-17:00
2025-11-15,B03,MAL05,Present,,10:00-17:00
2025-11-15,B03,MAL06,Present,,10:00-17:00
2025-11-15,B03,MAL07,Present,,10:00-17:00
2025-11-15,B04,HSK01,Present,,10:00-17:00
2025-11-15,B04,HSK02,Present,,10:00-17:00
2025-11-15,B04,HSK03,Present,,10:00-17:00
2025-11-15,B04,HSK04,Present,,10:00-17:00
2025-11-15,B04,HSK05,Present,,10:00-17:00
2025-11-15,B05,DEV01,Present,,10:00-17:00
2025-11-15,B05,DEV02,Present,,10:00-17:00
2025-11-15,B05,DEV03,Present,,10:00-17:00
2025-11-15,B05,DEV04,Present,,10:00-17:00
2025-11-17,B01,JAY01,Present,,10:00-17:00
2025-11-17,B01,JAY02,Present,,10:00-17:00
2025-11-17,B01,JAY03,Present,,10:00-17:00
2025-11-17,B01,JAY04,Present,,10:00-17:00
2025-11-17,B01,JAY05,Present,,10:00-17:00
2025-11-17,B01,JAY06,Present,,10:00-17:00
2025-11-17,B01,JAY08,Leave,Sick / unplanned,
2025-11-17,B01,JAY07,Present,,10:00-17:00
2025-11-17,B02,WHF01,Present,,10:00-17:00
2025-11-17,B02,WHF02,Present,,10:00-17:00
2025-11-17,B02,WHF03,Present,,10:00-17:00
2025-11-17,B02,WHF04,Present,,10:00-17:00
2025-11-17,B02,WHF05,Present,,10:00-17:00
2025-11-17,B02,WHF06,Present,,10:00-17:00
2025-11-17,B02,WHF07,Present,,10:00-17:00
2025-11-17,B03,MAL01,Present,,10:00-17:00
2025-11-17,B03,MAL02,Present,,10:00-17:00
2025-11-17,B03,MAL03,Present,,10:00-17:00
2025-11-17,B03,MAL04,Present,,10:00-17:00
2025-11-17,B03,MAL05,Present,,10:00-17:00
2025-11-17,B03,MAL06,Present,,10:00-17:00
2025-11-17,B03,MAL07,Present,,10:00-17:00
2025-11-17,B04,HSK01,Present,,10:00-17:00
2025-11-17,B04,HSK02,Present,,10:00-17:00
2025-11-17,B04,HSK03,Present,,10:00-17:00
2025-11-17,B04,HSK04,Present,,10:00-17:00
2025-11-17,B04,HSK05,Present,,10:00-17:00
2025-11-17,B05,DEV01,Present,,10:00-17:00
2025-11-17,B05,DEV02,Present,,10:00-17:00
2025-11-17,B05,DEV03,Present,,10:00-17:00
2025-11-17,B05,DEV04,Present,,10:00-17:00
2025-11-18,B01,JAY01,Present,,10:00-17:00
2025-11-18,B01,JAY02,Present,,10:00-17:00
2025-11-18,B01,JAY03,Present,,10:00-17:00
2025-11-18,B01,JAY04,Present,,10:00-17:00
2025-11-18,B01,JAY05,Present,,10:00-17:00
2025-11-18,B01,JAY06,Present,,10:00-17:00
2025-11-18,B01,JAY08,Present,,10:00-17:00
2025-11-18,B01,JAY07,Present,,10:00-17:00
2025-11-18,B02,WHF01,Present,,10:00-17:00
2025-11-18,B02,WHF02,Present,,10:00-17:00
2025-11-18,B02,WHF03,Present,,10:00-17:00
2025-11-18,B02,WHF04,Present,,10:00-17:00
2025-11-18,B02,WHF05,Present,,10:00-17:00
2025-11-18,B02,WHF06,Present,,10:00-17:00
2025-11-18,B02,WHF07,Present,,10:00-17:00
2025-11-18,B03,MAL01,Present,,10:00-17:00
2025-11-18,B03,MAL02,Present,,10:00-17:00
2025-11-18,B03,MAL03,Present,,10:00-17:00
2025-11-18,B03,MAL04,Present,,10:00-17:00
2025-11-18,B03,MAL05,Present,,10:00-17:00
2025-11-18,B03,MAL06,Present,,10:00-17:00
2025-11-18,B03,MAL07,Present,,10:00-17:00
2025-11-18,B04,HSK01,Present,,10:00-17:00
2025-11-18,B04,HSK02,Present,,10:00-17:00
2025-11-18,B04,HSK03,Present,,10:00-17:00
2025-11-18,B04,HSK04,Present,,10:00-17:00
2025-11-18,B04,HSK05,Present,,10:00-17:00
2025-11-18,B05,DEV01,Present,,10:00-17:00
2025-11-18,B05,DEV02,Present,,10:00-17:00
2025-11-18,B05,DEV03,Present,,10:00-17:00
2025-11-18,B05,DEV04,Present,,10:00-17:00
2025-11-19,B01,JAY01,Leave,Sick / unplanned,
2025-11-19,B01,JAY02,Present,,10:00-17:00
2025-11-19,B01,JAY03,Leave,Sick / unplanned,
2025-11-19,B01,JAY04,Present,,10:00-17:00
2025-11-19,B01,JAY05,Present,,10:00-17:00
2025-11-19,B01,JAY06,Present,,10:00-17:00
2025-11-19,B01,JAY08,Present,,10:00-17:00
2025-11-19,B01,JAY07,Present,,10:00-17:00
2025-11-19,B02,WHF01,Present,,10:00-17:00
2025-11-19,B02,WHF02,Present,,10:00-17:00
2025-11-19,B02,WHF03,Present,,10:00-17:00
2025-11-19,B02,WHF04,Present,,10:00-17:00
2025-11-19,B02,WHF05,Present,,10:00-17:00
2025-11-19,B02,WHF06,Present,,10:00-17:00
2025-11-19,B02,WHF07,Present,,10:00-17:00
2025-11-19,B03,MAL01,Present,,10:00-17:00
2025-11-19,B03,MAL02,Present,,10:00-17:00
2025-11-19,B03,MAL03,Present,,10:00-17:00
2025-11-19,B03,MAL04,Present,,10:00-17:00
2025-11-19,B03,MAL05,Present,,10:00-17:00
2025-11-19,B03,MAL06,Present,,10:00-17:00
2025-11-19,B03,MAL07,Present,,10:00-17:00
2025-11-19,B04,HSK01,Present,,10:00-17:00
2025-11-19,B04,HSK02,Present,,10:00-17:00
2025-11-19,B04,HSK03,Present,,10:00-17:00
2025-11-19,B04,HSK04,Present,,10:00-17:00
2025-11-19,B04,HSK05,Present,,10:00-17:00
2025-11-19,B05,DEV01,Leave,Sick / unplanned,
2025-11-19,B05,DEV02,Present,,10:00-17:00
2025-11-19,B05,DEV03,Present,,10:00-17:00
2025-11-19,B05,DEV04,Present,,10:00-17:00
2025-11-20,B01,JAY01,Present,,10:00-17:00
2025-11-20,B01,JAY02,Present,,10:00-17:00
2025-11-20,B01,JAY03,Leave,Sick / unplanned,
2025-11-20,B01,JAY04,Present,,10:00-17:00
2025-11-20,B01,JAY05,Present,,10:00-17:00
2025-11-20,B01,JAY06,Present,,10:00-17:00
2025-11-20,B01,JAY08,Present,,10:00-17:00
2025-11-20,B01,JAY07,Present,,10:00-17:00
2025-11-20,B02,WHF01,Present,,10:00-17:00
2025-11-20,B02,WHF02,Present,,10:00-17:00
2025-11-20,B02,WHF03,Present,,10:00-17:00
2025-11-20,B02,WHF04,Present,,10:00-17:00
2025-11-20,B02,WHF05,Present,,10:00-17:00
2025-11-20,B02,WHF06,Present,,10:00-17:00
2025-11-20,B02,WHF07,Present,,10:00-17:00
2025-11-20,B03,MAL01,Present,,10:00-17:00
2025-11-20,B03,MAL02,Present,,10:00-17:00
2025-11-20,B03,MAL03,Present,,10:00-17:00
2025-11-20,B03,MAL04,Present,,10:00-17:00
2025-11-20,B03,MAL05,Present,,10:00-17:00
2025-11-20,B03,MAL06,Present,,10:00-17:00
2025-11-20,B03,MAL07,Present,,10:00-17:00
2025-11-20,B04,HSK01,Present,,10:00-17:00
2025-11-20,B04,HSK02,Present,,10:00-17:00
2025-11-20,B04,HSK03,Present,,10:00-17:00
2025-11-20,B04,HSK04,Present,,10:00-17:00
2025-11-20,B04,HSK05,Present,,10:00-17:00
2025-11-20,B05,DEV01,Present,,10:00-17:00
2025-11-20,B05,DEV02,Present,,10:00-17:00
2025-11-20,B05,DEV03,Present,,10:00-17:00
2025-11-20,B05,DEV04,Present,,10:00-17:00
2025-11-21,B01,JAY01,Present,,10:00-17:00
2025-11-21,B01,JAY02,Present,,10:00-17:00
2025-11-21,B01,JAY03,Present,,10:00-17:00
2025-11-21,B01,JAY04,Leave,Sick / unplanned,
2025-11-21,B01,JAY05,Present,,10:00-17:00
2025-11-21,B01,JAY06,Present,,10:00-17:00
2025-11-21,B01,JAY08,Present,,10:00-17:00
2025-11-21,B01,JAY07,Present,,10:00-17:00
2025-11-21,B02,WHF01,Present,,10:00-17:00
2025-11-21,B02,WHF02,Present,,10:00-17:00
2025-11-21,B02,WHF03,Present,,10:00-17:00
2025-11-21,B02,WHF04,Present,,10:00-17:00
2025-11-21,B02,WHF05,Present,,10:00-17:00
2025-11-21,B02,WHF06,Present,,10:00-17:00
2025-11-21,B02,WHF07,Present,,10:00-17:00
2025-11-21,B03,MAL01,Present,,10:00-17:00
2025-11-21,B03,MAL02,Present,,10:00-17:00
2025-11-21,B03,MAL03,Present,,10:00-17:00
2025-11-21,B03,MAL04,Present,,10:00-17:00
2025-11-21,B03,MAL05,Present,,10:00-17:00
2025-11-21,B03,MAL06,Present,,10:00-17:00
2025-11-21,B03,MAL07,Present,,10:00-17:00
2025-11-21,B04,HSK01,Present,,10:00-17:00
2025-11-21,B04,HSK02,Present,,10:00-17:00
2025-11-21,B04,HSK03,Present,,10:00-17:00
2025-11-21,B04,HSK04,Present,,10:00-17:00
2025-11-21,B04,HSK05,Present,,10:00-17:00
2025-11-21,B05,DEV01,Present,,10:00-17:00
2025-11-21,B05,DEV02,Present,,10:00-17:00
2025-11-21,B05,DEV03,Present,,10:00-17:00
2025-11-21,B05,DEV04,Present,,10:00-17:00
2025-11-24,B01,JAY01,Present,,10:00-17:00
2025-11-24,B01,JAY02,Present,,10:00-17:00
2025-11-24,B01,JAY03,Present,,10:00-17:00
2025-11-24,B01,JAY04,Present,,10:00-17:00
2025-11-24,B01,JAY05,Present,,10:00-17:00
2025-11-24,B01,JAY06,Present,,10:00-17:00
2025-11-24,B01,JAY08,Present,,10:00-17:00
2025-11-24,B01,JAY07,Present,,10:00-17:00
2025-11-24,B02,WHF01,Present,,10:00-17:00
2025-11-24,B02,WHF02,Present,,10:00-17:00
2025-11-24,B02,WHF03,Present,,10:00-17:00
2025-11-24,B02,WHF04,Present,,10:00-17:00
2025-11-24,B02,WHF05,Present,,10:00-17:00
2025-11-24,B02,WHF06,Present,,10:00-17:00
2025-11-24,B02,WHF07,Present,,10:00-17:00
2025-11-24,B03,MAL01,Present,,10:00-17:00
2025-11-24,B03,MAL02,Present,,10:00-17:00
2025-11-24,B03,MAL03,Present,,10:00-17:00
2025-11-24,B03,MAL04,Present,,10:00-17:00
2025-11-24,B03,MAL05,Present,,10:00-17:00
2025-11-24,B03,MAL06,Present,,10:00-17:00
2025-11-24,B03,MAL07,Present,,10:00-17:00
2025-11-24,B04,HSK01,Present,,10:00-17:00
2025-11-24,B04,HSK02,Present,,10:00-17:00
2025-11-24,B04,HSK03,Present,,10:00-17:00
2025-11-24,B04,HSK04,Present,,10:00-17:00
2025-11-24,B04,HSK05,Present,,10:00-17:00
2025-11-24,B05,DEV01,Present,,10:00-17:00
2025-11-24,B05,DEV02,Present,,10:00-17:00
2025-11-24,B05,DEV03,Present,,10:00-17:00
2025-11-24,B05,DEV04,Present,,10:00-17:00
2025-11-25,B01,JAY01,Present,,10:00-17:00
2025-11-25,B01,JAY02,Present,,10:00-17:00
2025-11-25,B01,JAY03,Present,,10:00-17:00
2025-11-25,B01,JAY04,Present,,10:00-17:00
2025-11-25,B01,JAY05,Present,,10:00-17:00
2025-11-25,B01,JAY06,Present,,10:00-17:00
2025-11-25,B01,JAY08,Present,,10:00-17:00
2025-11-25,B01,JAY07,Present,,10:00-17:00
2025-11-25,B02,WHF01,Present,,10:00-17:00
2025-11-25,B02,WHF02,Present,,10:00-17:00
2025-11-25,B02,WHF03,Present,,10:00-17:00
2025-11-25,B02,WHF04,Present,,10:00-17:00
2025-11-25,B02,WHF05,Present,,10:00-17:00
2025-11-25,B02,WHF06,Present,,10:00-17:00
2025-11-25,B02,WHF07,Present,,10:00-17:00
2025-11-25,B03,MAL01,Present,,10:00-17:00
2025-11-25,B03,MAL02,Present,,10:00-17:00
2025-11-25,B03,MAL03,Present,,10:00-17:00
2025-11-25,B03,MAL04,Present,,10:00-17:00
2025-11-25,B03,MAL05,Present,,10:00-17:00
2025-11-25,B03,MAL06,Present,,10:00-17:00
2025-11-25,B03,MAL07,Present,,10:00-17:00
2025-11-25,B04,HSK01,Present,,10:00-17:00
2025-11-25,B04,HSK02,Present,,10:00-17:00
2025-11-25,B04,HSK03,Present,,10:00-17:00
2025-11-25,B04,HSK04,Present,,10:00-17:00
2025-11-25,B04,HSK05,Present,,10:00-17:00
2025-11-25,B05,DEV01,Present,,10:00-17:00
2025-11-25,B05,DEV02,Present,,10:00-17:00
2025-11-25,B05,DEV03,Present,,10:00-17:00
2025-11-25,B05,DEV04,Present,,10:00-17:00
2025-11-26,B01,JAY01,Present,,10:00-17:00
2025-11-26,B01,JAY02,Present,,10:00-17:00
2025-11-26,B01,JAY03,Present,,10:00-17:00
2025-11-26,B01,JAY04,Present,,10:00-17:00
2025-11-26,B01,JAY05,Present,,10:00-17:00
2025-11-26,B01,JAY06,Present,,10:00-17:00
2025-11-26,B01,JAY08,Present,,10:00-17:00
2025-11-26,B01,JAY07,Present,,10:00-17:00
2025-11-26,B02,WHF01,Present,,10:00-17:00
2025-11-26,B02,WHF02,Present,,10:00-17:00
2025-11-26,B02,WHF03,Present,,10:00-17:00
2025-11-26,B02,WHF04,Present,,10:00-17:00
2025-11-26,B02,WHF05,Leave,Sick / unplanned,
2025-11-26,B02,WHF06,Present,,10:00-17:00
2025-11-26,B02,WHF07,Present,,10:00-17:00
2025-11-26,B03,MAL01,Present,,10:00-17:00
2025-11-26,B03,MAL02,Present,,10:00-17:00
2025-11-26,B03,MAL03,Present,,10:00-17:00
2025-11-26,B03,MAL04,Present,,10:00-17:00
2025-11-26,B03,MAL05,Present,,10:00-17:00
2025-11-26,B03,MAL06,Present,,10:00-17:00
2025-11-26,B03,MAL07,Present,,10:00-17:00
2025-11-26,B04,HSK01,Present,,10:00-17:00
2025-11-26,B04,HSK02,Present,,10:00-17:00
2025-11-26,B04,HSK03,Present,,10:00-17:00
2025-11-26,B04,HSK04,Present,,10:00-17:00
2025-11-26,B04,HSK05,Present,,10:00-17:00
2025-11-26,B05,DEV01,Present,,10:00-17:00
2025-11-26,B05,DEV02,Present,,10:00-17:00
2025-11-26,B05,DEV03,Present,,10:00-17:00
2025-11-26,B05,DEV04,Present,,10:00-17:00
2025-11-27,B01,JAY01,Present,,10:00-17:00
2025-11-27,B01,JAY02,Present,,10:00-17:00
2025-11-27,B01,JAY03,Present,,10:00-17:00
2025-11-27,B01,JAY04,Present,,10:00-17:00
2025-11-27,B01,JAY05,Present,,10:00-17:00
2025-11-27,B01,JAY06,Present,,10:00-17:00
2025-11-27,B01,JAY08,Present,,10:00-17:00
2025-11-27,B01,JAY07,Present,,10:00-17:00
2025-11-27,B02,WHF01,Present,,10:00-17:00
2025-11-27,B02,WHF02,Present,,10:00-17:00
2025-11-27,B02,WHF03,Present,,10:00-17:00
2025-11-27,B02,WHF04,Present,,10:00-17:00
2025-11-27,B02,WHF05,Present,,10:00-17:00
2025-11-27,B02,WHF06,Present,,10:00-17:00
2025-11-27,B02,WHF07,Present,,10:00-17:00
2025-11-27,B03,MAL01,Present,,10:00-17:00
2025-11-27,B03,MAL02,Present,,10:00-17:00
2025-11-27,B03,MAL03,Present,,10:00-17:00
2025-11-27,B03,MAL04,Present,,10:00-17:00
2025-11-27,B03,MAL05,Leave,Sick / unplanned,
2025-11-27,B03,MAL06,Present,,10:00-17:00
2025-11-27,B03,MAL07,Present,,10:00-17:00
2025-11-27,B04,HSK01,Present,,10:00-17:00
2025-11-27,B04,HSK02,Present,,10:00-17:00
2025-11-27,B04,HSK03,Present,,10:00-17:00
2025-11-27,B04,HSK04,Present,,10:00-17:00
2025-11-27,B04,HSK05,Present,,10:00-17:00
2025-11-27,B05,DEV01,Present,,10:00-17:00
2025-11-27,B05,DEV02,Present,,10:00-17:00
2025-11-27,B05,DEV03,Present,,10:00-17:00
2025-11-27,B05,DEV04,Present,,10:00-17:00
2025-11-28,B01,JAY01,Present,,10:00-17:00
2025-11-28,B01,JAY02,Present,,10:00-17:00
2025-11-28,B01,JAY03,Present,,10:00-17:00
2025-11-28,B01,JAY04,Present,,10:00-17:00
2025-11-28,B01,JAY05,Present,,10:00-17:00
2025-11-28,B01,JAY06,Present,,10:00-17:00
2025-11-28,B01,JAY08,Present,,10:00-17:00
2025-11-28,B01,JAY07,Present,,10:00-17:00
2025-11-28,B02,WHF01,Present,,10:00-17:00
2025-11-28,B02,WHF02,Present,,10:00-17:00
2025-11-28,B02,WHF03,Present,,10:00-17:00
2025-11-28,B02,WHF04,Present,,10:00-17:00
2025-11-28,B02,WHF05,Present,,10:00-17:00
2025-11-28,B02,WHF06,Present,,10:00-17:00
2025-11-28,B02,WHF07,Present,,10:00-17:00
2025-11-28,B03,MAL01,Present,,10:00-17:00
2025-11-28,B03,MAL02,Present,,10:00-17:00
2025-11-28,B03,MAL03,Present,,10:00-17:00
2025-11-28,B03,MAL04,Present,,10:00-17:00
2025-11-28,B03,MAL05,Present,,10:00-17:00
2025-11-28,B03,MAL06,Present,,10:00-17:00
2025-11-28,B03,MAL07,Present,,10:00-17:00
2025-11-28,B04,HSK01,Present,,10:00-17:00
2025-11-28,B04,HSK02,Present,,10:00-17:00
2025-11-28,B04,HSK03,Present,,10:00-17:00
2025-11-28,B04,HSK04,Present,,10:00-17:00
2025-11-28,B04,HSK05,Present,,10:00-17:00
2025-11-28,B05,DEV01,Present,,10:00-17:00
2025-11-28,B05,DEV02,Present,,10:00-17:00
2025-11-28,B05,DEV03,Present,,10:00-17:00
2025-11-28,B05,DEV04,Present,,10:00-17:00
2025-11-29,B01,JAY01,Present,,10:00-17:00
2025-11-29,B01,JAY02,Present,,10:00-17:00
2025-11-29,B01,JAY03,Present,,10:00-17:00
2025-11-29,B01,JAY04,Present,,10:00-17:00
2025-11-29,B01,JAY05,Present,,10:00-17:00
2025-11-29,B01,JAY06,Present,,10:00-17:00
2025-11-29,B01,JAY08,Present,,10:00-17:00
2025-11-29,B01,JAY07,Present,,10:00-17:00
2025-11-29,B02,WHF01,Present,,10:00-17:00
2025-11-29,B02,WHF02,Present,,10:00-17:00
2025-11-29,B02,WHF03,Present,,10:00-17:00
2025-11-29,B02,WHF04,Present,,10:00-17:00
2025-11-29,B02,WHF05,Present,,10:00-17:00
2025-11-29,B02,WHF06,Present,,10:00-17:00
2025-11-29,B02,WHF07,Present,,10:00-17:00
2025-11-29,B03,MAL01,Present,,10:00-17:00
2025-11-29,B03,MAL02,Present,,10:00-17:00
2025-11-29,B03,MAL03,Present,,10:00-17:00
2025-11-29,B03,MAL04,Present,,10:00-17:00
2025-11-29,B03,MAL05,Present,,10:00-17:00
2025-11-29,B03,MAL06,Present,,10:00-17:00
2025-11-29,B03,MAL07,Present,,10:00-17:00
2025-11-29,B04,HSK01,Present,,10:00-17:00
2025-11-29,B04,HSK02,Present,,10:00-17:00
2025-11-29,B04,HSK03,Present,,10:00-17:00
2025-11-29,B04,HSK04,Present,,10:00-17:00
2025-11-29,B04,HSK05,Present,,10:00-17:00
2025-11-29,B05,DEV01,Present,,10:00-17:00
2025-11-29,B05,DEV02,Present,,10:00-17:00
2025-11-29,B05,DEV03,Present,,10:00-17:00
2025-11-29,B05,DEV04,Present,,10:00-17:00
2025-12-01,B01,JAY01,Present,,10:00-17:00
2025-12-01,B01,JAY02,Present,,10:00-17:00
2025-12-01,B01,JAY03,Present,,10:00-17:00
2025-12-01,B01,JAY04,Present,,10:00-17:00
2025-12-01,B01,JAY05,Present,,10:00-17:00
2025-12-01,B01,JAY06,Present,,10:00-17:00
2025-12-01,B01,JAY08,Present,,10:00-17:00
2025-12-01,B01,JAY07,Present,,10:00-17:00
2025-12-01,B02,WHF01,Present,,10:00-17:00
2025-12-01,B02,WHF02,Present,,10:00-17:00
2025-12-01,B02,WHF03,Present,,10:00-17:00
2025-12-01,B02,WHF04,Present,,10:00-17:00
2025-12-01,B02,WHF05,Present,,10:00-17:00
2025-12-01,B02,WHF06,Present,,10:00-17:00
2025-12-01,B02,WHF07,Present,,10:00-17:00
2025-12-01,B03,MAL01,Present,,10:00-17:00
2025-12-01,B03,MAL02,Present,,10:00-17:00
2025-12-01,B03,MAL03,Present,,10:00-17:00
2025-12-01,B03,MAL04,Present,,10:00-17:00
2025-12-01,B03,MAL05,Present,,10:00-17:00
2025-12-01,B03,MAL06,Present,,10:00-17:00
2025-12-01,B03,MAL07,Present,,10:00-17:00
2025-12-01,B04,HSK01,Present,,10:00-17:00
2025-12-01,B04,HSK02,Present,,10:00-17:00
2025-12-01,B04,HSK03,Present,,10:00-17:00
2025-12-01,B04,HSK04,Present,,10:00-17:00
2025-12-01,B04,HSK05,Present,,10:00-17:00
2025-12-01,B05,DEV01,Present,,10:00-17:00
2025-12-01,B05,DEV02,Present,,10:00-17:00
2025-12-01,B05,DEV03,Present,,10:00-17:00
2025-12-01,B05,DEV04,Present,,10:00-17:00
2025-12-02,B01,JAY01,Present,,10:00-17:00
2025-12-02,B01,JAY02,Present,,10:00-17:00
2025-12-02,B01,JAY03,Present,,10:00-17:00
2025-12-02,B01,JAY04,Present,,10:00-17:00
2025-12-02,B01,JAY05,Present,,10:00-17:00
2025-12-02,B01,JAY06,Present,,10:00-17:00
2025-12-02,B01,JAY08,Present,,10:00-17:00
2025-12-02,B01,JAY07,Present,,10:00-17:00
2025-12-02,B02,WHF01,Leave,Sick / unplanned,
2025-12-02,B02,WHF02,Present,,10:00-17:00
2025-12-02,B02,WHF03,Present,,10:00-17:00
2025-12-02,B02,WHF04,Present,,10:00-17:00
2025-12-02,B02,WHF05,Present,,10:00-17:00
2025-12-02,B02,WHF06,Present,,10:00-17:00
2025-12-02,B02,WHF07,Present,,10:00-17:00
2025-12-02,B03,MAL01,Present,,10:00-17:00
2025-12-02,B03,MAL02,Present,,10:00-17:00
2025-12-02,B03,MAL03,Present,,10:00-17:00
2025-12-02,B03,MAL04,Present,,10:00-17:00
2025-12-02,B03,MAL05,Present,,10:00-17:00
2025-12-02,B03,MAL06,Present,,10:00-17:00
2025-12-02,B03,MAL07,Present,,10:00-17:00
2025-12-02,B04,HSK01,Present,,10:00-17:00
2025-12-02,B04,HSK02,Present,,10:00-17:00
2025-12-02,B04,HSK03,Present,,10:00-17:00
2025-12-02,B04,HSK04,Present,,10:00-17:00
2025-12-02,B04,HSK05,Present,,10:00-17:00
2025-12-02,B05,DEV01,Present,,10:00-17:00
2025-12-02,B05,DEV02,Present,,10:00-17:00
2025-12-02,B05,DEV03,Present,,10:00-17:00
2025-12-02,B05,DEV04,Present,,10:00-17:00
2025-12-03,B01,JAY01,Present,,10:00-17:00
2025-12-03,B01,JAY02,Present,,10:00-17:00
2025-12-03,B01,JAY03,Present,,10:00-17:00
2025-12-03,B01,JAY04,Present,,10:00-17:00
2025-12-03,B01,JAY05,Present,,10:00-17:00
2025-12-03,B01,JAY06,Present,,10:00-17:00
2025-12-03,B01,JAY08,Present,,10:00-17:00
2025-12-03,B01,JAY07,Present,,10:00-17:00
2025-12-03,B02,WHF01,Present,,10:00-17:00
2025-12-03,B02,WHF02,Present,,10:00-17:00
2025-12-03,B02,WHF03,Present,,10:00-17:00
2025-12-03,B02,WHF04,Present,,10:00-17:00
2025-12-03,B02,WHF05,Present,,10:00-17:00
2025-12-03,B02,WHF06,Present,,10:00-17:00
2025-12-03,B02,WHF07,Present,,10:00-17:00
2025-12-03,B03,MAL01,Present,,10:00-17:00
2025-12-03,B03,MAL02,Leave,Sick / unplanned,
2025-12-03,B03,MAL03,Leave,Sick / unplanned,
2025-12-03,B03,MAL04,Present,,10:00-17:00
2025-12-03,B03,MAL05,Present,,10:00-17:00
2025-12-03,B03,MAL06,Present,,10:00-17:00
2025-12-03,B03,MAL07,Present,,10:00-17:00
2025-12-03,B04,HSK01,Present,,10:00-17:00
2025-12-03,B04,HSK02,Present,,10:00-17:00
2025-12-03,B04,HSK03,Present,,10:00-17:00
2025-12-03,B04,HSK04,Present,,10:00-17:00
2025-12-03,B04,HSK05,Present,,10:00-17:00
2025-12-03,B05,DEV01,Present,,10:00-17:00
2025-12-03,B05,DEV02,Present,,10:00-17:00
2025-12-03,B05,DEV03,Present,,10:00-17:00
2025-12-03,B05,DEV04,Present,,10:00-17:00
2025-12-04,B01,JAY01,Present,,10:00-17:00
2025-12-04,B01,JAY02,Present,,10:00-17:00
2025-12-04,B01,JAY03,Present,,10:00-17:00
2025-12-04,B01,JAY04,Present,,10:00-17:00
2025-12-04,B01,JAY05,Present,,10:00-17:00
2025-12-04,B01,JAY06,Present,,10:00-17:00
2025-12-04,B01,JAY08,Present,,10:00-17:00
2025-12-04,B01,JAY07,Present,,10:00-17:00
2025-12-04,B02,WHF01,Present,,10:00-17:00
2025-12-04,B02,WHF02,Present,,10:00-17:00
2025-12-04,B02,WHF03,Present,,10:00-17:00
2025-12-04,B02,WHF04,Present,,10:00-17:00
2025-12-04,B02,WHF05,Present,,10:00-17:00
2025-12-04,B02,WHF06,Present,,10:00-17:00
2025-12-04,B02,WHF07,Present,,10:00-17:00
2025-12-04,B03,MAL01,Present,,10:00-17:00
2025-12-04,B03,MAL02,Present,,10:00-17:00
2025-12-04,B03,MAL03,Present,,10:00-17:00
2025-12-04,B03,MAL04,Present,,10:00-17:00
2025-12-04,B03,MAL05,Present,,10:00-17:00
2025-12-04,B03,MAL06,Present,,10:00-17:00
2025-12-04,B03,MAL07,Present,,10:00-17:00
2025-12-04,B04,HSK01,Present,,10:00-17:00
2025-12-04,B04,HSK02,Present,,10:00-17:00
2025-12-04,B04,HSK03,Present,,10:00-17:00
2025-12-04,B04,HSK04,Present,,10:00-17:00
2025-12-04,B04,HSK05,Present,,10:00-17:00
2025-12-04,B05,DEV01,Present,,10:00-17:00
2025-12-04,B05,DEV02,Present,,10:00-17:00
2025-12-04,B05,DEV03,Present,,10:00-17:00
2025-12-04,B05,DEV04,Present,,10:00-17:00
2025-12-05,B01,JAY01,Present,,10:00-17:00
2025-12-05,B01,JAY02,Present,,10:00-17:00
2025-12-05,B01,JAY03,Present,,10:00-17:00
2025-12-05,B01,JAY04,Present,,10:00-17:00
2025-12-05,B01,JAY05,Present,,10:00-17:00
2025-12-05,B01,JAY06,Present,,10:00-17:00
2025-12-05,B01,JAY08,Present,,10:00-17:00
2025-12-05,B01,JAY07,Present,,10:00-17:00
2025-12-05,B02,WHF01,Present,,10:00-17:00
2025-12-05,B02,WHF02,Present,,10:00-17:00
2025-12-05,B02,WHF03,Present,,10:00-17:00
2025-12-05,B02,WHF04,Present,,10:00-17:00
2025-12-05,B02,WHF05,Present,,10:00-17:00
2025-12-05,B02,WHF06,Present,,10:00-17:00
2025-12-05,B02,WHF07,Present,,10:00-17:00
2025-12-05,B03,MAL01,Present,,10:00-17:00
2025-12-05,B03,MAL02,Present,,10:00-17:00
2025-12-05,B03,MAL03,Present,,10:00-17:00
2025-12-05,B03,MAL04,Present,,10:00-17:00
2025-12-05,B03,MAL05,Present,,10:00-17:00
2025-12-05,B03,MAL06,Present,,10:00-17:00
2025-12-05,B03,MAL07,Present,,10:00-17:00
2025-12-05,B04,HSK01,Present,,10:00-17:00
2025-12-05,B04,HSK02,Present,,10:00-17:00
2025-12-05,B04,HSK03,Present,,10:00-17:00
2025-12-05,B04,HSK04,Present,,10:00-17:00
2025-12-05,B04,HSK05,Present,,10:00-17:00
2025-12-05,B05,DEV01,Present,,10:00-17:00
2025-12-05,B05,DEV02,Present,,10:00-17:00
2025-12-05,B05,DEV03,Present,,10:00-17:00
2025-12-05,B05,DEV04,Present,,10:00-17:00
2025-12-06,B01,JAY01,Present,,10:00-17:00
2025-12-06,B01,JAY02,Present,,10:00-17:00
2025-12-06,B01,JAY03,Present,,10:00-17:00
2025-12-06,B01,JAY04,Present,,10:00-17:00
2025-12-06,B01,JAY05,Present,,10:00-17:00
2025-12-06,B01,JAY06,Present,,10:00-17:00
2025-12-06,B01,JAY08,Present,,10:00-17:00
2025-12-06,B01,JAY07,Present,,10:00-17:00
2025-12-06,B02,WHF01,Present,,10:00-17:00
2025-12-06,B02,WHF02,Present,,10:00-17:00
2025-12-06,B02,WHF03,Present,,10:00-17:00
2025-12-06,B02,WHF04,Present,,10:00-17:00
2025-12-06,B02,WHF05,Present,,10:00-17:00
2025-12-06,B02,WHF06,Present,,10:00-17:00
2025-12-06,B02,WHF07,Present,,10:00-17:00
2025-12-06,B03,MAL01,Present,,10:00-17:00
2025-12-06,B03,MAL02,Present,,10:00-17:00
2025-12-06,B03,MAL03,Present,,10:00-17:00
2025-12-06,B03,MAL04,Present,,10:00-17:00
2025-12-06,B03,MAL05,Present,,10:00-17:00
2025-12-06,B03,MAL06,Leave,Sick / unplanned,
2025-12-06,B03,MAL07,Present,,10:00-17:00
2025-12-06,B04,HSK01,Present,,10:00-17:00
2025-12-06,B04,HSK02,Present,,10:00-17:00
2025-12-06,B04,HSK03,Present,,10:00-17:00
2025-12-06,B04,HSK04,Present,,10:00-17:00
2025-12-06,B04,HSK05,Present,,10:00-17:00
2025-12-06,B05,DEV01,Present,,10:00-17:00
2025-12-06,B05,DEV02,Present,,10:00-17:00
2025-12-06,B05,DEV03,Present,,10:00-17:00
2025-12-06,B05,DEV04,Present,,10:00-17:00
2025-12-08,B01,JAY01,Present,,10:00-17:00
2025-12-08,B01,JAY02,Present,,10:00-17:00
2025-12-08,B01,JAY03,Present,,10:00-17:00
2025-12-08,B01,JAY04,Present,,10:00-17:00
2025-12-08,B01,JAY05,Present,,10:00-17:00
2025-12-08,B01,JAY06,Present,,10:00-17:00
2025-12-08,B01,JAY08,Present,,10:00-17:00
2025-12-08,B01,JAY07,Present,,10:00-17:00
2025-12-08,B02,WHF01,Present,,10:00-17:00
2025-12-08,B02,WHF02,Present,,10:00-17:00
2025-12-08,B02,WHF03,Leave,Sick / unplanned,
2025-12-08,B02,WHF04,Present,,10:00-17:00
2025-12-08,B02,WHF05,Present,,10:00-17:00
2025-12-08,B02,WHF06,Present,,10:00-17:00
2025-12-08,B02,WHF07,Present,,10:00-17:00
2025-12-08,B03,MAL01,Present,,10:00-17:00
2025-12-08,B03,MAL02,Present,,10:00-17:00
2025-12-08,B03,MAL03,Present,,10:00-17:00
2025-12-08,B03,MAL04,Present,,10:00-17:00
2025-12-08,B03,MAL05,Present,,10:00-17:00
2025-12-08,B03,MAL06,Present,,10:00-17:00
2025-12-08,B03,MAL07,Present,,10:00-17:00
2025-12-08,B04,HSK01,Present,,10:00-17:00
2025-12-08,B04,HSK02,Present,,10:00-17:00
2025-12-08,B04,HSK03,Present,,10:00-17:00
2025-12-08,B04,HSK04,Present,,10:00-17:00
2025-12-08,B04,HSK05,Present,,10:00-17:00
2025-12-08,B05,DEV01,Present,,10:00-17:00
2025-12-08,B05,DEV02,Present,,10:00-17:00
2025-12-08,B05,DEV03,Present,,10:00-17:00
2025-12-08,B05,DEV04,Present,,10:00-17:00
2025-12-09,B01,JAY01,Present,,10:00-17:00
2025-12-09,B01,JAY02,Present,,10:00-17:00
2025-12-09,B01,JAY03,Present,,10:00-17:00
2025-12-09,B01,JAY04,Present,,10:00-17:00
2025-12-09,B01,JAY05,Present,,10:00-17:00
2025-12-09,B01,JAY06,Present,,10:00-17:00
2025-12-09,B01,JAY08,Present,,10:00-17:00
2025-12-09,B01,JAY07,Present,,10:00-17:00
2025-12-09,B02,WHF01,Present,,10:00-17:00
2025-12-09,B02,WHF02,Present,,10:00-17:00
2025-12-09,B02,WHF03,Present,,10:00-17:00
2025-12-09,B02,WHF04,Present,,10:00-17:00
2025-12-09,B02,WHF05,Present,,10:00-17:00
2025-12-09,B02,WHF06,Present,,10:00-17:00
2025-12-09,B02,WHF07,Present,,10:00-17:00
2025-12-09,B03,MAL01,Present,,10:00-17:00
2025-12-09,B03,MAL02,Present,,10:00-17:00
2025-12-09,B03,MAL03,Present,,10:00-17:00
2025-12-09,B03,MAL04,Present,,10:00-17:00
2025-12-09,B03,MAL05,Present,,10:00-17:00
2025-12-09,B03,MAL06,Present,,10:00-17:00
2025-12-09,B03,MAL07,Present,,10:00-17:00
2025-12-09,B04,HSK01,Present,,10:00-17:00
2025-12-09,B04,HSK02,Present,,10:00-17:00
2025-12-09,B04,HSK03,Present,,10:00-17:00
2025-12-09,B04,HSK04,Present,,10:00-17:00
2025-12-09,B04,HSK05,Present,,10:00-17:00
2025-12-09,B05,DEV01,Present,,10:00-17:00
2025-12-09,B05,DEV02,Present,,10:00-17:00
2025-12-09,B05,DEV03,Present,,10:00-17:00
2025-12-09,B05,DEV04,Present,,10:00-17:00
2025-12-10,B01,JAY01,Leave,Sick / unplanned,
2025-12-10,B01,JAY02,Present,,10:00-17:00
2025-12-10,B01,JAY03,Leave,Sick / unplanned,
2025-12-10,B01,JAY04,Present,,10:00-17:00
2025-12-10,B01,JAY05,Present,,10:00-17:00
2025-12-10,B01,JAY06,Present,,10:00-17:00
2025-12-10,B01,JAY08,Present,,10:00-17:00
2025-12-10,B01,JAY07,Present,,10:00-17:00
2025-12-10,B02,WHF01,Present,,10:00-17:00
2025-12-10,B02,WHF02,Present,,10:00-17:00
2025-12-10,B02,WHF03,Present,,10:00-17:00
2025-12-10,B02,WHF04,Present,,10:00-17:00
2025-12-10,B02,WHF05,Present,,10:00-17:00
2025-12-10,B02,WHF06,Present,,10:00-17:00
2025-12-10,B02,WHF07,Present,,10:00-17:00
2025-12-10,B03,MAL01,Present,,10:00-17:00
2025-12-10,B03,MAL02,Present,,10:00-17:00
2025-12-10,B03,MAL03,Present,,10:00-17:00
2025-12-10,B03,MAL04,Present,,10:00-17:00
2025-12-10,B03,MAL05,Present,,10:00-17:00
2025-12-10,B03,MAL06,Present,,10:00-17:00
2025-12-10,B03,MAL07,Present,,10:00-17:00
2025-12-10,B04,HSK01,Present,,10:00-17:00
2025-12-10,B04,HSK02,Present,,10:00-17:00
2025-12-10,B04,HSK03,Present,,10:00-17:00
2025-12-10,B04,HSK04,Present,,10:00-17:00
2025-12-10,B04,HSK05,Present,,10:00-17:00
2025-12-10,B05,DEV01,Present,,10:00-17:00
2025-12-10,B05,DEV02,Present,,10:00-17:00
2025-12-10,B05,DEV03,Present,,10:00-17:00
2025-12-10,B05,DEV04,Present,,10:00-17:00
2025-12-11,B01,JAY01,Present,,10:00-17:00
2025-12-11,B01,JAY02,Present,,10:00-17:00
2025-12-11,B01,JAY03,Leave,Sick / unplanned,
2025-12-11,B01,JAY04,Present,,10:00-17:00
2025-12-11,B01,JAY05,Present,,10:00-17:00
2025-12-11,B01,JAY06,Present,,10:00-17:00
2025-12-11,B01,JAY08,Present,,10:00-17:00
2025-12-11,B01,JAY07,Present,,10:00-17:00
2025-12-11,B02,WHF01,Present,,10:00-17:00
2025-12-11,B02,WHF02,Present,,10:00-17:00
2025-12-11,B02,WHF03,Present,,10:00-17:00
2025-12-11,B02,WHF04,Present,,10:00-17:00
2025-12-11,B02,WHF05,Present,,10:00-17:00
2025-12-11,B02,WHF06,Present,,10:00-17:00
2025-12-11,B02,WHF07,Present,,10:00-17:00
2025-12-11,B03,MAL01,Present,,10:00-17:00
2025-12-11,B03,MAL02,Present,,10:00-17:00
2025-12-11,B03,MAL03,Present,,10:00-17:00
2025-12-11,B03,MAL04,Present,,10:00-17:00
2025-12-11,B03,MAL05,Leave,Sick / unplanned,
2025-12-11,B03,MAL06,Present,,10:00-17:00
2025-12-11,B03,MAL07,Present,,10:00-17:00
2025-12-11,B04,HSK01,Present,,10:00-17:00
2025-12-11,B04,HSK02,Present,,10:00-17:00
2025-12-11,B04,HSK03,Present,,10:00-17:00
2025-12-11,B04,HSK04,Present,,10:00-17:00
2025-12-11,B04,HSK05,Present,,10:00-17:00
2025-12-11,B05,DEV01,Present,,10:00-17:00
2025-12-11,B05,DEV02,Present,,10:00-17:00
2025-12-11,B05,DEV03,Present,,10:00-17:00
2025-12-11,B05,DEV04,Present,,10:00-17:00
2025-12-12,B01,JAY01,Present,,10:00-17:00
2025-12-12,B01,JAY02,Present,,10:00-17:00
2025-12-12,B01,JAY03,Present,,10:00-17:00
2025-12-12,B01,JAY04,Present,,10:00-17:00
2025-12-12,B01,JAY05,Present,,10:00-17:00
2025-12-12,B01,JAY06,Present,,10:00-17:00
2025-12-12,B01,JAY08,Present,,10:00-17:00
2025-12-12,B01,JAY07,Present,,10:00-17:00
2025-12-12,B02,WHF01,Present,,10:00-17:00
2025-12-12,B02,WHF02,Present,,10:00-17:00
2025-12-12,B02,WHF03,Present,,10:00-17:00
2025-12-12,B02,WHF04,Present,,10:00-17:00
2025-12-12,B02,WHF05,Present,,10:00-17:00
2025-12-12,B02,WHF06,Leave,Sick / unplanned,
2025-12-12,B02,WHF07,Present,,10:00-17:00
2025-12-12,B03,MAL01,Leave,Sick / unplanned,
2025-12-12,B03,MAL02,Present,,10:00-17:00
2025-12-12,B03,MAL03,Present,,10:00-17:00
2025-12-12,B03,MAL04,Present,,10:00-17:00
2025-12-12,B03,MAL05,Present,,10:00-17:00
2025-12-12,B03,MAL06,Present,,10:00-17:00
2025-12-12,B03,MAL07,Present,,10:00-17:00
2025-12-12,B04,HSK01,Present,,10:00-17:00
2025-12-12,B04,HSK02,Present,,10:00-17:00
2025-12-12,B04,HSK03,Present,,10:00-17:00
2025-12-12,B04,HSK04,Present,,10:00-17:00
2025-12-12,B04,HSK05,Present,,10:00-17:00
2025-12-12,B05,DEV01,Present,,10:00-17:00
2025-12-12,B05,DEV02,Present,,10:00-17:00
2025-12-12,B05,DEV03,Present,,10:00-17:00
2025-12-12,B05,DEV04,Present,,10:00-17:00
2025-12-15,B01,JAY01,Present,,10:00-17:00
2025-12-15,B01,JAY02,Present,,10:00-17:00
2025-12-15,B01,JAY03,Leave,Sick / unplanned,
2025-12-15,B01,JAY04,Present,,10:00-17:00
2025-12-15,B01,JAY05,Present,,10:00-17:00
2025-12-15,B01,JAY06,Present,,10:00-17:00
2025-12-15,B01,JAY08,Present,,10:00-17:00
2025-12-15,B01,JAY07,Leave,Sick / unplanned,
2025-12-15,B02,WHF01,Present,,10:00-17:00
2025-12-15,B02,WHF02,Present,,10:00-17:00
2025-12-15,B02,WHF03,Present,,10:00-17:00
2025-12-15,B02,WHF04,Present,,10:00-17:00
2025-12-15,B02,WHF05,Present,,10:00-17:00
2025-12-15,B02,WHF06,Present,,10:00-17:00
2025-12-15,B02,WHF07,Present,,10:00-17:00
2025-12-15,B03,MAL01,Present,,10:00-17:00
2025-12-15,B03,MAL02,Present,,10:00-17:00
2025-12-15,B03,MAL03,Present,,10:00-17:00
2025-12-15,B03,MAL04,Present,,10:00-17:00
2025-12-15,B03,MAL05,Present,,10:00-17:00
2025-12-15,B03,MAL06,Present,,10:00-17:00
2025-12-15,B03,MAL07,Present,,10:00-17:00
2025-12-15,B04,HSK01,Present,,10:00-17:00
2025-12-15,B04,HSK02,Present,,10:00-17:00
2025-12-15,B04,HSK03,Present,,10:00-17:00
2025-12-15,B04,HSK04,Present,,10:00-17:00
2025-12-15,B04,HSK05,Present,,10:00-17:00
2025-12-15,B05,DEV01,Present,,10:00-17:00
2025-12-15,B05,DEV02,Present,,10:00-17:00
2025-12-15,B05,DEV03,Leave,Sick / unplanned,
2025-12-15,B05,DEV04,Present,,10:00-17:00
2025-12-16,B01,JAY01,Present,,10:00-17:00
2025-12-16,B01,JAY02,Present,,10:00-17:00
2025-12-16,B01,JAY03,Present,,10:00-17:00
2025-12-16,B01,JAY04,Present,,10:00-17:00
2025-12-16,B01,JAY05,Present,,10:00-17:00
2025-12-16,B01,JAY06,Present,,10:00-17:00
2025-12-16,B01,JAY08,Present,,10:00-17:00
2025-12-16,B01,JAY07,Present,,10:00-17:00
2025-12-16,B02,WHF01,Present,,10:00-17:00
2025-12-16,B02,WHF02,Present,,10:00-17:00
2025-12-16,B02,WHF03,Present,,10:00-17:00
2025-12-16,B02,WHF04,Present,,10:00-17:00
2025-12-16,B02,WHF05,Present,,10:00-17:00
2025-12-16,B02,WHF06,Present,,10:00-17:00
2025-12-16,B02,WHF07,Present,,10:00-17:00
2025-12-16,B03,MAL01,Present,,10:00-17:00
2025-12-16,B03,MAL02,Present,,10:00-17:00
2025-12-16,B03,MAL03,Present,,10:00-17:00
2025-12-16,B03,MAL04,Present,,10:00-17:00
2025-12-16,B03,MAL05,Present,,10:00-17:00
2025-12-16,B03,MAL06,Present,,10:00-17:00
2025-12-16,B03,MAL07,Present,,10:00-17:00
2025-12-16,B04,HSK01,Present,,10:00-17:00
2025-12-16,B04,HSK02,Present,,10:00-17:00
2025-12-16,B04,HSK03,Present,,10:00-17:00
2025-12-16,B04,HSK04,Present,,10:00-17:00
2025-12-16,B04,HSK05,Present,,10:00-17:00
2025-12-16,B05,DEV01,Present,,10:00-17:00
2025-12-16,B05,DEV02,Present,,10:00-17:00
2025-12-16,B05,DEV03,Present,,10:00-17:00
2025-12-16,B05,DEV04,Present,,10:00-17:00
2025-12-17,B01,JAY01,Present,,10:00-17:00
2025-12-17,B01,JAY02,Present,,10:00-17:00
2025-12-17,B01,JAY03,Present,,10:00-17:00
2025-12-17,B01,JAY04,Present,,10:00-17:00
2025-12-17,B01,JAY05,Present,,10:00-17:00
2025-12-17,B01,JAY06,Present,,10:00-17:00
2025-12-17,B01,JAY08,Present,,10:00-17:00
2025-12-17,B01,JAY07,Present,,10:00-17:00
2025-12-17,B02,WHF01,Present,,10:00-17:00
2025-12-17,B02,WHF02,Present,,10:00-17:00
2025-12-17,B02,WHF03,Present,,10:00-17:00
2025-12-17,B02,WHF04,Present,,10:00-17:00
2025-12-17,B02,WHF05,Present,,10:00-17:00
2025-12-17,B02,WHF06,Present,,10:00-17:00
2025-12-17,B02,WHF07,Present,,10:00-17:00
2025-12-17,B03,MAL01,Present,,10:00-17:00
2025-12-17,B03,MAL02,Present,,10:00-17:00
2025-12-17,B03,MAL03,Present,,10:00-17:00
2025-12-17,B03,MAL04,Present,,10:00-17:00
2025-12-17,B03,MAL05,Present,,10:00-17:00
2025-12-17,B03,MAL06,Present,,10:00-17:00
2025-12-17,B03,MAL07,Present,,10:00-17:00
2025-12-17,B04,HSK01,Present,,10:00-17:00
2025-12-17,B04,HSK02,Present,,10:00-17:00
2025-12-17,B04,HSK03,Present,,10:00-17:00
2025-12-17,B04,HSK04,Present,,10:00-17:00
2025-12-17,B04,HSK05,Present,,10:00-17:00
2025-12-17,B05,DEV01,Present,,10:00-17:00
2025-12-17,B05,DEV02,Present,,10:00-17:00
2025-12-17,B05,DEV03,Present,,10:00-17:00
2025-12-17,B05,DEV04,Present,,10:00-17:00
2025-12-18,B01,JAY01,Leave,Sick / unplanned,
2025-12-18,B01,JAY02,Present,,10:00-17:00
2025-12-18,B01,JAY03,Present,,10:00-17:00
2025-12-18,B01,JAY04,Present,,10:00-17:00
2025-12-18,B01,JAY05,Present,,10:00-17:00
2025-12-18,B01,JAY06,Present,,10:00-17:00
2025-12-18,B01,JAY08,Present,,10:00-17:00
2025-12-18,B01,JAY07,Present,,10:00-17:00
2025-12-18,B02,WHF01,Present,,10:00-17:00
2025-12-18,B02,WHF02,Present,,10:00-17:00
2025-12-18,B02,WHF03,Present,,10:00-17:00
2025-12-18,B02,WHF04,Present,,10:00-17:00
2025-12-18,B02,WHF05,Present,,10:00-17:00
2025-12-18,B02,WHF06,Present,,10:00-17:00
2025-12-18,B02,WHF07,Present,,10:00-17:00
2025-12-18,B03,MAL01,Present,,10:00-17:00
2025-12-18,B03,MAL02,Present,,10:00-17:00
2025-12-18,B03,MAL03,Present,,10:00-17:00
2025-12-18,B03,MAL04,Present,,10:00-17:00
2025-12-18,B03,MAL05,Present,,10:00-17:00
2025-12-18,B03,MAL06,Present,,10:00-17:00
2025-12-18,B03,MAL07,Present,,10:00-17:00
2025-12-18,B04,HSK01,Present,,10:00-17:00
2025-12-18,B04,HSK02,Present,,10:00-17:00
2025-12-18,B04,HSK03,Present,,10:00-17:00
2025-12-18,B04,HSK04,Present,,10:00-17:00
2025-12-18,B04,HSK05,Present,,10:00-17:00
2025-12-18,B05,DEV01,Present,,10:00-17:00
2025-12-18,B05,DEV02,Present,,10:00-17:00
2025-12-18,B05,DEV03,Present,,10:00-17:00
2025-12-18,B05,DEV04,Present,,10:00-17:00
2025-12-19,B01,JAY01,Present,,10:00-17:00
2025-12-19,B01,JAY02,Present,,10:00-17:00
2025-12-19,B01,JAY03,Present,,10:00-17:00
2025-12-19,B01,JAY04,Present,,10:00-17:00
2025-12-19,B01,JAY05,Present,,10:00-17:00
2025-12-19,B01,JAY06,Present,,10:00-17:00
2025-12-19,B01,JAY08,Present,,10:00-17:00
2025-12-19,B01,JAY07,Present,,10:00-17:00
2025-12-19,B02,WHF01,Present,,10:00-17:00
2025-12-19,B02,WHF02,Present,,10:00-17:00
2025-12-19,B02,WHF03,Present,,10:00-17:00
2025-12-19,B02,WHF04,Present,,10:00-17:00
2025-12-19,B02,WHF05,Present,,10:00-17:00
2025-12-19,B02,WHF06,Present,,10:00-17:00
2025-12-19,B02,WHF07,Present,,10:00-17:00
2025-12-19,B03,MAL01,Present,,10:00-17:00
2025-12-19,B03,MAL02,Leave,Sick / unplanned,
2025-12-19,B03,MAL03,Present,,10:00-17:00
2025-12-19,B03,MAL04,Present,,10:00-17:00
2025-12-19,B03,MAL05,Present,,10:00-17:00
2025-12-19,B03,MAL06,Present,,10:00-17:00
2025-12-19,B03,MAL07,Present,,10:00-17:00
2025-12-19,B04,HSK01,Present,,10:00-17:00
2025-12-19,B04,HSK02,Present,,10:00-17:00
2025-12-19,B04,HSK03,Present,,10:00-17:00
2025-12-19,B04,HSK04,Present,,10:00-17:00
2025-12-19,B04,HSK05,Present,,10:00-17:00
2025-12-19,B05,DEV01,Present,,10:00-17:00
2025-12-19,B05,DEV02,Present,,10:00-17:00
2025-12-19,B05,DEV03,Present,,10:00-17:00
2025-12-19,B05,DEV04,Present,,10:00-17:00
2025-12-20,B01,JAY01,Present,,10:00-17:00
2025-12-20,B01,JAY02,Present,,10:00-17:00
2025-12-20,B01,JAY03,Present,,10:00-17:00
2025-12-20,B01,JAY04,Present,,10:00-17:00
2025-12-20,B01,JAY05,Present,,10:00-17:00
2025-12-20,B01,JAY06,Leave,Sick / unplanned,
2025-12-20,B01,JAY08,Present,,10:00-17:00
2025-12-20,B01,JAY07,Present,,10:00-17:00
2025-12-20,B02,WHF01,Present,,10:00-17:00
2025-12-20,B02,WHF02,Present,,10:00-17:00
2025-12-20,B02,WHF03,Present,,10:00-17:00
2025-12-20,B02,WHF04,Present,,10:00-17:00
2025-12-20,B02,WHF05,Present,,10:00-17:00
2025-12-20,B02,WHF06,Present,,10:00-17:00
2025-12-20,B02,WHF07,Present,,10:00-17:00
2025-12-20,B03,MAL01,Present,,10:00-17:00
2025-12-20,B03,MAL02,Present,,10:00-17:00
2025-12-20,B03,MAL03,Leave,Sick / unplanned,
2025-12-20,B03,MAL04,Present,,10:00-17:00
2025-12-20,B03,MAL05,Present,,10:00-17:00
2025-12-20,B03,MAL06,Present,,10:00-17:00
2025-12-20,B03,MAL07,Present,,10:00-17:00
2025-12-20,B04,HSK01,Present,,10:00-17:00
2025-12-20,B04,HSK02,Present,,10:00-17:00
2025-12-20,B04,HSK03,Present,,10:00-17:00
2025-12-20,B04,HSK04,Present,,10:00-17:00
2025-12-20,B04,HSK05,Present,,10:00-17:00
2025-12-20,B05,DEV01,Present,,10:00-17:00
2025-12-20,B05,DEV02,Present,,10:00-17:00
2025-12-20,B05,DEV03,Present,,10:00-17:00
2025-12-20,B05,DEV04,Present,,10:00-17:00
2025-12-22,B01,JAY01,Present,,10:00-17:00
2025-12-22,B01,JAY02,Present,,10:00-17:00
2025-12-22,B01,JAY03,Present,,10:00-17:00
2025-12-22,B01,JAY04,Present,,10:00-17:00
2025-12-22,B01,JAY05,Present,,10:00-17:00
2025-12-22,B01,JAY06,Present,,10:00-17:00
2025-12-22,B01,JAY08,Present,,10:00-17:00
2025-12-22,B01,JAY07,Present,,10:00-17:00
2025-12-22,B02,WHF01,Present,,10:00-17:00
2025-12-22,B02,WHF02,Present,,10:00-17:00
2025-12-22,B02,WHF03,Present,,10:00-17:00
2025-12-22,B02,WHF04,Present,,10:00-17:00
2025-12-22,B02,WHF05,Present,,10:00-17:00
2025-12-22,B02,WHF06,Present,,10:00-17:00
2025-12-22,B02,WHF07,Present,,10:00-17:00
2025-12-22,B03,MAL01,Present,,10:00-17:00
2025-12-22,B03,MAL02,Present,,10:00-17:00
2025-12-22,B03,MAL03,Present,,10:00-17:00
2025-12-22,B03,MAL04,Leave,Sick / unplanned,
2025-12-22,B03,MAL05,Present,,10:00-17:00
2025-12-22,B03,MAL06,Present,,10:00-17:00
2025-12-22,B03,MAL07,Present,,10:00-17:00
2025-12-22,B04,HSK01,Present,,10:00-17:00
2025-12-22,B04,HSK02,Present,,10:00-17:00
2025-12-22,B04,HSK03,Present,,10:00-17:00
2025-12-22,B04,HSK04,Present,,10:00-17:00
2025-12-22,B04,HSK05,Present,,10:00-17:00
2025-12-22,B05,DEV01,Present,,10:00-17:00
2025-12-22,B05,DEV02,Present,,10:00-17:00
2025-12-22,B05,DEV03,Present,,10:00-17:00
2025-12-22,B05,DEV04,Present,,10:00-17:00
2025-12-23,B01,JAY01,Present,,10:00-17:00
2025-12-23,B01,JAY02,Present,,10:00-17:00
2025-12-23,B01,JAY03,Present,,10:00-17:00
2025-12-23,B01,JAY04,Present,,10:00-17:00
2025-12-23,B01,JAY05,Present,,10:00-17:00
2025-12-23,B01,JAY06,Present,,10:00-17:00
2025-12-23,B01,JAY08,Present,,10:00-17:00
2025-12-23,B01,JAY07,Present,,10:00-17:00
2025-12-23,B02,WHF01,Present,,10:00-17:00
2025-12-23,B02,WHF02,Present,,10:00-17:00
2025-12-23,B02,WHF03,Present,,10:00-17:00
2025-12-23,B02,WHF04,Present,,10:00-17:00
2025-12-23,B02,WHF05,Present,,10:00-17:00
2025-12-23,B02,WHF06,Present,,10:00-17:00
2025-12-23,B02,WHF07,Present,,10:00-17:00
2025-12-23,B03,MAL01,Present,,10:00-17:00
2025-12-23,B03,MAL02,Leave,Sick / unplanned,
2025-12-23,B03,MAL03,Present,,10:00-17:00
2025-12-23,B03,MAL04,Present,,10:00-17:00
2025-12-23,B03,MAL05,Present,,10:00-17:00
2025-12-23,B03,MAL06,Present,,10:00-17:00
2025-12-23,B03,MAL07,Present,,10:00-17:00
2025-12-23,B04,HSK01,Present,,10:00-17:00
2025-12-23,B04,HSK02,Present,,10:00-17:00
2025-12-23,B04,HSK03,Present,,10:00-17:00
2025-12-23,B04,HSK04,Present,,10:00-17:00
2025-12-23,B04,HSK05,Present,,10:00-17:00
2025-12-23,B05,DEV01,Present,,10:00-17:00
2025-12-23,B05,DEV02,Present,,10:00-17:00
2025-12-23,B05,DEV03,Present,,10:00-17:00
2025-12-23,B05,DEV04,Present,,10:00-17:00
2025-12-24,B01,JAY01,Present,,10:00-17:00
2025-12-24,B01,JAY02,Present,,10:00-17:00
2025-12-24,B01,JAY03,Present,,10:00-17:00
2025-12-24,B01,JAY04,Present,,10:00-17:00
2025-12-24,B01,JAY05,Present,,10:00-17:00
2025-12-24,B01,JAY06,Present,,10:00-17:00
2025-12-24,B01,JAY08,Present,,10:00-17:00
2025-12-24,B01,JAY07,Present,,10:00-17:00
2025-12-24,B02,WHF01,Present,,10:00-17:00
2025-12-24,B02,WHF02,Present,,10:00-17:00
2025-12-24,B02,WHF03,Present,,10:00-17:00
2025-12-24,B02,WHF04,Present,,10:00-17:00
2025-12-24,B02,WHF05,Leave,Sick / unplanned,
2025-12-24,B02,WHF06,Present,,10:00-17:00
2025-12-24,B02,WHF07,Present,,10:00-17:00
2025-12-24,B03,MAL01,Present,,10:00-17:00
2025-12-24,B03,MAL02,Present,,10:00-17:00
2025-12-24,B03,MAL03,Present,,10:00-17:00
2025-12-24,B03,MAL04,Present,,10:00-17:00
2025-12-24,B03,MAL05,Present,,10:00-17:00
2025-12-24,B03,MAL06,Present,,10:00-17:00
2025-12-24,B03,MAL07,Leave,Sick / unplanned,
2025-12-24,B04,HSK01,Present,,10:00-17:00
2025-12-24,B04,HSK02,Present,,10:00-17:00
2025-12-24,B04,HSK03,Present,,10:00-17:00
2025-12-24,B04,HSK04,Present,,10:00-17:00
2025-12-24,B04,HSK05,Present,,10:00-17:00
2025-12-24,B05,DEV01,Present,,10:00-17:00
2025-12-24,B05,DEV02,Present,,10:00-17:00
2025-12-24,B05,DEV03,Present,,10:00-17:00
2025-12-24,B05,DEV04,Present,,10:00-17:00
2025-12-26,B01,JAY01,Present,,10:00-17:00
2025-12-26,B01,JAY02,Present,,10:00-17:00
2025-12-26,B01,JAY03,Present,,10:00-17:00
2025-12-26,B01,JAY04,Present,,10:00-17:00
2025-12-26,B01,JAY05,Present,,10:00-17:00
2025-12-26,B01,JAY06,Present,,10:00-17:00
2025-12-26,B01,JAY08,Present,,10:00-17:00
2025-12-26,B01,JAY07,Present,,10:00-17:00
2025-12-26,B02,WHF01,Present,,10:00-17:00
2025-12-26,B02,WHF02,Present,,10:00-17:00
2025-12-26,B02,WHF03,Present,,10:00-17:00
2025-12-26,B02,WHF04,Present,,10:00-17:00
2025-12-26,B02,WHF05,Leave,Sick / unplanned,
2025-12-26,B02,WHF06,Present,,10:00-17:00
2025-12-26,B02,WHF07,Present,,10:00-17:00
2025-12-26,B03,MAL01,Present,,10:00-17:00
2025-12-26,B03,MAL02,Present,,10:00-17:00
2025-12-26,B03,MAL03,Present,,10:00-17:00
2025-12-26,B03,MAL04,Present,,10:00-17:00
2025-12-26,B03,MAL05,Present,,10:00-17:00
2025-12-26,B03,MAL06,Present,,10:00-17:00
2025-12-26,B03,MAL07,Present,,10:00-17:00
2025-12-26,B04,HSK01,Present,,10:00-17:00
2025-12-26,B04,HSK02,Present,,10:00-17:00
2025-12-26,B04,HSK03,Present,,10:00-17:00
2025-12-26,B04,HSK04,Present,,10:00-17:00
2025-12-26,B04,HSK05,Present,,10:00-17:00
2025-12-26,B05,DEV01,Present,,10:00-17:00
2025-12-26,B05,DEV02,Present,,10:00-17:00
2025-12-26,B05,DEV03,Present,,10:00-17:00
2025-12-26,B05,DEV04,Present,,10:00-17:00
2025-12-29,B01,JAY01,Present,,10:00-17:00
2025-12-29,B01,JAY02,Present,,10:00-17:00
2025-12-29,B01,JAY03,Present,,10:00-17:00
2025-12-29,B01,JAY04,Present,,10:00-17:00
2025-12-29,B01,JAY05,Present,,10:00-17:00
2025-12-29,B01,JAY06,Present,,10:00-17:00
2025-12-29,B01,JAY08,Present,,10:00-17:00
2025-12-29,B01,JAY07,Present,,10:00-17:00
2025-12-29,B02,WHF01,Present,,10:00-17:00
2025-12-29,B02,WHF02,Present,,10:00-17:00
2025-12-29,B02,WHF03,Present,,10:00-17:00
2025-12-29,B02,WHF04,Present,,10:00-17:00
2025-12-29,B02,WHF05,Present,,10:00-17:00
2025-12-29,B02,WHF06,Present,,10:00-17:00
2025-12-29,B02,WHF07,Present,,10:00-17:00
2025-12-29,B03,MAL01,Present,,10:00-17:00
2025-12-29,B03,MAL02,Present,,10:00-17:00
2025-12-29,B03,MAL03,Present,,10:00-17:00
2025-12-29,B03,MAL04,Present,,10:00-17:00
2025-12-29,B03,MAL05,Present,,10:00-17:00
2025-12-29,B03,MAL06,Present,,10:00-17:00
2025-12-29,B03,MAL07,Present,,10:00-17:00
2025-12-29,B04,HSK01,Present,,10:00-17:00
2025-12-29,B04,HSK02,Present,,10:00-17:00
2025-12-29,B04,HSK03,Leave,Sick / unplanned,
2025-12-29,B04,HSK04,Present,,10:00-17:00
2025-12-29,B04,HSK05,Present,,10:00-17:00
2025-12-29,B05,DEV01,Present,,10:00-17:00
2025-12-29,B05,DEV02,Present,,10:00-17:00
2025-12-29,B05,DEV03,Present,,10:00-17:00
2025-12-29,B05,DEV04,Present,,10:00-17:00
2025-12-30,B01,JAY01,Present,,10:00-17:00
2025-12-30,B01,JAY02,Present,,10:00-17:00
2025-12-30,B01,JAY03,Present,,10:00-17:00
2025-12-30,B01,JAY04,Present,,10:00-17:00
2025-12-30,B01,JAY05,Present,,10:00-17:00
2025-12-30,B01,JAY06,Present,,10:00-17:00
2025-12-30,B01,JAY08,Present,,10:00-17:00
2025-12-30,B01,JAY07,Present,,10:00-17:00
2025-12-30,B02,WHF01,Present,,10:00-17:00
2025-12-30,B02,WHF02,Present,,10:00-17:00
2025-12-30,B02,WHF03,Present,,10:00-17:00
2025-12-30,B02,WHF04,Present,,10:00-17:00
2025-12-30,B02,WHF05,Present,,10:00-17:00
2025-12-30,B02,WHF06,Present,,10:00-17:00
2025-12-30,B02,WHF07,Present,,10:00-17:00
2025-12-30,B03,MAL01,Present,,10:00-17:00
2025-12-30,B03,MAL02,Present,,10:00-17:00
2025-12-30,B03,MAL03,Present,,10:00-17:00
2025-12-30,B03,MAL04,Present,,10:00-17:00
2025-12-30,B03,MAL05,Present,,10:00-17:00
2025-12-30,B03,MAL06,Present,,10:00-17:00
2025-12-30,B03,MAL07,Present,,10:00-17:00
2025-12-30,B04,HSK01,Present,,10:00-17:00
2025-12-30,B04,HSK02,Present,,10:00-17:00
2025-12-30,B04,HSK03,Present,,10:00-17:00
2025-12-30,B04,HSK04,Present,,10:00-17:00
2025-12-30,B04,HSK05,Present,,10:00-17:00
2025-12-30,B05,DEV01,Present,,10:00-17:00
2025-12-30,B05,DEV02,Present,,10:00-17:00
2025-12-30,B05,DEV03,Present,,10:00-17:00
2025-12-30,B05,DEV04,Present,,10:00-17:00
2025-12-31,B01,JAY01,Leave,Sick / unplanned,
2025-12-31,B01,JAY02,Present,,10:00-17:00
2025-12-31,B01,JAY03,Present,,10:00-17:00
2025-12-31,B01,JAY04,Present,,10:00-17:00
2025-12-31,B01,JAY05,Present,,10:00-17:00
2025-12-31,B01,JAY06,Present,,10:00-17:00
2025-12-31,B01,JAY08,Present,,10:00-17:00
2025-12-31,B01,JAY07,Present,,10:00-17:00
2025-12-31,B02,WHF01,Present,,10:00-17:00
2025-12-31,B02,WHF02,Present,,10:00-17:00
2025-12-31,B02,WHF03,Present,,10:00-17:00
2025-12-31,B02,WHF04,Present,,10:00-17:00
2025-12-31,B02,WHF05,Present,,10:00-17:00
2025-12-31,B02,WHF06,Present,,10:00-17:00
2025-12-31,B02,WHF07,Present,,10:00-17:00
2025-12-31,B03,MAL01,Present,,10:00-17:00
2025-12-31,B03,MAL02,Present,,10:00-17:00
2025-12-31,B03,MAL03,Present,,10:00-17:00
2025-12-31,B03,MAL04,Present,,10:00-17:00
2025-12-31,B03,MAL05,Present,,10:00-17:00
2025-12-31,B03,MAL06,Present,,10:00-17:00
2025-12-31,B03,MAL07,Leave,Sick / unplanned,
2025-12-31,B04,HSK01,Leave,Sick / unplanned,
2025-12-31,B04,HSK02,Present,,10:00-17:00
2025-12-31,B04,HSK03,Present,,10:00-17:00
2025-12-31,B04,HSK04,Present,,10:00-17:00
2025-12-31,B04,HSK05,Present,,10:00-17:00
2025-12-31,B05,DEV01,Present,,10:00-17:00
2025-12-31,B05,DEV02,Present,,10:00-17:00
2025-12-31,B05,DEV03,Present,,10:00-17:00
2025-12-31,B05,DEV04,Present,,10:00-17:00
2026-01-01,B01,JAY01,Present,,10:00-17:00
2026-01-01,B01,JAY02,Present,,10:00-17:00
2026-01-01,B01,JAY03,Present,,10:00-17:00
2026-01-01,B01,JAY04,Present,,10:00-17:00
2026-01-01,B01,JAY05,Present,,10:00-17:00
2026-01-01,B01,JAY06,Present,,10:00-17:00
2026-01-01,B01,JAY08,Present,,10:00-17:00
2026-01-01,B01,JAY07,Present,,10:00-17:00
2026-01-01,B02,WHF01,Present,,10:00-17:00
2026-01-01,B02,WHF02,Present,,10:00-17:00
2026-01-01,B02,WHF03,Leave,Sick / unplanned,
2026-01-01,B02,WHF04,Present,,10:00-17:00
2026-01-01,B02,WHF05,Present,,10:00-17:00
2026-01-01,B02,WHF06,Present,,10:00-17:00
2026-01-01,B02,WHF07,Present,,10:00-17:00
2026-01-01,B03,MAL01,Present,,10:00-17:00
2026-01-01,B03,MAL02,Present,,10:00-17:00
2026-01-01,B03,MAL03,Present,,10:00-17:00
2026-01-01,B03,MAL04,Present,,10:00-17:00
2026-01-01,B03,MAL05,Present,,10:00-17:00
2026-01-01,B03,MAL06,Present,,10:00-17:00
2026-01-01,B03,MAL07,Present,,10:00-17:00
2026-01-01,B04,HSK01,Present,,10:00-17:00
2026-01-01,B04,HSK02,Present,,10:00-17:00
2026-01-01,B04,HSK03,Present,,10:00-17:00
2026-01-01,B04,HSK04,Present,,10:00-17:00
2026-01-01,B04,HSK05,Leave,Sick / unplanned,
2026-01-01,B05,DEV01,Present,,10:00-17:00
2026-01-01,B05,DEV02,Present,,10:00-17:00
2026-01-01,B05,DEV03,Present,,10:00-17:00
2026-01-01,B05,DEV04,Present,,10:00-17:00
2026-01-02,B01,JAY01,Present,,10:00-17:00
2026-01-02,B01,JAY02,Present,,10:00-17:00
2026-01-02,B01,JAY03,Present,,10:00-17:00
2026-01-02,B01,JAY04,Present,,10:00-17:00
2026-01-02,B01,JAY05,Present,,10:00-17:00
2026-01-02,B01,JAY06,Present,,10:00-17:00
2026-01-02,B01,JAY08,Present,,10:00-17:00
2026-01-02,B01,JAY07,Present,,10:00-17:00
2026-01-02,B02,WHF01,Present,,10:00-17:00
2026-01-02,B02,WHF02,Present,,10:00-17:00
2026-01-02,B02,WHF03,Leave,Sick / unplanned,
2026-01-02,B02,WHF04,Present,,10:00-17:00
2026-01-02,B02,WHF05,Present,,10:00-17:00
2026-01-02,B02,WHF06,Present,,10:00-17:00
2026-01-02,B02,WHF07,Present,,10:00-17:00
2026-01-02,B03,MAL01,Present,,10:00-17:00
2026-01-02,B03,MAL02,Present,,10:00-17:00
2026-01-02,B03,MAL03,Present,,10:00-17:00
2026-01-02,B03,MAL04,Present,,10:00-17:00
2026-01-02,B03,MAL05,Present,,10:00-17:00
2026-01-02,B03,MAL06,Present,,10:00-17:00
2026-01-02,B03,MAL07,Present,,10:00-17:00
2026-01-02,B04,HSK01,Present,,10:00-17:00
2026-01-02,B04,HSK02,Present,,10:00-17:00
2026-01-02,B04,HSK03,Leave,Sick / unplanned,
2026-01-02,B04,HSK04,Present,,10:00-17:00
2026-01-02,B04,HSK05,Leave,Sick / unplanned,
2026-01-02,B05,DEV01,Present,,10:00-17:00
2026-01-02,B05,DEV02,Present,,10:00-17:00
2026-01-02,B05,DEV03,Present,,10:00-17:00
2026-01-02,B05,DEV04,Present,,10:00-17:00
2026-01-03,B01,JAY01,Present,,10:00-17:00
2026-01-03,B01,JAY02,Present,,10:00-17:00
2026-01-03,B01,JAY03,Present,,10:00-17:00
2026-01-03,B01,JAY04,Present,,10:00-17:00
2026-01-03,B01,JAY05,Present,,10:00-17:00
2026-01-03,B01,JAY06,Leave,Sick / unplanned,
2026-01-03,B01,JAY08,Present,,10:00-17:00
2026-01-03,B01,JAY07,Present,,10:00-17:00
2026-01-03,B02,WHF01,Present,,10:00-17:00
2026-01-03,B02,WHF02,Present,,10:00-17:00
2026-01-03,B02,WHF03,Present,,10:00-17:00
2026-01-03,B02,WHF04,Present,,10:00-17:00
2026-01-03,B02,WHF05,Present,,10:00-17:00
2026-01-03,B02,WHF06,Present,,10:00-17:00
2026-01-03,B02,WHF07,Present,,10:00-17:00
2026-01-03,B03,MAL01,Present,,10:00-17:00
2026-01-03,B03,MAL02,Present,,10:00-17:00
2026-01-03,B03,MAL03,Present,,10:00-17:00
2026-01-03,B03,MAL04,Present,,10:00-17:00
2026-01-03,B03,MAL05,Present,,10:00-17:00
2026-01-03,B03,MAL06,Present,,10:00-17:00
2026-01-03,B03,MAL07,Present,,10:00-17:00
2026-01-03,B04,HSK01,Present,,10:00-17:00
2026-01-03,B04,HSK02,Present,,10:00-17:00
2026-01-03,B04,HSK03,Present,,10:00-17:00
2026-01-03,B04,HSK04,Present,,10:00-17:00
2026-01-03,B04,HSK05,Present,,10:00-17:00
2026-01-03,B05,DEV01,Present,,10:00-17:00
2026-01-03,B05,DEV02,Present,,10:00-17:00
2026-01-03,B05,DEV03,Present,,10:00-17:00
2026-01-03,B05,DEV04,Present,,10:00-17:00
2026-01-05,B01,JAY01,Present,,10:00-17:00
2026-01-05,B01,JAY02,Present,,10:00-17:00
2026-01-05,B01,JAY03,Present,,10:00-17:00
2026-01-05,B01,JAY04,Leave,Sick / unplanned,
2026-01-05,B01,JAY05,Present,,10:00-17:00
2026-01-05,B01,JAY06,Present,,10:00-17:00
2026-01-05,B01,JAY08,Present,,10:00-17:00
2026-01-05,B01,JAY07,Present,,10:00-17:00
2026-01-05,B02,WHF01,Leave,Sick / unplanned,
2026-01-05,B02,WHF02,Present,,10:00-17:00
2026-01-05,B02,WHF03,Present,,10:00-17:00
2026-01-05,B02,WHF04,Present,,10:00-17:00
2026-01-05,B02,WHF05,Present,,10:00-17:00
2026-01-05,B02,WHF06,Present,,10:00-17:00
2026-01-05,B02,WHF07,Present,,10:00-17:00
2026-01-05,B03,MAL01,Present,,10:00-17:00
2026-01-05,B03,MAL02,Present,,10:00-17:00
2026-01-05,B03,MAL03,Present,,10:00-17:00
2026-01-05,B03,MAL04,Present,,10:00-17:00
2026-01-05,B03,MAL05,Present,,10:00-17:00
2026-01-05,B03,MAL06,Present,,10:00-17:00
2026-01-05,B03,MAL07,Present,,10:00-17:00
2026-01-05,B04,HSK01,Present,,10:00-17:00
2026-01-05,B04,HSK02,Present,,10:00-17:00
2026-01-05,B04,HSK03,Present,,10:00-17:00
2026-01-05,B04,HSK04,Present,,10:00-17:00
2026-01-05,B04,HSK05,Present,,10:00-17:00
2026-01-05,B05,DEV01,Present,,10:00-17:00
2026-01-05,B05,DEV02,Present,,10:00-17:00
2026-01-05,B05,DEV03,Present,,10:00-17:00
2026-01-05,B05,DEV04,Present,,10:00-17:00
2026-01-06,B01,JAY01,Present,,10:00-17:00
2026-01-06,B01,JAY02,Present,,10:00-17:00
2026-01-06,B01,JAY03,Present,,10:00-17:00
2026-01-06,B01,JAY04,Present,,10:00-17:00
2026-01-06,B01,JAY05,Present,,10:00-17:00
2026-01-06,B01,JAY06,Present,,10:00-17:00
2026-01-06,B01,JAY08,Present,,10:00-17:00
2026-01-06,B01,JAY07,Present,,10:00-17:00
2026-01-06,B02,WHF01,Present,,10:00-17:00
2026-01-06,B02,WHF02,Present,,10:00-17:00
2026-01-06,B02,WHF03,Present,,10:00-17:00
2026-01-06,B02,WHF04,Present,,10:00-17:00
2026-01-06,B02,WHF05,Present,,10:00-17:00
2026-01-06,B02,WHF06,Present,,10:00-17:00
2026-01-06,B02,WHF07,Present,,10:00-17:00
2026-01-06,B03,MAL01,Leave,Sick / unplanned,
2026-01-06,B03,MAL02,Present,,10:00-17:00
2026-01-06,B03,MAL03,Present,,10:00-17:00
2026-01-06,B03,MAL04,Present,,10:00-17:00
2026-01-06,B03,MAL05,Present,,10:00-17:00
2026-01-06,B03,MAL06,Present,,10:00-17:00
2026-01-06,B03,MAL07,Present,,10:00-17:00
2026-01-06,B04,HSK01,Present,,10:00-17:00
2026-01-06,B04,HSK02,Present,,10:00-17:00
2026-01-06,B04,HSK03,Present,,10:00-17:00
2026-01-06,B04,HSK04,Present,,10:00-17:00
2026-01-06,B04,HSK05,Present,,10:00-17:00
2026-01-06,B05,DEV01,Present,,10:00-17:00
2026-01-06,B05,DEV02,Present,,10:00-17:00
2026-01-06,B05,DEV03,Present,,10:00-17:00
2026-01-06,B05,DEV04,Present,,10:00-17:00
2026-01-07,B01,JAY01,Present,,10:00-17:00
2026-01-07,B01,JAY02,Present,,10:00-17:00
2026-01-07,B01,JAY03,Present,,10:00-17:00
2026-01-07,B01,JAY04,Present,,10:00-17:00
2026-01-07,B01,JAY05,Present,,10:00-17:00
2026-01-07,B01,JAY06,Present,,10:00-17:00
2026-01-07,B01,JAY08,Present,,10:00-17:00
2026-01-07,B01,JAY07,Present,,10:00-17:00
2026-01-07,B02,WHF01,Present,,10:00-17:00
2026-01-07,B02,WHF02,Present,,10:00-17:00
2026-01-07,B02,WHF03,Present,,10:00-17:00
2026-01-07,B02,WHF04,Present,,10:00-17:00
2026-01-07,B02,WHF05,Present,,10:00-17:00
2026-01-07,B02,WHF06,Present,,10:00-17:00
2026-01-07,B02,WHF07,Present,,10:00-17:00
2026-01-07,B03,MAL01,Present,,10:00-17:00
2026-01-07,B03,MAL02,Present,,10:00-17:00
2026-01-07,B03,MAL03,Present,,10:00-17:00
2026-01-07,B03,MAL04,Present,,10:00-17:00
2026-01-07,B03,MAL05,Present,,10:00-17:00
2026-01-07,B03,MAL06,Present,,10:00-17:00
2026-01-07,B03,MAL07,Present,,10:00-17:00
2026-01-07,B04,HSK01,Present,,10:00-17:00
2026-01-07,B04,HSK02,Present,,10:00-17:00
2026-01-07,B04,HSK03,Leave,Sick / unplanned,
2026-01-07,B04,HSK04,Present,,10:00-17:00
2026-01-07,B04,HSK05,Present,,10:00-17:00
2026-01-07,B05,DEV01,Present,,10:00-17:00
2026-01-07,B05,DEV02,Present,,10:00-17:00
2026-01-07,B05,DEV03,Present,,10:00-17:00
2026-01-07,B05,DEV04,Present,,10:00-17:00
2026-01-08,B01,JAY01,Present,,10:00-17:00
2026-01-08,B01,JAY02,Present,,10:00-17:00
2026-01-08,B01,JAY03,Present,,10:00-17:00
2026-01-08,B01,JAY04,Present,,10:00-17:00
2026-01-08,B01,JAY05,Present,,10:00-17:00
2026-01-08,B01,JAY06,Present,,10:00-17:00
2026-01-08,B01,JAY08,Present,,10:00-17:00
2026-01-08,B01,JAY07,Present,,10:00-17:00
2026-01-08,B02,WHF01,Present,,10:00-17:00
2026-01-08,B02,WHF02,Present,,10:00-17:00
2026-01-08,B02,WHF03,Present,,10:00-17:00
2026-01-08,B02,WHF04,Present,,10:00-17:00
2026-01-08,B02,WHF05,Present,,10:00-17:00
2026-01-08,B02,WHF06,Present,,10:00-17:00
2026-01-08,B02,WHF07,Present,,10:00-17:00
2026-01-08,B03,MAL01,Present,,10:00-17:00
2026-01-08,B03,MAL02,Present,,10:00-17:00
2026-01-08,B03,MAL03,Present,,10:00-17:00
2026-01-08,B03,MAL04,Present,,10:00-17:00
2026-01-08,B03,MAL05,Present,,10:00-17:00
2026-01-08,B03,MAL06,Present,,10:00-17:00
2026-01-08,B03,MAL07,Present,,10:00-17:00
2026-01-08,B04,HSK01,Present,,10:00-17:00
2026-01-08,B04,HSK02,Present,,10:00-17:00
2026-01-08,B04,HSK03,Present,,10:00-17:00
2026-01-08,B04,HSK04,Present,,10:00-17:00
2026-01-08,B04,HSK05,Present,,10:00-17:00
2026-01-08,B05,DEV01,Present,,10:00-17:00
2026-01-08,B05,DEV02,Present,,10:00-17:00
2026-01-08,B05,DEV03,Present,,10:00-17:00
2026-01-08,B05,DEV04,Present,,10:00-17:00
2026-01-09,B01,JAY01,Present,,10:00-17:00
2026-01-09,B01,JAY02,Present,,10:00-17:00
2026-01-09,B01,JAY03,Present,,10:00-17:00
2026-01-09,B01,JAY04,Present,,10:00-17:00
2026-01-09,B01,JAY05,Present,,10:00-17:00
2026-01-09,B01,JAY06,Present,,10:00-17:00
2026-01-09,B01,JAY08,Present,,10:00-17:00
2026-01-09,B01,JAY07,Present,,10:00-17:00
2026-01-09,B02,WHF01,Present,,10:00-17:00
2026-01-09,B02,WHF02,Present,,10:00-17:00
2026-01-09,B02,WHF03,Present,,10:00-17:00
2026-01-09,B02,WHF04,Leave,Sick / unplanned,
2026-01-09,B02,WHF05,Present,,10:00-17:00
2026-01-09,B02,WHF06,Present,,10:00-17:00
2026-01-09,B02,WHF07,Present,,10:00-17:00
2026-01-09,B03,MAL01,Present,,10:00-17:00
2026-01-09,B03,MAL02,Present,,10:00-17:00
2026-01-09,B03,MAL03,Present,,10:00-17:00
2026-01-09,B03,MAL04,Present,,10:00-17:00
2026-01-09,B03,MAL05,Present,,10:00-17:00
2026-01-09,B03,MAL06,Present,,10:00-17:00
2026-01-09,B03,MAL07,Present,,10:00-17:00
2026-01-09,B04,HSK01,Present,,10:00-17:00
2026-01-09,B04,HSK02,Present,,10:00-17:00
2026-01-09,B04,HSK03,Present,,10:00-17:00
2026-01-09,B04,HSK04,Present,,10:00-17:00
2026-01-09,B04,HSK05,Present,,10:00-17:00
2026-01-09,B05,DEV01,Present,,10:00-17:00
2026-01-09,B05,DEV02,Present,,10:00-17:00
2026-01-09,B05,DEV03,Present,,10:00-17:00
2026-01-09,B05,DEV04,Present,,10:00-17:00
2026-01-12,B01,JAY01,Present,,10:00-17:00
2026-01-12,B01,JAY02,Present,,10:00-17:00
2026-01-12,B01,JAY03,Present,,10:00-17:00
2026-01-12,B01,JAY04,Present,,10:00-17:00
2026-01-12,B01,JAY05,Present,,10:00-17:00
2026-01-12,B01,JAY06,Present,,10:00-17:00
2026-01-12,B01,JAY08,Present,,10:00-17:00
2026-01-12,B01,JAY07,Leave,Sick / unplanned,
2026-01-12,B02,WHF01,Present,,10:00-17:00
2026-01-12,B02,WHF02,Present,,10:00-17:00
2026-01-12,B02,WHF03,Present,,10:00-17:00
2026-01-12,B02,WHF04,Present,,10:00-17:00
2026-01-12,B02,WHF05,Present,,10:00-17:00
2026-01-12,B02,WHF06,Present,,10:00-17:00
2026-01-12,B02,WHF07,Present,,10:00-17:00
2026-01-12,B03,MAL01,Present,,10:00-17:00
2026-01-12,B03,MAL02,Present,,10:00-17:00
2026-01-12,B03,MAL03,Present,,10:00-17:00
2026-01-12,B03,MAL04,Present,,10:00-17:00
2026-01-12,B03,MAL05,Present,,10:00-17:00
2026-01-12,B03,MAL06,Present,,10:00-17:00
2026-01-12,B03,MAL07,Present,,10:00-17:00
2026-01-12,B04,HSK01,Present,,10:00-17:00
2026-01-12,B04,HSK02,Present,,10:00-17:00
2026-01-12,B04,HSK03,Present,,10:00-17:00
2026-01-12,B04,HSK04,Present,,10:00-17:00
2026-01-12,B04,HSK05,Present,,10:00-17:00
2026-01-12,B05,DEV01,Present,,10:00-17:00
2026-01-12,B05,DEV02,Present,,10:00-17:00
2026-01-12,B05,DEV03,Present,,10:00-17:00
2026-01-12,B05,DEV04,Present,,10:00-17:00
2026-01-13,B01,JAY01,Present,,10:00-17:00
2026-01-13,B01,JAY02,Present,,10:00-17:00
2026-01-13,B01,JAY03,Present,,10:00-17:00
2026-01-13,B01,JAY04,Present,,10:00-17:00
2026-01-13,B01,JAY05,Present,,10:00-17:00
2026-01-13,B01,JAY06,Present,,10:00-17:00
2026-01-13,B01,JAY08,Present,,10:00-17:00
2026-01-13,B01,JAY07,Leave,Sick / unplanned,
2026-01-13,B02,WHF01,Present,,10:00-17:00
2026-01-13,B02,WHF02,Leave,Sick / unplanned,
2026-01-13,B02,WHF03,Present,,10:00-17:00
2026-01-13,B02,WHF04,Present,,10:00-17:00
2026-01-13,B02,WHF05,Present,,10:00-17:00
2026-01-13,B02,WHF06,Present,,10:00-17:00
2026-01-13,B02,WHF07,Present,,10:00-17:00
2026-01-13,B03,MAL01,Present,,10:00-17:00
2026-01-13,B03,MAL02,Present,,10:00-17:00
2026-01-13,B03,MAL03,Present,,10:00-17:00
2026-01-13,B03,MAL04,Leave,Sick / unplanned,
2026-01-13,B03,MAL05,Present,,10:00-17:00
2026-01-13,B03,MAL06,Present,,10:00-17:00
2026-01-13,B03,MAL07,Present,,10:00-17:00
2026-01-13,B04,HSK01,Present,,10:00-17:00
2026-01-13,B04,HSK02,Present,,10:00-17:00
2026-01-13,B04,HSK03,Present,,10:00-17:00
2026-01-13,B04,HSK04,Present,,10:00-17:00
2026-01-13,B04,HSK05,Present,,10:00-17:00
2026-01-13,B05,DEV01,Present,,10:00-17:00
2026-01-13,B05,DEV02,Present,,10:00-17:00
2026-01-13,B05,DEV03,Present,,10:00-17:00
2026-01-13,B05,DEV04,Present,,10:00-17:00
2026-01-14,B01,JAY01,Present,,10:00-17:00
2026-01-14,B01,JAY02,Present,,10:00-17:00
2026-01-14,B01,JAY03,Present,,10:00-17:00
2026-01-14,B01,JAY04,Present,,10:00-17:00
2026-01-14,B01,JAY05,Present,,10:00-17:00
2026-01-14,B01,JAY06,Present,,10:00-17:00
2026-01-14,B01,JAY08,Present,,10:00-17:00
2026-01-14,B01,JAY07,Present,,10:00-17:00
2026-01-14,B02,WHF01,Present,,10:00-17:00
2026-01-14,B02,WHF02,Present,,10:00-17:00
2026-01-14,B02,WHF03,Present,,10:00-17:00
2026-01-14,B02,WHF04,Present,,10:00-17:00
2026-01-14,B02,WHF05,Present,,10:00-17:00
2026-01-14,B02,WHF06,Present,,10:00-17:00
2026-01-14,B02,WHF07,Present,,10:00-17:00
2026-01-14,B03,MAL01,Present,,10:00-17:00
2026-01-14,B03,MAL02,Present,,10:00-17:00
2026-01-14,B03,MAL03,Present,,10:00-17:00
2026-01-14,B03,MAL04,Present,,10:00-17:00
2026-01-14,B03,MAL05,Present,,10:00-17:00
2026-01-14,B03,MAL06,Leave,Sick / unplanned,
2026-01-14,B03,MAL07,Leave,Sick / unplanned,
2026-01-14,B04,HSK01,Present,,10:00-17:00
2026-01-14,B04,HSK02,Present,,10:00-17:00
2026-01-14,B04,HSK03,Present,,10:00-17:00
2026-01-14,B04,HSK04,Present,,10:00-17:00
2026-01-14,B04,HSK05,Present,,10:00-17:00
2026-01-14,B05,DEV01,Present,,10:00-17:00
2026-01-14,B05,DEV02,Present,,10:00-17:00
2026-01-14,B05,DEV03,Present,,10:00-17:00
2026-01-14,B05,DEV04,Present,,10:00-17:00
2026-01-16,B01,JAY01,Leave,Sick / unplanned,
2026-01-16,B01,JAY02,Present,,10:00-17:00
2026-01-16,B01,JAY03,Present,,10:00-17:00
2026-01-16,B01,JAY04,Present,,10:00-17:00
2026-01-16,B01,JAY05,Present,,10:00-17:00
2026-01-16,B01,JAY06,Present,,10:00-17:00
2026-01-16,B01,JAY08,Present,,10:00-17:00
2026-01-16,B01,JAY07,Present,,10:00-17:00
2026-01-16,B02,WHF01,Present,,10:00-17:00
2026-01-16,B02,WHF02,Present,,10:00-17:00
2026-01-16,B02,WHF03,Present,,10:00-17:00
2026-01-16,B02,WHF04,Present,,10:00-17:00
2026-01-16,B02,WHF05,Present,,10:00-17:00
2026-01-16,B02,WHF06,Present,,10:00-17:00
2026-01-16,B02,WHF07,Present,,10:00-17:00
2026-01-16,B03,MAL01,Present,,10:00-17:00
2026-01-16,B03,MAL02,Present,,10:00-17:00
2026-01-16,B03,MAL03,Present,,10:00-17:00
2026-01-16,B03,MAL04,Present,,10:00-17:00
2026-01-16,B03,MAL05,Present,,10:00-17:00
2026-01-16,B03,MAL06,Present,,10:00-17:00
2026-01-16,B03,MAL07,Present,,10:00-17:00
2026-01-16,B04,HSK01,Present,,10:00-17:00
2026-01-16,B04,HSK02,Present,,10:00-17:00
2026-01-16,B04,HSK03,Present,,10:00-17:00
2026-01-16,B04,HSK04,Present,,10:00-17:00
2026-01-16,B04,HSK05,Present,,10:00-17:00
2026-01-16,B05,DEV01,Present,,10:00-17:00
2026-01-16,B05,DEV02,Present,,10:00-17:00
2026-01-16,B05,DEV03,Present,,10:00-17:00
2026-01-16,B05,DEV04,Present,,10:00-17:00
2026-01-17,B01,JAY01,Leave,Sick / unplanned,
2026-01-17,B01,JAY02,Present,,10:00-17:00
2026-01-17,B01,JAY03,Present,,10:00-17:00
2026-01-17,B01,JAY04,Present,,10:00-17:00
2026-01-17,B01,JAY05,Present,,10:00-17:00
2026-01-17,B01,JAY06,Present,,10:00-17:00
2026-01-17,B01,JAY08,Present,,10:00-17:00
2026-01-17,B01,JAY07,Present,,10:00-17:00
2026-01-17,B02,WHF01,Present,,10:00-17:00
2026-01-17,B02,WHF02,Present,,10:00-17:00
2026-01-17,B02,WHF03,Present,,10:00-17:00
2026-01-17,B02,WHF04,Present,,10:00-17:00
2026-01-17,B02,WHF05,Present,,10:00-17:00
2026-01-17,B02,WHF06,Present,,10:00-17:00
2026-01-17,B02,WHF07,Present,,10:00-17:00
2026-01-17,B03,MAL01,Present,,10:00-17:00
2026-01-17,B03,MAL02,Leave,Sick / unplanned,
2026-01-17,B03,MAL03,Present,,10:00-17:00
2026-01-17,B03,MAL04,Leave,Sick / unplanned,
2026-01-17,B03,MAL05,Present,,10:00-17:00
2026-01-17,B03,MAL06,Present,,10:00-17:00
2026-01-17,B03,MAL07,Present,,10:00-17:00
2026-01-17,B04,HSK01,Present,,10:00-17:00
2026-01-17,B04,HSK02,Present,,10:00-17:00
2026-01-17,B04,HSK03,Present,,10:00-17:00
2026-01-17,B04,HSK04,Present,,10:00-17:00
2026-01-17,B04,HSK05,Present,,10:00-17:00
2026-01-17,B05,DEV01,Present,,10:00-17:00
2026-01-17,B05,DEV02,Present,,10:00-17:00
2026-01-17,B05,DEV03,Present,,10:00-17:00
2026-01-17,B05,DEV04,Present,,10:00-17:00
2026-01-19,B01,JAY01,Present,,10:00-17:00
2026-01-19,B01,JAY02,Present,,10:00-17:00
2026-01-19,B01,JAY03,Present,,10:00-17:00
2026-01-19,B01,JAY04,Leave,Sick / unplanned,
2026-01-19,B01,JAY05,Present,,10:00-17:00
2026-01-19,B01,JAY06,Leave,Sick / unplanned,
2026-01-19,B01,JAY08,Present,,10:00-17:00
2026-01-19,B01,JAY07,Present,,10:00-17:00
2026-01-19,B02,WHF01,Present,,10:00-17:00
2026-01-19,B02,WHF02,Present,,10:00-17:00
2026-01-19,B02,WHF03,Present,,10:00-17:00
2026-01-19,B02,WHF04,Present,,10:00-17:00
2026-01-19,B02,WHF05,Present,,10:00-17:00
2026-01-19,B02,WHF06,Present,,10:00-17:00
2026-01-19,B02,WHF07,Present,,10:00-17:00
2026-01-19,B03,MAL01,Present,,10:00-17:00
2026-01-19,B03,MAL02,Present,,10:00-17:00
2026-01-19,B03,MAL03,Present,,10:00-17:00
2026-01-19,B03,MAL04,Present,,10:00-17:00
2026-01-19,B03,MAL05,Present,,10:00-17:00
2026-01-19,B03,MAL06,Present,,10:00-17:00
2026-01-19,B03,MAL07,Present,,10:00-17:00
2026-01-19,B04,HSK01,Present,,10:00-17:00
2026-01-19,B04,HSK02,Present,,10:00-17:00
2026-01-19,B04,HSK03,Present,,10:00-17:00
2026-01-19,B04,HSK04,Present,,10:00-17:00
2026-01-19,B04,HSK05,Present,,10:00-17:00
2026-01-19,B05,DEV01,Present,,10:00-17:00
2026-01-19,B05,DEV02,Present,,10:00-17:00
2026-01-19,B05,DEV03,Present,,10:00-17:00
2026-01-19,B05,DEV04,Present,,10:00-17:00
2026-01-20,B01,JAY01,Present,,10:00-17:00
2026-01-20,B01,JAY02,Present,,10:00-17:00
2026-01-20,B01,JAY03,Present,,10:00-17:00
2026-01-20,B01,JAY04,Present,,10:00-17:00
2026-01-20,B01,JAY05,Present,,10:00-17:00
2026-01-20,B01,JAY06,Present,,10:00-17:00
2026-01-20,B01,JAY08,Present,,10:00-17:00
2026-01-20,B01,JAY07,Present,,10:00-17:00
2026-01-20,B02,WHF01,Present,,10:00-17:00
2026-01-20,B02,WHF02,Present,,10:00-17:00
2026-01-20,B02,WHF03,Present,,10:00-17:00
2026-01-20,B02,WHF04,Present,,10:00-17:00
2026-01-20,B02,WHF05,Present,,10:00-17:00
2026-01-20,B02,WHF06,Present,,10:00-17:00
2026-01-20,B02,WHF07,Present,,10:00-17:00
2026-01-20,B03,MAL01,Present,,10:00-17:00
2026-01-20,B03,MAL02,Present,,10:00-17:00
2026-01-20,B03,MAL03,Present,,10:00-17:00
2026-01-20,B03,MAL04,Present,,10:00-17:00
2026-01-20,B03,MAL05,Present,,10:00-17:00
2026-01-20,B03,MAL06,Present,,10:00-17:00
2026-01-20,B03,MAL07,Present,,10:00-17:00
2026-01-20,B04,HSK01,Present,,10:00-17:00
2026-01-20,B04,HSK02,Present,,10:00-17:00
2026-01-20,B04,HSK03,Present,,10:00-17:00
2026-01-20,B04,HSK04,Present,,10:00-17:00
2026-01-20,B04,HSK05,Present,,10:00-17:00
2026-01-20,B05,DEV01,Present,,10:00-17:00
2026-01-20,B05,DEV02,Present,,10:00-17:00
2026-01-20,B05,DEV03,Leave,Sick / unplanned,
2026-01-20,B05,DEV04,Present,,10:00-17:00
2026-01-21,B01,JAY01,Present,,10:00-17:00
2026-01-21,B01,JAY02,Present,,10:00-17:00
2026-01-21,B01,JAY03,Present,,10:00-17:00
2026-01-21,B01,JAY04,Present,,10:00-17:00
2026-01-21,B01,JAY05,Present,,10:00-17:00
2026-01-21,B01,JAY06,Present,,10:00-17:00
2026-01-21,B01,JAY08,Present,,10:00-17:00
2026-01-21,B01,JAY07,Present,,10:00-17:00
2026-01-21,B02,WHF01,Present,,10:00-17:00
2026-01-21,B02,WHF02,Present,,10:00-17:00
2026-01-21,B02,WHF03,Present,,10:00-17:00
2026-01-21,B02,WHF04,Present,,10:00-17:00
2026-01-21,B02,WHF05,Present,,10:00-17:00
2026-01-21,B02,WHF06,Present,,10:00-17:00
2026-01-21,B02,WHF07,Present,,10:00-17:00
2026-01-21,B03,MAL01,Present,,10:00-17:00
2026-01-21,B03,MAL02,Present,,10:00-17:00
2026-01-21,B03,MAL03,Present,,10:00-17:00
2026-01-21,B03,MAL04,Present,,10:00-17:00
2026-01-21,B03,MAL05,Present,,10:00-17:00
2026-01-21,B03,MAL06,Present,,10:00-17:00
2026-01-21,B03,MAL07,Present,,10:00-17:00
2026-01-21,B04,HSK01,Present,,10:00-17:00
2026-01-21,B04,HSK02,Present,,10:00-17:00
2026-01-21,B04,HSK03,Present,,10:00-17:00
2026-01-21,B04,HSK04,Present,,10:00-17:00
2026-01-21,B04,HSK05,Present,,10:00-17:00
2026-01-21,B05,DEV01,Present,,10:00-17:00
2026-01-21,B05,DEV02,Leave,Sick / unplanned,
2026-01-21,B05,DEV03,Present,,10:00-17:00
2026-01-21,B05,DEV04,Present,,10:00-17:00
2026-01-22,B01,JAY01,Present,,10:00-17:00
2026-01-22,B01,JAY02,Present,,10:00-17:00
2026-01-22,B01,JAY03,Present,,10:00-17:00
2026-01-22,B01,JAY04,Present,,10:00-17:00
2026-01-22,B01,JAY05,Present,,10:00-17:00
2026-01-22,B01,JAY06,Present,,10:00-17:00
2026-01-22,B01,JAY08,Present,,10:00-17:00
2026-01-22,B01,JAY07,Present,,10:00-17:00
2026-01-22,B02,WHF01,Present,,10:00-17:00
2026-01-22,B02,WHF02,Present,,10:00-17:00
2026-01-22,B02,WHF03,Present,,10:00-17:00
2026-01-22,B02,WHF04,Present,,10:00-17:00
2026-01-22,B02,WHF05,Present,,10:00-17:00
2026-01-22,B02,WHF06,Present,,10:00-17:00
2026-01-22,B02,WHF07,Present,,10:00-17:00
2026-01-22,B03,MAL01,Present,,10:00-17:00
2026-01-22,B03,MAL02,Present,,10:00-17:00
2026-01-22,B03,MAL03,Present,,10:00-17:00
2026-01-22,B03,MAL04,Present,,10:00-17:00
2026-01-22,B03,MAL05,Present,,10:00-17:00
2026-01-22,B03,MAL06,Present,,10:00-17:00
2026-01-22,B03,MAL07,Present,,10:00-17:00
2026-01-22,B04,HSK01,Present,,10:00-17:00
2026-01-22,B04,HSK02,Present,,10:00-17:00
2026-01-22,B04,HSK03,Present,,10:00-17:00
2026-01-22,B04,HSK04,Present,,10:00-17:00
2026-01-22,B04,HSK05,Present,,10:00-17:00
2026-01-22,B05,DEV01,Present,,10:00-17:00
2026-01-22,B05,DEV02,Present,,10:00-17:00
2026-01-22,B05,DEV03,Present,,10:00-17:00
2026-01-22,B05,DEV04,Present,,10:00-17:00
2026-01-23,B01,JAY01,Present,,10:00-17:00
2026-01-23,B01,JAY02,Present,,10:00-17:00
2026-01-23,B01,JAY03,Present,,10:00-17:00
2026-01-23,B01,JAY04,Present,,10:00-17:00
2026-01-23,B01,JAY05,Present,,10:00-17:00
2026-01-23,B01,JAY06,Present,,10:00-17:00
2026-01-23,B01,JAY08,Present,,10:00-17:00
2026-01-23,B01,JAY07,Present,,10:00-17:00
2026-01-23,B02,WHF01,Present,,10:00-17:00
2026-01-23,B02,WHF02,Present,,10:00-17:00
2026-01-23,B02,WHF03,Present,,10:00-17:00
2026-01-23,B02,WHF04,Present,,10:00-17:00
2026-01-23,B02,WHF05,Present,,10:00-17:00
2026-01-23,B02,WHF06,Present,,10:00-17:00
2026-01-23,B02,WHF07,Present,,10:00-17:00
2026-01-23,B03,MAL01,Present,,10:00-17:00
2026-01-23,B03,MAL02,Present,,10:00-17:00
2026-01-23,B03,MAL03,Present,,10:00-17:00
2026-01-23,B03,MAL04,Present,,10:00-17:00
2026-01-23,B03,MAL05,Present,,10:00-17:00
2026-01-23,B03,MAL06,Present,,10:00-17:00
2026-01-23,B03,MAL07,Present,,10:00-17:00
2026-01-23,B04,HSK01,Present,,10:00-17:00
2026-01-23,B04,HSK02,Present,,10:00-17:00
2026-01-23,B04,HSK03,Present,,10:00-17:00
2026-01-23,B04,HSK04,Leave,Sick / unplanned,
2026-01-23,B04,HSK05,Present,,10:00-17:00
2026-01-23,B05,DEV01,Present,,10:00-17:00
2026-01-23,B05,DEV02,Present,,10:00-17:00
2026-01-23,B05,DEV03,Present,,10:00-17:00
2026-01-23,B05,DEV04,Present,,10:00-17:00
2026-01-27,B01,JAY01,Present,,10:00-17:00
2026-01-27,B01,JAY02,Present,,10:00-17:00
2026-01-27,B01,JAY03,Present,,10:00-17:00
2026-01-27,B01,JAY04,Present,,10:00-17:00
2026-01-27,B01,JAY05,Present,,10:00-17:00
2026-01-27,B01,JAY06,Present,,10:00-17:00
2026-01-27,B01,JAY08,Present,,10:00-17:00
2026-01-27,B01,JAY07,Present,,10:00-17:00
2026-01-27,B02,WHF01,Present,,10:00-17:00
2026-01-27,B02,WHF02,Present,,10:00-17:00
2026-01-27,B02,WHF03,Present,,10:00-17:00
2026-01-27,B02,WHF04,Present,,10:00-17:00
2026-01-27,B02,WHF05,Present,,10:00-17:00
2026-01-27,B02,WHF06,Present,,10:00-17:00
2026-01-27,B02,WHF07,Present,,10:00-17:00
2026-01-27,B03,MAL01,Present,,10:00-17:00
2026-01-27,B03,MAL02,Present,,10:00-17:00
2026-01-27,B03,MAL03,Present,,10:00-17:00
2026-01-27,B03,MAL04,Present,,10:00-17:00
2026-01-27,B03,MAL05,Present,,10:00-17:00
2026-01-27,B03,MAL06,Present,,10:00-17:00
2026-01-27,B03,MAL07,Present,,10:00-17:00
2026-01-27,B04,HSK01,Present,,10:00-17:00
2026-01-27,B04,HSK02,Present,,10:00-17:00
2026-01-27,B04,HSK03,Present,,10:00-17:00
2026-01-27,B04,HSK04,Present,,10:00-17:00
2026-01-27,B04,HSK05,Present,,10:00-17:00
2026-01-27,B05,DEV01,Present,,10:00-17:00
2026-01-27,B05,DEV02,Present,,10:00-17:00
2026-01-27,B05,DEV03,Present,,10:00-17:00
2026-01-27,B05,DEV04,Present,,10:00-17:00
2026-01-28,B01,JAY01,Present,,10:00-17:00
2026-01-28,B01,JAY02,Present,,10:00-17:00
2026-01-28,B01,JAY03,Present,,10:00-17:00
2026-01-28,B01,JAY04,Present,,10:00-17:00
2026-01-28,B01,JAY05,Present,,10:00-17:00
2026-01-28,B01,JAY06,Present,,10:00-17:00
2026-01-28,B01,JAY08,Present,,10:00-17:00
2026-01-28,B01,JAY07,Present,,10:00-17:00
2026-01-28,B02,WHF01,Present,,10:00-17:00
2026-01-28,B02,WHF02,Present,,10:00-17:00
2026-01-28,B02,WHF03,Present,,10:00-17:00
2026-01-28,B02,WHF04,Present,,10:00-17:00
2026-01-28,B02,WHF05,Present,,10:00-17:00
2026-01-28,B02,WHF06,Present,,10:00-17:00
2026-01-28,B02,WHF07,Present,,10:00-17:00
2026-01-28,B03,MAL01,Leave,Sick / unplanned,
2026-01-28,B03,MAL02,Present,,10:00-17:00
2026-01-28,B03,MAL03,Present,,10:00-17:00
2026-01-28,B03,MAL04,Present,,10:00-17:00
2026-01-28,B03,MAL05,Present,,10:00-17:00
2026-01-28,B03,MAL06,Present,,10:00-17:00
2026-01-28,B03,MAL07,Present,,10:00-17:00
2026-01-28,B04,HSK01,Present,,10:00-17:00
2026-01-28,B04,HSK02,Present,,10:00-17:00
2026-01-28,B04,HSK03,Present,,10:00-17:00
2026-01-28,B04,HSK04,Present,,10:00-17:00
2026-01-28,B04,HSK05,Present,,10:00-17:00
2026-01-28,B05,DEV01,Present,,10:00-17:00
2026-01-28,B05,DEV02,Present,,10:00-17:00
2026-01-28,B05,DEV03,Present,,10:00-17:00
2026-01-28,B05,DEV04,Present,,10:00-17:00
2026-01-29,B01,JAY01,Present,,10:00-17:00
2026-01-29,B01,JAY02,Present,,10:00-17:00
2026-01-29,B01,JAY03,Present,,10:00-17:00
2026-01-29,B01,JAY04,Present,,10:00-17:00
2026-01-29,B01,JAY05,Present,,10:00-17:00
2026-01-29,B01,JAY06,Present,,10:00-17:00
2026-01-29,B01,JAY08,Present,,10:00-17:00
2026-01-29,B01,JAY07,Leave,Sick / unplanned,
2026-01-29,B02,WHF01,Present,,10:00-17:00
2026-01-29,B02,WHF02,Present,,10:00-17:00
2026-01-29,B02,WHF03,Present,,10:00-17:00
2026-01-29,B02,WHF04,Leave,Sick / unplanned,
2026-01-29,B02,WHF05,Present,,10:00-17:00
2026-01-29,B02,WHF06,Present,,10:00-17:00
2026-01-29,B02,WHF07,Present,,10:00-17:00
2026-01-29,B03,MAL01,Present,,10:00-17:00
2026-01-29,B03,MAL02,Present,,10:00-17:00
2026-01-29,B03,MAL03,Present,,10:00-17:00
2026-01-29,B03,MAL04,Present,,10:00-17:00
2026-01-29,B03,MAL05,Present,,10:00-17:00
2026-01-29,B03,MAL06,Present,,10:00-17:00
2026-01-29,B03,MAL07,Present,,10:00-17:00
2026-01-29,B04,HSK01,Present,,10:00-17:00
2026-01-29,B04,HSK02,Present,,10:00-17:00
2026-01-29,B04,HSK03,Present,,10:00-17:00
2026-01-29,B04,HSK04,Present,,10:00-17:00
2026-01-29,B04,HSK05,Present,,10:00-17:00
2026-01-29,B05,DEV01,Leave,Sick / unplanned,
2026-01-29,B05,DEV02,Present,,10:00-17:00
2026-01-29,B05,DEV03,Present,,10:00-17:00
2026-01-29,B05,DEV04,Present,,10:00-17:00
2026-01-30,B01,JAY01,Present,,10:00-17:00
2026-01-30,B01,JAY02,Present,,10:00-17:00
2026-01-30,B01,JAY03,Present,,10:00-17:00
2026-01-30,B01,JAY04,Present,,10:00-17:00
2026-01-30,B01,JAY05,Present,,10:00-17:00
2026-01-30,B01,JAY06,Present,,10:00-17:00
2026-01-30,B01,JAY08,Present,,10:00-17:00
2026-01-30,B01,JAY07,Present,,10:00-17:00
2026-01-30,B02,WHF01,Present,,10:00-17:00
2026-01-30,B02,WHF02,Present,,10:00-17:00
2026-01-30,B02,WHF03,Present,,10:00-17:00
2026-01-30,B02,WHF04,Leave,Sick / unplanned,
2026-01-30,B02,WHF05,Present,,10:00-17:00
2026-01-30,B02,WHF06,Present,,10:00-17:00
2026-01-30,B02,WHF07,Present,,10:00-17:00
2026-01-30,B03,MAL01,Present,,10:00-17:00
2026-01-30,B03,MAL02,Present,,10:00-17:00
2026-01-30,B03,MAL03,Present,,10:00-17:00
2026-01-30,B03,MAL04,Present,,10:00-17:00
2026-01-30,B03,MAL05,Present,,10:00-17:00
2026-01-30,B03,MAL06,Present,,10:00-17:00
2026-01-30,B03,MAL07,Present,,10:00-17:00
2026-01-30,B04,HSK01,Present,,10:00-17:00
2026-01-30,B04,HSK02,Present,,10:00-17:00
2026-01-30,B04,HSK03,Present,,10:00-17:00
2026-01-30,B04,HSK04,Present,,10:00-17:00
2026-01-30,B04,HSK05,Present,,10:00-17:00
2026-01-30,B05,DEV01,Present,,10:00-17:00
2026-01-30,B05,DEV02,Present,,10:00-17:00
2026-01-30,B05,DEV03,Present,,10:00-17:00
2026-01-30,B05,DEV04,Present,,10:00-17:00
2026-01-31,B01,JAY01,Present,,10:00-17:00
2026-01-31,B01,JAY02,Present,,10:00-17:00
2026-01-31,B01,JAY03,Present,,10:00-17:00
2026-01-31,B01,JAY04,Present,,10:00-17:00
2026-01-31,B01,JAY05,Present,,10:00-17:00
2026-01-31,B01,JAY06,Present,,10:00-17:00
2026-01-31,B01,JAY08,Present,,10:00-17:00
2026-01-31,B01,JAY07,Present,,10:00-17:00
2026-01-31,B02,WHF01,Present,,10:00-17:00
2026-01-31,B02,WHF02,Present,,10:00-17:00
2026-01-31,B02,WHF03,Present,,10:00-17:00
2026-01-31,B02,WHF04,Present,,10:00-17:00
2026-01-31,B02,WHF05,Present,,10:00-17:00
2026-01-31,B02,WHF06,Present,,10:00-17:00
2026-01-31,B02,WHF07,Present,,10:00-17:00
2026-01-31,B03,MAL01,Present,,10:00-17:00
2026-01-31,B03,MAL02,Present,,10:00-17:00
2026-01-31,B03,MAL03,Present,,10:00-17:00
2026-01-31,B03,MAL04,Present,,10:00-17:00
2026-01-31,B03,MAL05,Present,,10:00-17:00
2026-01-31,B03,MAL06,Present,,10:00-17:00
2026-01-31,B03,MAL07,Present,,10:00-17:00
2026-01-31,B04,HSK01,Present,,10:00-17:00
2026-01-31,B04,HSK02,Present,,10:00-17:00
2026-01-31,B04,HSK03,Present,,10:00-17:00
2026-01-31,B04,HSK04,Present,,10:00-17:00
2026-01-31,B04,HSK05,Present,,10:00-17:00
2026-01-31,B05,DEV01,Present,,10:00-17:00
2026-01-31,B05,DEV02,Present,,10:00-17:00
2026-01-31,B05,DEV03,Present,,10:00-17:00
2026-01-31,B05,DEV04,Present,,10:00-17:00
2026-02-02,B01,JAY01,Present,,10:00-17:00
2026-02-02,B01,JAY02,Present,,10:00-17:00
2026-02-02,B01,JAY03,Present,,10:00-17:00
2026-02-02,B01,JAY04,Present,,10:00-17:00
2026-02-02,B01,JAY05,Present,,10:00-17:00
2026-02-02,B01,JAY06,Present,,10:00-17:00
2026-02-02,B01,JAY08,Present,,10:00-17:00
2026-02-02,B01,JAY07,Present,,10:00-17:00
2026-02-02,B02,WHF01,Present,,10:00-17:00
2026-02-02,B02,WHF02,Present,,10:00-17:00
2026-02-02,B02,WHF03,Present,,10:00-17:00
2026-02-02,B02,WHF04,Present,,10:00-17:00
2026-02-02,B02,WHF05,Present,,10:00-17:00
2026-02-02,B02,WHF06,Present,,10:00-17:00
2026-02-02,B02,WHF07,Present,,10:00-17:00
2026-02-02,B03,MAL01,Present,,10:00-17:00
2026-02-02,B03,MAL02,Present,,10:00-17:00
2026-02-02,B03,MAL03,Present,,10:00-17:00
2026-02-02,B03,MAL04,Present,,10:00-17:00
2026-02-02,B03,MAL05,Present,,10:00-17:00
2026-02-02,B03,MAL06,Leave,Sick / unplanned,
2026-02-02,B03,MAL07,Present,,10:00-17:00
2026-02-02,B04,HSK01,Present,,10:00-17:00
2026-02-02,B04,HSK02,Present,,10:00-17:00
2026-02-02,B04,HSK03,Present,,10:00-17:00
2026-02-02,B04,HSK04,Present,,10:00-17:00
2026-02-02,B04,HSK05,Present,,10:00-17:00
2026-02-02,B05,DEV01,Present,,10:00-17:00
2026-02-02,B05,DEV02,Present,,10:00-17:00
2026-02-02,B05,DEV03,Present,,10:00-17:00
2026-02-02,B05,DEV04,Present,,10:00-17:00
2026-02-03,B01,JAY01,Present,,10:00-17:00
2026-02-03,B01,JAY02,Present,,10:00-17:00
2026-02-03,B01,JAY03,Present,,10:00-17:00
2026-02-03,B01,JAY04,Present,,10:00-17:00
2026-02-03,B01,JAY05,Present,,10:00-17:00
2026-02-03,B01,JAY06,Present,,10:00-17:00
2026-02-03,B01,JAY08,Leave,Sick / unplanned,
2026-02-03,B01,JAY07,Present,,10:00-17:00
2026-02-03,B02,WHF01,Present,,10:00-17:00
2026-02-03,B02,WHF02,Present,,10:00-17:00
2026-02-03,B02,WHF03,Present,,10:00-17:00
2026-02-03,B02,WHF04,Present,,10:00-17:00
2026-02-03,B02,WHF05,Present,,10:00-17:00
2026-02-03,B02,WHF06,Present,,10:00-17:00
2026-02-03,B02,WHF07,Present,,10:00-17:00
2026-02-03,B03,MAL01,Present,,10:00-17:00
2026-02-03,B03,MAL02,Present,,10:00-17:00
2026-02-03,B03,MAL03,Present,,10:00-17:00
2026-02-03,B03,MAL04,Present,,10:00-17:00
2026-02-03,B03,MAL05,Present,,10:00-17:00
2026-02-03,B03,MAL06,Present,,10:00-17:00
2026-02-03,B03,MAL07,Present,,10:00-17:00
2026-02-03,B04,HSK01,Present,,10:00-17:00
2026-02-03,B04,HSK02,Present,,10:00-17:00
2026-02-03,B04,HSK03,Present,,10:00-17:00
2026-02-03,B04,HSK04,Present,,10:00-17:00
2026-02-03,B04,HSK05,Present,,10:00-17:00
2026-02-03,B05,DEV01,Present,,10:00-17:00
2026-02-03,B05,DEV02,Present,,10:00-17:00
2026-02-03,B05,DEV03,Present,,10:00-17:00
2026-02-03,B05,DEV04,Present,,10:00-17:00
2026-02-04,B01,JAY01,Present,,10:00-17:00
2026-02-04,B01,JAY02,Present,,10:00-17:00
2026-02-04,B01,JAY03,Present,,10:00-17:00
2026-02-04,B01,JAY04,Present,,10:00-17:00
2026-02-04,B01,JAY05,Present,,10:00-17:00
2026-02-04,B01,JAY06,Present,,10:00-17:00
2026-02-04,B01,JAY08,Present,,10:00-17:00
2026-02-04,B01,JAY07,Leave,Sick / unplanned,
2026-02-04,B02,WHF01,Present,,10:00-17:00
2026-02-04,B02,WHF02,Present,,10:00-17:00
2026-02-04,B02,WHF03,Present,,10:00-17:00
2026-02-04,B02,WHF04,Present,,10:00-17:00
2026-02-04,B02,WHF05,Leave,Sick / unplanned,
2026-02-04,B02,WHF06,Present,,10:00-17:00
2026-02-04,B02,WHF07,Present,,10:00-17:00
2026-02-04,B03,MAL01,Present,,10:00-17:00
2026-02-04,B03,MAL02,Present,,10:00-17:00
2026-02-04,B03,MAL03,Present,,10:00-17:00
2026-02-04,B03,MAL04,Present,,10:00-17:00
2026-02-04,B03,MAL05,Present,,10:00-17:00
2026-02-04,B03,MAL06,Present,,10:00-17:00
2026-02-04,B03,MAL07,Present,,10:00-17:00
2026-02-04,B04,HSK01,Present,,10:00-17:00
2026-02-04,B04,HSK02,Present,,10:00-17:00
2026-02-04,B04,HSK03,Present,,10:00-17:00
2026-02-04,B04,HSK04,Present,,10:00-17:00
2026-02-04,B04,HSK05,Present,,10:00-17:00
2026-02-04,B05,DEV01,Present,,10:00-17:00
2026-02-04,B05,DEV02,Present,,10:00-17:00
2026-02-04,B05,DEV03,Present,,10:00-17:00
2026-02-04,B05,DEV04,Present,,10:00-17:00
2026-02-05,B01,JAY01,Present,,10:00-17:00
2026-02-05,B01,JAY02,Present,,10:00-17:00
2026-02-05,B01,JAY03,Present,,10:00-17:00
2026-02-05,B01,JAY04,Present,,10:00-17:00
2026-02-05,B01,JAY05,Present,,10:00-17:00
2026-02-05,B01,JAY06,Present,,10:00-17:00
2026-02-05,B01,JAY08,Leave,Sick / unplanned,
2026-02-05,B01,JAY07,Present,,10:00-17:00
2026-02-05,B02,WHF01,Present,,10:00-17:00
2026-02-05,B02,WHF02,Present,,10:00-17:00
2026-02-05,B02,WHF03,Present,,10:00-17:00
2026-02-05,B02,WHF04,Present,,10:00-17:00
2026-02-05,B02,WHF05,Present,,10:00-17:00
2026-02-05,B02,WHF06,Present,,10:00-17:00
2026-02-05,B02,WHF07,Present,,10:00-17:00
2026-02-05,B03,MAL01,Present,,10:00-17:00
2026-02-05,B03,MAL02,Present,,10:00-17:00
2026-02-05,B03,MAL03,Present,,10:00-17:00
2026-02-05,B03,MAL04,Present,,10:00-17:00
2026-02-05,B03,MAL05,Present,,10:00-17:00
2026-02-05,B03,MAL06,Present,,10:00-17:00
2026-02-05,B03,MAL07,Present,,10:00-17:00
2026-02-05,B04,HSK01,Present,,10:00-17:00
2026-02-05,B04,HSK02,Present,,10:00-17:00
2026-02-05,B04,HSK03,Present,,10:00-17:00
2026-02-05,B04,HSK04,Present,,10:00-17:00
2026-02-05,B04,HSK05,Present,,10:00-17:00
2026-02-05,B05,DEV01,Present,,10:00-17:00
2026-02-05,B05,DEV02,Present,,10:00-17:00
2026-02-05,B05,DEV03,Present,,10:00-17:00
2026-02-05,B05,DEV04,Present,,10:00-17:00
2026-02-06,B01,JAY01,Present,,10:00-17:00
2026-02-06,B01,JAY02,Present,,10:00-17:00
2026-02-06,B01,JAY03,Present,,10:00-17:00
2026-02-06,B01,JAY04,Present,,10:00-17:00
2026-02-06,B01,JAY05,Present,,10:00-17:00
2026-02-06,B01,JAY06,Present,,10:00-17:00
2026-02-06,B01,JAY08,Present,,10:00-17:00
2026-02-06,B01,JAY07,Present,,10:00-17:00
2026-02-06,B02,WHF01,Present,,10:00-17:00
2026-02-06,B02,WHF02,Present,,10:00-17:00
2026-02-06,B02,WHF03,Present,,10:00-17:00
2026-02-06,B02,WHF04,Present,,10:00-17:00
2026-02-06,B02,WHF05,Present,,10:00-17:00
2026-02-06,B02,WHF06,Present,,10:00-17:00
2026-02-06,B02,WHF07,Present,,10:00-17:00
2026-02-06,B03,MAL01,Present,,10:00-17:00
2026-02-06,B03,MAL02,Present,,10:00-17:00
2026-02-06,B03,MAL03,Present,,10:00-17:00
2026-02-06,B03,MAL04,Present,,10:00-17:00
2026-02-06,B03,MAL05,Present,,10:00-17:00
2026-02-06,B03,MAL06,Present,,10:00-17:00
2026-02-06,B03,MAL07,Present,,10:00-17:00
2026-02-06,B04,HSK01,Present,,10:00-17:00
2026-02-06,B04,HSK02,Present,,10:00-17:00
2026-02-06,B04,HSK03,Present,,10:00-17:00
2026-02-06,B04,HSK04,Present,,10:00-17:00
2026-02-06,B04,HSK05,Present,,10:00-17:00
2026-02-06,B05,DEV01,Present,,10:00-17:00
2026-02-06,B05,DEV02,Present,,10:00-17:00
2026-02-06,B05,DEV03,Present,,10:00-17:00
2026-02-06,B05,DEV04,Present,,10:00-17:00
2026-02-07,B01,JAY01,Present,,10:00-17:00
2026-02-07,B01,JAY02,Present,,10:00-17:00
2026-02-07,B01,JAY03,Present,,10:00-17:00
2026-02-07,B01,JAY04,Present,,10:00-17:00
2026-02-07,B01,JAY05,Present,,10:00-17:00
2026-02-07,B01,JAY06,Present,,10:00-17:00
2026-02-07,B01,JAY08,Present,,10:00-17:00
2026-02-07,B01,JAY07,Present,,10:00-17:00
2026-02-07,B02,WHF01,Present,,10:00-17:00
2026-02-07,B02,WHF02,Present,,10:00-17:00
2026-02-07,B02,WHF03,Present,,10:00-17:00
2026-02-07,B02,WHF04,Present,,10:00-17:00
2026-02-07,B02,WHF05,Present,,10:00-17:00
2026-02-07,B02,WHF06,Present,,10:00-17:00
2026-02-07,B02,WHF07,Present,,10:00-17:00
2026-02-07,B03,MAL01,Present,,10:00-17:00
2026-02-07,B03,MAL02,Present,,10:00-17:00
2026-02-07,B03,MAL03,Present,,10:00-17:00
2026-02-07,B03,MAL04,Present,,10:00-17:00
2026-02-07,B03,MAL05,Present,,10:00-17:00
2026-02-07,B03,MAL06,Present,,10:00-17:00
2026-02-07,B03,MAL07,Present,,10:00-17:00
2026-02-07,B04,HSK01,Present,,10:00-17:00
2026-02-07,B04,HSK02,Present,,10:00-17:00
2026-02-07,B04,HSK03,Present,,10:00-17:00
2026-02-07,B04,HSK04,Present,,10:00-17:00
2026-02-07,B04,HSK05,Present,,10:00-17:00
2026-02-07,B05,DEV01,Present,,10:00-17:00
2026-02-07,B05,DEV02,Present,,10:00-17:00
2026-02-07,B05,DEV03,Present,,10:00-17:00
2026-02-07,B05,DEV04,Present,,10:00-17:00
2026-02-09,B01,JAY01,Present,,10:00-17:00
2026-02-09,B01,JAY02,Present,,10:00-17:00
2026-02-09,B01,JAY03,Present,,10:00-17:00
2026-02-09,B01,JAY04,Present,,10:00-17:00
2026-02-09,B01,JAY05,Present,,10:00-17:00
2026-02-09,B01,JAY06,Present,,10:00-17:00
2026-02-09,B01,JAY08,Present,,10:00-17:00
2026-02-09,B01,JAY07,Present,,10:00-17:00
2026-02-09,B02,WHF01,Present,,10:00-17:00
2026-02-09,B02,WHF02,Leave,Sick / unplanned,
2026-02-09,B02,WHF03,Present,,10:00-17:00
2026-02-09,B02,WHF04,Present,,10:00-17:00
2026-02-09,B02,WHF05,Present,,10:00-17:00
2026-02-09,B02,WHF06,Present,,10:00-17:00
2026-02-09,B02,WHF07,Present,,10:00-17:00
2026-02-09,B03,MAL01,Present,,10:00-17:00
2026-02-09,B03,MAL02,Present,,10:00-17:00
2026-02-09,B03,MAL03,Leave,Sick / unplanned,
2026-02-09,B03,MAL04,Present,,10:00-17:00
2026-02-09,B03,MAL05,Present,,10:00-17:00
2026-02-09,B03,MAL06,Leave,Sick / unplanned,
2026-02-09,B03,MAL07,Present,,10:00-17:00
2026-02-09,B04,HSK01,Present,,10:00-17:00
2026-02-09,B04,HSK02,Present,,10:00-17:00
2026-02-09,B04,HSK03,Present,,10:00-17:00
2026-02-09,B04,HSK04,Present,,10:00-17:00
2026-02-09,B04,HSK05,Present,,10:00-17:00
2026-02-09,B05,DEV01,Present,,10:00-17:00
2026-02-09,B05,DEV02,Present,,10:00-17:00
2026-02-09,B05,DEV03,Present,,10:00-17:00
2026-02-09,B05,DEV04,Present,,10:00-17:00
2026-02-10,B01,JAY01,Present,,10:00-17:00
2026-02-10,B01,JAY02,Present,,10:00-17:00
2026-02-10,B01,JAY03,Present,,10:00-17:00
2026-02-10,B01,JAY04,Present,,10:00-17:00
2026-02-10,B01,JAY05,Present,,10:00-17:00
2026-02-10,B01,JAY06,Present,,10:00-17:00
2026-02-10,B01,JAY08,Leave,Sick / unplanned,
2026-02-10,B01,JAY07,Present,,10:00-17:00
2026-02-10,B02,WHF01,Leave,Sick / unplanned,
2026-02-10,B02,WHF02,Present,,10:00-17:00
2026-02-10,B02,WHF03,Present,,10:00-17:00
2026-02-10,B02,WHF04,Present,,10:00-17:00
2026-02-10,B02,WHF05,Present,,10:00-17:00
2026-02-10,B02,WHF06,Present,,10:00-17:00
2026-02-10,B02,WHF07,Present,,10:00-17:00
2026-02-10,B03,MAL01,Leave,Sick / unplanned,
2026-02-10,B03,MAL02,Present,,10:00-17:00
2026-02-10,B03,MAL03,Present,,10:00-17:00
2026-02-10,B03,MAL04,Present,,10:00-17:00
2026-02-10,B03,MAL05,Present,,10:00-17:00
2026-02-10,B03,MAL06,Present,,10:00-17:00
2026-02-10,B03,MAL07,Present,,10:00-17:00
2026-02-10,B04,HSK01,Present,,10:00-17:00
2026-02-10,B04,HSK02,Present,,10:00-17:00
2026-02-10,B04,HSK03,Present,,10:00-17:00
2026-02-10,B04,HSK04,Present,,10:00-17:00
2026-02-10,B04,HSK05,Present,,10:00-17:00
2026-02-10,B05,DEV01,Present,,10:00-17:00
2026-02-10,B05,DEV02,Present,,10:00-17:00
2026-02-10,B05,DEV03,Present,,10:00-17:00
2026-02-10,B05,DEV04,Present,,10:00-17:00
2026-02-11,B01,JAY01,Present,,10:00-17:00
2026-02-11,B01,JAY02,Present,,10:00-17:00
2026-02-11,B01,JAY03,Present,,10:00-17:00
2026-02-11,B01,JAY04,Present,,10:00-17:00
2026-02-11,B01,JAY05,Present,,10:00-17:00
2026-02-11,B01,JAY06,Present,,10:00-17:00
2026-02-11,B01,JAY08,Present,,10:00-17:00
2026-02-11,B01,JAY07,Present,,10:00-17:00
2026-02-11,B02,WHF01,Present,,10:00-17:00
2026-02-11,B02,WHF02,Present,,10:00-17:00
2026-02-11,B02,WHF03,Present,,10:00-17:00
2026-02-11,B02,WHF04,Present,,10:00-17:00
2026-02-11,B02,WHF05,Present,,10:00-17:00
2026-02-11,B02,WHF06,Present,,10:00-17:00
2026-02-11,B02,WHF07,Present,,10:00-17:00
2026-02-11,B03,MAL01,Present,,10:00-17:00
2026-02-11,B03,MAL02,Present,,10:00-17:00
2026-02-11,B03,MAL03,Leave,Sick / unplanned,
2026-02-11,B03,MAL04,Present,,10:00-17:00
2026-02-11,B03,MAL05,Present,,10:00-17:00
2026-02-11,B03,MAL06,Present,,10:00-17:00
2026-02-11,B03,MAL07,Present,,10:00-17:00
2026-02-11,B04,HSK01,Present,,10:00-17:00
2026-02-11,B04,HSK02,Present,,10:00-17:00
2026-02-11,B04,HSK03,Present,,10:00-17:00
2026-02-11,B04,HSK04,Present,,10:00-17:00
2026-02-11,B04,HSK05,Present,,10:00-17:00
2026-02-11,B05,DEV01,Present,,10:00-17:00
2026-02-11,B05,DEV02,Present,,10:00-17:00
2026-02-11,B05,DEV03,Present,,10:00-17:00
2026-02-11,B05,DEV04,Present,,10:00-17:00
2026-02-12,B01,JAY01,Present,,10:00-17:00
2026-02-12,B01,JAY02,Present,,10:00-17:00
2026-02-12,B01,JAY03,Present,,10:00-17:00
2026-02-12,B01,JAY04,Present,,10:00-17:00
2026-02-12,B01,JAY05,Present,,10:00-17:00
2026-02-12,B01,JAY06,Present,,10:00-17:00
2026-02-12,B01,JAY08,Present,,10:00-17:00
2026-02-12,B01,JAY07,Present,,10:00-17:00
2026-02-12,B02,WHF01,Present,,10:00-17:00
2026-02-12,B02,WHF02,Present,,10:00-17:00
2026-02-12,B02,WHF03,Present,,10:00-17:00
2026-02-12,B02,WHF04,Present,,10:00-17:00
2026-02-12,B02,WHF05,Present,,10:00-17:00
2026-02-12,B02,WHF06,Present,,10:00-17:00
2026-02-12,B02,WHF07,Present,,10:00-17:00
2026-02-12,B03,MAL01,Present,,10:00-17:00
2026-02-12,B03,MAL02,Present,,10:00-17:00
2026-02-12,B03,MAL03,Present,,10:00-17:00
2026-02-12,B03,MAL04,Present,,10:00-17:00
2026-02-12,B03,MAL05,Present,,10:00-17:00
2026-02-12,B03,MAL06,Present,,10:00-17:00
2026-02-12,B03,MAL07,Present,,10:00-17:00
2026-02-12,B04,HSK01,Present,,10:00-17:00
2026-02-12,B04,HSK02,Present,,10:00-17:00
2026-02-12,B04,HSK03,Present,,10:00-17:00
2026-02-12,B04,HSK04,Present,,10:00-17:00
2026-02-12,B04,HSK05,Present,,10:00-17:00
2026-02-12,B05,DEV01,Present,,10:00-17:00
2026-02-12,B05,DEV02,Present,,10:00-17:00
2026-02-12,B05,DEV03,Present,,10:00-17:00
2026-02-12,B05,DEV04,Present,,10:00-17:00
2026-02-13,B01,JAY01,Present,,10:00-17:00
2026-02-13,B01,JAY02,Present,,10:00-17:00
2026-02-13,B01,JAY03,Present,,10:00-17:00
2026-02-13,B01,JAY04,Present,,10:00-17:00
2026-02-13,B01,JAY05,Present,,10:00-17:00
2026-02-13,B01,JAY06,Present,,10:00-17:00
2026-02-13,B01,JAY08,Present,,10:00-17:00
2026-02-13,B01,JAY07,Present,,10:00-17:00
2026-02-13,B02,WHF01,Present,,10:00-17:00
2026-02-13,B02,WHF02,Present,,10:00-17:00
2026-02-13,B02,WHF03,Present,,10:00-17:00
2026-02-13,B02,WHF04,Present,,10:00-17:00
2026-02-13,B02,WHF05,Present,,10:00-17:00
2026-02-13,B02,WHF06,Present,,10:00-17:00
2026-02-13,B02,WHF07,Present,,10:00-17:00
2026-02-13,B03,MAL01,Present,,10:00-17:00
2026-02-13,B03,MAL02,Present,,10:00-17:00
2026-02-13,B03,MAL03,Present,,10:00-17:00
2026-02-13,B03,MAL04,Present,,10:00-17:00
2026-02-13,B03,MAL05,Present,,10:00-17:00
2026-02-13,B03,MAL06,Present,,10:00-17:00
2026-02-13,B03,MAL07,Present,,10:00-17:00
2026-02-13,B04,HSK01,Present,,10:00-17:00
2026-02-13,B04,HSK02,Present,,10:00-17:00
2026-02-13,B04,HSK03,Present,,10:00-17:00
2026-02-13,B04,HSK04,Present,,10:00-17:00
2026-02-13,B04,HSK05,Present,,10:00-17:00
2026-02-13,B05,DEV01,Present,,10:00-17:00
2026-02-13,B05,DEV02,Present,,10:00-17:00
2026-02-13,B05,DEV03,Present,,10:00-17:00
2026-02-13,B05,DEV04,Present,,10:00-17:00
2026-02-16,B01,JAY01,Present,,10:00-17:00
2026-02-16,B01,JAY02,Present,,10:00-17:00
2026-02-16,B01,JAY03,Present,,10:00-17:00
2026-02-16,B01,JAY04,Present,,10:00-17:00
2026-02-16,B01,JAY05,Present,,10:00-17:00
2026-02-16,B01,JAY06,Present,,10:00-17:00
2026-02-16,B01,JAY08,Present,,10:00-17:00
2026-02-16,B01,JAY07,Present,,10:00-17:00
2026-02-16,B02,WHF01,Present,,10:00-17:00
2026-02-16,B02,WHF02,Present,,10:00-17:00
2026-02-16,B02,WHF03,Present,,10:00-17:00
2026-02-16,B02,WHF04,Present,,10:00-17:00
2026-02-16,B02,WHF05,Present,,10:00-17:00
2026-02-16,B02,WHF06,Leave,Sick / unplanned,
2026-02-16,B02,WHF07,Present,,10:00-17:00
2026-02-16,B03,MAL01,Present,,10:00-17:00
2026-02-16,B03,MAL02,Present,,10:00-17:00
2026-02-16,B03,MAL03,Present,,10:00-17:00
2026-02-16,B03,MAL04,Present,,10:00-17:00
2026-02-16,B03,MAL05,Present,,10:00-17:00
2026-02-16,B03,MAL06,Present,,10:00-17:00
2026-02-16,B03,MAL07,Present,,10:00-17:00
2026-02-16,B04,HSK01,Present,,10:00-17:00
2026-02-16,B04,HSK02,Present,,10:00-17:00
2026-02-16,B04,HSK03,Present,,10:00-17:00
2026-02-16,B04,HSK04,Present,,10:00-17:00
2026-02-16,B04,HSK05,Present,,10:00-17:00
2026-02-16,B05,DEV01,Present,,10:00-17:00
2026-02-16,B05,DEV02,Leave,Sick / unplanned,
2026-02-16,B05,DEV03,Present,,10:00-17:00
2026-02-16,B05,DEV04,Present,,10:00-17:00
2026-02-17,B01,JAY01,Present,,10:00-17:00
2026-02-17,B01,JAY02,Present,,10:00-17:00
2026-02-17,B01,JAY03,Present,,10:00-17:00
2026-02-17,B01,JAY04,Present,,10:00-17:00
2026-02-17,B01,JAY05,Present,,10:00-17:00
2026-02-17,B01,JAY06,Present,,10:00-17:00
2026-02-17,B01,JAY08,Present,,10:00-17:00
2026-02-17,B01,JAY07,Present,,10:00-17:00
2026-02-17,B02,WHF01,Present,,10:00-17:00
2026-02-17,B02,WHF02,Present,,10:00-17:00
2026-02-17,B02,WHF03,Present,,10:00-17:00
2026-02-17,B02,WHF04,Present,,10:00-17:00
2026-02-17,B02,WHF05,Present,,10:00-17:00
2026-02-17,B02,WHF06,Present,,10:00-17:00
2026-02-17,B02,WHF07,Present,,10:00-17:00
2026-02-17,B03,MAL01,Present,,10:00-17:00
2026-02-17,B03,MAL02,Present,,10:00-17:00
2026-02-17,B03,MAL03,Present,,10:00-17:00
2026-02-17,B03,MAL04,Present,,10:00-17:00
2026-02-17,B03,MAL05,Present,,10:00-17:00
2026-02-17,B03,MAL06,Present,,10:00-17:00
2026-02-17,B03,MAL07,Present,,10:00-17:00
2026-02-17,B04,HSK01,Present,,10:00-17:00
2026-02-17,B04,HSK02,Present,,10:00-17:00
2026-02-17,B04,HSK03,Present,,10:00-17:00
2026-02-17,B04,HSK04,Present,,10:00-17:00
2026-02-17,B04,HSK05,Present,,10:00-17:00
2026-02-17,B05,DEV01,Present,,10:00-17:00
2026-02-17,B05,DEV02,Present,,10:00-17:00
2026-02-17,B05,DEV03,Present,,10:00-17:00
2026-02-17,B05,DEV04,Present,,10:00-17:00
2026-02-18,B01,JAY01,Present,,10:00-17:00
2026-02-18,B01,JAY02,Present,,10:00-17:00
2026-02-18,B01,JAY03,Present,,10:00-17:00
2026-02-18,B01,JAY04,Present,,10:00-17:00
2026-02-18,B01,JAY05,Present,,10:00-17:00
2026-02-18,B01,JAY06,Present,,10:00-17:00
2026-02-18,B01,JAY08,Present,,10:00-17:00
2026-02-18,B01,JAY07,Present,,10:00-17:00
2026-02-18,B02,WHF01,Present,,10:00-17:00
2026-02-18,B02,WHF02,Present,,10:00-17:00
2026-02-18,B02,WHF03,Present,,10:00-17:00
2026-02-18,B02,WHF04,Present,,10:00-17:00
2026-02-18,B02,WHF05,Present,,10:00-17:00
2026-02-18,B02,WHF06,Present,,10:00-17:00
2026-02-18,B02,WHF07,Present,,10:00-17:00
2026-02-18,B03,MAL01,Present,,10:00-17:00
2026-02-18,B03,MAL02,Present,,10:00-17:00
2026-02-18,B03,MAL03,Present,,10:00-17:00
2026-02-18,B03,MAL04,Present,,10:00-17:00
2026-02-18,B03,MAL05,Present,,10:00-17:00
2026-02-18,B03,MAL06,Present,,10:00-17:00
2026-02-18,B03,MAL07,Present,,10:00-17:00
2026-02-18,B04,HSK01,Present,,10:00-17:00
2026-02-18,B04,HSK02,Leave,Sick / unplanned,
2026-02-18,B04,HSK03,Present,,10:00-17:00
2026-02-18,B04,HSK04,Present,,10:00-17:00
2026-02-18,B04,HSK05,Present,,10:00-17:00
2026-02-18,B05,DEV01,Present,,10:00-17:00
2026-02-18,B05,DEV02,Present,,10:00-17:00
2026-02-18,B05,DEV03,Present,,10:00-17:00
2026-02-18,B05,DEV04,Present,,10:00-17:00
2026-02-19,B01,JAY01,Present,,10:00-17:00
2026-02-19,B01,JAY02,Present,,10:00-17:00
2026-02-19,B01,JAY03,Present,,10:00-17:00
2026-02-19,B01,JAY04,Present,,10:00-17:00
2026-02-19,B01,JAY05,Present,,10:00-17:00
2026-02-19,B01,JAY06,Present,,10:00-17:00
2026-02-19,B01,JAY08,Present,,10:00-17:00
2026-02-19,B01,JAY07,Present,,10:00-17:00
2026-02-19,B02,WHF01,Leave,Sick / unplanned,
2026-02-19,B02,WHF02,Present,,10:00-17:00
2026-02-19,B02,WHF03,Present,,10:00-17:00
2026-02-19,B02,WHF04,Present,,10:00-17:00
2026-02-19,B02,WHF05,Present,,10:00-17:00
2026-02-19,B02,WHF06,Present,,10:00-17:00
2026-02-19,B02,WHF07,Present,,10:00-17:00
2026-02-19,B03,MAL01,Present,,10:00-17:00
2026-02-19,B03,MAL02,Present,,10:00-17:00
2026-02-19,B03,MAL03,Present,,10:00-17:00
2026-02-19,B03,MAL04,Present,,10:00-17:00
2026-02-19,B03,MAL05,Leave,Sick / unplanned,
2026-02-19,B03,MAL06,Present,,10:00-17:00
2026-02-19,B03,MAL07,Present,,10:00-17:00
2026-02-19,B04,HSK01,Present,,10:00-17:00
2026-02-19,B04,HSK02,Present,,10:00-17:00
2026-02-19,B04,HSK03,Present,,10:00-17:00
2026-02-19,B04,HSK04,Present,,10:00-17:00
2026-02-19,B04,HSK05,Present,,10:00-17:00
2026-02-19,B05,DEV01,Present,,10:00-17:00
2026-02-19,B05,DEV02,Present,,10:00-17:00
2026-02-19,B05,DEV03,Present,,10:00-17:00
2026-02-19,B05,DEV04,Leave,Sick / unplanned,
2026-02-20,B01,JAY01,Present,,10:00-17:00
2026-02-20,B01,JAY02,Present,,10:00-17:00
2026-02-20,B01,JAY03,Leave,Sick / unplanned,
2026-02-20,B01,JAY04,Present,,10:00-17:00
2026-02-20,B01,JAY05,Present,,10:00-17:00
2026-02-20,B01,JAY06,Present,,10:00-17:00
2026-02-20,B01,JAY08,Present,,10:00-17:00
2026-02-20,B01,JAY07,Present,,10:00-17:00
2026-02-20,B02,WHF01,Present,,10:00-17:00
2026-02-20,B02,WHF02,Present,,10:00-17:00
2026-02-20,B02,WHF03,Present,,10:00-17:00
2026-02-20,B02,WHF04,Present,,10:00-17:00
2026-02-20,B02,WHF05,Present,,10:00-17:00
2026-02-20,B02,WHF06,Leave,Sick / unplanned,
2026-02-20,B02,WHF07,Present,,10:00-17:00
2026-02-20,B03,MAL01,Leave,Sick / unplanned,
2026-02-20,B03,MAL02,Present,,10:00-17:00
2026-02-20,B03,MAL03,Present,,10:00-17:00
2026-02-20,B03,MAL04,Present,,10:00-17:00
2026-02-20,B03,MAL05,Present,,10:00-17:00
2026-02-20,B03,MAL06,Present,,10:00-17:00
2026-02-20,B03,MAL07,Present,,10:00-17:00
2026-02-20,B04,HSK01,Present,,10:00-17:00
2026-02-20,B04,HSK02,Present,,10:00-17:00
2026-02-20,B04,HSK03,Present,,10:00-17:00
2026-02-20,B04,HSK04,Present,,10:00-17:00
2026-02-20,B04,HSK05,Present,,10:00-17:00
2026-02-20,B05,DEV01,Present,,10:00-17:00
2026-02-20,B05,DEV02,Present,,10:00-17:00
2026-02-20,B05,DEV03,Present,,10:00-17:00
2026-02-20,B05,DEV04,Present,,10:00-17:00
2026-02-21,B01,JAY01,Present,,10:00-17:00
2026-02-21,B01,JAY02,Present,,10:00-17:00
2026-02-21,B01,JAY03,Present,,10:00-17:00
2026-02-21,B01,JAY04,Present,,10:00-17:00
2026-02-21,B01,JAY05,Present,,10:00-17:00
2026-02-21,B01,JAY06,Present,,10:00-17:00
2026-02-21,B01,JAY08,Present,,10:00-17:00
2026-02-21,B01,JAY07,Leave,Sick / unplanned,
2026-02-21,B02,WHF01,Present,,10:00-17:00
2026-02-21,B02,WHF02,Present,,10:00-17:00
2026-02-21,B02,WHF03,Present,,10:00-17:00
2026-02-21,B02,WHF04,Present,,10:00-17:00
2026-02-21,B02,WHF05,Present,,10:00-17:00
2026-02-21,B02,WHF06,Present,,10:00-17:00
2026-02-21,B02,WHF07,Present,,10:00-17:00
2026-02-21,B03,MAL01,Present,,10:00-17:00
2026-02-21,B03,MAL02,Present,,10:00-17:00
2026-02-21,B03,MAL03,Present,,10:00-17:00
2026-02-21,B03,MAL04,Present,,10:00-17:00
2026-02-21,B03,MAL05,Present,,10:00-17:00
2026-02-21,B03,MAL06,Present,,10:00-17:00
2026-02-21,B03,MAL07,Present,,10:00-17:00
2026-02-21,B04,HSK01,Present,,10:00-17:00
2026-02-21,B04,HSK02,Present,,10:00-17:00
2026-02-21,B04,HSK03,Present,,10:00-17:00
2026-02-21,B04,HSK04,Present,,10:00-17:00
2026-02-21,B04,HSK05,Present,,10:00-17:00
2026-02-21,B05,DEV01,Present,,10:00-17:00
2026-02-21,B05,DEV02,Present,,10:00-17:00
2026-02-21,B05,DEV03,Present,,10:00-17:00
2026-02-21,B05,DEV04,Present,,10:00-17:00
2026-02-23,B01,JAY01,Present,,10:00-17:00
2026-02-23,B01,JAY02,Present,,10:00-17:00
2026-02-23,B01,JAY03,Present,,10:00-17:00
2026-02-23,B01,JAY04,Present,,10:00-17:00
2026-02-23,B01,JAY05,Present,,10:00-17:00
2026-02-23,B01,JAY06,Present,,10:00-17:00
2026-02-23,B01,JAY08,Present,,10:00-17:00
2026-02-23,B01,JAY07,Present,,10:00-17:00
2026-02-23,B02,WHF01,Present,,10:00-17:00
2026-02-23,B02,WHF02,Present,,10:00-17:00
2026-02-23,B02,WHF03,Present,,10:00-17:00
2026-02-23,B02,WHF04,Present,,10:00-17:00
2026-02-23,B02,WHF05,Present,,10:00-17:00
2026-02-23,B02,WHF06,Present,,10:00-17:00
2026-02-23,B02,WHF07,Present,,10:00-17:00
2026-02-23,B03,MAL01,Present,,10:00-17:00
2026-02-23,B03,MAL02,Present,,10:00-17:00
2026-02-23,B03,MAL03,Present,,10:00-17:00
2026-02-23,B03,MAL04,Present,,10:00-17:00
2026-02-23,B03,MAL05,Present,,10:00-17:00
2026-02-23,B03,MAL06,Present,,10:00-17:00
2026-02-23,B03,MAL07,Present,,10:00-17:00
2026-02-23,B04,HSK01,Present,,10:00-17:00
2026-02-23,B04,HSK02,Present,,10:00-17:00
2026-02-23,B04,HSK03,Present,,10:00-17:00
2026-02-23,B04,HSK04,Present,,10:00-17:00
2026-02-23,B04,HSK05,Present,,10:00-17:00
2026-02-23,B05,DEV01,Present,,10:00-17:00
2026-02-23,B05,DEV02,Present,,10:00-17:00
2026-02-23,B05,DEV03,Present,,10:00-17:00
2026-02-23,B05,DEV04,Present,,10:00-17:00
2026-02-24,B01,JAY01,Present,,10:00-17:00
2026-02-24,B01,JAY02,Present,,10:00-17:00
2026-02-24,B01,JAY03,Leave,Sick / unplanned,
2026-02-24,B01,JAY04,Present,,10:00-17:00
2026-02-24,B01,JAY05,Present,,10:00-17:00
2026-02-24,B01,JAY06,Present,,10:00-17:00
2026-02-24,B01,JAY08,Present,,10:00-17:00
2026-02-24,B01,JAY07,Present,,10:00-17:00
2026-02-24,B02,WHF01,Present,,10:00-17:00
2026-02-24,B02,WHF02,Present,,10:00-17:00
2026-02-24,B02,WHF03,Present,,10:00-17:00
2026-02-24,B02,WHF04,Present,,10:00-17:00
2026-02-24,B02,WHF05,Present,,10:00-17:00
2026-02-24,B02,WHF06,Present,,10:00-17:00
2026-02-24,B02,WHF07,Present,,10:00-17:00
2026-02-24,B03,MAL01,Present,,10:00-17:00
2026-02-24,B03,MAL02,Present,,10:00-17:00
2026-02-24,B03,MAL03,Present,,10:00-17:00
2026-02-24,B03,MAL04,Present,,10:00-17:00
2026-02-24,B03,MAL05,Present,,10:00-17:00
2026-02-24,B03,MAL06,Present,,10:00-17:00
2026-02-24,B03,MAL07,Present,,10:00-17:00
2026-02-24,B04,HSK01,Present,,10:00-17:00
2026-02-24,B04,HSK02,Present,,10:00-17:00
2026-02-24,B04,HSK03,Present,,10:00-17:00
2026-02-24,B04,HSK04,Present,,10:00-17:00
2026-02-24,B04,HSK05,Present,,10:00-17:00
2026-02-24,B05,DEV01,Present,,10:00-17:00
2026-02-24,B05,DEV02,Present,,10:00-17:00
2026-02-24,B05,DEV03,Present,,10:00-17:00
2026-02-24,B05,DEV04,Present,,10:00-17:00
2026-02-25,B01,JAY01,Present,,10:00-17:00
2026-02-25,B01,JAY02,Present,,10:00-17:00
2026-02-25,B01,JAY03,Present,,10:00-17:00
2026-02-25,B01,JAY04,Present,,10:00-17:00
2026-02-25,B01,JAY05,Present,,10:00-17:00
2026-02-25,B01,JAY06,Present,,10:00-17:00
2026-02-25,B01,JAY08,Present,,10:00-17:00
2026-02-25,B01,JAY07,Present,,10:00-17:00
2026-02-25,B02,WHF01,Present,,10:00-17:00
2026-02-25,B02,WHF02,Present,,10:00-17:00
2026-02-25,B02,WHF03,Present,,10:00-17:00
2026-02-25,B02,WHF04,Present,,10:00-17:00
2026-02-25,B02,WHF05,Present,,10:00-17:00
2026-02-25,B02,WHF06,Present,,10:00-17:00
2026-02-25,B02,WHF07,Present,,10:00-17:00
2026-02-25,B03,MAL01,Present,,10:00-17:00
2026-02-25,B03,MAL02,Present,,10:00-17:00
2026-02-25,B03,MAL03,Present,,10:00-17:00
2026-02-25,B03,MAL04,Present,,10:00-17:00
2026-02-25,B03,MAL05,Present,,10:00-17:00
2026-02-25,B03,MAL06,Present,,10:00-17:00
2026-02-25,B03,MAL07,Present,,10:00-17:00
2026-02-25,B04,HSK01,Present,,10:00-17:00
2026-02-25,B04,HSK02,Present,,10:00-17:00
2026-02-25,B04,HSK03,Present,,10:00-17:00
2026-02-25,B04,HSK04,Present,,10:00-17:00
2026-02-25,B04,HSK05,Present,,10:00-17:00
2026-02-25,B05,DEV01,Present,,10:00-17:00
2026-02-25,B05,DEV02,Present,,10:00-17:00
2026-02-25,B05,DEV03,Present,,10:00-17:00
2026-02-25,B05,DEV04,Present,,10:00-17:00
2026-02-26,B01,JAY01,Present,,10:00-17:00
2026-02-26,B01,JAY02,Present,,10:00-17:00
2026-02-26,B01,JAY03,Present,,10:00-17:00
2026-02-26,B01,JAY04,Present,,10:00-17:00
2026-02-26,B01,JAY05,Present,,10:00-17:00
2026-02-26,B01,JAY06,Present,,10:00-17:00
2026-02-26,B01,JAY08,Present,,10:00-17:00
2026-02-26,B01,JAY07,Present,,10:00-17:00
2026-02-26,B02,WHF01,Present,,10:00-17:00
2026-02-26,B02,WHF02,Present,,10:00-17:00
2026-02-26,B02,WHF03,Present,,10:00-17:00
2026-02-26,B02,WHF04,Present,,10:00-17:00
2026-02-26,B02,WHF05,Present,,10:00-17:00
2026-02-26,B02,WHF06,Present,,10:00-17:00
2026-02-26,B02,WHF07,Present,,10:00-17:00
2026-02-26,B03,MAL01,Present,,10:00-17:00
2026-02-26,B03,MAL02,Present,,10:00-17:00
2026-02-26,B03,MAL03,Present,,10:00-17:00
2026-02-26,B03,MAL04,Present,,10:00-17:00
2026-02-26,B03,MAL05,Present,,10:00-17:00
2026-02-26,B03,MAL06,Present,,10:00-17:00
2026-02-26,B03,MAL07,Present,,10:00-17:00
2026-02-26,B04,HSK01,Present,,10:00-17:00
2026-02-26,B04,HSK02,Present,,10:00-17:00
2026-02-26,B04,HSK03,Present,,10:00-17:00
2026-02-26,B04,HSK04,Present,,10:00-17:00
2026-02-26,B04,HSK05,Present,,10:00-17:00
2026-02-26,B05,DEV01,Present,,10:00-17:00
2026-02-26,B05,DEV02,Present,,10:00-17:00
2026-02-26,B05,DEV03,Present,,10:00-17:00
2026-02-26,B05,DEV04,Present,,10:00-17:00
2026-02-27,B01,JAY01,Present,,10:00-17:00
2026-02-27,B01,JAY02,Present,,10:00-17:00
2026-02-27,B01,JAY03,Present,,10:00-17:00
2026-02-27,B01,JAY04,Present,,10:00-17:00
2026-02-27,B01,JAY05,Present,,10:00-17:00
2026-02-27,B01,JAY06,Present,,10:00-17:00
2026-02-27,B01,JAY08,Present,,10:00-17:00
2026-02-27,B01,JAY07,Present,,10:00-17:00
2026-02-27,B02,WHF01,Present,,10:00-17:00
2026-02-27,B02,WHF02,Present,,10:00-17:00
2026-02-27,B02,WHF03,Present,,10:00-17:00
2026-02-27,B02,WHF04,Present,,10:00-17:00
2026-02-27,B02,WHF05,Present,,10:00-17:00
2026-02-27,B02,WHF06,Present,,10:00-17:00
2026-02-27,B02,WHF07,Present,,10:00-17:00
2026-02-27,B03,MAL01,Present,,10:00-17:00
2026-02-27,B03,MAL02,Present,,10:00-17:00
2026-02-27,B03,MAL03,Present,,10:00-17:00
2026-02-27,B03,MAL04,Present,,10:00-17:00
2026-02-27,B03,MAL05,Present,,10:00-17:00
2026-02-27,B03,MAL06,Present,,10:00-17:00
2026-02-27,B03,MAL07,Present,,10:00-17:00
2026-02-27,B04,HSK01,Present,,10:00-17:00
2026-02-27,B04,HSK02,Present,,10:00-17:00
2026-02-27,B04,HSK03,Present,,10:00-17:00
2026-02-27,B04,HSK04,Present,,10:00-17:00
2026-02-27,B04,HSK05,Present,,10:00-17:00
2026-02-27,B05,DEV01,Present,,10:00-17:00
2026-02-27,B05,DEV02,Present,,10:00-17:00
2026-02-27,B05,DEV03,Present,,10:00-17:00
2026-02-27,B05,DEV04,Present,,10:00-17:00
2026-03-02,B01,JAY01,Present,,10:00-17:00
2026-03-02,B01,JAY02,Present,,10:00-17:00
2026-03-02,B01,JAY03,Present,,10:00-17:00
2026-03-02,B01,JAY04,Present,,10:00-17:00
2026-03-02,B01,JAY05,Present,,10:00-17:00
2026-03-02,B01,JAY06,Present,,10:00-17:00
2026-03-02,B01,JAY08,Present,,10:00-17:00
2026-03-02,B01,JAY07,Present,,10:00-17:00
2026-03-02,B02,WHF01,Present,,10:00-17:00
2026-03-02,B02,WHF02,Present,,10:00-17:00
2026-03-02,B02,WHF03,Present,,10:00-17:00
2026-03-02,B02,WHF04,Present,,10:00-17:00
2026-03-02,B02,WHF05,Present,,10:00-17:00
2026-03-02,B02,WHF06,Present,,10:00-17:00
2026-03-02,B02,WHF07,Present,,10:00-17:00
2026-03-02,B03,MAL01,Present,,10:00-17:00
2026-03-02,B03,MAL02,Present,,10:00-17:00
2026-03-02,B03,MAL03,Present,,10:00-17:00
2026-03-02,B03,MAL04,Present,,10:00-17:00
2026-03-02,B03,MAL05,Present,,10:00-17:00
2026-03-02,B03,MAL06,Present,,10:00-17:00
2026-03-02,B03,MAL07,Present,,10:00-17:00
2026-03-02,B04,HSK01,Present,,10:00-17:00
2026-03-02,B04,HSK02,Present,,10:00-17:00
2026-03-02,B04,HSK03,Present,,10:00-17:00
2026-03-02,B04,HSK04,Present,,10:00-17:00
2026-03-02,B04,HSK05,Present,,10:00-17:00
2026-03-02,B05,DEV01,Present,,10:00-17:00
2026-03-02,B05,DEV02,Present,,10:00-17:00
2026-03-02,B05,DEV03,Present,,10:00-17:00
2026-03-02,B05,DEV04,Present,,10:00-17:00
2026-03-03,B01,JAY01,Present,,10:00-17:00
2026-03-03,B01,JAY02,Present,,10:00-17:00
2026-03-03,B01,JAY03,Present,,10:00-17:00
2026-03-03,B01,JAY04,Present,,10:00-17:00
2026-03-03,B01,JAY05,Present,,10:00-17:00
2026-03-03,B01,JAY06,Present,,10:00-17:00
2026-03-03,B01,JAY08,Present,,10:00-17:00
2026-03-03,B01,JAY07,Present,,10:00-17:00
2026-03-03,B02,WHF01,Present,,10:00-17:00
2026-03-03,B02,WHF02,Present,,10:00-17:00
2026-03-03,B02,WHF03,Present,,10:00-17:00
2026-03-03,B02,WHF04,Present,,10:00-17:00
2026-03-03,B02,WHF05,Present,,10:00-17:00
2026-03-03,B02,WHF06,Present,,10:00-17:00
2026-03-03,B02,WHF07,Present,,10:00-17:00
2026-03-03,B03,MAL01,Present,,10:00-17:00
2026-03-03,B03,MAL02,Present,,10:00-17:00
2026-03-03,B03,MAL03,Present,,10:00-17:00
2026-03-03,B03,MAL04,Present,,10:00-17:00
2026-03-03,B03,MAL05,Present,,10:00-17:00
2026-03-03,B03,MAL06,Present,,10:00-17:00
2026-03-03,B03,MAL07,Present,,10:00-17:00
2026-03-03,B04,HSK01,Present,,10:00-17:00
2026-03-03,B04,HSK02,Present,,10:00-17:00
2026-03-03,B04,HSK03,Present,,10:00-17:00
2026-03-03,B04,HSK04,Present,,10:00-17:00
2026-03-03,B04,HSK05,Present,,10:00-17:00
2026-03-03,B05,DEV01,Present,,10:00-17:00
2026-03-03,B05,DEV02,Present,,10:00-17:00
2026-03-03,B05,DEV03,Present,,10:00-17:00
2026-03-03,B05,DEV04,Present,,10:00-17:00
2026-03-04,B01,JAY01,Present,,10:00-17:00
2026-03-04,B01,JAY02,Present,,10:00-17:00
2026-03-04,B01,JAY03,Present,,10:00-17:00
2026-03-04,B01,JAY04,Present,,10:00-17:00
2026-03-04,B01,JAY05,Present,,10:00-17:00
2026-03-04,B01,JAY06,Present,,10:00-17:00
2026-03-04,B01,JAY08,Present,,10:00-17:00
2026-03-04,B01,JAY07,Present,,10:00-17:00
2026-03-04,B02,WHF01,Present,,10:00-17:00
2026-03-04,B02,WHF02,Present,,10:00-17:00
2026-03-04,B02,WHF03,Present,,10:00-17:00
2026-03-04,B02,WHF04,Present,,10:00-17:00
2026-03-04,B02,WHF05,Present,,10:00-17:00
2026-03-04,B02,WHF06,Present,,10:00-17:00
2026-03-04,B02,WHF07,Present,,10:00-17:00
2026-03-04,B03,MAL01,Leave,Sick / unplanned,
2026-03-04,B03,MAL02,Present,,10:00-17:00
2026-03-04,B03,MAL03,Present,,10:00-17:00
2026-03-04,B03,MAL04,Present,,10:00-17:00
2026-03-04,B03,MAL05,Present,,10:00-17:00
2026-03-04,B03,MAL06,Present,,10:00-17:00
2026-03-04,B03,MAL07,Leave,Sick / unplanned,
2026-03-04,B04,HSK01,Present,,10:00-17:00
2026-03-04,B04,HSK02,Present,,10:00-17:00
2026-03-04,B04,HSK03,Present,,10:00-17:00
2026-03-04,B04,HSK04,Present,,10:00-17:00
2026-03-04,B04,HSK05,Present,,10:00-17:00
2026-03-04,B05,DEV01,Present,,10:00-17:00
2026-03-04,B05,DEV02,Present,,10:00-17:00
2026-03-04,B05,DEV03,Present,,10:00-17:00
2026-03-04,B05,DEV04,Present,,10:00-17:00
2026-03-05,B01,JAY01,Present,,10:00-17:00
2026-03-05,B01,JAY02,Present,,10:00-17:00
2026-03-05,B01,JAY03,Present,,10:00-17:00
2026-03-05,B01,JAY04,Present,,10:00-17:00
2026-03-05,B01,JAY05,Present,,10:00-17:00
2026-03-05,B01,JAY06,Present,,10:00-17:00
2026-03-05,B01,JAY08,Present,,10:00-17:00
2026-03-05,B01,JAY07,Present,,10:00-17:00
2026-03-05,B02,WHF01,Present,,10:00-17:00
2026-03-05,B02,WHF02,Present,,10:00-17:00
2026-03-05,B02,WHF03,Present,,10:00-17:00
2026-03-05,B02,WHF04,Present,,10:00-17:00
2026-03-05,B02,WHF05,Present,,10:00-17:00
2026-03-05,B02,WHF06,Present,,10:00-17:00
2026-03-05,B02,WHF07,Present,,10:00-17:00
2026-03-05,B03,MAL01,Present,,10:00-17:00
2026-03-05,B03,MAL02,Present,,10:00-17:00
2026-03-05,B03,MAL03,Present,,10:00-17:00
2026-03-05,B03,MAL04,Present,,10:00-17:00
2026-03-05,B03,MAL05,Present,,10:00-17:00
2026-03-05,B03,MAL06,Present,,10:00-17:00
2026-03-05,B03,MAL07,Present,,10:00-17:00
2026-03-05,B04,HSK01,Present,,10:00-17:00
2026-03-05,B04,HSK02,Present,,10:00-17:00
2026-03-05,B04,HSK03,Present,,10:00-17:00
2026-03-05,B04,HSK04,Present,,10:00-17:00
2026-03-05,B04,HSK05,Present,,10:00-17:00
2026-03-05,B05,DEV01,Present,,10:00-17:00
2026-03-05,B05,DEV02,Present,,10:00-17:00
2026-03-05,B05,DEV03,Present,,10:00-17:00
2026-03-05,B05,DEV04,Present,,10:00-17:00
2026-03-06,B01,JAY01,Present,,10:00-17:00
2026-03-06,B01,JAY02,Present,,10:00-17:00
2026-03-06,B01,JAY03,Present,,10:00-17:00
2026-03-06,B01,JAY04,Present,,10:00-17:00
2026-03-06,B01,JAY05,Present,,10:00-17:00
2026-03-06,B01,JAY06,Present,,10:00-17:00
2026-03-06,B01,JAY08,Present,,10:00-17:00
2026-03-06,B01,JAY07,Present,,10:00-17:00
2026-03-06,B02,WHF01,Present,,10:00-17:00
2026-03-06,B02,WHF02,Leave,Sick / unplanned,
2026-03-06,B02,WHF03,Present,,10:00-17:00
2026-03-06,B02,WHF04,Present,,10:00-17:00
2026-03-06,B02,WHF05,Present,,10:00-17:00
2026-03-06,B02,WHF06,Present,,10:00-17:00
2026-03-06,B02,WHF07,Present,,10:00-17:00
2026-03-06,B03,MAL01,Present,,10:00-17:00
2026-03-06,B03,MAL02,Present,,10:00-17:00
2026-03-06,B03,MAL03,Present,,10:00-17:00
2026-03-06,B03,MAL04,Present,,10:00-17:00
2026-03-06,B03,MAL05,Leave,Sick / unplanned,
2026-03-06,B03,MAL06,Present,,10:00-17:00
2026-03-06,B03,MAL07,Present,,10:00-17:00
2026-03-06,B04,HSK01,Present,,10:00-17:00
2026-03-06,B04,HSK02,Present,,10:00-17:00
2026-03-06,B04,HSK03,Present,,10:00-17:00
2026-03-06,B04,HSK04,Present,,10:00-17:00
2026-03-06,B04,HSK05,Present,,10:00-17:00
2026-03-06,B05,DEV01,Present,,10:00-17:00
2026-03-06,B05,DEV02,Present,,10:00-17:00
2026-03-06,B05,DEV03,Present,,10:00-17:00
2026-03-06,B05,DEV04,Present,,10:00-17:00
2026-03-07,B01,JAY01,Present,,10:00-17:00
2026-03-07,B01,JAY02,Present,,10:00-17:00
2026-03-07,B01,JAY03,Present,,10:00-17:00
2026-03-07,B01,JAY04,Present,,10:00-17:00
2026-03-07,B01,JAY05,Present,,10:00-17:00
2026-03-07,B01,JAY06,Present,,10:00-17:00
2026-03-07,B01,JAY08,Present,,10:00-17:00
2026-03-07,B01,JAY07,Present,,10:00-17:00
2026-03-07,B02,WHF01,Present,,10:00-17:00
2026-03-07,B02,WHF02,Present,,10:00-17:00
2026-03-07,B02,WHF03,Present,,10:00-17:00
2026-03-07,B02,WHF04,Present,,10:00-17:00
2026-03-07,B02,WHF05,Present,,10:00-17:00
2026-03-07,B02,WHF06,Present,,10:00-17:00
2026-03-07,B02,WHF07,Present,,10:00-17:00
2026-03-07,B03,MAL01,Present,,10:00-17:00
2026-03-07,B03,MAL02,Present,,10:00-17:00
2026-03-07,B03,MAL03,Present,,10:00-17:00
2026-03-07,B03,MAL04,Present,,10:00-17:00
2026-03-07,B03,MAL05,Present,,10:00-17:00
2026-03-07,B03,MAL06,Present,,10:00-17:00
2026-03-07,B03,MAL07,Present,,10:00-17:00
2026-03-07,B04,HSK01,Present,,10:00-17:00
2026-03-07,B04,HSK02,Present,,10:00-17:00
2026-03-07,B04,HSK03,Present,,10:00-17:00
2026-03-07,B04,HSK04,Present,,10:00-17:00
2026-03-07,B04,HSK05,Present,,10:00-17:00
2026-03-07,B05,DEV01,Present,,10:00-17:00
2026-03-07,B05,DEV02,Present,,10:00-17:00
2026-03-07,B05,DEV03,Present,,10:00-17:00
2026-03-07,B05,DEV04,Present,,10:00-17:00
2026-03-09,B01,JAY01,Present,,10:00-17:00
2026-03-09,B01,JAY02,Present,,10:00-17:00
2026-03-09,B01,JAY03,Present,,10:00-17:00
2026-03-09,B01,JAY04,Present,,10:00-17:00
2026-03-09,B01,JAY05,Present,,10:00-17:00
2026-03-09,B01,JAY06,Present,,10:00-17:00
2026-03-09,B01,JAY08,Present,,10:00-17:00
2026-03-09,B01,JAY07,Present,,10:00-17:00
2026-03-09,B02,WHF01,Present,,10:00-17:00
2026-03-09,B02,WHF02,Present,,10:00-17:00
2026-03-09,B02,WHF03,Present,,10:00-17:00
2026-03-09,B02,WHF04,Present,,10:00-17:00
2026-03-09,B02,WHF05,Present,,10:00-17:00
2026-03-09,B02,WHF06,Present,,10:00-17:00
2026-03-09,B02,WHF07,Present,,10:00-17:00
2026-03-09,B03,MAL01,Present,,10:00-17:00
2026-03-09,B03,MAL02,Present,,10:00-17:00
2026-03-09,B03,MAL03,Present,,10:00-17:00
2026-03-09,B03,MAL04,Present,,10:00-17:00
2026-03-09,B03,MAL05,Present,,10:00-17:00
2026-03-09,B03,MAL06,Present,,10:00-17:00
2026-03-09,B03,MAL07,Present,,10:00-17:00
2026-03-09,B04,HSK01,Present,,10:00-17:00
2026-03-09,B04,HSK02,Present,,10:00-17:00
2026-03-09,B04,HSK03,Present,,10:00-17:00
2026-03-09,B04,HSK04,Present,,10:00-17:00
2026-03-09,B04,HSK05,Present,,10:00-17:00
2026-03-09,B05,DEV01,Present,,10:00-17:00
2026-03-09,B05,DEV02,Present,,10:00-17:00
2026-03-09,B05,DEV03,Present,,10:00-17:00
2026-03-09,B05,DEV04,Present,,10:00-17:00
2026-03-10,B01,JAY01,Present,,10:00-17:00
2026-03-10,B01,JAY02,Present,,10:00-17:00
2026-03-10,B01,JAY03,Present,,10:00-17:00
2026-03-10,B01,JAY04,Present,,10:00-17:00
2026-03-10,B01,JAY05,Present,,10:00-17:00
2026-03-10,B01,JAY06,Leave,Sick / unplanned,
2026-03-10,B01,JAY08,Present,,10:00-17:00
2026-03-10,B01,JAY07,Present,,10:00-17:00
2026-03-10,B02,WHF01,Present,,10:00-17:00
2026-03-10,B02,WHF02,Present,,10:00-17:00
2026-03-10,B02,WHF03,Present,,10:00-17:00
2026-03-10,B02,WHF04,Present,,10:00-17:00
2026-03-10,B02,WHF05,Present,,10:00-17:00
2026-03-10,B02,WHF06,Present,,10:00-17:00
2026-03-10,B02,WHF07,Present,,10:00-17:00
2026-03-10,B03,MAL01,Present,,10:00-17:00
2026-03-10,B03,MAL02,Present,,10:00-17:00
2026-03-10,B03,MAL03,Present,,10:00-17:00
2026-03-10,B03,MAL04,Present,,10:00-17:00
2026-03-10,B03,MAL05,Present,,10:00-17:00
2026-03-10,B03,MAL06,Present,,10:00-17:00
2026-03-10,B03,MAL07,Present,,10:00-17:00
2026-03-10,B04,HSK01,Present,,10:00-17:00
2026-03-10,B04,HSK02,Present,,10:00-17:00
2026-03-10,B04,HSK03,Present,,10:00-17:00
2026-03-10,B04,HSK04,Present,,10:00-17:00
2026-03-10,B04,HSK05,Present,,10:00-17:00
2026-03-10,B05,DEV01,Present,,10:00-17:00
2026-03-10,B05,DEV02,Present,,10:00-17:00
2026-03-10,B05,DEV03,Leave,Sick / unplanned,
2026-03-10,B05,DEV04,Present,,10:00-17:00
2026-03-11,B01,JAY01,Present,,10:00-17:00
2026-03-11,B01,JAY02,Present,,10:00-17:00
2026-03-11,B01,JAY03,Present,,10:00-17:00
2026-03-11,B01,JAY04,Leave,Sick / unplanned,
2026-03-11,B01,JAY05,Leave,Sick / unplanned,
2026-03-11,B01,JAY06,Leave,Sick / unplanned,
2026-03-11,B01,JAY08,Present,,10:00-17:00
2026-03-11,B01,JAY07,Leave,Sick / unplanned,
2026-03-11,B02,WHF01,Present,,10:00-17:00
2026-03-11,B02,WHF02,Present,,10:00-17:00
2026-03-11,B02,WHF03,Present,,10:00-17:00
2026-03-11,B02,WHF04,Present,,10:00-17:00
2026-03-11,B02,WHF05,Present,,10:00-17:00
2026-03-11,B02,WHF06,Present,,10:00-17:00
2026-03-11,B02,WHF07,Present,,10:00-17:00
2026-03-11,B03,MAL01,Present,,10:00-17:00
2026-03-11,B03,MAL02,Present,,10:00-17:00
2026-03-11,B03,MAL03,Present,,10:00-17:00
2026-03-11,B03,MAL04,Present,,10:00-17:00
2026-03-11,B03,MAL05,Present,,10:00-17:00
2026-03-11,B03,MAL06,Present,,10:00-17:00
2026-03-11,B03,MAL07,Present,,10:00-17:00
2026-03-11,B04,HSK01,Present,,10:00-17:00
2026-03-11,B04,HSK02,Present,,10:00-17:00
2026-03-11,B04,HSK03,Present,,10:00-17:00
2026-03-11,B04,HSK04,Present,,10:00-17:00
2026-03-11,B04,HSK05,Present,,10:00-17:00
2026-03-11,B05,DEV01,Present,,10:00-17:00
2026-03-11,B05,DEV02,Present,,10:00-17:00
2026-03-11,B05,DEV03,Present,,10:00-17:00
2026-03-11,B05,DEV04,Present,,10:00-17:00
2026-03-12,B01,JAY01,Present,,10:00-17:00
2026-03-12,B01,JAY02,Present,,10:00-17:00
2026-03-12,B01,JAY03,Present,,10:00-17:00
2026-03-12,B01,JAY04,Present,,10:00-17:00
2026-03-12,B01,JAY05,Present,,10:00-17:00
2026-03-12,B01,JAY06,Leave,Sick / unplanned,
2026-03-12,B01,JAY08,Present,,10:00-17:00
2026-03-12,B01,JAY07,Present,,10:00-17:00
2026-03-12,B02,WHF01,Present,,10:00-17:00
2026-03-12,B02,WHF02,Present,,10:00-17:00
2026-03-12,B02,WHF03,Present,,10:00-17:00
2026-03-12,B02,WHF04,Leave,Sick / unplanned,
2026-03-12,B02,WHF05,Present,,10:00-17:00
2026-03-12,B02,WHF06,Present,,10:00-17:00
2026-03-12,B02,WHF07,Present,,10:00-17:00
2026-03-12,B03,MAL01,Leave,Sick / unplanned,
2026-03-12,B03,MAL02,Present,,10:00-17:00
2026-03-12,B03,MAL03,Present,,10:00-17:00
2026-03-12,B03,MAL04,Present,,10:00-17:00
2026-03-12,B03,MAL05,Present,,10:00-17:00
2026-03-12,B03,MAL06,Present,,10:00-17:00
2026-03-12,B03,MAL07,Present,,10:00-17:00
2026-03-12,B04,HSK01,Present,,10:00-17:00
2026-03-12,B04,HSK02,Present,,10:00-17:00
2026-03-12,B04,HSK03,Present,,10:00-17:00
2026-03-12,B04,HSK04,Present,,10:00-17:00
2026-03-12,B04,HSK05,Present,,10:00-17:00
2026-03-12,B05,DEV01,Present,,10:00-17:00
2026-03-12,B05,DEV02,Present,,10:00-17:00
2026-03-12,B05,DEV03,Present,,10:00-17:00
2026-03-12,B05,DEV04,Leave,Sick / unplanned,
2026-03-13,B01,JAY01,Present,,10:00-17:00
2026-03-13,B01,JAY02,Present,,10:00-17:00
2026-03-13,B01,JAY03,Present,,10:00-17:00
2026-03-13,B01,JAY04,Present,,10:00-17:00
2026-03-13,B01,JAY05,Present,,10:00-17:00
2026-03-13,B01,JAY06,Present,,10:00-17:00
2026-03-13,B01,JAY08,Present,,10:00-17:00
2026-03-13,B01,JAY07,Present,,10:00-17:00
2026-03-13,B02,WHF01,Present,,10:00-17:00
2026-03-13,B02,WHF02,Present,,10:00-17:00
2026-03-13,B02,WHF03,Present,,10:00-17:00
2026-03-13,B02,WHF04,Present,,10:00-17:00
2026-03-13,B02,WHF05,Present,,10:00-17:00
2026-03-13,B02,WHF06,Present,,10:00-17:00
2026-03-13,B02,WHF07,Present,,10:00-17:00
2026-03-13,B03,MAL01,Present,,10:00-17:00
2026-03-13,B03,MAL02,Present,,10:00-17:00
2026-03-13,B03,MAL03,Present,,10:00-17:00
2026-03-13,B03,MAL04,Present,,10:00-17:00
2026-03-13,B03,MAL05,Present,,10:00-17:00
2026-03-13,B03,MAL06,Present,,10:00-17:00
2026-03-13,B03,MAL07,Present,,10:00-17:00
2026-03-13,B04,HSK01,Present,,10:00-17:00
2026-03-13,B04,HSK02,Present,,10:00-17:00
2026-03-13,B04,HSK03,Present,,10:00-17:00
2026-03-13,B04,HSK04,Present,,10:00-17:00
2026-03-13,B04,HSK05,Present,,10:00-17:00
2026-03-13,B05,DEV01,Present,,10:00-17:00
2026-03-13,B05,DEV02,Present,,10:00-17:00
2026-03-13,B05,DEV03,Present,,10:00-17:00
2026-03-13,B05,DEV04,Present,,10:00-17:00
2026-03-16,B01,JAY01,Present,,10:00-17:00
2026-03-16,B01,JAY02,Present,,10:00-17:00
2026-03-16,B01,JAY03,Present,,10:00-17:00
2026-03-16,B01,JAY04,Present,,10:00-17:00
2026-03-16,B01,JAY05,Present,,10:00-17:00
2026-03-16,B01,JAY06,Present,,10:00-17:00
2026-03-16,B01,JAY08,Present,,10:00-17:00
2026-03-16,B01,JAY07,Present,,10:00-17:00
2026-03-16,B02,WHF01,Present,,10:00-17:00
2026-03-16,B02,WHF02,Present,,10:00-17:00
2026-03-16,B02,WHF03,Present,,10:00-17:00
2026-03-16,B02,WHF04,Leave,Sick / unplanned,
2026-03-16,B02,WHF05,Present,,10:00-17:00
2026-03-16,B02,WHF06,Present,,10:00-17:00
2026-03-16,B02,WHF07,Present,,10:00-17:00
2026-03-16,B03,MAL01,Present,,10:00-17:00
2026-03-16,B03,MAL02,Present,,10:00-17:00
2026-03-16,B03,MAL03,Present,,10:00-17:00
2026-03-16,B03,MAL04,Present,,10:00-17:00
2026-03-16,B03,MAL05,Present,,10:00-17:00
2026-03-16,B03,MAL06,Present,,10:00-17:00
2026-03-16,B03,MAL07,Present,,10:00-17:00
2026-03-16,B04,HSK01,Leave,Sick / unplanned,
2026-03-16,B04,HSK02,Present,,10:00-17:00
2026-03-16,B04,HSK03,Present,,10:00-17:00
2026-03-16,B04,HSK04,Present,,10:00-17:00
2026-03-16,B04,HSK05,Present,,10:00-17:00
2026-03-16,B05,DEV01,Present,,10:00-17:00
2026-03-16,B05,DEV02,Present,,10:00-17:00
2026-03-16,B05,DEV03,Present,,10:00-17:00
2026-03-16,B05,DEV04,Present,,10:00-17:00
2026-03-17,B01,JAY01,Present,,10:00-17:00
2026-03-17,B01,JAY02,Leave,Sick / unplanned,
2026-03-17,B01,JAY03,Present,,10:00-17:00
2026-03-17,B01,JAY04,Present,,10:00-17:00
2026-03-17,B01,JAY05,Present,,10:00-17:00
2026-03-17,B01,JAY06,Present,,10:00-17:00
2026-03-17,B01,JAY08,Present,,10:00-17:00
2026-03-17,B01,JAY07,Present,,10:00-17:00
2026-03-17,B02,WHF01,Present,,10:00-17:00
2026-03-17,B02,WHF02,Present,,10:00-17:00
2026-03-17,B02,WHF03,Present,,10:00-17:00
2026-03-17,B02,WHF04,Present,,10:00-17:00
2026-03-17,B02,WHF05,Present,,10:00-17:00
2026-03-17,B02,WHF06,Present,,10:00-17:00
2026-03-17,B02,WHF07,Present,,10:00-17:00
2026-03-17,B03,MAL01,Present,,10:00-17:00
2026-03-17,B03,MAL02,Present,,10:00-17:00
2026-03-17,B03,MAL03,Present,,10:00-17:00
2026-03-17,B03,MAL04,Present,,10:00-17:00
2026-03-17,B03,MAL05,Present,,10:00-17:00
2026-03-17,B03,MAL06,Present,,10:00-17:00
2026-03-17,B03,MAL07,Leave,Sick / unplanned,
2026-03-17,B04,HSK01,Present,,10:00-17:00
2026-03-17,B04,HSK02,Present,,10:00-17:00
2026-03-17,B04,HSK03,Leave,Sick / unplanned,
2026-03-17,B04,HSK04,Present,,10:00-17:00
2026-03-17,B04,HSK05,Present,,10:00-17:00
2026-03-17,B05,DEV01,Leave,Sick / unplanned,
2026-03-17,B05,DEV02,Present,,10:00-17:00
2026-03-17,B05,DEV03,Present,,10:00-17:00
2026-03-17,B05,DEV04,Present,,10:00-17:00
2026-03-18,B01,JAY01,Present,,10:00-17:00
2026-03-18,B01,JAY02,Present,,10:00-17:00
2026-03-18,B01,JAY03,Present,,10:00-17:00
2026-03-18,B01,JAY04,Present,,10:00-17:00
2026-03-18,B01,JAY05,Present,,10:00-17:00
2026-03-18,B01,JAY06,Present,,10:00-17:00
2026-03-18,B01,JAY08,Present,,10:00-17:00
2026-03-18,B01,JAY07,Present,,10:00-17:00
2026-03-18,B02,WHF01,Present,,10:00-17:00
2026-03-18,B02,WHF02,Present,,10:00-17:00
2026-03-18,B02,WHF03,Present,,10:00-17:00
2026-03-18,B02,WHF04,Present,,10:00-17:00
2026-03-18,B02,WHF05,Present,,10:00-17:00
2026-03-18,B02,WHF06,Present,,10:00-17:00
2026-03-18,B02,WHF07,Present,,10:00-17:00
2026-03-18,B03,MAL01,Present,,10:00-17:00
2026-03-18,B03,MAL02,Present,,10:00-17:00
2026-03-18,B03,MAL03,Present,,10:00-17:00
2026-03-18,B03,MAL04,Present,,10:00-17:00
2026-03-18,B03,MAL05,Present,,10:00-17:00
2026-03-18,B03,MAL06,Present,,10:00-17:00
2026-03-18,B03,MAL07,Present,,10:00-17:00
2026-03-18,B04,HSK01,Present,,10:00-17:00
2026-03-18,B04,HSK02,Present,,10:00-17:00
2026-03-18,B04,HSK03,Present,,10:00-17:00
2026-03-18,B04,HSK04,Present,,10:00-17:00
2026-03-18,B04,HSK05,Present,,10:00-17:00
2026-03-18,B05,DEV01,Present,,10:00-17:00
2026-03-18,B05,DEV02,Present,,10:00-17:00
2026-03-18,B05,DEV03,Present,,10:00-17:00
2026-03-18,B05,DEV04,Present,,10:00-17:00
2026-03-21,B01,JAY01,Present,,10:00-17:00
2026-03-21,B01,JAY02,Present,,10:00-17:00
2026-03-21,B01,JAY03,Present,,10:00-17:00
2026-03-21,B01,JAY04,Present,,10:00-17:00
2026-03-21,B01,JAY05,Present,,10:00-17:00
2026-03-21,B01,JAY06,Present,,10:00-17:00
2026-03-21,B01,JAY08,Present,,10:00-17:00
2026-03-21,B01,JAY07,Present,,10:00-17:00
2026-03-21,B02,WHF01,Present,,10:00-17:00
2026-03-21,B02,WHF02,Present,,10:00-17:00
2026-03-21,B02,WHF03,Present,,10:00-17:00
2026-03-21,B02,WHF04,Present,,10:00-17:00
2026-03-21,B02,WHF05,Present,,10:00-17:00
2026-03-21,B02,WHF06,Present,,10:00-17:00
2026-03-21,B02,WHF07,Present,,10:00-17:00
2026-03-21,B03,MAL01,Present,,10:00-17:00
2026-03-21,B03,MAL02,Present,,10:00-17:00
2026-03-21,B03,MAL03,Leave,Sick / unplanned,
2026-03-21,B03,MAL04,Present,,10:00-17:00
2026-03-21,B03,MAL05,Present,,10:00-17:00
2026-03-21,B03,MAL06,Present,,10:00-17:00
2026-03-21,B03,MAL07,Present,,10:00-17:00
2026-03-21,B04,HSK01,Present,,10:00-17:00
2026-03-21,B04,HSK02,Present,,10:00-17:00
2026-03-21,B04,HSK03,Present,,10:00-17:00
2026-03-21,B04,HSK04,Present,,10:00-17:00
2026-03-21,B04,HSK05,Present,,10:00-17:00
2026-03-21,B05,DEV01,Present,,10:00-17:00
2026-03-21,B05,DEV02,Present,,10:00-17:00
2026-03-21,B05,DEV03,Present,,10:00-17:00
2026-03-21,B05,DEV04,Present,,10:00-17:00
2026-03-23,B01,JAY01,Present,,10:00-17:00
2026-03-23,B01,JAY02,Present,,10:00-17:00
2026-03-23,B01,JAY03,Present,,10:00-17:00
2026-03-23,B01,JAY04,Present,,10:00-17:00
2026-03-23,B01,JAY05,Present,,10:00-17:00
2026-03-23,B01,JAY06,Present,,10:00-17:00
2026-03-23,B01,JAY08,Present,,10:00-17:00
2026-03-23,B01,JAY07,Present,,10:00-17:00
2026-03-23,B02,WHF01,Present,,10:00-17:00
2026-03-23,B02,WHF02,Present,,10:00-17:00
2026-03-23,B02,WHF03,Present,,10:00-17:00
2026-03-23,B02,WHF04,Present,,10:00-17:00
2026-03-23,B02,WHF05,Present,,10:00-17:00
2026-03-23,B02,WHF06,Present,,10:00-17:00
2026-03-23,B02,WHF07,Present,,10:00-17:00
2026-03-23,B03,MAL01,Present,,10:00-17:00
2026-03-23,B03,MAL02,Present,,10:00-17:00
2026-03-23,B03,MAL03,Present,,10:00-17:00
2026-03-23,B03,MAL04,Present,,10:00-17:00
2026-03-23,B03,MAL05,Leave,Sick / unplanned,
2026-03-23,B03,MAL06,Present,,10:00-17:00
2026-03-23,B03,MAL07,Present,,10:00-17:00
2026-03-23,B04,HSK01,Present,,10:00-17:00
2026-03-23,B04,HSK02,Present,,10:00-17:00
2026-03-23,B04,HSK03,Present,,10:00-17:00
2026-03-23,B04,HSK04,Present,,10:00-17:00
2026-03-23,B04,HSK05,Present,,10:00-17:00
2026-03-23,B05,DEV01,Present,,10:00-17:00
2026-03-23,B05,DEV02,Present,,10:00-17:00
2026-03-23,B05,DEV03,Present,,10:00-17:00
2026-03-23,B05,DEV04,Present,,10:00-17:00
2026-03-24,B01,JAY01,Present,,10:00-17:00
2026-03-24,B01,JAY02,Present,,10:00-17:00
2026-03-24,B01,JAY03,Present,,10:00-17:00
2026-03-24,B01,JAY04,Present,,10:00-17:00
2026-03-24,B01,JAY05,Present,,10:00-17:00
2026-03-24,B01,JAY06,Present,,10:00-17:00
2026-03-24,B01,JAY08,Present,,10:00-17:00
2026-03-24,B01,JAY07,Present,,10:00-17:00
2026-03-24,B02,WHF01,Present,,10:00-17:00
2026-03-24,B02,WHF02,Present,,10:00-17:00
2026-03-24,B02,WHF03,Leave,Sick / unplanned,
2026-03-24,B02,WHF04,Present,,10:00-17:00
2026-03-24,B02,WHF05,Present,,10:00-17:00
2026-03-24,B02,WHF06,Present,,10:00-17:00
2026-03-24,B02,WHF07,Present,,10:00-17:00
2026-03-24,B03,MAL01,Present,,10:00-17:00
2026-03-24,B03,MAL02,Present,,10:00-17:00
2026-03-24,B03,MAL03,Present,,10:00-17:00
2026-03-24,B03,MAL04,Present,,10:00-17:00
2026-03-24,B03,MAL05,Present,,10:00-17:00
2026-03-24,B03,MAL06,Present,,10:00-17:00
2026-03-24,B03,MAL07,Present,,10:00-17:00
2026-03-24,B04,HSK01,Present,,10:00-17:00
2026-03-24,B04,HSK02,Present,,10:00-17:00
2026-03-24,B04,HSK03,Present,,10:00-17:00
2026-03-24,B04,HSK04,Present,,10:00-17:00
2026-03-24,B04,HSK05,Present,,10:00-17:00
2026-03-24,B05,DEV01,Present,,10:00-17:00
2026-03-24,B05,DEV02,Present,,10:00-17:00
2026-03-24,B05,DEV03,Present,,10:00-17:00
2026-03-24,B05,DEV04,Present,,10:00-17:00
2026-03-25,B01,JAY01,Present,,10:00-17:00
2026-03-25,B01,JAY02,Present,,10:00-17:00
2026-03-25,B01,JAY03,Present,,10:00-17:00
2026-03-25,B01,JAY04,Present,,10:00-17:00
2026-03-25,B01,JAY05,Present,,10:00-17:00
2026-03-25,B01,JAY06,Present,,10:00-17:00
2026-03-25,B01,JAY08,Present,,10:00-17:00
2026-03-25,B01,JAY07,Present,,10:00-17:00
2026-03-25,B02,WHF01,Present,,10:00-17:00
2026-03-25,B02,WHF02,Present,,10:00-17:00
2026-03-25,B02,WHF03,Present,,10:00-17:00
2026-03-25,B02,WHF04,Present,,10:00-17:00
2026-03-25,B02,WHF05,Present,,10:00-17:00
2026-03-25,B02,WHF06,Present,,10:00-17:00
2026-03-25,B02,WHF07,Present,,10:00-17:00
2026-03-25,B03,MAL01,Present,,10:00-17:00
2026-03-25,B03,MAL02,Present,,10:00-17:00
2026-03-25,B03,MAL03,Present,,10:00-17:00
2026-03-25,B03,MAL04,Present,,10:00-17:00
2026-03-25,B03,MAL05,Present,,10:00-17:00
2026-03-25,B03,MAL06,Present,,10:00-17:00
2026-03-25,B03,MAL07,Present,,10:00-17:00
2026-03-25,B04,HSK01,Present,,10:00-17:00
2026-03-25,B04,HSK02,Present,,10:00-17:00
2026-03-25,B04,HSK03,Present,,10:00-17:00
2026-03-25,B04,HSK04,Present,,10:00-17:00
2026-03-25,B04,HSK05,Present,,10:00-17:00
2026-03-25,B05,DEV01,Present,,10:00-17:00
2026-03-25,B05,DEV02,Present,,10:00-17:00
2026-03-25,B05,DEV03,Present,,10:00-17:00
2026-03-25,B05,DEV04,Present,,10:00-17:00
2026-03-26,B01,JAY01,Present,,10:00-17:00
2026-03-26,B01,JAY02,Present,,10:00-17:00
2026-03-26,B01,JAY03,Present,,10:00-17:00
2026-03-26,B01,JAY04,Present,,10:00-17:00
2026-03-26,B01,JAY05,Present,,10:00-17:00
2026-03-26,B01,JAY06,Present,,10:00-17:00
2026-03-26,B01,JAY08,Leave,Sick / unplanned,
2026-03-26,B01,JAY07,Present,,10:00-17:00
2026-03-26,B02,WHF01,Present,,10:00-17:00
2026-03-26,B02,WHF02,Present,,10:00-17:00
2026-03-26,B02,WHF03,Present,,10:00-17:00
2026-03-26,B02,WHF04,Present,,10:00-17:00
2026-03-26,B02,WHF05,Present,,10:00-17:00
2026-03-26,B02,WHF06,Present,,10:00-17:00
2026-03-26,B02,WHF07,Present,,10:00-17:00
2026-03-26,B03,MAL01,Present,,10:00-17:00
2026-03-26,B03,MAL02,Present,,10:00-17:00
2026-03-26,B03,MAL03,Present,,10:00-17:00
2026-03-26,B03,MAL04,Leave,Sick / unplanned,
2026-03-26,B03,MAL05,Present,,10:00-17:00
2026-03-26,B03,MAL06,Present,,10:00-17:00
2026-03-26,B03,MAL07,Present,,10:00-17:00
2026-03-26,B04,HSK01,Present,,10:00-17:00
2026-03-26,B04,HSK02,Present,,10:00-17:00
2026-03-26,B04,HSK03,Present,,10:00-17:00
2026-03-26,B04,HSK04,Present,,10:00-17:00
2026-03-26,B04,HSK05,Present,,10:00-17:00
2026-03-26,B05,DEV01,Present,,10:00-17:00
2026-03-26,B05,DEV02,Present,,10:00-17:00
2026-03-26,B05,DEV03,Present,,10:00-17:00
2026-03-26,B05,DEV04,Present,,10:00-17:00
2026-03-27,B01,JAY01,Present,,10:00-17:00
2026-03-27,B01,JAY02,Present,,10:00-17:00
2026-03-27,B01,JAY03,Present,,10:00-17:00
2026-03-27,B01,JAY04,Present,,10:00-17:00
2026-03-27,B01,JAY05,Present,,10:00-17:00
2026-03-27,B01,JAY06,Present,,10:00-17:00
2026-03-27,B01,JAY08,Present,,10:00-17:00
2026-03-27,B01,JAY07,Present,,10:00-17:00
2026-03-27,B02,WHF01,Present,,10:00-17:00
2026-03-27,B02,WHF02,Present,,10:00-17:00
2026-03-27,B02,WHF03,Present,,10:00-17:00
2026-03-27,B02,WHF04,Present,,10:00-17:00
2026-03-27,B02,WHF05,Present,,10:00-17:00
2026-03-27,B02,WHF06,Present,,10:00-17:00
2026-03-27,B02,WHF07,Present,,10:00-17:00
2026-03-27,B03,MAL01,Present,,10:00-17:00
2026-03-27,B03,MAL02,Present,,10:00-17:00
2026-03-27,B03,MAL03,Present,,10:00-17:00
2026-03-27,B03,MAL04,Present,,10:00-17:00
2026-03-27,B03,MAL05,Present,,10:00-17:00
2026-03-27,B03,MAL06,Present,,10:00-17:00
2026-03-27,B03,MAL07,Present,,10:00-17:00
2026-03-27,B04,HSK01,Present,,10:00-17:00
2026-03-27,B04,HSK02,Present,,10:00-17:00
2026-03-27,B04,HSK03,Present,,10:00-17:00
2026-03-27,B04,HSK04,Present,,10:00-17:00
2026-03-27,B04,HSK05,Present,,10:00-17:00
2026-03-27,B05,DEV01,Present,,10:00-17:00
2026-03-27,B05,DEV02,Present,,10:00-17:00
2026-03-27,B05,DEV03,Present,,10:00-17:00
2026-03-27,B05,DEV04,Present,,10:00-17:00
2026-03-30,B01,JAY01,Present,,10:00-17:00
2026-03-30,B01,JAY02,Present,,10:00-17:00
2026-03-30,B01,JAY03,Present,,10:00-17:00
2026-03-30,B01,JAY04,Present,,10:00-17:00
2026-03-30,B01,JAY05,Present,,10:00-17:00
2026-03-30,B01,JAY06,Present,,10:00-17:00
2026-03-30,B01,JAY08,Present,,10:00-17:00
2026-03-30,B01,JAY07,Present,,10:00-17:00
2026-03-30,B02,WHF01,Present,,10:00-17:00
2026-03-30,B02,WHF02,Present,,10:00-17:00
2026-03-30,B02,WHF03,Present,,10:00-17:00
2026-03-30,B02,WHF04,Present,,10:00-17:00
2026-03-30,B02,WHF05,Present,,10:00-17:00
2026-03-30,B02,WHF06,Present,,10:00-17:00
2026-03-30,B02,WHF07,Present,,10:00-17:00
2026-03-30,B03,MAL01,Present,,10:00-17:00
2026-03-30,B03,MAL02,Present,,10:00-17:00
2026-03-30,B03,MAL03,Present,,10:00-17:00
2026-03-30,B03,MAL04,Present,,10:00-17:00
2026-03-30,B03,MAL05,Present,,10:00-17:00
2026-03-30,B03,MAL06,Present,,10:00-17:00
2026-03-30,B03,MAL07,Present,,10:00-17:00
2026-03-30,B04,HSK01,Present,,10:00-17:00
2026-03-30,B04,HSK02,Present,,10:00-17:00
2026-03-30,B04,HSK03,Present,,10:00-17:00
2026-03-30,B04,HSK04,Present,,10:00-17:00
2026-03-30,B04,HSK05,Present,,10:00-17:00
2026-03-30,B05,DEV01,Present,,10:00-17:00
2026-03-30,B05,DEV02,Present,,10:00-17:00
2026-03-30,B05,DEV03,Present,,10:00-17:00
2026-03-30,B05,DEV04,Present,,10:00-17:00
2026-04-02,B01,JAY01,Present,,10:00-17:00
2026-04-02,B01,JAY02,Present,,10:00-17:00
2026-04-02,B01,JAY03,Present,,10:00-17:00
2026-04-02,B01,JAY04,Present,,10:00-17:00
2026-04-02,B01,JAY05,Present,,10:00-17:00
2026-04-02,B01,JAY06,Present,,10:00-17:00
2026-04-02,B01,JAY08,Present,,10:00-17:00
2026-04-02,B01,JAY07,Present,,10:00-17:00
2026-04-02,B02,WHF01,Present,,10:00-17:00
2026-04-02,B02,WHF02,Present,,10:00-17:00
2026-04-02,B02,WHF03,Present,,10:00-17:00
2026-04-02,B02,WHF04,Present,,10:00-17:00
2026-04-02,B02,WHF05,Present,,10:00-17:00
2026-04-02,B02,WHF06,Present,,10:00-17:00
2026-04-02,B02,WHF07,Present,,10:00-17:00
2026-04-02,B03,MAL01,Present,,10:00-17:00
2026-04-02,B03,MAL02,Present,,10:00-17:00
2026-04-02,B03,MAL03,Present,,10:00-17:00
2026-04-02,B03,MAL04,Present,,10:00-17:00
2026-04-02,B03,MAL05,Present,,10:00-17:00
2026-04-02,B03,MAL06,Present,,10:00-17:00
2026-04-02,B03,MAL07,Present,,10:00-17:00
2026-04-02,B04,HSK01,Present,,10:00-17:00
2026-04-02,B04,HSK02,Present,,10:00-17:00
2026-04-02,B04,HSK03,Present,,10:00-17:00
2026-04-02,B04,HSK04,Present,,10:00-17:00
2026-04-02,B04,HSK05,Present,,10:00-17:00
2026-04-02,B05,DEV01,Present,,10:00-17:00
2026-04-02,B05,DEV02,Present,,10:00-17:00
2026-04-02,B05,DEV03,Present,,10:00-17:00
2026-04-02,B05,DEV04,Present,,10:00-17:00
2026-04-04,B01,JAY01,Present,,10:00-17:00
2026-04-04,B01,JAY02,Present,,10:00-17:00
2026-04-04,B01,JAY03,Present,,10:00-17:00
2026-04-04,B01,JAY04,Present,,10:00-17:00
2026-04-04,B01,JAY05,Present,,10:00-17:00
2026-04-04,B01,JAY06,Present,,10:00-17:00
2026-04-04,B01,JAY08,Present,,10:00-17:00
2026-04-04,B01,JAY07,Present,,10:00-17:00
2026-04-04,B02,WHF01,Present,,10:00-17:00
2026-04-04,B02,WHF02,Present,,10:00-17:00
2026-04-04,B02,WHF03,Present,,10:00-17:00
2026-04-04,B02,WHF04,Present,,10:00-17:00
2026-04-04,B02,WHF05,Present,,10:00-17:00
2026-04-04,B02,WHF06,Present,,10:00-17:00
2026-04-04,B02,WHF07,Present,,10:00-17:00
2026-04-04,B03,MAL01,Present,,10:00-17:00
2026-04-04,B03,MAL02,Present,,10:00-17:00
2026-04-04,B03,MAL03,Present,,10:00-17:00
2026-04-04,B03,MAL04,Present,,10:00-17:00
2026-04-04,B03,MAL05,Present,,10:00-17:00
2026-04-04,B03,MAL06,Present,,10:00-17:00
2026-04-04,B03,MAL07,Present,,10:00-17:00
2026-04-04,B04,HSK01,Present,,10:00-17:00
2026-04-04,B04,HSK02,Present,,10:00-17:00
2026-04-04,B04,HSK03,Present,,10:00-17:00
2026-04-04,B04,HSK04,Present,,10:00-17:00
2026-04-04,B04,HSK05,Present,,10:00-17:00
2026-04-04,B05,DEV01,Present,,10:00-17:00
2026-04-04,B05,DEV02,Present,,10:00-17:00
2026-04-04,B05,DEV03,Present,,10:00-17:00
2026-04-04,B05,DEV04,Present,,10:00-17:00
2026-04-06,B01,JAY01,Present,,10:00-17:00
2026-04-06,B01,JAY02,Present,,10:00-17:00
2026-04-06,B01,JAY03,Present,,10:00-17:00
2026-04-06,B01,JAY04,Present,,10:00-17:00
2026-04-06,B01,JAY05,Present,,10:00-17:00
2026-04-06,B01,JAY06,Present,,10:00-17:00
2026-04-06,B01,JAY08,Leave,Sick / unplanned,
2026-04-06,B01,JAY07,Present,,10:00-17:00
2026-04-06,B02,WHF01,Present,,10:00-17:00
2026-04-06,B02,WHF02,Present,,10:00-17:00
2026-04-06,B02,WHF03,Present,,10:00-17:00
2026-04-06,B02,WHF04,Present,,10:00-17:00
2026-04-06,B02,WHF05,Present,,10:00-17:00
2026-04-06,B02,WHF06,Leave,Sick / unplanned,
2026-04-06,B02,WHF07,Present,,10:00-17:00
2026-04-06,B03,MAL01,Present,,10:00-17:00
2026-04-06,B03,MAL02,Present,,10:00-17:00
2026-04-06,B03,MAL03,Present,,10:00-17:00
2026-04-06,B03,MAL04,Present,,10:00-17:00
2026-04-06,B03,MAL05,Present,,10:00-17:00
2026-04-06,B03,MAL06,Present,,10:00-17:00
2026-04-06,B03,MAL07,Present,,10:00-17:00
2026-04-06,B04,HSK01,Present,,10:00-17:00
2026-04-06,B04,HSK02,Present,,10:00-17:00
2026-04-06,B04,HSK03,Present,,10:00-17:00
2026-04-06,B04,HSK04,Present,,10:00-17:00
2026-04-06,B04,HSK05,Leave,Sick / unplanned,
2026-04-06,B05,DEV01,Present,,10:00-17:00
2026-04-06,B05,DEV02,Present,,10:00-17:00
2026-04-06,B05,DEV03,Leave,Sick / unplanned,
2026-04-06,B05,DEV04,Present,,10:00-17:00
2026-04-07,B01,JAY01,Present,,10:00-17:00
2026-04-07,B01,JAY02,Present,,10:00-17:00
2026-04-07,B01,JAY03,Present,,10:00-17:00
2026-04-07,B01,JAY04,Present,,10:00-17:00
2026-04-07,B01,JAY05,Present,,10:00-17:00
2026-04-07,B01,JAY06,Present,,10:00-17:00
2026-04-07,B01,JAY08,Present,,10:00-17:00
2026-04-07,B01,JAY07,Leave,Sick / unplanned,
2026-04-07,B02,WHF01,Present,,10:00-17:00
2026-04-07,B02,WHF02,Present,,10:00-17:00
2026-04-07,B02,WHF03,Present,,10:00-17:00
2026-04-07,B02,WHF04,Present,,10:00-17:00
2026-04-07,B02,WHF05,Present,,10:00-17:00
2026-04-07,B02,WHF06,Present,,10:00-17:00
2026-04-07,B02,WHF07,Present,,10:00-17:00
2026-04-07,B03,MAL01,Present,,10:00-17:00
2026-04-07,B03,MAL02,Present,,10:00-17:00
2026-04-07,B03,MAL03,Leave,Sick / unplanned,
2026-04-07,B03,MAL04,Present,,10:00-17:00
2026-04-07,B03,MAL05,Present,,10:00-17:00
2026-04-07,B03,MAL06,Present,,10:00-17:00
2026-04-07,B03,MAL07,Present,,10:00-17:00
2026-04-07,B04,HSK01,Present,,10:00-17:00
2026-04-07,B04,HSK02,Present,,10:00-17:00
2026-04-07,B04,HSK03,Present,,10:00-17:00
2026-04-07,B04,HSK04,Present,,10:00-17:00
2026-04-07,B04,HSK05,Present,,10:00-17:00
2026-04-07,B05,DEV01,Present,,10:00-17:00
2026-04-07,B05,DEV02,Present,,10:00-17:00
2026-04-07,B05,DEV03,Present,,10:00-17:00
2026-04-07,B05,DEV04,Present,,10:00-17:00
2026-04-08,B01,JAY01,Present,,10:00-17:00
2026-04-08,B01,JAY02,Present,,10:00-17:00
2026-04-08,B01,JAY03,Present,,10:00-17:00
2026-04-08,B01,JAY04,Present,,10:00-17:00
2026-04-08,B01,JAY05,Present,,10:00-17:00
2026-04-08,B01,JAY06,Present,,10:00-17:00
2026-04-08,B01,JAY08,Present,,10:00-17:00
2026-04-08,B01,JAY07,Present,,10:00-17:00
2026-04-08,B02,WHF01,Present,,10:00-17:00
2026-04-08,B02,WHF02,Present,,10:00-17:00
2026-04-08,B02,WHF03,Present,,10:00-17:00
2026-04-08,B02,WHF04,Present,,10:00-17:00
2026-04-08,B02,WHF05,Present,,10:00-17:00
2026-04-08,B02,WHF06,Present,,10:00-17:00
2026-04-08,B02,WHF07,Present,,10:00-17:00
2026-04-08,B03,MAL01,Present,,10:00-17:00
2026-04-08,B03,MAL02,Present,,10:00-17:00
2026-04-08,B03,MAL03,Present,,10:00-17:00
2026-04-08,B03,MAL04,Present,,10:00-17:00
2026-04-08,B03,MAL05,Present,,10:00-17:00
2026-04-08,B03,MAL06,Present,,10:00-17:00
2026-04-08,B03,MAL07,Present,,10:00-17:00
2026-04-08,B04,HSK01,Present,,10:00-17:00
2026-04-08,B04,HSK02,Present,,10:00-17:00
2026-04-08,B04,HSK03,Present,,10:00-17:00
2026-04-08,B04,HSK04,Present,,10:00-17:00
2026-04-08,B04,HSK05,Present,,10:00-17:00
2026-04-08,B05,DEV01,Present,,10:00-17:00
2026-04-08,B05,DEV02,Present,,10:00-17:00
2026-04-08,B05,DEV03,Present,,10:00-17:00
2026-04-08,B05,DEV04,Present,,10:00-17:00
2026-04-09,B01,JAY01,Present,,10:00-17:00
2026-04-09,B01,JAY02,Present,,10:00-17:00
2026-04-09,B01,JAY03,Present,,10:00-17:00
2026-04-09,B01,JAY04,Present,,10:00-17:00
2026-04-09,B01,JAY05,Present,,10:00-17:00
2026-04-09,B01,JAY06,Present,,10:00-17:00
2026-04-09,B01,JAY08,Present,,10:00-17:00
2026-04-09,B01,JAY07,Present,,10:00-17:00
2026-04-09,B02,WHF01,Present,,10:00-17:00
2026-04-09,B02,WHF02,Present,,10:00-17:00
2026-04-09,B02,WHF03,Present,,10:00-17:00
2026-04-09,B02,WHF04,Present,,10:00-17:00
2026-04-09,B02,WHF05,Present,,10:00-17:00
2026-04-09,B02,WHF06,Present,,10:00-17:00
2026-04-09,B02,WHF07,Present,,10:00-17:00
2026-04-09,B03,MAL01,Present,,10:00-17:00
2026-04-09,B03,MAL02,Present,,10:00-17:00
2026-04-09,B03,MAL03,Present,,10:00-17:00
2026-04-09,B03,MAL04,Present,,10:00-17:00
2026-04-09,B03,MAL05,Present,,10:00-17:00
2026-04-09,B03,MAL06,Present,,10:00-17:00
2026-04-09,B03,MAL07,Present,,10:00-17:00
2026-04-09,B04,HSK01,Present,,10:00-17:00
2026-04-09,B04,HSK02,Present,,10:00-17:00
2026-04-09,B04,HSK03,Present,,10:00-17:00
2026-04-09,B04,HSK04,Present,,10:00-17:00
2026-04-09,B04,HSK05,Present,,10:00-17:00
2026-04-09,B05,DEV01,Present,,10:00-17:00
2026-04-09,B05,DEV02,Present,,10:00-17:00
2026-04-09,B05,DEV03,Present,,10:00-17:00
2026-04-09,B05,DEV04,Present,,10:00-17:00
2026-04-10,B01,JAY01,Present,,10:00-17:00
2026-04-10,B01,JAY02,Present,,10:00-17:00
2026-04-10,B01,JAY03,Present,,10:00-17:00
2026-04-10,B01,JAY04,Present,,10:00-17:00
2026-04-10,B01,JAY05,Present,,10:00-17:00
2026-04-10,B01,JAY06,Present,,10:00-17:00
2026-04-10,B01,JAY08,Present,,10:00-17:00
2026-04-10,B01,JAY07,Present,,10:00-17:00
2026-04-10,B02,WHF01,Present,,10:00-17:00
2026-04-10,B02,WHF02,Present,,10:00-17:00
2026-04-10,B02,WHF03,Present,,10:00-17:00
2026-04-10,B02,WHF04,Present,,10:00-17:00
2026-04-10,B02,WHF05,Present,,10:00-17:00
2026-04-10,B02,WHF06,Present,,10:00-17:00
2026-04-10,B02,WHF07,Present,,10:00-17:00
2026-04-10,B03,MAL01,Present,,10:00-17:00
2026-04-10,B03,MAL02,Leave,Sick / unplanned,
2026-04-10,B03,MAL03,Present,,10:00-17:00
2026-04-10,B03,MAL04,Present,,10:00-17:00
2026-04-10,B03,MAL05,Present,,10:00-17:00
2026-04-10,B03,MAL06,Present,,10:00-17:00
2026-04-10,B03,MAL07,Present,,10:00-17:00
2026-04-10,B04,HSK01,Present,,10:00-17:00
2026-04-10,B04,HSK02,Present,,10:00-17:00
2026-04-10,B04,HSK03,Present,,10:00-17:00
2026-04-10,B04,HSK04,Present,,10:00-17:00
2026-04-10,B04,HSK05,Present,,10:00-17:00
2026-04-10,B05,DEV01,Present,,10:00-17:00
2026-04-10,B05,DEV02,Present,,10:00-17:00
2026-04-10,B05,DEV03,Present,,10:00-17:00
2026-04-10,B05,DEV04,Present,,10:00-17:00
2026-04-13,B01,JAY01,Present,,10:00-17:00
2026-04-13,B01,JAY02,Present,,10:00-17:00
2026-04-13,B01,JAY03,Present,,10:00-17:00
2026-04-13,B01,JAY04,Present,,10:00-17:00
2026-04-13,B01,JAY05,Leave,Sick / unplanned,
2026-04-13,B01,JAY06,Present,,10:00-17:00
2026-04-13,B01,JAY08,Present,,10:00-17:00
2026-04-13,B01,JAY07,Present,,10:00-17:00
2026-04-13,B02,WHF01,Present,,10:00-17:00
2026-04-13,B02,WHF02,Present,,10:00-17:00
2026-04-13,B02,WHF03,Present,,10:00-17:00
2026-04-13,B02,WHF04,Present,,10:00-17:00
2026-04-13,B02,WHF05,Present,,10:00-17:00
2026-04-13,B02,WHF06,Present,,10:00-17:00
2026-04-13,B02,WHF07,Present,,10:00-17:00
2026-04-13,B03,MAL01,Present,,10:00-17:00
2026-04-13,B03,MAL02,Present,,10:00-17:00
2026-04-13,B03,MAL03,Leave,Sick / unplanned,
2026-04-13,B03,MAL04,Present,,10:00-17:00
2026-04-13,B03,MAL05,Present,,10:00-17:00
2026-04-13,B03,MAL06,Present,,10:00-17:00
2026-04-13,B03,MAL07,Present,,10:00-17:00
2026-04-13,B04,HSK01,Present,,10:00-17:00
2026-04-13,B04,HSK02,Present,,10:00-17:00
2026-04-13,B04,HSK03,Present,,10:00-17:00
2026-04-13,B04,HSK04,Present,,10:00-17:00
2026-04-13,B04,HSK05,Present,,10:00-17:00
2026-04-13,B05,DEV01,Present,,10:00-17:00
2026-04-13,B05,DEV02,Present,,10:00-17:00
2026-04-13,B05,DEV03,Present,,10:00-17:00
2026-04-13,B05,DEV04,Present,,10:00-17:00
2026-04-15,B01,JAY01,Present,,10:00-17:00
2026-04-15,B01,JAY02,Present,,10:00-17:00
2026-04-15,B01,JAY03,Present,,10:00-17:00
2026-04-15,B01,JAY04,Present,,10:00-17:00
2026-04-15,B01,JAY05,Present,,10:00-17:00
2026-04-15,B01,JAY06,Present,,10:00-17:00
2026-04-15,B01,JAY08,Present,,10:00-17:00
2026-04-15,B01,JAY07,Present,,10:00-17:00
2026-04-15,B02,WHF01,Present,,10:00-17:00
2026-04-15,B02,WHF02,Present,,10:00-17:00
2026-04-15,B02,WHF03,Present,,10:00-17:00
2026-04-15,B02,WHF04,Present,,10:00-17:00
2026-04-15,B02,WHF05,Present,,10:00-17:00
2026-04-15,B02,WHF06,Present,,10:00-17:00
2026-04-15,B02,WHF07,Present,,10:00-17:00
2026-04-15,B03,MAL01,Present,,10:00-17:00
2026-04-15,B03,MAL02,Present,,10:00-17:00
2026-04-15,B03,MAL03,Present,,10:00-17:00
2026-04-15,B03,MAL04,Present,,10:00-17:00
2026-04-15,B03,MAL05,Present,,10:00-17:00
2026-04-15,B03,MAL06,Present,,10:00-17:00
2026-04-15,B03,MAL07,Present,,10:00-17:00
2026-04-15,B04,HSK01,Present,,10:00-17:00
2026-04-15,B04,HSK02,Present,,10:00-17:00
2026-04-15,B04,HSK03,Present,,10:00-17:00
2026-04-15,B04,HSK04,Present,,10:00-17:00
2026-04-15,B04,HSK05,Present,,10:00-17:00
2026-04-15,B05,DEV01,Present,,10:00-17:00
2026-04-15,B05,DEV02,Present,,10:00-17:00
2026-04-15,B05,DEV03,Present,,10:00-17:00
2026-04-15,B05,DEV04,Present,,10:00-17:00
2026-04-16,B01,JAY01,Present,,10:00-17:00
2026-04-16,B01,JAY02,Present,,10:00-17:00
2026-04-16,B01,JAY03,Present,,10:00-17:00
2026-04-16,B01,JAY04,Present,,10:00-17:00
2026-04-16,B01,JAY05,Present,,10:00-17:00
2026-04-16,B01,JAY06,Present,,10:00-17:00
2026-04-16,B01,JAY08,Present,,10:00-17:00
2026-04-16,B01,JAY07,Present,,10:00-17:00
2026-04-16,B02,WHF01,Leave,Sick / unplanned,
2026-04-16,B02,WHF02,Present,,10:00-17:00
2026-04-16,B02,WHF03,Present,,10:00-17:00
2026-04-16,B02,WHF04,Present,,10:00-17:00
2026-04-16,B02,WHF05,Present,,10:00-17:00
2026-04-16,B02,WHF06,Present,,10:00-17:00
2026-04-16,B02,WHF07,Present,,10:00-17:00
2026-04-16,B03,MAL01,Present,,10:00-17:00
2026-04-16,B03,MAL02,Present,,10:00-17:00
2026-04-16,B03,MAL03,Present,,10:00-17:00
2026-04-16,B03,MAL04,Present,,10:00-17:00
2026-04-16,B03,MAL05,Present,,10:00-17:00
2026-04-16,B03,MAL06,Present,,10:00-17:00
2026-04-16,B03,MAL07,Present,,10:00-17:00
2026-04-16,B04,HSK01,Present,,10:00-17:00
2026-04-16,B04,HSK02,Present,,10:00-17:00
2026-04-16,B04,HSK03,Present,,10:00-17:00
2026-04-16,B04,HSK04,Present,,10:00-17:00
2026-04-16,B04,HSK05,Present,,10:00-17:00
2026-04-16,B05,DEV01,Present,,10:00-17:00
2026-04-16,B05,DEV02,Present,,10:00-17:00
2026-04-16,B05,DEV03,Present,,10:00-17:00
2026-04-16,B05,DEV04,Present,,10:00-17:00
2026-04-17,B01,JAY01,Present,,10:00-17:00
2026-04-17,B01,JAY02,Leave,Sick / unplanned,
2026-04-17,B01,JAY03,Present,,10:00-17:00
2026-04-17,B01,JAY04,Present,,10:00-17:00
2026-04-17,B01,JAY05,Present,,10:00-17:00
2026-04-17,B01,JAY06,Present,,10:00-17:00
2026-04-17,B01,JAY08,Present,,10:00-17:00
2026-04-17,B01,JAY07,Present,,10:00-17:00
2026-04-17,B02,WHF01,Leave,Sick / unplanned,
2026-04-17,B02,WHF02,Present,,10:00-17:00
2026-04-17,B02,WHF03,Present,,10:00-17:00
2026-04-17,B02,WHF04,Present,,10:00-17:00
2026-04-17,B02,WHF05,Present,,10:00-17:00
2026-04-17,B02,WHF06,Present,,10:00-17:00
2026-04-17,B02,WHF07,Present,,10:00-17:00
2026-04-17,B03,MAL01,Leave,Sick / unplanned,
2026-04-17,B03,MAL02,Present,,10:00-17:00
2026-04-17,B03,MAL03,Present,,10:00-17:00
2026-04-17,B03,MAL04,Present,,10:00-17:00
2026-04-17,B03,MAL05,Present,,10:00-17:00
2026-04-17,B03,MAL06,Present,,10:00-17:00
2026-04-17,B03,MAL07,Present,,10:00-17:00
2026-04-17,B04,HSK01,Present,,10:00-17:00
2026-04-17,B04,HSK02,Present,,10:00-17:00
2026-04-17,B04,HSK03,Present,,10:00-17:00
2026-04-17,B04,HSK04,Present,,10:00-17:00
2026-04-17,B04,HSK05,Present,,10:00-17:00
2026-04-17,B05,DEV01,Present,,10:00-17:00
2026-04-17,B05,DEV02,Present,,10:00-17:00
2026-04-17,B05,DEV03,Present,,10:00-17:00
2026-04-17,B05,DEV04,Present,,10:00-17:00
2026-04-18,B01,JAY01,Present,,10:00-17:00
2026-04-18,B01,JAY02,Present,,10:00-17:00
2026-04-18,B01,JAY03,Present,,10:00-17:00
2026-04-18,B01,JAY04,Present,,10:00-17:00
2026-04-18,B01,JAY05,Present,,10:00-17:00
2026-04-18,B01,JAY06,Present,,10:00-17:00
2026-04-18,B01,JAY08,Present,,10:00-17:00
2026-04-18,B01,JAY07,Present,,10:00-17:00
2026-04-18,B02,WHF01,Present,,10:00-17:00
2026-04-18,B02,WHF02,Present,,10:00-17:00
2026-04-18,B02,WHF03,Present,,10:00-17:00
2026-04-18,B02,WHF04,Present,,10:00-17:00
2026-04-18,B02,WHF05,Present,,10:00-17:00
2026-04-18,B02,WHF06,Leave,Sick / unplanned,
2026-04-18,B02,WHF07,Present,,10:00-17:00
2026-04-18,B03,MAL01,Present,,10:00-17:00
2026-04-18,B03,MAL02,Present,,10:00-17:00
2026-04-18,B03,MAL03,Present,,10:00-17:00
2026-04-18,B03,MAL04,Present,,10:00-17:00
2026-04-18,B03,MAL05,Present,,10:00-17:00
2026-04-18,B03,MAL06,Present,,10:00-17:00
2026-04-18,B03,MAL07,Present,,10:00-17:00
2026-04-18,B04,HSK01,Present,,10:00-17:00
2026-04-18,B04,HSK02,Present,,10:00-17:00
2026-04-18,B04,HSK03,Present,,10:00-17:00
2026-04-18,B04,HSK04,Present,,10:00-17:00
2026-04-18,B04,HSK05,Present,,10:00-17:00
2026-04-18,B05,DEV01,Present,,10:00-17:00
2026-04-18,B05,DEV02,Present,,10:00-17:00
2026-04-18,B05,DEV03,Present,,10:00-17:00
2026-04-18,B05,DEV04,Present,,10:00-17:00
2026-04-20,B01,JAY01,Present,,10:00-17:00
2026-04-20,B01,JAY02,Present,,10:00-17:00
2026-04-20,B01,JAY03,Present,,10:00-17:00
2026-04-20,B01,JAY04,Present,,10:00-17:00
2026-04-20,B01,JAY05,Present,,10:00-17:00
2026-04-20,B01,JAY06,Present,,10:00-17:00
2026-04-20,B01,JAY08,Present,,10:00-17:00
2026-04-20,B01,JAY07,Present,,10:00-17:00
2026-04-20,B02,WHF01,Present,,10:00-17:00
2026-04-20,B02,WHF02,Present,,10:00-17:00
2026-04-20,B02,WHF03,Present,,10:00-17:00
2026-04-20,B02,WHF04,Present,,10:00-17:00
2026-04-20,B02,WHF05,Present,,10:00-17:00
2026-04-20,B02,WHF06,Present,,10:00-17:00
2026-04-20,B02,WHF07,Present,,10:00-17:00
2026-04-20,B03,MAL01,Present,,10:00-17:00
2026-04-20,B03,MAL02,Present,,10:00-17:00
2026-04-20,B03,MAL03,Present,,10:00-17:00
2026-04-20,B03,MAL04,Present,,10:00-17:00
2026-04-20,B03,MAL05,Present,,10:00-17:00
2026-04-20,B03,MAL06,Present,,10:00-17:00
2026-04-20,B03,MAL07,Present,,10:00-17:00
2026-04-20,B04,HSK01,Present,,10:00-17:00
2026-04-20,B04,HSK02,Present,,10:00-17:00
2026-04-20,B04,HSK03,Present,,10:00-17:00
2026-04-20,B04,HSK04,Present,,10:00-17:00
2026-04-20,B04,HSK05,Present,,10:00-17:00
2026-04-20,B05,DEV01,Present,,10:00-17:00
2026-04-20,B05,DEV02,Present,,10:00-17:00
2026-04-20,B05,DEV03,Present,,10:00-17:00
2026-04-20,B05,DEV04,Present,,10:00-17:00
2026-04-21,B01,JAY01,Present,,10:00-17:00
2026-04-21,B01,JAY02,Present,,10:00-17:00
2026-04-21,B01,JAY03,Present,,10:00-17:00
2026-04-21,B01,JAY04,Present,,10:00-17:00
2026-04-21,B01,JAY05,Present,,10:00-17:00
2026-04-21,B01,JAY06,Present,,10:00-17:00
2026-04-21,B01,JAY08,Present,,10:00-17:00
2026-04-21,B01,JAY07,Present,,10:00-17:00
2026-04-21,B02,WHF01,Present,,10:00-17:00
2026-04-21,B02,WHF02,Present,,10:00-17:00
2026-04-21,B02,WHF03,Present,,10:00-17:00
2026-04-21,B02,WHF04,Present,,10:00-17:00
2026-04-21,B02,WHF05,Present,,10:00-17:00
2026-04-21,B02,WHF06,Present,,10:00-17:00
2026-04-21,B02,WHF07,Present,,10:00-17:00
2026-04-21,B03,MAL01,Present,,10:00-17:00
2026-04-21,B03,MAL02,Present,,10:00-17:00
2026-04-21,B03,MAL03,Present,,10:00-17:00
2026-04-21,B03,MAL04,Present,,10:00-17:00
2026-04-21,B03,MAL05,Present,,10:00-17:00
2026-04-21,B03,MAL06,Present,,10:00-17:00
2026-04-21,B03,MAL07,Present,,10:00-17:00
2026-04-21,B04,HSK01,Present,,10:00-17:00
2026-04-21,B04,HSK02,Present,,10:00-17:00
2026-04-21,B04,HSK03,Present,,10:00-17:00
2026-04-21,B04,HSK04,Present,,10:00-17:00
2026-04-21,B04,HSK05,Present,,10:00-17:00
2026-04-21,B05,DEV01,Present,,10:00-17:00
2026-04-21,B05,DEV02,Present,,10:00-17:00
2026-04-21,B05,DEV03,Present,,10:00-17:00
2026-04-21,B05,DEV04,Present,,10:00-17:00
2026-04-22,B01,JAY01,Present,,10:00-17:00
2026-04-22,B01,JAY02,Present,,10:00-17:00
2026-04-22,B01,JAY03,Present,,10:00-17:00
2026-04-22,B01,JAY04,Leave,Sick / unplanned,
2026-04-22,B01,JAY05,Present,,10:00-17:00
2026-04-22,B01,JAY06,Present,,10:00-17:00
2026-04-22,B01,JAY08,Leave,Sick / unplanned,
2026-04-22,B01,JAY07,Present,,10:00-17:00
2026-04-22,B02,WHF01,Present,,10:00-17:00
2026-04-22,B02,WHF02,Present,,10:00-17:00
2026-04-22,B02,WHF03,Present,,10:00-17:00
2026-04-22,B02,WHF04,Present,,10:00-17:00
2026-04-22,B02,WHF05,Present,,10:00-17:00
2026-04-22,B02,WHF06,Present,,10:00-17:00
2026-04-22,B02,WHF07,Present,,10:00-17:00
2026-04-22,B03,MAL01,Present,,10:00-17:00
2026-04-22,B03,MAL02,Present,,10:00-17:00
2026-04-22,B03,MAL03,Present,,10:00-17:00
2026-04-22,B03,MAL04,Present,,10:00-17:00
2026-04-22,B03,MAL05,Present,,10:00-17:00
2026-04-22,B03,MAL06,Present,,10:00-17:00
2026-04-22,B03,MAL07,Present,,10:00-17:00
2026-04-22,B04,HSK01,Present,,10:00-17:00
2026-04-22,B04,HSK02,Present,,10:00-17:00
2026-04-22,B04,HSK03,Present,,10:00-17:00
2026-04-22,B04,HSK04,Present,,10:00-17:00
2026-04-22,B04,HSK05,Present,,10:00-17:00
2026-04-22,B05,DEV01,Present,,10:00-17:00
2026-04-22,B05,DEV02,Present,,10:00-17:00
2026-04-22,B05,DEV03,Present,,10:00-17:00
2026-04-22,B05,DEV04,Present,,10:00-17:00
2026-04-23,B01,JAY01,Present,,10:00-17:00
2026-04-23,B01,JAY02,Present,,10:00-17:00
2026-04-23,B01,JAY03,Present,,10:00-17:00
2026-04-23,B01,JAY04,Present,,10:00-17:00
2026-04-23,B01,JAY05,Present,,10:00-17:00
2026-04-23,B01,JAY06,Present,,10:00-17:00
2026-04-23,B01,JAY08,Present,,10:00-17:00
2026-04-23,B01,JAY07,Present,,10:00-17:00
2026-04-23,B02,WHF01,Present,,10:00-17:00
2026-04-23,B02,WHF02,Present,,10:00-17:00
2026-04-23,B02,WHF03,Present,,10:00-17:00
2026-04-23,B02,WHF04,Present,,10:00-17:00
2026-04-23,B02,WHF05,Present,,10:00-17:00
2026-04-23,B02,WHF06,Present,,10:00-17:00
2026-04-23,B02,WHF07,Present,,10:00-17:00
2026-04-23,B03,MAL01,Leave,Sick / unplanned,
2026-04-23,B03,MAL02,Present,,10:00-17:00
2026-04-23,B03,MAL03,Present,,10:00-17:00
2026-04-23,B03,MAL04,Present,,10:00-17:00
2026-04-23,B03,MAL05,Present,,10:00-17:00
2026-04-23,B03,MAL06,Present,,10:00-17:00
2026-04-23,B03,MAL07,Present,,10:00-17:00
2026-04-23,B04,HSK01,Present,,10:00-17:00
2026-04-23,B04,HSK02,Present,,10:00-17:00
2026-04-23,B04,HSK03,Present,,10:00-17:00
2026-04-23,B04,HSK04,Present,,10:00-17:00
2026-04-23,B04,HSK05,Present,,10:00-17:00
2026-04-23,B05,DEV01,Present,,10:00-17:00
2026-04-23,B05,DEV02,Present,,10:00-17:00
2026-04-23,B05,DEV03,Present,,10:00-17:00
2026-04-23,B05,DEV04,Present,,10:00-17:00
2026-04-24,B01,JAY01,Present,,10:00-17:00
2026-04-24,B01,JAY02,Present,,10:00-17:00
2026-04-24,B01,JAY03,Leave,Sick / unplanned,
2026-04-24,B01,JAY04,Present,,10:00-17:00
2026-04-24,B01,JAY05,Present,,10:00-17:00
2026-04-24,B01,JAY06,Present,,10:00-17:00
2026-04-24,B01,JAY08,Present,,10:00-17:00
2026-04-24,B01,JAY07,Present,,10:00-17:00
2026-04-24,B02,WHF01,Present,,10:00-17:00
2026-04-24,B02,WHF02,Leave,Sick / unplanned,
2026-04-24,B02,WHF03,Present,,10:00-17:00
2026-04-24,B02,WHF04,Present,,10:00-17:00
2026-04-24,B02,WHF05,Present,,10:00-17:00
2026-04-24,B02,WHF06,Present,,10:00-17:00
2026-04-24,B02,WHF07,Present,,10:00-17:00
2026-04-24,B03,MAL01,Present,,10:00-17:00
2026-04-24,B03,MAL02,Present,,10:00-17:00
2026-04-24,B03,MAL03,Present,,10:00-17:00
2026-04-24,B03,MAL04,Present,,10:00-17:00
2026-04-24,B03,MAL05,Present,,10:00-17:00
2026-04-24,B03,MAL06,Present,,10:00-17:00
2026-04-24,B03,MAL07,Present,,10:00-17:00
2026-04-24,B04,HSK01,Present,,10:00-17:00
2026-04-24,B04,HSK02,Present,,10:00-17:00
2026-04-24,B04,HSK03,Present,,10:00-17:00
2026-04-24,B04,HSK04,Present,,10:00-17:00
2026-04-24,B04,HSK05,Present,,10:00-17:00
2026-04-24,B05,DEV01,Present,,10:00-17:00
2026-04-24,B05,DEV02,Present,,10:00-17:00
2026-04-24,B05,DEV03,Present,,10:00-17:00
2026-04-24,B05,DEV04,Present,,10:00-17:00
2026-04-27,B01,JAY01,Present,,10:00-17:00
2026-04-27,B01,JAY02,Present,,10:00-17:00
2026-04-27,B01,JAY03,Present,,10:00-17:00
2026-04-27,B01,JAY04,Present,,10:00-17:00
2026-04-27,B01,JAY05,Present,,10:00-17:00
2026-04-27,B01,JAY06,Present,,10:00-17:00
2026-04-27,B01,JAY08,Present,,10:00-17:00
2026-04-27,B01,JAY07,Present,,10:00-17:00
2026-04-27,B02,WHF01,Present,,10:00-17:00
2026-04-27,B02,WHF02,Present,,10:00-17:00
2026-04-27,B02,WHF03,Present,,10:00-17:00
2026-04-27,B02,WHF04,Present,,10:00-17:00
2026-04-27,B02,WHF05,Present,,10:00-17:00
2026-04-27,B02,WHF06,Present,,10:00-17:00
2026-04-27,B02,WHF07,Present,,10:00-17:00
2026-04-27,B03,MAL01,Present,,10:00-17:00
2026-04-27,B03,MAL02,Present,,10:00-17:00
2026-04-27,B03,MAL03,Present,,10:00-17:00
2026-04-27,B03,MAL04,Present,,10:00-17:00
2026-04-27,B03,MAL05,Present,,10:00-17:00
2026-04-27,B03,MAL06,Present,,10:00-17:00
2026-04-27,B03,MAL07,Present,,10:00-17:00
2026-04-27,B04,HSK01,Present,,10:00-17:00
2026-04-27,B04,HSK02,Present,,10:00-17:00
2026-04-27,B04,HSK03,Present,,10:00-17:00
2026-04-27,B04,HSK04,Leave,Sick / unplanned,
2026-04-27,B04,HSK05,Present,,10:00-17:00
2026-04-27,B05,DEV01,Present,,10:00-17:00
2026-04-27,B05,DEV02,Present,,10:00-17:00
2026-04-27,B05,DEV03,Present,,10:00-17:00
2026-04-27,B05,DEV04,Present,,10:00-17:00
2026-04-28,B01,JAY01,Present,,10:00-17:00
2026-04-28,B01,JAY02,Present,,10:00-17:00
2026-04-28,B01,JAY03,Present,,10:00-17:00
2026-04-28,B01,JAY04,Present,,10:00-17:00
2026-04-28,B01,JAY05,Present,,10:00-17:00
2026-04-28,B01,JAY06,Present,,10:00-17:00
2026-04-28,B01,JAY08,Present,,10:00-17:00
2026-04-28,B01,JAY07,Present,,10:00-17:00
2026-04-28,B02,WHF01,Present,,10:00-17:00
2026-04-28,B02,WHF02,Present,,10:00-17:00
2026-04-28,B02,WHF03,Present,,10:00-17:00
2026-04-28,B02,WHF04,Present,,10:00-17:00
2026-04-28,B02,WHF05,Present,,10:00-17:00
2026-04-28,B02,WHF06,Present,,10:00-17:00
2026-04-28,B02,WHF07,Present,,10:00-17:00
2026-04-28,B03,MAL01,Present,,10:00-17:00
2026-04-28,B03,MAL02,Present,,10:00-17:00
2026-04-28,B03,MAL03,Present,,10:00-17:00
2026-04-28,B03,MAL04,Present,,10:00-17:00
2026-04-28,B03,MAL05,Present,,10:00-17:00
2026-04-28,B03,MAL06,Present,,10:00-17:00
2026-04-28,B03,MAL07,Present,,10:00-17:00
2026-04-28,B04,HSK01,Present,,10:00-17:00
2026-04-28,B04,HSK02,Present,,10:00-17:00
2026-04-28,B04,HSK03,Present,,10:00-17:00
2026-04-28,B04,HSK04,Present,,10:00-17:00
2026-04-28,B04,HSK05,Present,,10:00-17:00
2026-04-28,B05,DEV01,Present,,10:00-17:00
2026-04-28,B05,DEV02,Present,,10:00-17:00
2026-04-28,B05,DEV03,Present,,10:00-17:00
2026-04-28,B05,DEV04,Present,,10:00-17:00
2026-04-29,B01,JAY01,Present,,10:00-17:00
2026-04-29,B01,JAY02,Present,,10:00-17:00
2026-04-29,B01,JAY03,Present,,10:00-17:00
2026-04-29,B01,JAY04,Present,,10:00-17:00
2026-04-29,B01,JAY05,Leave,Sick / unplanned,
2026-04-29,B01,JAY06,Present,,10:00-17:00
2026-04-29,B01,JAY08,Present,,10:00-17:00
2026-04-29,B01,JAY07,Present,,10:00-17:00
2026-04-29,B02,WHF01,Present,,10:00-17:00
2026-04-29,B02,WHF02,Present,,10:00-17:00
2026-04-29,B02,WHF03,Present,,10:00-17:00
2026-04-29,B02,WHF04,Present,,10:00-17:00
2026-04-29,B02,WHF05,Present,,10:00-17:00
2026-04-29,B02,WHF06,Present,,10:00-17:00
2026-04-29,B02,WHF07,Present,,10:00-17:00
2026-04-29,B03,MAL01,Present,,10:00-17:00
2026-04-29,B03,MAL02,Present,,10:00-17:00
2026-04-29,B03,MAL03,Present,,10:00-17:00
2026-04-29,B03,MAL04,Present,,10:00-17:00
2026-04-29,B03,MAL05,Present,,10:00-17:00
2026-04-29,B03,MAL06,Present,,10:00-17:00
2026-04-29,B03,MAL07,Present,,10:00-17:00
2026-04-29,B04,HSK01,Present,,10:00-17:00
2026-04-29,B04,HSK02,Present,,10:00-17:00
2026-04-29,B04,HSK03,Present,,10:00-17:00
2026-04-29,B04,HSK04,Present,,10:00-17:00
2026-04-29,B04,HSK05,Present,,10:00-17:00
2026-04-29,B05,DEV01,Present,,10:00-17:00
2026-04-29,B05,DEV02,Present,,10:00-17:00
2026-04-29,B05,DEV03,Present,,10:00-17:00
2026-04-29,B05,DEV04,Present,,10:00-17:00
2026-04-30,B01,JAY01,Present,,10:00-17:00
2026-04-30,B01,JAY02,Present,,10:00-17:00
2026-04-30,B01,JAY03,Present,,10:00-17:00
2026-04-30,B01,JAY04,Present,,10:00-17:00
2026-04-30,B01,JAY05,Present,,10:00-17:00
2026-04-30,B01,JAY06,Present,,10:00-17:00
2026-04-30,B01,JAY08,Present,,10:00-17:00
2026-04-30,B01,JAY07,Present,,10:00-17:00
2026-04-30,B02,WHF01,Present,,10:00-17:00
2026-04-30,B02,WHF02,Present,,10:00-17:00
2026-04-30,B02,WHF03,Present,,10:00-17:00
2026-04-30,B02,WHF04,Present,,10:00-17:00
2026-04-30,B02,WHF05,Present,,10:00-17:00
2026-04-30,B02,WHF06,Present,,10:00-17:00
2026-04-30,B02,WHF07,Present,,10:00-17:00
2026-04-30,B03,MAL01,Present,,10:00-17:00
2026-04-30,B03,MAL02,Present,,10:00-17:00
2026-04-30,B03,MAL03,Present,,10:00-17:00
2026-04-30,B03,MAL04,Present,,10:00-17:00
2026-04-30,B03,MAL05,Present,,10:00-17:00
2026-04-30,B03,MAL06,Present,,10:00-17:00
2026-04-30,B03,MAL07,Present,,10:00-17:00
2026-04-30,B04,HSK01,Present,,10:00-17:00
2026-04-30,B04,HSK02,Present,,10:00-17:00
2026-04-30,B04,HSK03,Present,,10:00-17:00
2026-04-30,B04,HSK04,Present,,10:00-17:00
2026-04-30,B04,HSK05,Present,,10:00-17:00
2026-04-30,B05,DEV01,Present,,10:00-17:00
2026-04-30,B05,DEV02,Present,,10:00-17:00
2026-04-30,B05,DEV03,Present,,10:00-17:00
2026-04-30,B05,DEV04,Present,,10:00-17:00
2026-05-02,B01,JAY01,Present,,10:00-17:00
2026-05-02,B01,JAY02,Present,,10:00-17:00
2026-05-02,B01,JAY03,Present,,10:00-17:00
2026-05-02,B01,JAY04,Present,,10:00-17:00
2026-05-02,B01,JAY05,Present,,10:00-17:00
2026-05-02,B01,JAY06,Present,,10:00-17:00
2026-05-02,B01,JAY08,Present,,10:00-17:00
2026-05-02,B01,JAY07,Present,,10:00-17:00
2026-05-02,B02,WHF01,Leave,Sick / unplanned,
2026-05-02,B02,WHF02,Present,,10:00-17:00
2026-05-02,B02,WHF03,Present,,10:00-17:00
2026-05-02,B02,WHF04,Present,,10:00-17:00
2026-05-02,B02,WHF05,Present,,10:00-17:00
2026-05-02,B02,WHF06,Present,,10:00-17:00
2026-05-02,B02,WHF07,Present,,10:00-17:00
2026-05-02,B03,MAL01,Present,,10:00-17:00
2026-05-02,B03,MAL02,Present,,10:00-17:00
2026-05-02,B03,MAL03,Leave,Sick / unplanned,
2026-05-02,B03,MAL04,Present,,10:00-17:00
2026-05-02,B03,MAL05,Present,,10:00-17:00
2026-05-02,B03,MAL06,Present,,10:00-17:00
2026-05-02,B03,MAL07,Present,,10:00-17:00
2026-05-02,B04,HSK01,Present,,10:00-17:00
2026-05-02,B04,HSK02,Present,,10:00-17:00
2026-05-02,B04,HSK03,Present,,10:00-17:00
2026-05-02,B04,HSK04,Present,,10:00-17:00
2026-05-02,B04,HSK05,Present,,10:00-17:00
2026-05-02,B05,DEV01,Leave,Sick / unplanned,
2026-05-02,B05,DEV02,Present,,10:00-17:00
2026-05-02,B05,DEV03,Present,,10:00-17:00
2026-05-02,B05,DEV04,Present,,10:00-17:00
2026-05-04,B01,JAY01,Present,,10:00-17:00
2026-05-04,B01,JAY02,Present,,10:00-17:00
2026-05-04,B01,JAY03,Present,,10:00-17:00
2026-05-04,B01,JAY04,Present,,10:00-17:00
2026-05-04,B01,JAY05,Present,,10:00-17:00
2026-05-04,B01,JAY06,Present,,10:00-17:00
2026-05-04,B01,JAY08,Present,,10:00-17:00
2026-05-04,B01,JAY07,Present,,10:00-17:00
2026-05-04,B02,WHF01,Present,,10:00-17:00
2026-05-04,B02,WHF02,Present,,10:00-17:00
2026-05-04,B02,WHF03,Present,,10:00-17:00
2026-05-04,B02,WHF04,Present,,10:00-17:00
2026-05-04,B02,WHF05,Present,,10:00-17:00
2026-05-04,B02,WHF06,Present,,10:00-17:00
2026-05-04,B02,WHF07,Present,,10:00-17:00
2026-05-04,B03,MAL01,Present,,10:00-17:00
2026-05-04,B03,MAL02,Present,,10:00-17:00
2026-05-04,B03,MAL03,Present,,10:00-17:00
2026-05-04,B03,MAL04,Present,,10:00-17:00
2026-05-04,B03,MAL05,Present,,10:00-17:00
2026-05-04,B03,MAL06,Present,,10:00-17:00
2026-05-04,B03,MAL07,Present,,10:00-17:00
2026-05-04,B04,HSK01,Present,,10:00-17:00
2026-05-04,B04,HSK02,Leave,Sick / unplanned,
2026-05-04,B04,HSK03,Present,,10:00-17:00
2026-05-04,B04,HSK04,Present,,10:00-17:00
2026-05-04,B04,HSK05,Present,,10:00-17:00
2026-05-04,B05,DEV01,Present,,10:00-17:00
2026-05-04,B05,DEV02,Present,,10:00-17:00
2026-05-04,B05,DEV03,Present,,10:00-17:00
2026-05-04,B05,DEV04,Present,,10:00-17:00
2026-05-05,B01,JAY01,Present,,10:00-17:00
2026-05-05,B01,JAY02,Present,,10:00-17:00
2026-05-05,B01,JAY03,Present,,10:00-17:00
2026-05-05,B01,JAY04,Present,,10:00-17:00
2026-05-05,B01,JAY05,Present,,10:00-17:00
2026-05-05,B01,JAY06,Present,,10:00-17:00
2026-05-05,B01,JAY08,Present,,10:00-17:00
2026-05-05,B01,JAY07,Present,,10:00-17:00
2026-05-05,B02,WHF01,Present,,10:00-17:00
2026-05-05,B02,WHF02,Leave,Sick / unplanned,
2026-05-05,B02,WHF03,Present,,10:00-17:00
2026-05-05,B02,WHF04,Present,,10:00-17:00
2026-05-05,B02,WHF05,Present,,10:00-17:00
2026-05-05,B02,WHF06,Present,,10:00-17:00
2026-05-05,B02,WHF07,Present,,10:00-17:00
2026-05-05,B03,MAL01,Present,,10:00-17:00
2026-05-05,B03,MAL02,Present,,10:00-17:00
2026-05-05,B03,MAL03,Present,,10:00-17:00
2026-05-05,B03,MAL04,Present,,10:00-17:00
2026-05-05,B03,MAL05,Present,,10:00-17:00
2026-05-05,B03,MAL06,Present,,10:00-17:00
2026-05-05,B03,MAL07,Present,,10:00-17:00
2026-05-05,B04,HSK01,Present,,10:00-17:00
2026-05-05,B04,HSK02,Present,,10:00-17:00
2026-05-05,B04,HSK03,Present,,10:00-17:00
2026-05-05,B04,HSK04,Present,,10:00-17:00
2026-05-05,B04,HSK05,Present,,10:00-17:00
2026-05-05,B05,DEV01,Present,,10:00-17:00
2026-05-05,B05,DEV02,Present,,10:00-17:00
2026-05-05,B05,DEV03,Present,,10:00-17:00
2026-05-05,B05,DEV04,Present,,10:00-17:00
2026-05-06,B01,JAY01,Present,,10:00-17:00
2026-05-06,B01,JAY02,Present,,10:00-17:00
2026-05-06,B01,JAY03,Present,,10:00-17:00
2026-05-06,B01,JAY04,Present,,10:00-17:00
2026-05-06,B01,JAY05,Present,,10:00-17:00
2026-05-06,B01,JAY06,Present,,10:00-17:00
2026-05-06,B01,JAY08,Present,,10:00-17:00
2026-05-06,B01,JAY07,Present,,10:00-17:00
2026-05-06,B02,WHF01,Present,,10:00-17:00
2026-05-06,B02,WHF02,Present,,10:00-17:00
2026-05-06,B02,WHF03,Present,,10:00-17:00
2026-05-06,B02,WHF04,Present,,10:00-17:00
2026-05-06,B02,WHF05,Present,,10:00-17:00
2026-05-06,B02,WHF06,Present,,10:00-17:00
2026-05-06,B02,WHF07,Present,,10:00-17:00
2026-05-06,B03,MAL01,Present,,10:00-17:00
2026-05-06,B03,MAL02,Present,,10:00-17:00
2026-05-06,B03,MAL03,Present,,10:00-17:00
2026-05-06,B03,MAL04,Present,,10:00-17:00
2026-05-06,B03,MAL05,Present,,10:00-17:00
2026-05-06,B03,MAL06,Present,,10:00-17:00
2026-05-06,B03,MAL07,Present,,10:00-17:00
2026-05-06,B04,HSK01,Present,,10:00-17:00
2026-05-06,B04,HSK02,Present,,10:00-17:00
2026-05-06,B04,HSK03,Present,,10:00-17:00
2026-05-06,B04,HSK04,Present,,10:00-17:00
2026-05-06,B04,HSK05,Leave,Sick / unplanned,
2026-05-06,B05,DEV01,Present,,10:00-17:00
2026-05-06,B05,DEV02,Present,,10:00-17:00
2026-05-06,B05,DEV03,Present,,10:00-17:00
2026-05-06,B05,DEV04,Present,,10:00-17:00
2026-05-07,B01,JAY01,Present,,10:00-17:00
2026-05-07,B01,JAY02,Present,,10:00-17:00
2026-05-07,B01,JAY03,Present,,10:00-17:00
2026-05-07,B01,JAY04,Present,,10:00-17:00
2026-05-07,B01,JAY05,Present,,10:00-17:00
2026-05-07,B01,JAY06,Present,,10:00-17:00
2026-05-07,B01,JAY08,Present,,10:00-17:00
2026-05-07,B01,JAY07,Present,,10:00-17:00
2026-05-07,B02,WHF01,Present,,10:00-17:00
2026-05-07,B02,WHF02,Present,,10:00-17:00
2026-05-07,B02,WHF03,Present,,10:00-17:00
2026-05-07,B02,WHF04,Present,,10:00-17:00
2026-05-07,B02,WHF05,Present,,10:00-17:00
2026-05-07,B02,WHF06,Present,,10:00-17:00
2026-05-07,B02,WHF07,Present,,10:00-17:00
2026-05-07,B03,MAL01,Present,,10:00-17:00
2026-05-07,B03,MAL02,Present,,10:00-17:00
2026-05-07,B03,MAL03,Present,,10:00-17:00
2026-05-07,B03,MAL04,Present,,10:00-17:00
2026-05-07,B03,MAL05,Present,,10:00-17:00
2026-05-07,B03,MAL06,Present,,10:00-17:00
2026-05-07,B03,MAL07,Present,,10:00-17:00
2026-05-07,B04,HSK01,Present,,10:00-17:00
2026-05-07,B04,HSK02,Present,,10:00-17:00
2026-05-07,B04,HSK03,Present,,10:00-17:00
2026-05-07,B04,HSK04,Present,,10:00-17:00
2026-05-07,B04,HSK05,Present,,10:00-17:00
2026-05-07,B05,DEV01,Present,,10:00-17:00
2026-05-07,B05,DEV02,Present,,10:00-17:00
2026-05-07,B05,DEV03,Present,,10:00-17:00
2026-05-07,B05,DEV04,Present,,10:00-17:00
2026-05-08,B01,JAY01,Present,,10:00-17:00
2026-05-08,B01,JAY02,Present,,10:00-17:00
2026-05-08,B01,JAY03,Present,,10:00-17:00
2026-05-08,B01,JAY04,Present,,10:00-17:00
2026-05-08,B01,JAY05,Present,,10:00-17:00
2026-05-08,B01,JAY06,Present,,10:00-17:00
2026-05-08,B01,JAY08,Present,,10:00-17:00
2026-05-08,B01,JAY07,Present,,10:00-17:00
2026-05-08,B02,WHF01,Present,,10:00-17:00
2026-05-08,B02,WHF02,Present,,10:00-17:00
2026-05-08,B02,WHF03,Present,,10:00-17:00
2026-05-08,B02,WHF04,Present,,10:00-17:00
2026-05-08,B02,WHF05,Present,,10:00-17:00
2026-05-08,B02,WHF06,Present,,10:00-17:00
2026-05-08,B02,WHF07,Present,,10:00-17:00
2026-05-08,B03,MAL01,Present,,10:00-17:00
2026-05-08,B03,MAL02,Present,,10:00-17:00
2026-05-08,B03,MAL03,Present,,10:00-17:00
2026-05-08,B03,MAL04,Present,,10:00-17:00
2026-05-08,B03,MAL05,Present,,10:00-17:00
2026-05-08,B03,MAL06,Present,,10:00-17:00
2026-05-08,B03,MAL07,Present,,10:00-17:00
2026-05-08,B04,HSK01,Present,,10:00-17:00
2026-05-08,B04,HSK02,Present,,10:00-17:00
2026-05-08,B04,HSK03,Present,,10:00-17:00
2026-05-08,B04,HSK04,Present,,10:00-17:00
2026-05-08,B04,HSK05,Present,,10:00-17:00
2026-05-08,B05,DEV01,Present,,10:00-17:00
2026-05-08,B05,DEV02,Present,,10:00-17:00
2026-05-08,B05,DEV03,Present,,10:00-17:00
2026-05-08,B05,DEV04,Leave,Sick / unplanned,
2026-05-11,B01,JAY01,Present,,10:00-17:00
2026-05-11,B01,JAY02,Leave,Sick / unplanned,
2026-05-11,B01,JAY03,Present,,10:00-17:00
2026-05-11,B01,JAY04,Present,,10:00-17:00
2026-05-11,B01,JAY05,Present,,10:00-17:00
2026-05-11,B01,JAY06,Present,,10:00-17:00
2026-05-11,B01,JAY08,Present,,10:00-17:00
2026-05-11,B01,JAY07,Present,,10:00-17:00
2026-05-11,B02,WHF01,Present,,10:00-17:00
2026-05-11,B02,WHF02,Present,,10:00-17:00
2026-05-11,B02,WHF03,Present,,10:00-17:00
2026-05-11,B02,WHF04,Present,,10:00-17:00
2026-05-11,B02,WHF05,Present,,10:00-17:00
2026-05-11,B02,WHF06,Present,,10:00-17:00
2026-05-11,B02,WHF07,Present,,10:00-17:00
2026-05-11,B03,MAL01,Present,,10:00-17:00
2026-05-11,B03,MAL02,Present,,10:00-17:00
2026-05-11,B03,MAL03,Present,,10:00-17:00
2026-05-11,B03,MAL04,Present,,10:00-17:00
2026-05-11,B03,MAL05,Present,,10:00-17:00
2026-05-11,B03,MAL06,Present,,10:00-17:00
2026-05-11,B03,MAL07,Present,,10:00-17:00
2026-05-11,B04,HSK01,Present,,10:00-17:00
2026-05-11,B04,HSK02,Present,,10:00-17:00
2026-05-11,B04,HSK03,Present,,10:00-17:00
2026-05-11,B04,HSK04,Present,,10:00-17:00
2026-05-11,B04,HSK05,Present,,10:00-17:00
2026-05-11,B05,DEV01,Present,,10:00-17:00
2026-05-11,B05,DEV02,Present,,10:00-17:00
2026-05-11,B05,DEV03,Present,,10:00-17:00
2026-05-11,B05,DEV04,Present,,10:00-17:00
2026-05-12,B01,JAY01,Present,,10:00-17:00
2026-05-12,B01,JAY02,Present,,10:00-17:00
2026-05-12,B01,JAY03,Present,,10:00-17:00
2026-05-12,B01,JAY04,Present,,10:00-17:00
2026-05-12,B01,JAY05,Present,,10:00-17:00
2026-05-12,B01,JAY06,Present,,10:00-17:00
2026-05-12,B01,JAY08,Present,,10:00-17:00
2026-05-12,B01,JAY07,Present,,10:00-17:00
2026-05-12,B02,WHF01,Present,,10:00-17:00
2026-05-12,B02,WHF02,Present,,10:00-17:00
2026-05-12,B02,WHF03,Present,,10:00-17:00
2026-05-12,B02,WHF04,Present,,10:00-17:00
2026-05-12,B02,WHF05,Present,,10:00-17:00
2026-05-12,B02,WHF06,Present,,10:00-17:00
2026-05-12,B02,WHF07,Present,,10:00-17:00
2026-05-12,B03,MAL01,Present,,10:00-17:00
2026-05-12,B03,MAL02,Leave,Sick / unplanned,
2026-05-12,B03,MAL03,Present,,10:00-17:00
2026-05-12,B03,MAL04,Present,,10:00-17:00
2026-05-12,B03,MAL05,Present,,10:00-17:00
2026-05-12,B03,MAL06,Present,,10:00-17:00
2026-05-12,B03,MAL07,Present,,10:00-17:00
2026-05-12,B04,HSK01,Present,,10:00-17:00
2026-05-12,B04,HSK02,Present,,10:00-17:00
2026-05-12,B04,HSK03,Present,,10:00-17:00
2026-05-12,B04,HSK04,Present,,10:00-17:00
2026-05-12,B04,HSK05,Present,,10:00-17:00
2026-05-12,B05,DEV01,Present,,10:00-17:00
2026-05-12,B05,DEV02,Present,,10:00-17:00
2026-05-12,B05,DEV03,Present,,10:00-17:00
2026-05-12,B05,DEV04,Present,,10:00-17:00
2026-05-13,B01,JAY01,Present,,10:00-17:00
2026-05-13,B01,JAY02,Present,,10:00-17:00
2026-05-13,B01,JAY03,Present,,10:00-17:00
2026-05-13,B01,JAY04,Present,,10:00-17:00
2026-05-13,B01,JAY05,Present,,10:00-17:00
2026-05-13,B01,JAY06,Present,,10:00-17:00
2026-05-13,B01,JAY08,Present,,10:00-17:00
2026-05-13,B01,JAY07,Present,,10:00-17:00
2026-05-13,B02,WHF01,Present,,10:00-17:00
2026-05-13,B02,WHF02,Present,,10:00-17:00
2026-05-13,B02,WHF03,Present,,10:00-17:00
2026-05-13,B02,WHF04,Present,,10:00-17:00
2026-05-13,B02,WHF05,Present,,10:00-17:00
2026-05-13,B02,WHF06,Present,,10:00-17:00
2026-05-13,B02,WHF07,Present,,10:00-17:00
2026-05-13,B03,MAL01,Present,,10:00-17:00
2026-05-13,B03,MAL02,Present,,10:00-17:00
2026-05-13,B03,MAL03,Present,,10:00-17:00
2026-05-13,B03,MAL04,Present,,10:00-17:00
2026-05-13,B03,MAL05,Present,,10:00-17:00
2026-05-13,B03,MAL06,Present,,10:00-17:00
2026-05-13,B03,MAL07,Present,,10:00-17:00
2026-05-13,B04,HSK01,Present,,10:00-17:00
2026-05-13,B04,HSK02,Present,,10:00-17:00
2026-05-13,B04,HSK03,Present,,10:00-17:00
2026-05-13,B04,HSK04,Present,,10:00-17:00
2026-05-13,B04,HSK05,Present,,10:00-17:00
2026-05-13,B05,DEV01,Present,,10:00-17:00
2026-05-13,B05,DEV02,Present,,10:00-17:00
2026-05-13,B05,DEV03,Present,,10:00-17:00
2026-05-13,B05,DEV04,Present,,10:00-17:00
2026-05-14,B01,JAY01,Present,,10:00-17:00
2026-05-14,B01,JAY02,Present,,10:00-17:00
2026-05-14,B01,JAY03,Present,,10:00-17:00
2026-05-14,B01,JAY04,Present,,10:00-17:00
2026-05-14,B01,JAY05,Present,,10:00-17:00
2026-05-14,B01,JAY06,Present,,10:00-17:00
2026-05-14,B01,JAY08,Present,,10:00-17:00
2026-05-14,B01,JAY07,Present,,10:00-17:00
2026-05-14,B02,WHF01,Present,,10:00-17:00
2026-05-14,B02,WHF02,Present,,10:00-17:00
2026-05-14,B02,WHF03,Present,,10:00-17:00
2026-05-14,B02,WHF04,Present,,10:00-17:00
2026-05-14,B02,WHF05,Present,,10:00-17:00
2026-05-14,B02,WHF06,Present,,10:00-17:00
2026-05-14,B02,WHF07,Present,,10:00-17:00
2026-05-14,B03,MAL01,Present,,10:00-17:00
2026-05-14,B03,MAL02,Present,,10:00-17:00
2026-05-14,B03,MAL03,Leave,Sick / unplanned,
2026-05-14,B03,MAL04,Present,,10:00-17:00
2026-05-14,B03,MAL05,Present,,10:00-17:00
2026-05-14,B03,MAL06,Leave,Sick / unplanned,
2026-05-14,B03,MAL07,Present,,10:00-17:00
2026-05-14,B04,HSK01,Present,,10:00-17:00
2026-05-14,B04,HSK02,Present,,10:00-17:00
2026-05-14,B04,HSK03,Present,,10:00-17:00
2026-05-14,B04,HSK04,Present,,10:00-17:00
2026-05-14,B04,HSK05,Leave,Sick / unplanned,
2026-05-14,B05,DEV01,Present,,10:00-17:00
2026-05-14,B05,DEV02,Present,,10:00-17:00
2026-05-14,B05,DEV03,Present,,10:00-17:00
2026-05-14,B05,DEV04,Present,,10:00-17:00
2026-05-15,B01,JAY01,Present,,10:00-17:00
2026-05-15,B01,JAY02,Present,,10:00-17:00
2026-05-15,B01,JAY03,Present,,10:00-17:00
2026-05-15,B01,JAY04,Present,,10:00-17:00
2026-05-15,B01,JAY05,Present,,10:00-17:00
2026-05-15,B01,JAY06,Present,,10:00-17:00
2026-05-15,B01,JAY08,Present,,10:00-17:00
2026-05-15,B01,JAY07,Present,,10:00-17:00
2026-05-15,B02,WHF01,Present,,10:00-17:00
2026-05-15,B02,WHF02,Present,,10:00-17:00
2026-05-15,B02,WHF03,Present,,10:00-17:00
2026-05-15,B02,WHF04,Present,,10:00-17:00
2026-05-15,B02,WHF05,Present,,10:00-17:00
2026-05-15,B02,WHF06,Leave,Sick / unplanned,
2026-05-15,B02,WHF07,Present,,10:00-17:00
2026-05-15,B03,MAL01,Present,,10:00-17:00
2026-05-15,B03,MAL02,Present,,10:00-17:00
2026-05-15,B03,MAL03,Present,,10:00-17:00
2026-05-15,B03,MAL04,Present,,10:00-17:00
2026-05-15,B03,MAL05,Present,,10:00-17:00
2026-05-15,B03,MAL06,Present,,10:00-17:00
2026-05-15,B03,MAL07,Present,,10:00-17:00
2026-05-15,B04,HSK01,Present,,10:00-17:00
2026-05-15,B04,HSK02,Present,,10:00-17:00
2026-05-15,B04,HSK03,Present,,10:00-17:00
2026-05-15,B04,HSK04,Present,,10:00-17:00
2026-05-15,B04,HSK05,Present,,10:00-17:00
2026-05-15,B05,DEV01,Present,,10:00-17:00
2026-05-15,B05,DEV02,Present,,10:00-17:00
2026-05-15,B05,DEV03,Present,,10:00-17:00
2026-05-15,B05,DEV04,Present,,10:00-17:00
2026-05-16,B01,JAY01,Present,,10:00-17:00
2026-05-16,B01,JAY02,Present,,10:00-17:00
2026-05-16,B01,JAY03,Present,,10:00-17:00
2026-05-16,B01,JAY04,Present,,10:00-17:00
2026-05-16,B01,JAY05,Present,,10:00-17:00
2026-05-16,B01,JAY06,Present,,10:00-17:00
2026-05-16,B01,JAY08,Present,,10:00-17:00
2026-05-16,B01,JAY07,Present,,10:00-17:00
2026-05-16,B02,WHF01,Leave,Sick / unplanned,
2026-05-16,B02,WHF02,Present,,10:00-17:00
2026-05-16,B02,WHF03,Present,,10:00-17:00
2026-05-16,B02,WHF04,Present,,10:00-17:00
2026-05-16,B02,WHF05,Present,,10:00-17:00
2026-05-16,B02,WHF06,Present,,10:00-17:00
2026-05-16,B02,WHF07,Leave,Sick / unplanned,
2026-05-16,B03,MAL01,Leave,Sick / unplanned,
2026-05-16,B03,MAL02,Present,,10:00-17:00
2026-05-16,B03,MAL03,Present,,10:00-17:00
2026-05-16,B03,MAL04,Present,,10:00-17:00
2026-05-16,B03,MAL05,Leave,Sick / unplanned,
2026-05-16,B03,MAL06,Present,,10:00-17:00
2026-05-16,B03,MAL07,Present,,10:00-17:00
2026-05-16,B04,HSK01,Present,,10:00-17:00
2026-05-16,B04,HSK02,Present,,10:00-17:00
2026-05-16,B04,HSK03,Present,,10:00-17:00
2026-05-16,B04,HSK04,Present,,10:00-17:00
2026-05-16,B04,HSK05,Present,,10:00-17:00
2026-05-16,B05,DEV01,Present,,10:00-17:00
2026-05-16,B05,DEV02,Present,,10:00-17:00
2026-05-16,B05,DEV03,Present,,10:00-17:00
2026-05-16,B05,DEV04,Present,,10:00-17:00
2026-05-18,B01,JAY01,Present,,10:00-17:00
2026-05-18,B01,JAY02,Present,,10:00-17:00
2026-05-18,B01,JAY03,Present,,10:00-17:00
2026-05-18,B01,JAY04,Present,,10:00-17:00
2026-05-18,B01,JAY05,Present,,10:00-17:00
2026-05-18,B01,JAY06,Present,,10:00-17:00
2026-05-18,B01,JAY08,Present,,10:00-17:00
2026-05-18,B01,JAY07,Present,,10:00-17:00
2026-05-18,B02,WHF01,Present,,10:00-17:00
2026-05-18,B02,WHF02,Present,,10:00-17:00
2026-05-18,B02,WHF03,Present,,10:00-17:00
2026-05-18,B02,WHF04,Present,,10:00-17:00
2026-05-18,B02,WHF05,Present,,10:00-17:00
2026-05-18,B02,WHF06,Present,,10:00-17:00
2026-05-18,B02,WHF07,Present,,10:00-17:00
2026-05-18,B03,MAL01,Present,,10:00-17:00
2026-05-18,B03,MAL02,Present,,10:00-17:00
2026-05-18,B03,MAL03,Present,,10:00-17:00
2026-05-18,B03,MAL04,Present,,10:00-17:00
2026-05-18,B03,MAL05,Present,,10:00-17:00
2026-05-18,B03,MAL06,Present,,10:00-17:00
2026-05-18,B03,MAL07,Present,,10:00-17:00
2026-05-18,B04,HSK01,Present,,10:00-17:00
2026-05-18,B04,HSK02,Present,,10:00-17:00
2026-05-18,B04,HSK03,Present,,10:00-17:00
2026-05-18,B04,HSK04,Present,,10:00-17:00
2026-05-18,B04,HSK05,Present,,10:00-17:00
2026-05-18,B05,DEV01,Present,,10:00-17:00
2026-05-18,B05,DEV02,Present,,10:00-17:00
2026-05-18,B05,DEV03,Present,,10:00-17:00
2026-05-18,B05,DEV04,Leave,Sick / unplanned,
2026-05-19,B01,JAY01,Present,,10:00-17:00
2026-05-19,B01,JAY02,Present,,10:00-17:00
2026-05-19,B01,JAY03,Present,,10:00-17:00
2026-05-19,B01,JAY04,Present,,10:00-17:00
2026-05-19,B01,JAY05,Present,,10:00-17:00
2026-05-19,B01,JAY06,Present,,10:00-17:00
2026-05-19,B01,JAY08,Present,,10:00-17:00
2026-05-19,B01,JAY07,Present,,10:00-17:00
2026-05-19,B02,WHF01,Present,,10:00-17:00
2026-05-19,B02,WHF02,Present,,10:00-17:00
2026-05-19,B02,WHF03,Present,,10:00-17:00
2026-05-19,B02,WHF04,Present,,10:00-17:00
2026-05-19,B02,WHF05,Present,,10:00-17:00
2026-05-19,B02,WHF06,Present,,10:00-17:00
2026-05-19,B02,WHF07,Present,,10:00-17:00
2026-05-19,B03,MAL01,Present,,10:00-17:00
2026-05-19,B03,MAL02,Present,,10:00-17:00
2026-05-19,B03,MAL03,Present,,10:00-17:00
2026-05-19,B03,MAL04,Present,,10:00-17:00
2026-05-19,B03,MAL05,Present,,10:00-17:00
2026-05-19,B03,MAL06,Present,,10:00-17:00
2026-05-19,B03,MAL07,Present,,10:00-17:00
2026-05-19,B04,HSK01,Present,,10:00-17:00
2026-05-19,B04,HSK02,Present,,10:00-17:00
2026-05-19,B04,HSK03,Present,,10:00-17:00
2026-05-19,B04,HSK04,Present,,10:00-17:00
2026-05-19,B04,HSK05,Present,,10:00-17:00
2026-05-19,B05,DEV01,Present,,10:00-17:00
2026-05-19,B05,DEV02,Present,,10:00-17:00
2026-05-19,B05,DEV03,Present,,10:00-17:00
2026-05-19,B05,DEV04,Present,,10:00-17:00
2026-05-20,B01,JAY01,Leave,Sick / unplanned,
2026-05-20,B01,JAY02,Present,,10:00-17:00
2026-05-20,B01,JAY03,Present,,10:00-17:00
2026-05-20,B01,JAY04,Present,,10:00-17:00
2026-05-20,B01,JAY05,Present,,10:00-17:00
2026-05-20,B01,JAY06,Present,,10:00-17:00
2026-05-20,B01,JAY08,Present,,10:00-17:00
2026-05-20,B01,JAY07,Present,,10:00-17:00
2026-05-20,B02,WHF01,Present,,10:00-17:00
2026-05-20,B02,WHF02,Leave,Sick / unplanned,
2026-05-20,B02,WHF03,Present,,10:00-17:00
2026-05-20,B02,WHF04,Present,,10:00-17:00
2026-05-20,B02,WHF05,Present,,10:00-17:00
2026-05-20,B02,WHF06,Present,,10:00-17:00
2026-05-20,B02,WHF07,Present,,10:00-17:00
2026-05-20,B03,MAL01,Present,,10:00-17:00
2026-05-20,B03,MAL02,Present,,10:00-17:00
2026-05-20,B03,MAL03,Present,,10:00-17:00
2026-05-20,B03,MAL04,Present,,10:00-17:00
2026-05-20,B03,MAL05,Present,,10:00-17:00
2026-05-20,B03,MAL06,Present,,10:00-17:00
2026-05-20,B03,MAL07,Present,,10:00-17:00
2026-05-20,B04,HSK01,Present,,10:00-17:00
2026-05-20,B04,HSK02,Present,,10:00-17:00
2026-05-20,B04,HSK03,Present,,10:00-17:00
2026-05-20,B04,HSK04,Present,,10:00-17:00
2026-05-20,B04,HSK05,Present,,10:00-17:00
2026-05-20,B05,DEV01,Present,,10:00-17:00
2026-05-20,B05,DEV02,Present,,10:00-17:00
2026-05-20,B05,DEV03,Present,,10:00-17:00
2026-05-20,B05,DEV04,Present,,10:00-17:00
2026-05-21,B01,JAY01,Present,,10:00-17:00
2026-05-21,B01,JAY02,Present,,10:00-17:00
2026-05-21,B01,JAY03,Present,,10:00-17:00
2026-05-21,B01,JAY04,Present,,10:00-17:00
2026-05-21,B01,JAY05,Present,,10:00-17:00
2026-05-21,B01,JAY06,Present,,10:00-17:00
2026-05-21,B01,JAY08,Present,,10:00-17:00
2026-05-21,B01,JAY07,Present,,10:00-17:00
2026-05-21,B02,WHF01,Present,,10:00-17:00
2026-05-21,B02,WHF02,Present,,10:00-17:00
2026-05-21,B02,WHF03,Present,,10:00-17:00
2026-05-21,B02,WHF04,Present,,10:00-17:00
2026-05-21,B02,WHF05,Present,,10:00-17:00
2026-05-21,B02,WHF06,Present,,10:00-17:00
2026-05-21,B02,WHF07,Present,,10:00-17:00
2026-05-21,B03,MAL01,Present,,10:00-17:00
2026-05-21,B03,MAL02,Present,,10:00-17:00
2026-05-21,B03,MAL03,Present,,10:00-17:00
2026-05-21,B03,MAL04,Present,,10:00-17:00
2026-05-21,B03,MAL05,Present,,10:00-17:00
2026-05-21,B03,MAL06,Present,,10:00-17:00
2026-05-21,B03,MAL07,Present,,10:00-17:00
2026-05-21,B04,HSK01,Present,,10:00-17:00
2026-05-21,B04,HSK02,Present,,10:00-17:00
2026-05-21,B04,HSK03,Present,,10:00-17:00
2026-05-21,B04,HSK04,Present,,10:00-17:00
2026-05-21,B04,HSK05,Present,,10:00-17:00
2026-05-21,B05,DEV01,Present,,10:00-17:00
2026-05-21,B05,DEV02,Present,,10:00-17:00
2026-05-21,B05,DEV03,Present,,10:00-17:00
2026-05-21,B05,DEV04,Present,,10:00-17:00
2026-05-22,B01,JAY01,Present,,10:00-17:00
2026-05-22,B01,JAY02,Present,,10:00-17:00
2026-05-22,B01,JAY03,Present,,10:00-17:00
2026-05-22,B01,JAY04,Present,,10:00-17:00
2026-05-22,B01,JAY05,Present,,10:00-17:00
2026-05-22,B01,JAY06,Present,,10:00-17:00
2026-05-22,B01,JAY08,Present,,10:00-17:00
2026-05-22,B01,JAY07,Present,,10:00-17:00
2026-05-22,B02,WHF01,Present,,10:00-17:00
2026-05-22,B02,WHF02,Present,,10:00-17:00
2026-05-22,B02,WHF03,Present,,10:00-17:00
2026-05-22,B02,WHF04,Present,,10:00-17:00
2026-05-22,B02,WHF05,Present,,10:00-17:00
2026-05-22,B02,WHF06,Present,,10:00-17:00
2026-05-22,B02,WHF07,Present,,10:00-17:00
2026-05-22,B03,MAL01,Present,,10:00-17:00
2026-05-22,B03,MAL02,Present,,10:00-17:00
2026-05-22,B03,MAL03,Present,,10:00-17:00
2026-05-22,B03,MAL04,Present,,10:00-17:00
2026-05-22,B03,MAL05,Present,,10:00-17:00
2026-05-22,B03,MAL06,Present,,10:00-17:00
2026-05-22,B03,MAL07,Present,,10:00-17:00
2026-05-22,B04,HSK01,Present,,10:00-17:00
2026-05-22,B04,HSK02,Present,,10:00-17:00
2026-05-22,B04,HSK03,Present,,10:00-17:00
2026-05-22,B04,HSK04,Present,,10:00-17:00
2026-05-22,B04,HSK05,Present,,10:00-17:00
2026-05-22,B05,DEV01,Present,,10:00-17:00
2026-05-22,B05,DEV02,Present,,10:00-17:00
2026-05-22,B05,DEV03,Present,,10:00-17:00
2026-05-22,B05,DEV04,Present,,10:00-17:00
2026-05-25,B01,JAY01,Present,,10:00-17:00
2026-05-25,B01,JAY02,Present,,10:00-17:00
2026-05-25,B01,JAY03,Present,,10:00-17:00
2026-05-25,B01,JAY04,Present,,10:00-17:00
2026-05-25,B01,JAY05,Present,,10:00-17:00
2026-05-25,B01,JAY06,Present,,10:00-17:00
2026-05-25,B01,JAY08,Present,,10:00-17:00
2026-05-25,B01,JAY07,Present,,10:00-17:00
2026-05-25,B02,WHF01,Present,,10:00-17:00
2026-05-25,B02,WHF02,Present,,10:00-17:00
2026-05-25,B02,WHF03,Present,,10:00-17:00
2026-05-25,B02,WHF04,Present,,10:00-17:00
2026-05-25,B02,WHF05,Present,,10:00-17:00
2026-05-25,B02,WHF06,Present,,10:00-17:00
2026-05-25,B02,WHF07,Leave,Sick / unplanned,
2026-05-25,B03,MAL01,Present,,10:00-17:00
2026-05-25,B03,MAL02,Present,,10:00-17:00
2026-05-25,B03,MAL03,Present,,10:00-17:00
2026-05-25,B03,MAL04,Present,,10:00-17:00
2026-05-25,B03,MAL05,Present,,10:00-17:00
2026-05-25,B03,MAL06,Present,,10:00-17:00
2026-05-25,B03,MAL07,Present,,10:00-17:00
2026-05-25,B04,HSK01,Present,,10:00-17:00
2026-05-25,B04,HSK02,Present,,10:00-17:00
2026-05-25,B04,HSK03,Present,,10:00-17:00
2026-05-25,B04,HSK04,Present,,10:00-17:00
2026-05-25,B04,HSK05,Present,,10:00-17:00
2026-05-25,B05,DEV01,Present,,10:00-17:00
2026-05-25,B05,DEV02,Present,,10:00-17:00
2026-05-25,B05,DEV03,Present,,10:00-17:00
2026-05-25,B05,DEV04,Present,,10:00-17:00
2026-05-26,B01,JAY01,Present,,10:00-17:00
2026-05-26,B01,JAY02,Present,,10:00-17:00
2026-05-26,B01,JAY03,Present,,10:00-17:00
2026-05-26,B01,JAY04,Present,,10:00-17:00
2026-05-26,B01,JAY05,Present,,10:00-17:00
2026-05-26,B01,JAY06,Present,,10:00-17:00
2026-05-26,B01,JAY08,Present,,10:00-17:00
2026-05-26,B01,JAY07,Present,,10:00-17:00
2026-05-26,B02,WHF01,Present,,10:00-17:00
2026-05-26,B02,WHF02,Present,,10:00-17:00
2026-05-26,B02,WHF03,Present,,10:00-17:00
2026-05-26,B02,WHF04,Leave,Sick / unplanned,
2026-05-26,B02,WHF05,Leave,Sick / unplanned,
2026-05-26,B02,WHF06,Present,,10:00-17:00
2026-05-26,B02,WHF07,Leave,Sick / unplanned,
2026-05-26,B03,MAL01,Present,,10:00-17:00
2026-05-26,B03,MAL02,Present,,10:00-17:00
2026-05-26,B03,MAL03,Present,,10:00-17:00
2026-05-26,B03,MAL04,Present,,10:00-17:00
2026-05-26,B03,MAL05,Present,,10:00-17:00
2026-05-26,B03,MAL06,Present,,10:00-17:00
2026-05-26,B03,MAL07,Present,,10:00-17:00
2026-05-26,B04,HSK01,Present,,10:00-17:00
2026-05-26,B04,HSK02,Present,,10:00-17:00
2026-05-26,B04,HSK03,Present,,10:00-17:00
2026-05-26,B04,HSK04,Present,,10:00-17:00
2026-05-26,B04,HSK05,Present,,10:00-17:00
2026-05-26,B05,DEV01,Present,,10:00-17:00
2026-05-26,B05,DEV02,Present,,10:00-17:00
2026-05-26,B05,DEV03,Leave,Sick / unplanned,
2026-05-26,B05,DEV04,Present,,10:00-17:00
2026-05-28,B01,JAY01,Present,,10:00-17:00
2026-05-28,B01,JAY02,Present,,10:00-17:00
2026-05-28,B01,JAY03,Present,,10:00-17:00
2026-05-28,B01,JAY04,Present,,10:00-17:00
2026-05-28,B01,JAY05,Present,,10:00-17:00
2026-05-28,B01,JAY06,Present,,10:00-17:00
2026-05-28,B01,JAY08,Present,,10:00-17:00
2026-05-28,B01,JAY07,Present,,10:00-17:00
2026-05-28,B02,WHF01,Present,,10:00-17:00
2026-05-28,B02,WHF02,Present,,10:00-17:00
2026-05-28,B02,WHF03,Present,,10:00-17:00
2026-05-28,B02,WHF04,Present,,10:00-17:00
2026-05-28,B02,WHF05,Present,,10:00-17:00
2026-05-28,B02,WHF06,Present,,10:00-17:00
2026-05-28,B02,WHF07,Present,,10:00-17:00
2026-05-28,B03,MAL01,Present,,10:00-17:00
2026-05-28,B03,MAL02,Present,,10:00-17:00
2026-05-28,B03,MAL03,Present,,10:00-17:00
2026-05-28,B03,MAL04,Present,,10:00-17:00
2026-05-28,B03,MAL05,Present,,10:00-17:00
2026-05-28,B03,MAL06,Present,,10:00-17:00
2026-05-28,B03,MAL07,Present,,10:00-17:00
2026-05-28,B04,HSK01,Present,,10:00-17:00
2026-05-28,B04,HSK02,Present,,10:00-17:00
2026-05-28,B04,HSK03,Present,,10:00-17:00
2026-05-28,B04,HSK04,Present,,10:00-17:00
2026-05-28,B04,HSK05,Present,,10:00-17:00
2026-05-28,B05,DEV01,Present,,10:00-17:00
2026-05-28,B05,DEV02,Present,,10:00-17:00
2026-05-28,B05,DEV03,Present,,10:00-17:00
2026-05-28,B05,DEV04,Present,,10:00-17:00
2026-05-29,B01,JAY01,Present,,10:00-17:00
2026-05-29,B01,JAY02,Present,,10:00-17:00
2026-05-29,B01,JAY03,Present,,10:00-17:00
2026-05-29,B01,JAY04,Present,,10:00-17:00
2026-05-29,B01,JAY05,Leave,Sick / unplanned,
2026-05-29,B01,JAY06,Present,,10:00-17:00
2026-05-29,B01,JAY08,Present,,10:00-17:00
2026-05-29,B01,JAY07,Present,,10:00-17:00
2026-05-29,B02,WHF01,Present,,10:00-17:00
2026-05-29,B02,WHF02,Present,,10:00-17:00
2026-05-29,B02,WHF03,Present,,10:00-17:00
2026-05-29,B02,WHF04,Present,,10:00-17:00
2026-05-29,B02,WHF05,Present,,10:00-17:00
2026-05-29,B02,WHF06,Present,,10:00-17:00
2026-05-29,B02,WHF07,Present,,10:00-17:00
2026-05-29,B03,MAL01,Present,,10:00-17:00
2026-05-29,B03,MAL02,Present,,10:00-17:00
2026-05-29,B03,MAL03,Present,,10:00-17:00
2026-05-29,B03,MAL04,Present,,10:00-17:00
2026-05-29,B03,MAL05,Present,,10:00-17:00
2026-05-29,B03,MAL06,Present,,10:00-17:00
2026-05-29,B03,MAL07,Present,,10:00-17:00
2026-05-29,B04,HSK01,Present,,10:00-17:00
2026-05-29,B04,HSK02,Present,,10:00-17:00
2026-05-29,B04,HSK03,Present,,10:00-17:00
2026-05-29,B04,HSK04,Present,,10:00-17:00
2026-05-29,B04,HSK05,Present,,10:00-17:00
2026-05-29,B05,DEV01,Present,,10:00-17:00
2026-05-29,B05,DEV02,Present,,10:00-17:00
2026-05-29,B05,DEV03,Present,,10:00-17:00
2026-05-29,B05,DEV04,Present,,10:00-17:00
2026-05-30,B01,JAY01,Present,,10:00-17:00
2026-05-30,B01,JAY02,Present,,10:00-17:00
2026-05-30,B01,JAY03,Present,,10:00-17:00
2026-05-30,B01,JAY04,Present,,10:00-17:00
2026-05-30,B01,JAY05,Present,,10:00-17:00
2026-05-30,B01,JAY06,Present,,10:00-17:00
2026-05-30,B01,JAY08,Present,,10:00-17:00
2026-05-30,B01,JAY07,Present,,10:00-17:00
2026-05-30,B02,WHF01,Present,,10:00-17:00
2026-05-30,B02,WHF02,Present,,10:00-17:00
2026-05-30,B02,WHF03,Present,,10:00-17:00
2026-05-30,B02,WHF04,Present,,10:00-17:00
2026-05-30,B02,WHF05,Present,,10:00-17:00
2026-05-30,B02,WHF06,Present,,10:00-17:00
2026-05-30,B02,WHF07,Present,,10:00-17:00
2026-05-30,B03,MAL01,Present,,10:00-17:00
2026-05-30,B03,MAL02,Present,,10:00-17:00
2026-05-30,B03,MAL03,Present,,10:00-17:00
2026-05-30,B03,MAL04,Present,,10:00-17:00
2026-05-30,B03,MAL05,Present,,10:00-17:00
2026-05-30,B03,MAL06,Present,,10:00-17:00
2026-05-30,B03,MAL07,Present,,10:00-17:00
2026-05-30,B04,HSK01,Present,,10:00-17:00
2026-05-30,B04,HSK02,Present,,10:00-17:00
2026-05-30,B04,HSK03,Present,,10:00-17:00
2026-05-30,B04,HSK04,Present,,10:00-17:00
2026-05-30,B04,HSK05,Present,,10:00-17:00
2026-05-30,B05,DEV01,Present,,10:00-17:00
2026-05-30,B05,DEV02,Present,,10:00-17:00
2026-05-30,B05,DEV03,Present,,10:00-17:00
2026-05-30,B05,DEV04,Present,,10:00-17:00
2026-06-01,B01,JAY01,Present,,10:00-17:00
2026-06-01,B01,JAY02,Present,,10:00-17:00
2026-06-01,B01,JAY03,Present,,10:00-17:00
2026-06-01,B01,JAY04,Present,,10:00-17:00
2026-06-01,B01,JAY05,Present,,10:00-17:00
2026-06-01,B01,JAY06,Leave,Sick / unplanned,
2026-06-01,B01,JAY08,Present,,10:00-17:00
2026-06-01,B01,JAY07,Present,,10:00-17:00
2026-06-01,B02,WHF01,Present,,10:00-17:00
2026-06-01,B02,WHF02,Present,,10:00-17:00
2026-06-01,B02,WHF03,Present,,10:00-17:00
2026-06-01,B02,WHF04,Present,,10:00-17:00
2026-06-01,B02,WHF05,Present,,10:00-17:00
2026-06-01,B02,WHF06,Present,,10:00-17:00
2026-06-01,B02,WHF07,Present,,10:00-17:00
2026-06-01,B03,MAL01,Present,,10:00-17:00
2026-06-01,B03,MAL02,Present,,10:00-17:00
2026-06-01,B03,MAL03,Present,,10:00-17:00
2026-06-01,B03,MAL04,Present,,10:00-17:00
2026-06-01,B03,MAL05,Present,,10:00-17:00
2026-06-01,B03,MAL06,Leave,Sick / unplanned,
2026-06-01,B03,MAL07,Present,,10:00-17:00
2026-06-01,B04,HSK01,Present,,10:00-17:00
2026-06-01,B04,HSK02,Present,,10:00-17:00
2026-06-01,B04,HSK03,Present,,10:00-17:00
2026-06-01,B04,HSK04,Present,,10:00-17:00
2026-06-01,B04,HSK05,Present,,10:00-17:00
2026-06-01,B05,DEV01,Present,,10:00-17:00
2026-06-01,B05,DEV02,Present,,10:00-17:00
2026-06-01,B05,DEV03,Present,,10:00-17:00
2026-06-01,B05,DEV04,Present,,10:00-17:00
2026-06-02,B01,JAY01,Present,,10:00-17:00
2026-06-02,B01,JAY02,Present,,10:00-17:00
2026-06-02,B01,JAY03,Present,,10:00-17:00
2026-06-02,B01,JAY04,Present,,10:00-17:00
2026-06-02,B01,JAY05,Present,,10:00-17:00
2026-06-02,B01,JAY06,Leave,Sick / unplanned,
2026-06-02,B01,JAY08,Present,,10:00-17:00
2026-06-02,B01,JAY07,Present,,10:00-17:00
2026-06-02,B02,WHF01,Present,,10:00-17:00
2026-06-02,B02,WHF02,Present,,10:00-17:00
2026-06-02,B02,WHF03,Present,,10:00-17:00
2026-06-02,B02,WHF04,Present,,10:00-17:00
2026-06-02,B02,WHF05,Present,,10:00-17:00
2026-06-02,B02,WHF06,Present,,10:00-17:00
2026-06-02,B02,WHF07,Present,,10:00-17:00
2026-06-02,B03,MAL01,Present,,10:00-17:00
2026-06-02,B03,MAL02,Present,,10:00-17:00
2026-06-02,B03,MAL03,Present,,10:00-17:00
2026-06-02,B03,MAL04,Present,,10:00-17:00
2026-06-02,B03,MAL05,Present,,10:00-17:00
2026-06-02,B03,MAL06,Present,,10:00-17:00
2026-06-02,B03,MAL07,Present,,10:00-17:00
2026-06-02,B04,HSK01,Present,,10:00-17:00
2026-06-02,B04,HSK02,Present,,10:00-17:00
2026-06-02,B04,HSK03,Present,,10:00-17:00
2026-06-02,B04,HSK04,Present,,10:00-17:00
2026-06-02,B04,HSK05,Present,,10:00-17:00
2026-06-02,B05,DEV01,Present,,10:00-17:00
2026-06-02,B05,DEV02,Present,,10:00-17:00
2026-06-02,B05,DEV03,Present,,10:00-17:00
2026-06-02,B05,DEV04,Present,,10:00-17:00
2026-06-03,B01,JAY01,Present,,10:00-17:00
2026-06-03,B01,JAY02,Present,,10:00-17:00
2026-06-03,B01,JAY03,Present,,10:00-17:00
2026-06-03,B01,JAY04,Leave,Sick / unplanned,
2026-06-03,B01,JAY05,Present,,10:00-17:00
2026-06-03,B01,JAY06,Present,,10:00-17:00
2026-06-03,B01,JAY08,Present,,10:00-17:00
2026-06-03,B01,JAY07,Present,,10:00-17:00
2026-06-03,B02,WHF01,Present,,10:00-17:00
2026-06-03,B02,WHF02,Present,,10:00-17:00
2026-06-03,B02,WHF03,Present,,10:00-17:00
2026-06-03,B02,WHF04,Present,,10:00-17:00
2026-06-03,B02,WHF05,Present,,10:00-17:00
2026-06-03,B02,WHF06,Present,,10:00-17:00
2026-06-03,B02,WHF07,Present,,10:00-17:00
2026-06-03,B03,MAL01,Present,,10:00-17:00
2026-06-03,B03,MAL02,Present,,10:00-17:00
2026-06-03,B03,MAL03,Present,,10:00-17:00
2026-06-03,B03,MAL04,Present,,10:00-17:00
2026-06-03,B03,MAL05,Present,,10:00-17:00
2026-06-03,B03,MAL06,Present,,10:00-17:00
2026-06-03,B03,MAL07,Present,,10:00-17:00
2026-06-03,B04,HSK01,Present,,10:00-17:00
2026-06-03,B04,HSK02,Present,,10:00-17:00
2026-06-03,B04,HSK03,Present,,10:00-17:00
2026-06-03,B04,HSK04,Present,,10:00-17:00
2026-06-03,B04,HSK05,Present,,10:00-17:00
2026-06-03,B05,DEV01,Present,,10:00-17:00
2026-06-03,B05,DEV02,Leave,Sick / unplanned,
2026-06-03,B05,DEV03,Present,,10:00-17:00
2026-06-03,B05,DEV04,Present,,10:00-17:00
2026-06-04,B01,JAY01,Leave,Sick / unplanned,
2026-06-04,B01,JAY02,Present,,10:00-17:00
2026-06-04,B01,JAY03,Present,,10:00-17:00
2026-06-04,B01,JAY04,Present,,10:00-17:00
2026-06-04,B01,JAY05,Present,,10:00-17:00
2026-06-04,B01,JAY06,Present,,10:00-17:00
2026-06-04,B01,JAY08,Present,,10:00-17:00
2026-06-04,B01,JAY07,Present,,10:00-17:00
2026-06-04,B02,WHF01,Leave,Sick / unplanned,
2026-06-04,B02,WHF02,Present,,10:00-17:00
2026-06-04,B02,WHF03,Present,,10:00-17:00
2026-06-04,B02,WHF04,Present,,10:00-17:00
2026-06-04,B02,WHF05,Present,,10:00-17:00
2026-06-04,B02,WHF06,Present,,10:00-17:00
2026-06-04,B02,WHF07,Present,,10:00-17:00
2026-06-04,B03,MAL01,Leave,Sick / unplanned,
2026-06-04,B03,MAL02,Present,,10:00-17:00
2026-06-04,B03,MAL03,Present,,10:00-17:00
2026-06-04,B03,MAL04,Present,,10:00-17:00
2026-06-04,B03,MAL05,Present,,10:00-17:00
2026-06-04,B03,MAL06,Present,,10:00-17:00
2026-06-04,B03,MAL07,Present,,10:00-17:00
2026-06-04,B04,HSK01,Present,,10:00-17:00
2026-06-04,B04,HSK02,Present,,10:00-17:00
2026-06-04,B04,HSK03,Present,,10:00-17:00
2026-06-04,B04,HSK04,Present,,10:00-17:00
2026-06-04,B04,HSK05,Present,,10:00-17:00
2026-06-04,B05,DEV01,Present,,10:00-17:00
2026-06-04,B05,DEV02,Present,,10:00-17:00
2026-06-04,B05,DEV03,Present,,10:00-17:00
2026-06-04,B05,DEV04,Present,,10:00-17:00
2026-06-05,B01,JAY01,Present,,10:00-17:00
2026-06-05,B01,JAY02,Present,,10:00-17:00
2026-06-05,B01,JAY03,Present,,10:00-17:00
2026-06-05,B01,JAY04,Present,,10:00-17:00
2026-06-05,B01,JAY05,Present,,10:00-17:00
2026-06-05,B01,JAY06,Present,,10:00-17:00
2026-06-05,B01,JAY08,Present,,10:00-17:00
2026-06-05,B01,JAY07,Present,,10:00-17:00
2026-06-05,B02,WHF01,Present,,10:00-17:00
2026-06-05,B02,WHF02,Present,,10:00-17:00
2026-06-05,B02,WHF03,Present,,10:00-17:00
2026-06-05,B02,WHF04,Leave,Sick / unplanned,
2026-06-05,B02,WHF05,Present,,10:00-17:00
2026-06-05,B02,WHF06,Present,,10:00-17:00
2026-06-05,B02,WHF07,Present,,10:00-17:00
2026-06-05,B03,MAL01,Present,,10:00-17:00
2026-06-05,B03,MAL02,Present,,10:00-17:00
2026-06-05,B03,MAL03,Present,,10:00-17:00
2026-06-05,B03,MAL04,Present,,10:00-17:00
2026-06-05,B03,MAL05,Present,,10:00-17:00
2026-06-05,B03,MAL06,Present,,10:00-17:00
2026-06-05,B03,MAL07,Present,,10:00-17:00
2026-06-05,B04,HSK01,Present,,10:00-17:00
2026-06-05,B04,HSK02,Present,,10:00-17:00
2026-06-05,B04,HSK03,Present,,10:00-17:00
2026-06-05,B04,HSK04,Present,,10:00-17:00
2026-06-05,B04,HSK05,Present,,10:00-17:00
2026-06-05,B05,DEV01,Present,,10:00-17:00
2026-06-05,B05,DEV02,Present,,10:00-17:00
2026-06-05,B05,DEV03,Present,,10:00-17:00
2026-06-05,B05,DEV04,Present,,10:00-17:00
2026-06-06,B01,JAY01,Present,,10:00-17:00
2026-06-06,B01,JAY02,Present,,10:00-17:00
2026-06-06,B01,JAY03,Present,,10:00-17:00
2026-06-06,B01,JAY04,Present,,10:00-17:00
2026-06-06,B01,JAY05,Present,,10:00-17:00
2026-06-06,B01,JAY06,Leave,Sick / unplanned,
2026-06-06,B01,JAY08,Present,,10:00-17:00
2026-06-06,B01,JAY07,Present,,10:00-17:00
2026-06-06,B02,WHF01,Present,,10:00-17:00
2026-06-06,B02,WHF02,Present,,10:00-17:00
2026-06-06,B02,WHF03,Present,,10:00-17:00
2026-06-06,B02,WHF04,Leave,Sick / unplanned,
2026-06-06,B02,WHF05,Present,,10:00-17:00
2026-06-06,B02,WHF06,Present,,10:00-17:00
2026-06-06,B02,WHF07,Present,,10:00-17:00
2026-06-06,B03,MAL01,Present,,10:00-17:00
2026-06-06,B03,MAL02,Present,,10:00-17:00
2026-06-06,B03,MAL03,Present,,10:00-17:00
2026-06-06,B03,MAL04,Present,,10:00-17:00
2026-06-06,B03,MAL05,Present,,10:00-17:00
2026-06-06,B03,MAL06,Present,,10:00-17:00
2026-06-06,B03,MAL07,Present,,10:00-17:00
2026-06-06,B04,HSK01,Present,,10:00-17:00
2026-06-06,B04,HSK02,Present,,10:00-17:00
2026-06-06,B04,HSK03,Present,,10:00-17:00
2026-06-06,B04,HSK04,Present,,10:00-17:00
2026-06-06,B04,HSK05,Present,,10:00-17:00
2026-06-06,B05,DEV01,Present,,10:00-17:00
2026-06-06,B05,DEV02,Present,,10:00-17:00
2026-06-06,B05,DEV03,Present,,10:00-17:00
2026-06-06,B05,DEV04,Present,,10:00-17:00
2026-06-08,B01,JAY01,Present,,10:00-17:00
2026-06-08,B01,JAY02,Present,,10:00-17:00
2026-06-08,B01,JAY03,Present,,10:00-17:00
2026-06-08,B01,JAY04,Present,,10:00-17:00
2026-06-08,B01,JAY05,Present,,10:00-17:00
2026-06-08,B01,JAY06,Present,,10:00-17:00
2026-06-08,B01,JAY08,Present,,10:00-17:00
2026-06-08,B01,JAY07,Present,,10:00-17:00
2026-06-08,B02,WHF01,Present,,10:00-17:00
2026-06-08,B02,WHF02,Present,,10:00-17:00
2026-06-08,B02,WHF03,Leave,Sick / unplanned,
2026-06-08,B02,WHF04,Present,,10:00-17:00
2026-06-08,B02,WHF05,Leave,Sick / unplanned,
2026-06-08,B02,WHF06,Present,,10:00-17:00
2026-06-08,B02,WHF07,Present,,10:00-17:00
2026-06-08,B03,MAL01,Present,,10:00-17:00
2026-06-08,B03,MAL02,Present,,10:00-17:00
2026-06-08,B03,MAL03,Present,,10:00-17:00
2026-06-08,B03,MAL04,Present,,10:00-17:00
2026-06-08,B03,MAL05,Present,,10:00-17:00
2026-06-08,B03,MAL06,Leave,Sick / unplanned,
2026-06-08,B03,MAL07,Present,,10:00-17:00
2026-06-08,B04,HSK01,Present,,10:00-17:00
2026-06-08,B04,HSK02,Present,,10:00-17:00
2026-06-08,B04,HSK03,Present,,10:00-17:00
2026-06-08,B04,HSK04,Present,,10:00-17:00
2026-06-08,B04,HSK05,Present,,10:00-17:00
2026-06-08,B05,DEV01,Present,,10:00-17:00
2026-06-08,B05,DEV02,Present,,10:00-17:00
2026-06-08,B05,DEV03,Present,,10:00-17:00
2026-06-08,B05,DEV04,Leave,Sick / unplanned,
2026-06-09,B01,JAY01,Present,,10:00-17:00
2026-06-09,B01,JAY02,Present,,10:00-17:00
2026-06-09,B01,JAY03,Present,,10:00-17:00
2026-06-09,B01,JAY04,Present,,10:00-17:00
2026-06-09,B01,JAY05,Present,,10:00-17:00
2026-06-09,B01,JAY06,Present,,10:00-17:00
2026-06-09,B01,JAY08,Leave,Sick / unplanned,
2026-06-09,B01,JAY07,Present,,10:00-17:00
2026-06-09,B02,WHF01,Present,,10:00-17:00
2026-06-09,B02,WHF02,Present,,10:00-17:00
2026-06-09,B02,WHF03,Present,,10:00-17:00
2026-06-09,B02,WHF04,Present,,10:00-17:00
2026-06-09,B02,WHF05,Present,,10:00-17:00
2026-06-09,B02,WHF06,Present,,10:00-17:00
2026-06-09,B02,WHF07,Present,,10:00-17:00
2026-06-09,B03,MAL01,Present,,10:00-17:00
2026-06-09,B03,MAL02,Present,,10:00-17:00
2026-06-09,B03,MAL03,Present,,10:00-17:00
2026-06-09,B03,MAL04,Present,,10:00-17:00
2026-06-09,B03,MAL05,Present,,10:00-17:00
2026-06-09,B03,MAL06,Present,,10:00-17:00
2026-06-09,B03,MAL07,Present,,10:00-17:00
2026-06-09,B04,HSK01,Present,,10:00-17:00
2026-06-09,B04,HSK02,Present,,10:00-17:00
2026-06-09,B04,HSK03,Present,,10:00-17:00
2026-06-09,B04,HSK04,Present,,10:00-17:00
2026-06-09,B04,HSK05,Present,,10:00-17:00
2026-06-09,B05,DEV01,Present,,10:00-17:00
2026-06-09,B05,DEV02,Leave,Sick / unplanned,
2026-06-09,B05,DEV03,Present,,10:00-17:00
2026-06-09,B05,DEV04,Present,,10:00-17:00
2026-06-10,B01,JAY01,Present,,10:00-17:00
2026-06-10,B01,JAY02,Present,,10:00-17:00
2026-06-10,B01,JAY03,Present,,10:00-17:00
2026-06-10,B01,JAY04,Present,,10:00-17:00
2026-06-10,B01,JAY05,Leave,Sick / unplanned,
2026-06-10,B01,JAY06,Present,,10:00-17:00
2026-06-10,B01,JAY08,Present,,10:00-17:00
2026-06-10,B01,JAY07,Present,,10:00-17:00
2026-06-10,B02,WHF01,Present,,10:00-17:00
2026-06-10,B02,WHF02,Present,,10:00-17:00
2026-06-10,B02,WHF03,Leave,Sick / unplanned,
2026-06-10,B02,WHF04,Present,,10:00-17:00
2026-06-10,B02,WHF05,Present,,10:00-17:00
2026-06-10,B02,WHF06,Present,,10:00-17:00
2026-06-10,B02,WHF07,Present,,10:00-17:00
2026-06-10,B03,MAL01,Present,,10:00-17:00
2026-06-10,B03,MAL02,Present,,10:00-17:00
2026-06-10,B03,MAL03,Present,,10:00-17:00
2026-06-10,B03,MAL04,Present,,10:00-17:00
2026-06-10,B03,MAL05,Present,,10:00-17:00
2026-06-10,B03,MAL06,Present,,10:00-17:00
2026-06-10,B03,MAL07,Present,,10:00-17:00
2026-06-10,B04,HSK01,Present,,10:00-17:00
2026-06-10,B04,HSK02,Present,,10:00-17:00
2026-06-10,B04,HSK03,Present,,10:00-17:00
2026-06-10,B04,HSK04,Present,,10:00-17:00
2026-06-10,B04,HSK05,Present,,10:00-17:00
2026-06-10,B05,DEV01,Present,,10:00-17:00
2026-06-10,B05,DEV02,Present,,10:00-17:00
2026-06-10,B05,DEV03,Present,,10:00-17:00
2026-06-10,B05,DEV04,Present,,10:00-17:00
2026-06-11,B01,JAY01,Present,,10:00-17:00
2026-06-11,B01,JAY02,Present,,10:00-17:00
2026-06-11,B01,JAY03,Present,,10:00-17:00
2026-06-11,B01,JAY04,Present,,10:00-17:00
2026-06-11,B01,JAY05,Present,,10:00-17:00
2026-06-11,B01,JAY06,Present,,10:00-17:00
2026-06-11,B01,JAY08,Present,,10:00-17:00
2026-06-11,B01,JAY07,Present,,10:00-17:00
2026-06-11,B02,WHF01,Present,,10:00-17:00
2026-06-11,B02,WHF02,Present,,10:00-17:00
2026-06-11,B02,WHF03,Present,,10:00-17:00
2026-06-11,B02,WHF04,Present,,10:00-17:00
2026-06-11,B02,WHF05,Present,,10:00-17:00
2026-06-11,B02,WHF06,Present,,10:00-17:00
2026-06-11,B02,WHF07,Present,,10:00-17:00
2026-06-11,B03,MAL01,Present,,10:00-17:00
2026-06-11,B03,MAL02,Present,,10:00-17:00
2026-06-11,B03,MAL03,Present,,10:00-17:00
2026-06-11,B03,MAL04,Leave,Sick / unplanned,
2026-06-11,B03,MAL05,Present,,10:00-17:00
2026-06-11,B03,MAL06,Present,,10:00-17:00
2026-06-11,B03,MAL07,Present,,10:00-17:00
2026-06-11,B04,HSK01,Present,,10:00-17:00
2026-06-11,B04,HSK02,Present,,10:00-17:00
2026-06-11,B04,HSK03,Present,,10:00-17:00
2026-06-11,B04,HSK04,Present,,10:00-17:00
2026-06-11,B04,HSK05,Present,,10:00-17:00
2026-06-11,B05,DEV01,Present,,10:00-17:00
2026-06-11,B05,DEV02,Present,,10:00-17:00
2026-06-11,B05,DEV03,Present,,10:00-17:00
2026-06-11,B05,DEV04,Present,,10:00-17:00
2026-06-12,B01,JAY01,Present,,10:00-17:00
2026-06-12,B01,JAY02,Present,,10:00-17:00
2026-06-12,B01,JAY03,Present,,10:00-17:00
2026-06-12,B01,JAY04,Present,,10:00-17:00
2026-06-12,B01,JAY05,Present,,10:00-17:00
2026-06-12,B01,JAY06,Present,,10:00-17:00
2026-06-12,B01,JAY08,Present,,10:00-17:00
2026-06-12,B01,JAY07,Present,,10:00-17:00
2026-06-12,B02,WHF01,Present,,10:00-17:00
2026-06-12,B02,WHF02,Present,,10:00-17:00
2026-06-12,B02,WHF03,Present,,10:00-17:00
2026-06-12,B02,WHF04,Present,,10:00-17:00
2026-06-12,B02,WHF05,Present,,10:00-17:00
2026-06-12,B02,WHF06,Leave,Sick / unplanned,
2026-06-12,B02,WHF07,Present,,10:00-17:00
2026-06-12,B03,MAL01,Present,,10:00-17:00
2026-06-12,B03,MAL02,Present,,10:00-17:00
2026-06-12,B03,MAL03,Present,,10:00-17:00
2026-06-12,B03,MAL04,Present,,10:00-17:00
2026-06-12,B03,MAL05,Present,,10:00-17:00
2026-06-12,B03,MAL06,Present,,10:00-17:00
2026-06-12,B03,MAL07,Present,,10:00-17:00
2026-06-12,B04,HSK01,Present,,10:00-17:00
2026-06-12,B04,HSK02,Present,,10:00-17:00
2026-06-12,B04,HSK03,Present,,10:00-17:00
2026-06-12,B04,HSK04,Present,,10:00-17:00
2026-06-12,B04,HSK05,Present,,10:00-17:00
2026-06-12,B05,DEV01,Present,,10:00-17:00
2026-06-12,B05,DEV02,Present,,10:00-17:00
2026-06-12,B05,DEV03,Present,,10:00-17:00
2026-06-12,B05,DEV04,Present,,10:00-17:00
2026-06-15,B01,JAY01,Present,,10:00-17:00
2026-06-15,B01,JAY02,Present,,10:00-17:00
2026-06-15,B01,JAY03,Present,,10:00-17:00
2026-06-15,B01,JAY04,Present,,10:00-17:00
2026-06-15,B01,JAY05,Present,,10:00-17:00
2026-06-15,B01,JAY06,Present,,10:00-17:00
2026-06-15,B01,JAY08,Present,,10:00-17:00
2026-06-15,B01,JAY07,Present,,10:00-17:00
2026-06-15,B02,WHF01,Present,,10:00-17:00
2026-06-15,B02,WHF02,Present,,10:00-17:00
2026-06-15,B02,WHF03,Present,,10:00-17:00
2026-06-15,B02,WHF04,Present,,10:00-17:00
2026-06-15,B02,WHF05,Present,,10:00-17:00
2026-06-15,B02,WHF06,Present,,10:00-17:00
2026-06-15,B02,WHF07,Present,,10:00-17:00
2026-06-15,B03,MAL01,Present,,10:00-17:00
2026-06-15,B03,MAL02,Present,,10:00-17:00
2026-06-15,B03,MAL03,Present,,10:00-17:00
2026-06-15,B03,MAL04,Present,,10:00-17:00
2026-06-15,B03,MAL05,Present,,10:00-17:00
2026-06-15,B03,MAL06,Present,,10:00-17:00
2026-06-15,B03,MAL07,Present,,10:00-17:00
2026-06-15,B04,HSK01,Present,,10:00-17:00
2026-06-15,B04,HSK02,Present,,10:00-17:00
2026-06-15,B04,HSK03,Present,,10:00-17:00
2026-06-15,B04,HSK04,Present,,10:00-17:00
2026-06-15,B04,HSK05,Present,,10:00-17:00
2026-06-15,B05,DEV01,Present,,10:00-17:00
2026-06-15,B05,DEV02,Present,,10:00-17:00
2026-06-15,B05,DEV03,Present,,10:00-17:00
2026-06-15,B05,DEV04,Present,,10:00-17:00
2026-06-16,B01,JAY01,Present,,10:00-17:00
2026-06-16,B01,JAY02,Present,,10:00-17:00
2026-06-16,B01,JAY03,Present,,10:00-17:00
2026-06-16,B01,JAY04,Present,,10:00-17:00
2026-06-16,B01,JAY05,Present,,10:00-17:00
2026-06-16,B01,JAY06,Present,,10:00-17:00
2026-06-16,B01,JAY08,Present,,10:00-17:00
2026-06-16,B01,JAY07,Leave,Sick / unplanned,
2026-06-16,B02,WHF01,Present,,10:00-17:00
2026-06-16,B02,WHF02,Present,,10:00-17:00
2026-06-16,B02,WHF03,Present,,10:00-17:00
2026-06-16,B02,WHF04,Present,,10:00-17:00
2026-06-16,B02,WHF05,Present,,10:00-17:00
2026-06-16,B02,WHF06,Present,,10:00-17:00
2026-06-16,B02,WHF07,Present,,10:00-17:00
2026-06-16,B03,MAL01,Present,,10:00-17:00
2026-06-16,B03,MAL02,Present,,10:00-17:00
2026-06-16,B03,MAL03,Present,,10:00-17:00
2026-06-16,B03,MAL04,Present,,10:00-17:00
2026-06-16,B03,MAL05,Present,,10:00-17:00
2026-06-16,B03,MAL06,Present,,10:00-17:00
2026-06-16,B03,MAL07,Present,,10:00-17:00
2026-06-16,B04,HSK01,Present,,10:00-17:00
2026-06-16,B04,HSK02,Present,,10:00-17:00
2026-06-16,B04,HSK03,Present,,10:00-17:00
2026-06-16,B04,HSK04,Present,,10:00-17:00
2026-06-16,B04,HSK05,Present,,10:00-17:00
2026-06-16,B05,DEV01,Present,,10:00-17:00
2026-06-16,B05,DEV02,Present,,10:00-17:00
2026-06-16,B05,DEV03,Present,,10:00-17:00
2026-06-16,B05,DEV04,Present,,10:00-17:00
2026-06-17,B01,JAY01,Present,,10:00-17:00
2026-06-17,B01,JAY02,Present,,10:00-17:00
2026-06-17,B01,JAY03,Present,,10:00-17:00
2026-06-17,B01,JAY04,Present,,10:00-17:00
2026-06-17,B01,JAY05,Present,,10:00-17:00
2026-06-17,B01,JAY06,Present,,10:00-17:00
2026-06-17,B01,JAY08,Present,,10:00-17:00
2026-06-17,B01,JAY07,Present,,10:00-17:00
2026-06-17,B02,WHF01,Present,,10:00-17:00
2026-06-17,B02,WHF02,Present,,10:00-17:00
2026-06-17,B02,WHF03,Present,,10:00-17:00
2026-06-17,B02,WHF04,Present,,10:00-17:00
2026-06-17,B02,WHF05,Present,,10:00-17:00
2026-06-17,B02,WHF06,Present,,10:00-17:00
2026-06-17,B02,WHF07,Present,,10:00-17:00
2026-06-17,B03,MAL01,Present,,10:00-17:00
2026-06-17,B03,MAL02,Present,,10:00-17:00
2026-06-17,B03,MAL03,Present,,10:00-17:00
2026-06-17,B03,MAL04,Leave,Sick / unplanned,
2026-06-17,B03,MAL05,Present,,10:00-17:00
2026-06-17,B03,MAL06,Present,,10:00-17:00
2026-06-17,B03,MAL07,Present,,10:00-17:00
2026-06-17,B04,HSK01,Present,,10:00-17:00
2026-06-17,B04,HSK02,Present,,10:00-17:00
2026-06-17,B04,HSK03,Present,,10:00-17:00
2026-06-17,B04,HSK04,Present,,10:00-17:00
2026-06-17,B04,HSK05,Present,,10:00-17:00
2026-06-17,B05,DEV01,Present,,10:00-17:00
2026-06-17,B05,DEV02,Present,,10:00-17:00
2026-06-17,B05,DEV03,Present,,10:00-17:00
2026-06-17,B05,DEV04,Present,,10:00-17:00
2026-06-18,B01,JAY01,Present,,10:00-17:00
2026-06-18,B01,JAY02,Present,,10:00-17:00
2026-06-18,B01,JAY03,Present,,10:00-17:00
2026-06-18,B01,JAY04,Present,,10:00-17:00
2026-06-18,B01,JAY05,Present,,10:00-17:00
2026-06-18,B01,JAY06,Present,,10:00-17:00
2026-06-18,B01,JAY08,Present,,10:00-17:00
2026-06-18,B01,JAY07,Present,,10:00-17:00
2026-06-18,B02,WHF01,Present,,10:00-17:00
2026-06-18,B02,WHF02,Present,,10:00-17:00
2026-06-18,B02,WHF03,Present,,10:00-17:00
2026-06-18,B02,WHF04,Present,,10:00-17:00
2026-06-18,B02,WHF05,Leave,Sick / unplanned,
2026-06-18,B02,WHF06,Present,,10:00-17:00
2026-06-18,B02,WHF07,Present,,10:00-17:00
2026-06-18,B03,MAL01,Present,,10:00-17:00
2026-06-18,B03,MAL02,Present,,10:00-17:00
2026-06-18,B03,MAL03,Present,,10:00-17:00
2026-06-18,B03,MAL04,Present,,10:00-17:00
2026-06-18,B03,MAL05,Present,,10:00-17:00
2026-06-18,B03,MAL06,Present,,10:00-17:00
2026-06-18,B03,MAL07,Present,,10:00-17:00
2026-06-18,B04,HSK01,Present,,10:00-17:00
2026-06-18,B04,HSK02,Present,,10:00-17:00
2026-06-18,B04,HSK03,Present,,10:00-17:00
2026-06-18,B04,HSK04,Present,,10:00-17:00
2026-06-18,B04,HSK05,Present,,10:00-17:00
2026-06-18,B05,DEV01,Present,,10:00-17:00
2026-06-18,B05,DEV02,Present,,10:00-17:00
2026-06-18,B05,DEV03,Present,,10:00-17:00
2026-06-18,B05,DEV04,Present,,10:00-17:00
2026-06-19,B01,JAY01,Present,,10:00-17:00
2026-06-19,B01,JAY02,Present,,10:00-17:00
2026-06-19,B01,JAY03,Leave,Sick / unplanned,
2026-06-19,B01,JAY04,Present,,10:00-17:00
2026-06-19,B01,JAY05,Present,,10:00-17:00
2026-06-19,B01,JAY06,Present,,10:00-17:00
2026-06-19,B01,JAY08,Present,,10:00-17:00
2026-06-19,B01,JAY07,Present,,10:00-17:00
2026-06-19,B02,WHF01,Present,,10:00-17:00
2026-06-19,B02,WHF02,Present,,10:00-17:00
2026-06-19,B02,WHF03,Present,,10:00-17:00
2026-06-19,B02,WHF04,Present,,10:00-17:00
2026-06-19,B02,WHF05,Present,,10:00-17:00
2026-06-19,B02,WHF06,Present,,10:00-17:00
2026-06-19,B02,WHF07,Present,,10:00-17:00
2026-06-19,B03,MAL01,Present,,10:00-17:00
2026-06-19,B03,MAL02,Present,,10:00-17:00
2026-06-19,B03,MAL03,Present,,10:00-17:00
2026-06-19,B03,MAL04,Present,,10:00-17:00
2026-06-19,B03,MAL05,Present,,10:00-17:00
2026-06-19,B03,MAL06,Present,,10:00-17:00
2026-06-19,B03,MAL07,Present,,10:00-17:00
2026-06-19,B04,HSK01,Present,,10:00-17:00
2026-06-19,B04,HSK02,Present,,10:00-17:00
2026-06-19,B04,HSK03,Present,,10:00-17:00
2026-06-19,B04,HSK04,Present,,10:00-17:00
2026-06-19,B04,HSK05,Present,,10:00-17:00
2026-06-19,B05,DEV01,Present,,10:00-17:00
2026-06-19,B05,DEV02,Present,,10:00-17:00
2026-06-19,B05,DEV03,Present,,10:00-17:00
2026-06-19,B05,DEV04,Present,,10:00-17:00
2026-06-20,B01,JAY01,Present,,10:00-17:00
2026-06-20,B01,JAY02,Present,,10:00-17:00
2026-06-20,B01,JAY03,Present,,10:00-17:00
2026-06-20,B01,JAY04,Present,,10:00-17:00
2026-06-20,B01,JAY05,Present,,10:00-17:00
2026-06-20,B01,JAY06,Present,,10:00-17:00
2026-06-20,B01,JAY08,Present,,10:00-17:00
2026-06-20,B01,JAY07,Present,,10:00-17:00
2026-06-20,B02,WHF01,Present,,10:00-17:00
2026-06-20,B02,WHF02,Present,,10:00-17:00
2026-06-20,B02,WHF03,Present,,10:00-17:00
2026-06-20,B02,WHF04,Present,,10:00-17:00
2026-06-20,B02,WHF05,Present,,10:00-17:00
2026-06-20,B02,WHF06,Present,,10:00-17:00
2026-06-20,B02,WHF07,Present,,10:00-17:00
2026-06-20,B03,MAL01,Present,,10:00-17:00
2026-06-20,B03,MAL02,Present,,10:00-17:00
2026-06-20,B03,MAL03,Present,,10:00-17:00
2026-06-20,B03,MAL04,Present,,10:00-17:00
2026-06-20,B03,MAL05,Present,,10:00-17:00
2026-06-20,B03,MAL06,Present,,10:00-17:00
2026-06-20,B03,MAL07,Present,,10:00-17:00
2026-06-20,B04,HSK01,Present,,10:00-17:00
2026-06-20,B04,HSK02,Present,,10:00-17:00
2026-06-20,B04,HSK03,Present,,10:00-17:00
2026-06-20,B04,HSK04,Leave,Sick / unplanned,
2026-06-20,B04,HSK05,Present,,10:00-17:00
2026-06-20,B05,DEV01,Present,,10:00-17:00
2026-06-20,B05,DEV02,Present,,10:00-17:00
2026-06-20,B05,DEV03,Present,,10:00-17:00
2026-06-20,B05,DEV04,Present,,10:00-17:00
2026-06-22,B01,JAY01,Present,,10:00-17:00
2026-06-22,B01,JAY02,Present,,10:00-17:00
2026-06-22,B01,JAY03,Present,,10:00-17:00
2026-06-22,B01,JAY04,Present,,10:00-17:00
2026-06-22,B01,JAY05,Present,,10:00-17:00
2026-06-22,B01,JAY06,Present,,10:00-17:00
2026-06-22,B01,JAY08,Present,,10:00-17:00
2026-06-22,B01,JAY07,Present,,10:00-17:00
2026-06-22,B02,WHF01,Present,,10:00-17:00
2026-06-22,B02,WHF02,Present,,10:00-17:00
2026-06-22,B02,WHF03,Present,,10:00-17:00
2026-06-22,B02,WHF04,Present,,10:00-17:00
2026-06-22,B02,WHF05,Present,,10:00-17:00
2026-06-22,B02,WHF06,Present,,10:00-17:00
2026-06-22,B02,WHF07,Present,,10:00-17:00
2026-06-22,B03,MAL01,Present,,10:00-17:00
2026-06-22,B03,MAL02,Present,,10:00-17:00
2026-06-22,B03,MAL03,Present,,10:00-17:00
2026-06-22,B03,MAL04,Present,,10:00-17:00
2026-06-22,B03,MAL05,Present,,10:00-17:00
2026-06-22,B03,MAL06,Present,,10:00-17:00
2026-06-22,B03,MAL07,Present,,10:00-17:00
2026-06-22,B04,HSK01,Leave,Sick / unplanned,
2026-06-22,B04,HSK02,Leave,Sick / unplanned,
2026-06-22,B04,HSK03,Present,,10:00-17:00
2026-06-22,B04,HSK04,Present,,10:00-17:00
2026-06-22,B04,HSK05,Present,,10:00-17:00
2026-06-22,B05,DEV01,Present,,10:00-17:00
2026-06-22,B05,DEV02,Leave,Sick / unplanned,
2026-06-22,B05,DEV03,Present,,10:00-17:00
2026-06-22,B05,DEV04,Present,,10:00-17:00
2026-06-23,B01,JAY01,Present,,10:00-17:00
2026-06-23,B01,JAY02,Present,,10:00-17:00
2026-06-23,B01,JAY03,Present,,10:00-17:00
2026-06-23,B01,JAY04,Present,,10:00-17:00
2026-06-23,B01,JAY05,Present,,10:00-17:00
2026-06-23,B01,JAY06,Present,,10:00-17:00
2026-06-23,B01,JAY08,Present,,10:00-17:00
2026-06-23,B01,JAY07,Present,,10:00-17:00
2026-06-23,B02,WHF01,Present,,10:00-17:00
2026-06-23,B02,WHF02,Present,,10:00-17:00
2026-06-23,B02,WHF03,Present,,10:00-17:00
2026-06-23,B02,WHF04,Present,,10:00-17:00
2026-06-23,B02,WHF05,Present,,10:00-17:00
2026-06-23,B02,WHF06,Present,,10:00-17:00
2026-06-23,B02,WHF07,Present,,10:00-17:00
2026-06-23,B03,MAL01,Present,,10:00-17:00
2026-06-23,B03,MAL02,Present,,10:00-17:00
2026-06-23,B03,MAL03,Present,,10:00-17:00
2026-06-23,B03,MAL04,Present,,10:00-17:00
2026-06-23,B03,MAL05,Present,,10:00-17:00
2026-06-23,B03,MAL06,Present,,10:00-17:00
2026-06-23,B03,MAL07,Present,,10:00-17:00
2026-06-23,B04,HSK01,Present,,10:00-17:00
2026-06-23,B04,HSK02,Present,,10:00-17:00
2026-06-23,B04,HSK03,Present,,10:00-17:00
2026-06-23,B04,HSK04,Present,,10:00-17:00
2026-06-23,B04,HSK05,Present,,10:00-17:00
2026-06-23,B05,DEV01,Present,,10:00-17:00
2026-06-23,B05,DEV02,Present,,10:00-17:00
2026-06-23,B05,DEV03,Present,,10:00-17:00
2026-06-23,B05,DEV04,Present,,10:00-17:00
2026-06-24,B01,JAY01,Present,,10:00-17:00
2026-06-24,B01,JAY02,Present,,10:00-17:00
2026-06-24,B01,JAY03,Present,,10:00-17:00
2026-06-24,B01,JAY04,Present,,10:00-17:00
2026-06-24,B01,JAY05,Present,,10:00-17:00
2026-06-24,B01,JAY06,Present,,10:00-17:00
2026-06-24,B01,JAY08,Present,,10:00-17:00
2026-06-24,B01,JAY07,Present,,10:00-17:00
2026-06-24,B02,WHF01,Present,,10:00-17:00
2026-06-24,B02,WHF02,Present,,10:00-17:00
2026-06-24,B02,WHF03,Present,,10:00-17:00
2026-06-24,B02,WHF04,Present,,10:00-17:00
2026-06-24,B02,WHF05,Leave,Sick / unplanned,
2026-06-24,B02,WHF06,Present,,10:00-17:00
2026-06-24,B02,WHF07,Present,,10:00-17:00
2026-06-24,B03,MAL01,Present,,10:00-17:00
2026-06-24,B03,MAL02,Present,,10:00-17:00
2026-06-24,B03,MAL03,Present,,10:00-17:00
2026-06-24,B03,MAL04,Present,,10:00-17:00
2026-06-24,B03,MAL05,Present,,10:00-17:00
2026-06-24,B03,MAL06,Present,,10:00-17:00
2026-06-24,B03,MAL07,Present,,10:00-17:00
2026-06-24,B04,HSK01,Present,,10:00-17:00
2026-06-24,B04,HSK02,Present,,10:00-17:00
2026-06-24,B04,HSK03,Present,,10:00-17:00
2026-06-24,B04,HSK04,Present,,10:00-17:00
2026-06-24,B04,HSK05,Present,,10:00-17:00
2026-06-24,B05,DEV01,Present,,10:00-17:00
2026-06-24,B05,DEV02,Present,,10:00-17:00
2026-06-24,B05,DEV03,Present,,10:00-17:00
2026-06-24,B05,DEV04,Present,,10:00-17:00
2026-06-25,B01,JAY01,Present,,10:00-17:00
2026-06-25,B01,JAY02,Present,,10:00-17:00
2026-06-25,B01,JAY03,Present,,10:00-17:00
2026-06-25,B01,JAY04,Present,,10:00-17:00
2026-06-25,B01,JAY05,Present,,10:00-17:00
2026-06-25,B01,JAY06,Present,,10:00-17:00
2026-06-25,B01,JAY08,Present,,10:00-17:00
2026-06-25,B01,JAY07,Present,,10:00-17:00
2026-06-25,B02,WHF01,Present,,10:00-17:00
2026-06-25,B02,WHF02,Present,,10:00-17:00
2026-06-25,B02,WHF03,Present,,10:00-17:00
2026-06-25,B02,WHF04,Present,,10:00-17:00
2026-06-25,B02,WHF05,Present,,10:00-17:00
2026-06-25,B02,WHF06,Present,,10:00-17:00
2026-06-25,B02,WHF07,Present,,10:00-17:00
2026-06-25,B03,MAL01,Present,,10:00-17:00
2026-06-25,B03,MAL02,Present,,10:00-17:00
2026-06-25,B03,MAL03,Present,,10:00-17:00
2026-06-25,B03,MAL04,Present,,10:00-17:00
2026-06-25,B03,MAL05,Present,,10:00-17:00
2026-06-25,B03,MAL06,Present,,10:00-17:00
2026-06-25,B03,MAL07,Present,,10:00-17:00
2026-06-25,B04,HSK01,Leave,Sick / unplanned,
2026-06-25,B04,HSK02,Present,,10:00-17:00
2026-06-25,B04,HSK03,Leave,Sick / unplanned,
2026-06-25,B04,HSK04,Present,,10:00-17:00
2026-06-25,B04,HSK05,Present,,10:00-17:00
2026-06-25,B05,DEV01,Present,,10:00-17:00
2026-06-25,B05,DEV02,Present,,10:00-17:00
2026-06-25,B05,DEV03,Present,,10:00-17:00
2026-06-25,B05,DEV04,Leave,Sick / unplanned,
2026-06-29,B01,JAY01,Present,,10:00-17:00
2026-06-29,B01,JAY02,Present,,10:00-17:00
2026-06-29,B01,JAY03,Present,,10:00-17:00
2026-06-29,B01,JAY04,Present,,10:00-17:00
2026-06-29,B01,JAY05,Leave,Sick / unplanned,
2026-06-29,B01,JAY06,Present,,10:00-17:00
2026-06-29,B01,JAY08,Leave,Sick / unplanned,
2026-06-29,B01,JAY07,Present,,10:00-17:00
2026-06-29,B02,WHF01,Present,,10:00-17:00
2026-06-29,B02,WHF02,Present,,10:00-17:00
2026-06-29,B02,WHF03,Present,,10:00-17:00
2026-06-29,B02,WHF04,Present,,10:00-17:00
2026-06-29,B02,WHF05,Present,,10:00-17:00
2026-06-29,B02,WHF06,Present,,10:00-17:00
2026-06-29,B02,WHF07,Present,,10:00-17:00
2026-06-29,B03,MAL01,Present,,10:00-17:00
2026-06-29,B03,MAL02,Present,,10:00-17:00
2026-06-29,B03,MAL03,Present,,10:00-17:00
2026-06-29,B03,MAL04,Present,,10:00-17:00
2026-06-29,B03,MAL05,Present,,10:00-17:00
2026-06-29,B03,MAL06,Present,,10:00-17:00
2026-06-29,B03,MAL07,Present,,10:00-17:00
2026-06-29,B04,HSK01,Present,,10:00-17:00
2026-06-29,B04,HSK02,Present,,10:00-17:00
2026-06-29,B04,HSK03,Present,,10:00-17:00
2026-06-29,B04,HSK04,Present,,10:00-17:00
2026-06-29,B04,HSK05,Present,,10:00-17:00
2026-06-29,B05,DEV01,Present,,10:00-17:00
2026-06-29,B05,DEV02,Present,,10:00-17:00
2026-06-29,B05,DEV03,Present,,10:00-17:00
2026-06-29,B05,DEV04,Present,,10:00-17:00
2026-06-30,B01,JAY01,Present,,10:00-17:00
2026-06-30,B01,JAY02,Present,,10:00-17:00
2026-06-30,B01,JAY03,Present,,10:00-17:00
2026-06-30,B01,JAY04,Present,,10:00-17:00
2026-06-30,B01,JAY05,Present,,10:00-17:00
2026-06-30,B01,JAY06,Present,,10:00-17:00
2026-06-30,B01,JAY08,Present,,10:00-17:00
2026-06-30,B01,JAY07,Present,,10:00-17:00
2026-06-30,B02,WHF01,Leave,Sick / unplanned,
2026-06-30,B02,WHF02,Present,,10:00-17:00
2026-06-30,B02,WHF03,Present,,10:00-17:00
2026-06-30,B02,WHF04,Present,,10:00-17:00
2026-06-30,B02,WHF05,Present,,10:00-17:00
2026-06-30,B02,WHF06,Present,,10:00-17:00
2026-06-30,B02,WHF07,Present,,10:00-17:00
2026-06-30,B03,MAL01,Present,,10:00-17:00
2026-06-30,B03,MAL02,Present,,10:00-17:00
2026-06-30,B03,MAL03,Present,,10:00-17:00
2026-06-30,B03,MAL04,Present,,10:00-17:00
2026-06-30,B03,MAL05,Present,,10:00-17:00
2026-06-30,B03,MAL06,Present,,10:00-17:00
2026-06-30,B03,MAL07,Present,,10:00-17:00
2026-06-30,B04,HSK01,Present,,10:00-17:00
2026-06-30,B04,HSK02,Present,,10:00-17:00
2026-06-30,B04,HSK03,Present,,10:00-17:00
2026-06-30,B04,HSK04,Present,,10:00-17:00
2026-06-30,B04,HSK05,Present,,10:00-17:00
2026-06-30,B05,DEV01,Present,,10:00-17:00
2026-06-30,B05,DEV02,Present,,10:00-17:00
2026-06-30,B05,DEV03,Present,,10:00-17:00
2026-06-30,B05,DEV04,Present,,10:00-17:00
2026-07-01,B01,JAY01,Present,,10:00-17:00
2026-07-01,B01,JAY02,Present,,10:00-17:00
2026-07-01,B01,JAY03,Present,,10:00-17:00
2026-07-01,B01,JAY04,Present,,10:00-17:00
2026-07-01,B01,JAY05,Present,,10:00-17:00
2026-07-01,B01,JAY06,Present,,10:00-17:00
2026-07-01,B01,JAY08,Present,,10:00-17:00
2026-07-01,B01,JAY07,Present,,10:00-17:00
2026-07-01,B02,WHF01,Present,,10:00-17:00
2026-07-01,B02,WHF02,Present,,10:00-17:00
2026-07-01,B02,WHF03,Present,,10:00-17:00
2026-07-01,B02,WHF04,Present,,10:00-17:00
2026-07-01,B02,WHF05,Present,,10:00-17:00
2026-07-01,B02,WHF06,Present,,10:00-17:00
2026-07-01,B02,WHF07,Present,,10:00-17:00
2026-07-01,B03,MAL01,Present,,10:00-17:00
2026-07-01,B03,MAL02,Present,,10:00-17:00
2026-07-01,B03,MAL03,Present,,10:00-17:00
2026-07-01,B03,MAL04,Present,,10:00-17:00
2026-07-01,B03,MAL05,Present,,10:00-17:00
2026-07-01,B03,MAL06,Present,,10:00-17:00
2026-07-01,B03,MAL07,Present,,10:00-17:00
2026-07-01,B04,HSK01,Present,,10:00-17:00
2026-07-01,B04,HSK02,Leave,Transfer gap,
2026-07-01,B04,HSK03,Present,,10:00-17:00
2026-07-01,B04,HSK04,Present,,10:00-17:00
2026-07-01,B04,HSK05,Present,,10:00-17:00
2026-07-01,B05,DEV01,Present,,10:00-17:00
2026-07-01,B05,DEV02,Present,,10:00-17:00
2026-07-01,B05,DEV03,Present,,10:00-17:00
2026-07-01,B05,DEV04,Present,,10:00-17:00
2026-07-02,B01,JAY01,Present,,10:00-17:00
2026-07-02,B01,JAY02,Present,,10:00-17:00
2026-07-02,B01,JAY03,Present,,10:00-17:00
2026-07-02,B01,JAY04,Present,,10:00-17:00
2026-07-02,B01,JAY05,Present,,10:00-17:00
2026-07-02,B01,JAY06,Present,,10:00-17:00
2026-07-02,B01,JAY08,Present,,10:00-17:00
2026-07-02,B01,JAY07,Present,,10:00-17:00
2026-07-02,B02,WHF01,Present,,10:00-17:00
2026-07-02,B02,WHF02,Present,,10:00-17:00
2026-07-02,B02,WHF03,Present,,10:00-17:00
2026-07-02,B02,WHF04,Present,,10:00-17:00
2026-07-02,B02,WHF05,Present,,10:00-17:00
2026-07-02,B02,WHF06,Present,,10:00-17:00
2026-07-02,B02,WHF07,Present,,10:00-17:00
2026-07-02,B03,MAL01,Present,,10:00-17:00
2026-07-02,B03,MAL02,Present,,10:00-17:00
2026-07-02,B03,MAL03,Present,,10:00-17:00
2026-07-02,B03,MAL04,Leave,Sick / unplanned,
2026-07-02,B03,MAL05,Present,,10:00-17:00
2026-07-02,B03,MAL06,Present,,10:00-17:00
2026-07-02,B03,MAL07,Present,,10:00-17:00
2026-07-02,B04,HSK01,Present,,10:00-17:00
2026-07-02,B04,HSK02,Leave,Transfer gap,
2026-07-02,B04,HSK03,Present,,10:00-17:00
2026-07-02,B04,HSK04,Present,,10:00-17:00
2026-07-02,B04,HSK05,Present,,10:00-17:00
2026-07-02,B05,DEV01,Present,,10:00-17:00
2026-07-02,B05,DEV02,Present,,10:00-17:00
2026-07-02,B05,DEV03,Present,,10:00-17:00
2026-07-02,B05,DEV04,Present,,10:00-17:00
2026-07-03,B01,JAY01,Present,,10:00-17:00
2026-07-03,B01,JAY02,Present,,10:00-17:00
2026-07-03,B01,JAY03,Present,,10:00-17:00
2026-07-03,B01,JAY04,Present,,10:00-17:00
2026-07-03,B01,JAY05,Present,,10:00-17:00
2026-07-03,B01,JAY06,Present,,10:00-17:00
2026-07-03,B01,JAY08,Present,,10:00-17:00
2026-07-03,B01,JAY07,Present,,10:00-17:00
2026-07-03,B02,WHF01,Present,,10:00-17:00
2026-07-03,B02,WHF02,Present,,10:00-17:00
2026-07-03,B02,WHF03,Present,,10:00-17:00
2026-07-03,B02,WHF04,Present,,10:00-17:00
2026-07-03,B02,WHF05,Present,,10:00-17:00
2026-07-03,B02,WHF06,Present,,10:00-17:00
2026-07-03,B02,WHF07,Present,,10:00-17:00
2026-07-03,B03,MAL01,Present,,10:00-17:00
2026-07-03,B03,MAL02,Present,,10:00-17:00
2026-07-03,B03,MAL03,Present,,10:00-17:00
2026-07-03,B03,MAL04,Present,,10:00-17:00
2026-07-03,B03,MAL05,Present,,10:00-17:00
2026-07-03,B03,MAL06,Present,,10:00-17:00
2026-07-03,B03,MAL07,Present,,10:00-17:00
2026-07-03,B04,HSK01,Present,,10:00-17:00
2026-07-03,B04,HSK02,Leave,Transfer gap,
2026-07-03,B04,HSK03,Present,,10:00-17:00
2026-07-03,B04,HSK04,Present,,10:00-17:00
2026-07-03,B04,HSK05,Present,,10:00-17:00
2026-07-03,B05,DEV01,Present,,10:00-17:00
2026-07-03,B05,DEV02,Present,,10:00-17:00
2026-07-03,B05,DEV03,Present,,10:00-17:00
2026-07-03,B05,DEV04,Present,,10:00-17:00
2026-07-04,B01,JAY01,Present,,10:00-17:00
2026-07-04,B01,JAY02,Leave,Sick / unplanned,
2026-07-04,B01,JAY03,Present,,10:00-17:00
2026-07-04,B01,JAY04,Leave,Sick / unplanned,
2026-07-04,B01,JAY05,Present,,10:00-17:00
2026-07-04,B01,JAY06,Present,,10:00-17:00
2026-07-04,B01,JAY08,Present,,10:00-17:00
2026-07-04,B01,JAY07,Present,,10:00-17:00
2026-07-04,B02,WHF01,Present,,10:00-17:00
2026-07-04,B02,WHF02,Leave,Sick / unplanned,
2026-07-04,B02,WHF03,Present,,10:00-17:00
2026-07-04,B02,WHF04,Present,,10:00-17:00
2026-07-04,B02,WHF05,Present,,10:00-17:00
2026-07-04,B02,WHF06,Present,,10:00-17:00
2026-07-04,B02,WHF07,Present,,10:00-17:00
2026-07-04,B03,MAL01,Present,,10:00-17:00
2026-07-04,B03,MAL02,Present,,10:00-17:00
2026-07-04,B03,MAL03,Present,,10:00-17:00
2026-07-04,B03,MAL04,Present,,10:00-17:00
2026-07-04,B03,MAL05,Present,,10:00-17:00
2026-07-04,B03,MAL06,Present,,10:00-17:00
2026-07-04,B03,MAL07,Present,,10:00-17:00
2026-07-04,B04,HSK01,Present,,10:00-17:00
2026-07-04,B04,HSK02,Leave,Transfer gap,
2026-07-04,B04,HSK03,Present,,10:00-17:00
2026-07-04,B04,HSK04,Leave,Sick / unplanned,
2026-07-04,B04,HSK05,Present,,10:00-17:00
2026-07-04,B05,DEV01,Present,,10:00-17:00
2026-07-04,B05,DEV02,Present,,10:00-17:00
2026-07-04,B05,DEV03,Present,,10:00-17:00
2026-07-04,B05,DEV04,Present,,10:00-17:00
2026-07-06,B01,JAY01,Present,,10:00-17:00
2026-07-06,B01,JAY02,Present,,10:00-17:00
2026-07-06,B01,JAY03,Present,,10:00-17:00
2026-07-06,B01,JAY04,Present,,10:00-17:00
2026-07-06,B01,JAY05,Present,,10:00-17:00
2026-07-06,B01,JAY06,Present,,10:00-17:00
2026-07-06,B01,JAY08,Present,,10:00-17:00
2026-07-06,B01,JAY07,Present,,10:00-17:00
2026-07-06,B02,WHF01,Present,,10:00-17:00
2026-07-06,B02,WHF02,Present,,10:00-17:00
2026-07-06,B02,WHF03,Present,,10:00-17:00
2026-07-06,B02,WHF04,Present,,10:00-17:00
2026-07-06,B02,WHF05,Present,,10:00-17:00
2026-07-06,B02,WHF06,Present,,10:00-17:00
2026-07-06,B02,WHF07,Present,,10:00-17:00
2026-07-06,B03,MAL01,Present,,10:00-17:00
2026-07-06,B03,MAL02,Present,,10:00-17:00
2026-07-06,B03,MAL03,Present,,10:00-17:00
2026-07-06,B03,MAL04,Present,,10:00-17:00
2026-07-06,B03,MAL05,Present,,10:00-17:00
2026-07-06,B03,MAL06,Present,,10:00-17:00
2026-07-06,B03,MAL07,Present,,10:00-17:00
2026-07-06,B04,HSK01,Present,,10:00-17:00
2026-07-06,B04,HSK02,Leave,Transfer gap,
2026-07-06,B04,HSK03,Leave,Sick / unplanned,
2026-07-06,B04,HSK04,Present,,10:00-17:00
2026-07-06,B04,HSK05,Present,,10:00-17:00
2026-07-06,B05,DEV01,Present,,10:00-17:00
2026-07-06,B05,DEV02,Present,,10:00-17:00
2026-07-06,B05,DEV03,Present,,10:00-17:00
2026-07-06,B05,DEV04,Present,,10:00-17:00
2026-07-07,B01,JAY01,Present,,10:00-17:00
2026-07-07,B01,JAY02,Present,,10:00-17:00
2026-07-07,B01,JAY03,Present,,10:00-17:00
2026-07-07,B01,JAY04,Present,,10:00-17:00
2026-07-07,B01,JAY05,Present,,10:00-17:00
2026-07-07,B01,JAY06,Present,,10:00-17:00
2026-07-07,B01,JAY08,Present,,10:00-17:00
2026-07-07,B01,JAY07,Present,,10:00-17:00
2026-07-07,B02,WHF01,Present,,10:00-17:00
2026-07-07,B02,WHF02,Present,,10:00-17:00
2026-07-07,B02,WHF03,Present,,10:00-17:00
2026-07-07,B02,WHF04,Leave,Sick / unplanned,
2026-07-07,B02,WHF05,Present,,10:00-17:00
2026-07-07,B02,WHF06,Present,,10:00-17:00
2026-07-07,B02,WHF07,Present,,10:00-17:00
2026-07-07,B03,MAL01,Present,,10:00-17:00
2026-07-07,B03,MAL02,Present,,10:00-17:00
2026-07-07,B03,MAL03,Present,,10:00-17:00
2026-07-07,B03,MAL04,Present,,10:00-17:00
2026-07-07,B03,MAL05,Present,,10:00-17:00
2026-07-07,B03,MAL06,Present,,10:00-17:00
2026-07-07,B03,MAL07,Present,,10:00-17:00
2026-07-07,B04,HSK01,Present,,10:00-17:00
2026-07-07,B04,HSK02,Leave,Transfer gap,
2026-07-07,B04,HSK03,Present,,10:00-17:00
2026-07-07,B04,HSK04,Present,,10:00-17:00
2026-07-07,B04,HSK05,Present,,10:00-17:00
2026-07-07,B05,DEV01,Present,,10:00-17:00
2026-07-07,B05,DEV02,Present,,10:00-17:00
2026-07-07,B05,DEV03,Present,,10:00-17:00
2026-07-07,B05,DEV04,Present,,10:00-17:00
2026-07-08,B01,JAY01,Present,,10:00-17:00
2026-07-08,B01,JAY02,Present,,10:00-17:00
2026-07-08,B01,JAY03,Present,,10:00-17:00
2026-07-08,B01,JAY04,Present,,10:00-17:00
2026-07-08,B01,JAY05,Present,,10:00-17:00
2026-07-08,B01,JAY06,Present,,10:00-17:00
2026-07-08,B01,JAY08,Present,,10:00-17:00
2026-07-08,B01,JAY07,Present,,10:00-17:00
2026-07-08,B02,WHF01,Present,,10:00-17:00
2026-07-08,B02,WHF02,Present,,10:00-17:00
2026-07-08,B02,WHF03,Present,,10:00-17:00
2026-07-08,B02,WHF04,Present,,10:00-17:00
2026-07-08,B02,WHF05,Present,,10:00-17:00
2026-07-08,B02,WHF06,Present,,10:00-17:00
2026-07-08,B02,WHF07,Present,,10:00-17:00
2026-07-08,B03,MAL01,Present,,10:00-17:00
2026-07-08,B03,MAL02,Present,,10:00-17:00
2026-07-08,B03,MAL03,Present,,10:00-17:00
2026-07-08,B03,MAL04,Present,,10:00-17:00
2026-07-08,B03,MAL05,Present,,10:00-17:00
2026-07-08,B03,MAL06,Present,,10:00-17:00
2026-07-08,B03,MAL07,Present,,10:00-17:00
2026-07-08,B04,HSK01,Present,,10:00-17:00
2026-07-08,B04,HSK02,Leave,Transfer gap,
2026-07-08,B04,HSK03,Present,,10:00-17:00
2026-07-08,B04,HSK04,Present,,10:00-17:00
2026-07-08,B04,HSK05,Present,,10:00-17:00
2026-07-08,B05,DEV01,Present,,10:00-17:00
2026-07-08,B05,DEV02,Present,,10:00-17:00
2026-07-08,B05,DEV03,Present,,10:00-17:00
2026-07-08,B05,DEV04,Present,,10:00-17:00
2026-07-09,B01,JAY01,Present,,10:00-17:00
2026-07-09,B01,JAY02,Present,,10:00-17:00
2026-07-09,B01,JAY03,Present,,10:00-17:00
2026-07-09,B01,JAY04,Present,,10:00-17:00
2026-07-09,B01,JAY05,Present,,10:00-17:00
2026-07-09,B01,JAY06,Present,,10:00-17:00
2026-07-09,B01,JAY08,Present,,10:00-17:00
2026-07-09,B01,JAY07,Present,,10:00-17:00
2026-07-09,B02,WHF01,Present,,10:00-17:00
2026-07-09,B02,WHF02,Present,,10:00-17:00
2026-07-09,B02,WHF03,Present,,10:00-17:00
2026-07-09,B02,WHF04,Present,,10:00-17:00
2026-07-09,B02,WHF05,Present,,10:00-17:00
2026-07-09,B02,WHF06,Present,,10:00-17:00
2026-07-09,B02,WHF07,Present,,10:00-17:00
2026-07-09,B03,MAL01,Present,,10:00-17:00
2026-07-09,B03,MAL02,Present,,10:00-17:00
2026-07-09,B03,MAL03,Present,,10:00-17:00
2026-07-09,B03,MAL04,Present,,10:00-17:00
2026-07-09,B03,MAL05,Present,,10:00-17:00
2026-07-09,B03,MAL06,Present,,10:00-17:00
2026-07-09,B03,MAL07,Present,,10:00-17:00
2026-07-09,B04,HSK01,Present,,10:00-17:00
2026-07-09,B04,HSK02,Leave,Transfer gap,
2026-07-09,B04,HSK03,Leave,Sick / unplanned,
2026-07-09,B04,HSK04,Present,,10:00-17:00
2026-07-09,B04,HSK05,Present,,10:00-17:00
2026-07-09,B05,DEV01,Present,,10:00-17:00
2026-07-09,B05,DEV02,Present,,10:00-17:00
2026-07-09,B05,DEV03,Present,,10:00-17:00
2026-07-09,B05,DEV04,Present,,10:00-17:00
2026-07-10,B01,JAY01,Present,,10:00-17:00
2026-07-10,B01,JAY02,Present,,10:00-17:00
2026-07-10,B01,JAY03,Present,,10:00-17:00
2026-07-10,B01,JAY04,Present,,10:00-17:00
2026-07-10,B01,JAY05,Present,,10:00-17:00
2026-07-10,B01,JAY06,Present,,10:00-17:00
2026-07-10,B01,JAY08,Present,,10:00-17:00
2026-07-10,B01,JAY07,Present,,10:00-17:00
2026-07-10,B02,WHF01,Present,,10:00-17:00
2026-07-10,B02,WHF02,Present,,10:00-17:00
2026-07-10,B02,WHF03,Present,,10:00-17:00
2026-07-10,B02,WHF04,Present,,10:00-17:00
2026-07-10,B02,WHF05,Present,,10:00-17:00
2026-07-10,B02,WHF06,Present,,10:00-17:00
2026-07-10,B02,WHF07,Present,,10:00-17:00
2026-07-10,B03,MAL01,Present,,10:00-17:00
2026-07-10,B03,MAL02,Present,,10:00-17:00
2026-07-10,B03,MAL03,Present,,10:00-17:00
2026-07-10,B03,MAL04,Present,,10:00-17:00
2026-07-10,B03,MAL05,Present,,10:00-17:00
2026-07-10,B03,MAL06,Present,,10:00-17:00
2026-07-10,B03,MAL07,Present,,10:00-17:00
2026-07-10,B04,HSK01,Present,,10:00-17:00
2026-07-10,B04,HSK02,Leave,Transfer gap,
2026-07-10,B04,HSK03,Present,,10:00-17:00
2026-07-10,B04,HSK04,Present,,10:00-17:00
2026-07-10,B04,HSK05,Present,,10:00-17:00
2026-07-10,B05,DEV01,Present,,10:00-17:00
2026-07-10,B05,DEV02,Present,,10:00-17:00
2026-07-10,B05,DEV03,Present,,10:00-17:00
2026-07-10,B05,DEV04,Present,,10:00-17:00
2026-07-13,B01,JAY01,Leave,Sick / unplanned,
2026-07-13,B01,JAY02,Present,,10:00-17:00
2026-07-13,B01,JAY03,Present,,10:00-17:00
2026-07-13,B01,JAY04,Present,,10:00-17:00
2026-07-13,B01,JAY05,Present,,10:00-17:00
2026-07-13,B01,JAY06,Present,,10:00-17:00
2026-07-13,B01,JAY08,Present,,10:00-17:00
2026-07-13,B01,JAY07,Present,,10:00-17:00
2026-07-13,B02,WHF01,Leave,Sick / unplanned,
2026-07-13,B02,WHF02,Present,,10:00-17:00
2026-07-13,B02,WHF03,Present,,10:00-17:00
2026-07-13,B02,WHF04,Present,,10:00-17:00
2026-07-13,B02,WHF05,Present,,10:00-17:00
2026-07-13,B02,WHF06,Present,,10:00-17:00
2026-07-13,B02,WHF07,Present,,10:00-17:00
2026-07-13,B03,MAL01,Present,,10:00-17:00
2026-07-13,B03,MAL02,Present,,10:00-17:00
2026-07-13,B03,MAL03,Present,,10:00-17:00
2026-07-13,B03,MAL04,Present,,10:00-17:00
2026-07-13,B03,MAL05,Present,,10:00-17:00
2026-07-13,B03,MAL06,Present,,10:00-17:00
2026-07-13,B03,MAL07,Present,,10:00-17:00
2026-07-13,B04,HSK01,Present,,10:00-17:00
2026-07-13,B04,HSK02,Leave,Transfer gap,
2026-07-13,B04,HSK03,Present,,10:00-17:00
2026-07-13,B04,HSK04,Present,,10:00-17:00
2026-07-13,B04,HSK05,Present,,10:00-17:00
2026-07-13,B05,DEV01,Present,,10:00-17:00
2026-07-13,B05,DEV02,Leave,Sick / unplanned,
2026-07-13,B05,DEV03,Present,,10:00-17:00
2026-07-13,B05,DEV04,Leave,Sick / unplanned,
2026-07-14,B01,JAY01,Present,,10:00-17:00
2026-07-14,B01,JAY02,Present,,10:00-17:00
2026-07-14,B01,JAY03,Present,,10:00-17:00
2026-07-14,B01,JAY04,Present,,10:00-17:00
2026-07-14,B01,JAY05,Present,,10:00-17:00
2026-07-14,B01,JAY06,Present,,10:00-17:00
2026-07-14,B01,JAY08,Present,,10:00-17:00
2026-07-14,B01,JAY07,Present,,10:00-17:00
2026-07-14,B02,WHF01,Present,,10:00-17:00
2026-07-14,B02,WHF02,Present,,10:00-17:00
2026-07-14,B02,WHF03,Present,,10:00-17:00
2026-07-14,B02,WHF04,Present,,10:00-17:00
2026-07-14,B02,WHF05,Present,,10:00-17:00
2026-07-14,B02,WHF06,Present,,10:00-17:00
2026-07-14,B02,WHF07,Present,,10:00-17:00
2026-07-14,B03,MAL01,Present,,10:00-17:00
2026-07-14,B03,MAL02,Present,,10:00-17:00
2026-07-14,B03,MAL03,Leave,Sick / unplanned,
2026-07-14,B03,MAL04,Present,,10:00-17:00
2026-07-14,B03,MAL05,Present,,10:00-17:00
2026-07-14,B03,MAL06,Present,,10:00-17:00
2026-07-14,B03,MAL07,Present,,10:00-17:00
2026-07-14,B04,HSK01,Present,,10:00-17:00
2026-07-14,B04,HSK02,Leave,Transfer gap,
2026-07-14,B04,HSK03,Present,,10:00-17:00
2026-07-14,B04,HSK04,Present,,10:00-17:00
2026-07-14,B04,HSK05,Present,,10:00-17:00
2026-07-14,B05,DEV01,Present,,10:00-17:00
2026-07-14,B05,DEV02,Present,,10:00-17:00
2026-07-14,B05,DEV03,Present,,10:00-17:00
2026-07-14,B05,DEV04,Present,,10:00-17:00
2026-07-15,B01,JAY01,Present,,10:00-17:00
2026-07-15,B01,JAY02,Present,,10:00-17:00
2026-07-15,B01,JAY03,Present,,10:00-17:00
2026-07-15,B01,JAY04,Present,,10:00-17:00
2026-07-15,B01,JAY05,Present,,10:00-17:00
2026-07-15,B01,JAY06,Leave,Sick / unplanned,
2026-07-15,B01,JAY08,Present,,10:00-17:00
2026-07-15,B01,JAY07,Present,,10:00-17:00
2026-07-15,B02,WHF01,Present,,10:00-17:00
2026-07-15,B02,WHF02,Present,,10:00-17:00
2026-07-15,B02,WHF03,Present,,10:00-17:00
2026-07-15,B02,WHF04,Leave,Sick / unplanned,
2026-07-15,B02,WHF05,Present,,10:00-17:00
2026-07-15,B02,WHF06,Present,,10:00-17:00
2026-07-15,B02,WHF07,Present,,10:00-17:00
2026-07-15,B03,MAL01,Present,,10:00-17:00
2026-07-15,B03,MAL02,Present,,10:00-17:00
2026-07-15,B03,MAL03,Present,,10:00-17:00
2026-07-15,B03,MAL04,Present,,10:00-17:00
2026-07-15,B03,MAL05,Present,,10:00-17:00
2026-07-15,B03,MAL06,Present,,10:00-17:00
2026-07-15,B03,MAL07,Present,,10:00-17:00
2026-07-15,B04,HSK01,Present,,10:00-17:00
2026-07-15,B04,HSK02,Leave,Transfer gap,
2026-07-15,B04,HSK03,Present,,10:00-17:00
2026-07-15,B04,HSK04,Present,,10:00-17:00
2026-07-15,B04,HSK05,Present,,10:00-17:00
2026-07-15,B05,DEV01,Present,,10:00-17:00
2026-07-15,B05,DEV02,Present,,10:00-17:00
2026-07-15,B05,DEV03,Present,,10:00-17:00
2026-07-15,B05,DEV04,Present,,10:00-17:00
2026-07-16,B01,JAY01,Present,,10:00-17:00
2026-07-16,B01,JAY02,Present,,10:00-17:00
2026-07-16,B01,JAY03,Present,,10:00-17:00
2026-07-16,B01,JAY04,Present,,10:00-17:00
2026-07-16,B01,JAY05,Present,,10:00-17:00
2026-07-16,B01,JAY06,Present,,10:00-17:00
2026-07-16,B01,JAY08,Present,,10:00-17:00
2026-07-16,B01,JAY07,Present,,10:00-17:00
2026-07-16,B02,WHF01,Present,,10:00-17:00
2026-07-16,B02,WHF02,Present,,10:00-17:00
2026-07-16,B02,WHF03,Present,,10:00-17:00
2026-07-16,B02,WHF04,Present,,10:00-17:00
2026-07-16,B02,WHF05,Present,,10:00-17:00
2026-07-16,B02,WHF06,Present,,10:00-17:00
2026-07-16,B02,WHF07,Present,,10:00-17:00
2026-07-16,B03,MAL01,Present,,10:00-17:00
2026-07-16,B03,MAL02,Present,,10:00-17:00
2026-07-16,B03,MAL03,Present,,10:00-17:00
2026-07-16,B03,MAL04,Present,,10:00-17:00
2026-07-16,B03,MAL05,Present,,10:00-17:00
2026-07-16,B03,MAL06,Present,,10:00-17:00
2026-07-16,B03,MAL07,Present,,10:00-17:00
2026-07-16,B04,HSK01,Present,,10:00-17:00
2026-07-16,B04,HSK02,Leave,Transfer gap,
2026-07-16,B04,HSK03,Present,,10:00-17:00
2026-07-16,B04,HSK04,Present,,10:00-17:00
2026-07-16,B04,HSK05,Leave,Sick / unplanned,
2026-07-16,B05,DEV01,Present,,10:00-17:00
2026-07-16,B05,DEV02,Present,,10:00-17:00
2026-07-16,B05,DEV03,Present,,10:00-17:00
2026-07-16,B05,DEV04,Present,,10:00-17:00
2026-07-17,B01,JAY01,Present,,10:00-17:00
2026-07-17,B01,JAY02,Present,,10:00-17:00
2026-07-17,B01,JAY03,Present,,10:00-17:00
2026-07-17,B01,JAY04,Present,,10:00-17:00
2026-07-17,B01,JAY05,Present,,10:00-17:00
2026-07-17,B01,JAY06,Present,,10:00-17:00
2026-07-17,B01,JAY08,Present,,10:00-17:00
2026-07-17,B01,JAY07,Present,,10:00-17:00
2026-07-17,B02,WHF01,Present,,10:00-17:00
2026-07-17,B02,WHF02,Present,,10:00-17:00
2026-07-17,B02,WHF03,Present,,10:00-17:00
2026-07-17,B02,WHF04,Present,,10:00-17:00
2026-07-17,B02,WHF05,Present,,10:00-17:00
2026-07-17,B02,WHF06,Present,,10:00-17:00
2026-07-17,B02,WHF07,Present,,10:00-17:00
2026-07-17,B03,MAL01,Leave,Sick / unplanned,
2026-07-17,B03,MAL02,Present,,10:00-17:00
2026-07-17,B03,MAL03,Present,,10:00-17:00
2026-07-17,B03,MAL04,Present,,10:00-17:00
2026-07-17,B03,MAL05,Present,,10:00-17:00
2026-07-17,B03,MAL06,Present,,10:00-17:00
2026-07-17,B03,MAL07,Present,,10:00-17:00
2026-07-17,B04,HSK01,Present,,10:00-17:00
2026-07-17,B04,HSK02,Leave,Transfer gap,
2026-07-17,B04,HSK03,Present,,10:00-17:00
2026-07-17,B04,HSK04,Present,,10:00-17:00
2026-07-17,B04,HSK05,Present,,10:00-17:00
2026-07-17,B05,DEV01,Present,,10:00-17:00
2026-07-17,B05,DEV02,Present,,10:00-17:00
2026-07-17,B05,DEV03,Present,,10:00-17:00
2026-07-17,B05,DEV04,Present,,10:00-17:00
2026-07-18,B01,JAY01,Present,,10:00-17:00
2026-07-18,B01,JAY02,Present,,10:00-17:00
2026-07-18,B01,JAY03,Present,,10:00-17:00
2026-07-18,B01,JAY04,Present,,10:00-17:00
2026-07-18,B01,JAY05,Present,,10:00-17:00
2026-07-18,B01,JAY06,Present,,10:00-17:00
2026-07-18,B01,JAY08,Present,,10:00-17:00
2026-07-18,B01,JAY07,Present,,10:00-17:00
2026-07-18,B02,WHF01,Present,,10:00-17:00
2026-07-18,B02,WHF02,Present,,10:00-17:00
2026-07-18,B02,WHF03,Present,,10:00-17:00
2026-07-18,B02,WHF04,Present,,10:00-17:00
2026-07-18,B02,WHF05,Present,,10:00-17:00
2026-07-18,B02,WHF06,Present,,10:00-17:00
2026-07-18,B02,WHF07,Present,,10:00-17:00
2026-07-18,B03,MAL01,Present,,10:00-17:00
2026-07-18,B03,MAL02,Present,,10:00-17:00
2026-07-18,B03,MAL03,Present,,10:00-17:00
2026-07-18,B03,MAL04,Present,,10:00-17:00
2026-07-18,B03,MAL05,Present,,10:00-17:00
2026-07-18,B03,MAL06,Present,,10:00-17:00
2026-07-18,B03,MAL07,Present,,10:00-17:00
2026-07-18,B04,HSK01,Present,,10:00-17:00
2026-07-18,B04,HSK02,Leave,Transfer gap,
2026-07-18,B04,HSK03,Present,,10:00-17:00
2026-07-18,B04,HSK04,Present,,10:00-17:00
2026-07-18,B04,HSK05,Present,,10:00-17:00
2026-07-18,B05,DEV01,Present,,10:00-17:00
2026-07-18,B05,DEV02,Present,,10:00-17:00
2026-07-18,B05,DEV03,Present,,10:00-17:00
2026-07-18,B05,DEV04,Leave,Sick / unplanned,
2026-07-20,B01,JAY01,Present,,10:00-17:00
2026-07-20,B01,JAY02,Present,,10:00-17:00
2026-07-20,B01,JAY03,Present,,10:00-17:00
2026-07-20,B01,JAY04,Present,,10:00-17:00
2026-07-20,B01,JAY05,Present,,10:00-17:00
2026-07-20,B01,JAY06,Present,,10:00-17:00
2026-07-20,B01,JAY08,Present,,10:00-17:00
2026-07-20,B01,JAY07,Present,,10:00-17:00
2026-07-20,B02,WHF01,Present,,10:00-17:00
2026-07-20,B02,WHF02,Present,,10:00-17:00
2026-07-20,B02,WHF03,Present,,10:00-17:00
2026-07-20,B02,WHF04,Present,,10:00-17:00
2026-07-20,B02,WHF05,Present,,10:00-17:00
2026-07-20,B02,WHF06,Present,,10:00-17:00
2026-07-20,B02,WHF07,Present,,10:00-17:00
2026-07-20,B03,MAL01,Present,,10:00-17:00
2026-07-20,B03,MAL02,Present,,10:00-17:00
2026-07-20,B03,MAL03,Present,,10:00-17:00
2026-07-20,B03,MAL04,Present,,10:00-17:00
2026-07-20,B03,MAL05,Present,,10:00-17:00
2026-07-20,B03,MAL06,Present,,10:00-17:00
2026-07-20,B03,MAL07,Present,,10:00-17:00
2026-07-20,B04,HSK01,Leave,Sick / unplanned,
2026-07-20,B04,HSK02,Leave,Transfer gap,
2026-07-20,B04,HSK03,Present,,10:00-17:00
2026-07-20,B04,HSK04,Present,,10:00-17:00
2026-07-20,B04,HSK05,Present,,10:00-17:00
2026-07-20,B05,DEV01,Present,,10:00-17:00
2026-07-20,B05,DEV02,Present,,10:00-17:00
2026-07-20,B05,DEV03,Present,,10:00-17:00
2026-07-20,B05,DEV04,Present,,10:00-17:00
2026-07-21,B01,JAY01,Present,,10:00-17:00
2026-07-21,B01,JAY02,Present,,10:00-17:00
2026-07-21,B01,JAY03,Present,,10:00-17:00
2026-07-21,B01,JAY04,Present,,10:00-17:00
2026-07-21,B01,JAY05,Present,,10:00-17:00
2026-07-21,B01,JAY06,Present,,10:00-17:00
2026-07-21,B01,JAY08,Present,,10:00-17:00
2026-07-21,B01,JAY07,Present,,10:00-17:00
2026-07-21,B02,WHF01,Present,,10:00-17:00
2026-07-21,B02,WHF02,Present,,10:00-17:00
2026-07-21,B02,WHF03,Present,,10:00-17:00
2026-07-21,B02,WHF04,Present,,10:00-17:00
2026-07-21,B02,WHF05,Present,,10:00-17:00
2026-07-21,B02,WHF06,Present,,10:00-17:00
2026-07-21,B02,WHF07,Present,,10:00-17:00
2026-07-21,B03,MAL01,Present,,10:00-17:00
2026-07-21,B03,MAL02,Present,,10:00-17:00
2026-07-21,B03,MAL03,Present,,10:00-17:00
2026-07-21,B03,MAL04,Present,,10:00-17:00
2026-07-21,B03,MAL05,Present,,10:00-17:00
2026-07-21,B03,MAL06,Present,,10:00-17:00
2026-07-21,B03,MAL07,Present,,10:00-17:00
2026-07-21,B04,HSK01,Present,,10:00-17:00
2026-07-21,B04,HSK02,Leave,Transfer gap,
2026-07-21,B04,HSK03,Present,,10:00-17:00
2026-07-21,B04,HSK04,Present,,10:00-17:00
2026-07-21,B04,HSK05,Present,,10:00-17:00
2026-07-21,B05,DEV01,Present,,10:00-17:00
2026-07-21,B05,DEV02,Present,,10:00-17:00
2026-07-21,B05,DEV03,Present,,10:00-17:00
2026-07-21,B05,DEV04,Present,,10:00-17:00
2026-07-22,B01,JAY01,Present,,10:00-17:00
2026-07-22,B01,JAY02,Present,,10:00-17:00
2026-07-22,B01,JAY03,Present,,10:00-17:00
2026-07-22,B01,JAY04,Present,,10:00-17:00
2026-07-22,B01,JAY05,Present,,10:00-17:00
2026-07-22,B01,JAY06,Present,,10:00-17:00
2026-07-22,B01,JAY08,Present,,10:00-17:00
2026-07-22,B01,JAY07,Present,,10:00-17:00
2026-07-22,B02,WHF01,Present,,10:00-17:00
2026-07-22,B02,WHF02,Present,,10:00-17:00
2026-07-22,B02,WHF03,Present,,10:00-17:00
2026-07-22,B02,WHF04,Present,,10:00-17:00
2026-07-22,B02,WHF05,Present,,10:00-17:00
2026-07-22,B02,WHF06,Present,,10:00-17:00
2026-07-22,B02,WHF07,Present,,10:00-17:00
2026-07-22,B03,MAL01,Present,,10:00-17:00
2026-07-22,B03,MAL02,Present,,10:00-17:00
2026-07-22,B03,MAL03,Present,,10:00-17:00
2026-07-22,B03,MAL04,Present,,10:00-17:00
2026-07-22,B03,MAL05,Present,,10:00-17:00
2026-07-22,B03,MAL06,Present,,10:00-17:00
2026-07-22,B03,MAL07,Present,,10:00-17:00
2026-07-22,B04,HSK01,Present,,10:00-17:00
2026-07-22,B04,HSK02,Leave,Transfer gap,
2026-07-22,B04,HSK03,Present,,10:00-17:00
2026-07-22,B04,HSK04,Present,,10:00-17:00
2026-07-22,B04,HSK05,Present,,10:00-17:00
2026-07-22,B05,DEV01,Present,,10:00-17:00
2026-07-22,B05,DEV02,Present,,10:00-17:00
2026-07-22,B05,DEV03,Present,,10:00-17:00
2026-07-22,B05,DEV04,Present,,10:00-17:00
2026-07-23,B01,JAY01,Present,,10:00-17:00
2026-07-23,B01,JAY02,Present,,10:00-17:00
2026-07-23,B01,JAY03,Present,,10:00-17:00
2026-07-23,B01,JAY04,Present,,10:00-17:00
2026-07-23,B01,JAY05,Present,,10:00-17:00
2026-07-23,B01,JAY06,Present,,10:00-17:00
2026-07-23,B01,JAY08,Present,,10:00-17:00
2026-07-23,B01,JAY07,Present,,10:00-17:00
2026-07-23,B02,WHF01,Present,,10:00-17:00
2026-07-23,B02,WHF02,Present,,10:00-17:00
2026-07-23,B02,WHF03,Present,,10:00-17:00
2026-07-23,B02,WHF04,Present,,10:00-17:00
2026-07-23,B02,WHF05,Leave,Sick / unplanned,
2026-07-23,B02,WHF06,Present,,10:00-17:00
2026-07-23,B02,WHF07,Present,,10:00-17:00
2026-07-23,B03,MAL01,Present,,10:00-17:00
2026-07-23,B03,MAL02,Present,,10:00-17:00
2026-07-23,B03,MAL03,Present,,10:00-17:00
2026-07-23,B03,MAL04,Present,,10:00-17:00
2026-07-23,B03,MAL05,Present,,10:00-17:00
2026-07-23,B03,MAL06,Present,,10:00-17:00
2026-07-23,B03,MAL07,Present,,10:00-17:00
2026-07-23,B04,HSK01,Present,,10:00-17:00
2026-07-23,B04,HSK02,Leave,Transfer gap,
2026-07-23,B04,HSK03,Present,,10:00-17:00
2026-07-23,B04,HSK04,Present,,10:00-17:00
2026-07-23,B04,HSK05,Present,,10:00-17:00
2026-07-23,B05,DEV01,Present,,10:00-17:00
2026-07-23,B05,DEV02,Leave,Sick / unplanned,
2026-07-23,B05,DEV03,Present,,10:00-17:00
2026-07-23,B05,DEV04,Present,,10:00-17:00
2026-07-24,B01,JAY01,Present,,10:00-17:00
2026-07-24,B01,JAY02,Present,,10:00-17:00
2026-07-24,B01,JAY03,Present,,10:00-17:00
2026-07-24,B01,JAY04,Present,,10:00-17:00
2026-07-24,B01,JAY05,Present,,10:00-17:00
2026-07-24,B01,JAY06,Present,,10:00-17:00
2026-07-24,B01,JAY08,Present,,10:00-17:00
2026-07-24,B01,JAY07,Present,,10:00-17:00
2026-07-24,B02,WHF01,Present,,10:00-17:00
2026-07-24,B02,WHF02,Present,,10:00-17:00
2026-07-24,B02,WHF03,Present,,10:00-17:00
2026-07-24,B02,WHF04,Present,,10:00-17:00
2026-07-24,B02,WHF05,Present,,10:00-17:00
2026-07-24,B02,WHF06,Present,,10:00-17:00
2026-07-24,B02,WHF07,Present,,10:00-17:00
2026-07-24,B03,MAL01,Present,,10:00-17:00
2026-07-24,B03,MAL02,Present,,10:00-17:00
2026-07-24,B03,MAL03,Present,,10:00-17:00
2026-07-24,B03,MAL04,Present,,10:00-17:00
2026-07-24,B03,MAL05,Present,,10:00-17:00
2026-07-24,B03,MAL06,Present,,10:00-17:00
2026-07-24,B03,MAL07,Present,,10:00-17:00
2026-07-24,B04,HSK01,Present,,10:00-17:00
2026-07-24,B04,HSK02,Leave,Transfer gap,
2026-07-24,B04,HSK03,Present,,10:00-17:00
2026-07-24,B04,HSK04,Present,,10:00-17:00
2026-07-24,B04,HSK05,Present,,10:00-17:00
2026-07-24,B05,DEV01,Present,,10:00-17:00
2026-07-24,B05,DEV02,Present,,10:00-17:00
2026-07-24,B05,DEV03,Present,,10:00-17:00
2026-07-24,B05,DEV04,Present,,10:00-17:00
2026-07-27,B01,JAY01,Present,,10:00-17:00
2026-07-27,B01,JAY02,Leave,Sick / unplanned,
2026-07-27,B01,JAY03,Present,,10:00-17:00
2026-07-27,B01,JAY04,Present,,10:00-17:00
2026-07-27,B01,JAY05,Present,,10:00-17:00
2026-07-27,B01,JAY06,Present,,10:00-17:00
2026-07-27,B01,JAY08,Present,,10:00-17:00
2026-07-27,B01,JAY07,Present,,10:00-17:00
2026-07-27,B02,WHF01,Present,,10:00-17:00
2026-07-27,B02,WHF02,Present,,10:00-17:00
2026-07-27,B02,WHF03,Leave,Sick / unplanned,
2026-07-27,B02,WHF04,Present,,10:00-17:00
2026-07-27,B02,WHF05,Present,,10:00-17:00
2026-07-27,B02,WHF06,Present,,10:00-17:00
2026-07-27,B02,WHF07,Present,,10:00-17:00
2026-07-27,B03,MAL01,Present,,10:00-17:00
2026-07-27,B03,MAL02,Present,,10:00-17:00
2026-07-27,B03,MAL03,Present,,10:00-17:00
2026-07-27,B03,MAL04,Present,,10:00-17:00
2026-07-27,B03,MAL05,Present,,10:00-17:00
2026-07-27,B03,MAL06,Present,,10:00-17:00
2026-07-27,B03,MAL07,Present,,10:00-17:00
2026-07-27,B04,HSK01,Present,,10:00-17:00
2026-07-27,B04,HSK02,Leave,Transfer gap,
2026-07-27,B04,HSK03,Present,,10:00-17:00
2026-07-27,B04,HSK04,Present,,10:00-17:00
2026-07-27,B04,HSK05,Present,,10:00-17:00
2026-07-27,B05,DEV01,Present,,10:00-17:00
2026-07-27,B05,DEV02,Present,,10:00-17:00
2026-07-27,B05,DEV03,Present,,10:00-17:00
2026-07-27,B05,DEV04,Present,,10:00-17:00
2026-07-28,B01,JAY01,Present,,10:00-17:00
2026-07-28,B01,JAY02,Present,,10:00-17:00
2026-07-28,B01,JAY03,Present,,10:00-17:00
2026-07-28,B01,JAY04,Present,,10:00-17:00
2026-07-28,B01,JAY05,Present,,10:00-17:00
2026-07-28,B01,JAY06,Present,,10:00-17:00
2026-07-28,B01,JAY08,Present,,10:00-17:00
2026-07-28,B01,JAY07,Leave,Sick / unplanned,
2026-07-28,B02,WHF01,Present,,10:00-17:00
2026-07-28,B02,WHF02,Present,,10:00-17:00
2026-07-28,B02,WHF03,Present,,10:00-17:00
2026-07-28,B02,WHF04,Present,,10:00-17:00
2026-07-28,B02,WHF05,Present,,10:00-17:00
2026-07-28,B02,WHF06,Present,,10:00-17:00
2026-07-28,B02,WHF07,Present,,10:00-17:00
2026-07-28,B03,MAL01,Present,,10:00-17:00
2026-07-28,B03,MAL02,Present,,10:00-17:00
2026-07-28,B03,MAL03,Present,,10:00-17:00
2026-07-28,B03,MAL04,Present,,10:00-17:00
2026-07-28,B03,MAL05,Present,,10:00-17:00
2026-07-28,B03,MAL06,Present,,10:00-17:00
2026-07-28,B03,MAL07,Present,,10:00-17:00
2026-07-28,B04,HSK01,Present,,10:00-17:00
2026-07-28,B04,HSK02,Leave,Transfer gap,
2026-07-28,B04,HSK03,Present,,10:00-17:00
2026-07-28,B04,HSK04,Present,,10:00-17:00
2026-07-28,B04,HSK05,Present,,10:00-17:00
2026-07-28,B05,DEV01,Present,,10:00-17:00
2026-07-28,B05,DEV02,Present,,10:00-17:00
2026-07-28,B05,DEV03,Present,,10:00-17:00
2026-07-28,B05,DEV04,Leave,Sick / unplanned,
2026-07-29,B01,JAY01,Present,,10:00-17:00
2026-07-29,B01,JAY02,Present,,10:00-17:00
2026-07-29,B01,JAY03,Present,,10:00-17:00
2026-07-29,B01,JAY04,Present,,10:00-17:00
2026-07-29,B01,JAY05,Present,,10:00-17:00
2026-07-29,B01,JAY06,Present,,10:00-17:00
2026-07-29,B01,JAY08,Present,,10:00-17:00
2026-07-29,B01,JAY07,Present,,10:00-17:00
2026-07-29,B02,WHF01,Present,,10:00-17:00
2026-07-29,B02,WHF02,Present,,10:00-17:00
2026-07-29,B02,WHF03,Present,,10:00-17:00
2026-07-29,B02,WHF04,Present,,10:00-17:00
2026-07-29,B02,WHF05,Present,,10:00-17:00
2026-07-29,B02,WHF06,Present,,10:00-17:00
2026-07-29,B02,WHF07,Present,,10:00-17:00
2026-07-29,B03,MAL01,Present,,10:00-17:00
2026-07-29,B03,MAL02,Present,,10:00-17:00
2026-07-29,B03,MAL03,Present,,10:00-17:00
2026-07-29,B03,MAL04,Present,,10:00-17:00
2026-07-29,B03,MAL05,Present,,10:00-17:00
2026-07-29,B03,MAL06,Present,,10:00-17:00
2026-07-29,B03,MAL07,Present,,10:00-17:00
2026-07-29,B04,HSK01,Present,,10:00-17:00
2026-07-29,B04,HSK02,Leave,Transfer gap,
2026-07-29,B04,HSK03,Present,,10:00-17:00
2026-07-29,B04,HSK04,Present,,10:00-17:00
2026-07-29,B04,HSK05,Present,,10:00-17:00
2026-07-29,B05,DEV01,Present,,10:00-17:00
2026-07-29,B05,DEV02,Present,,10:00-17:00
2026-07-29,B05,DEV03,Present,,10:00-17:00
2026-07-29,B05,DEV04,Present,,10:00-17:00
2026-07-30,B01,JAY01,Present,,10:00-17:00
2026-07-30,B01,JAY02,Present,,10:00-17:00
2026-07-30,B01,JAY03,Present,,10:00-17:00
2026-07-30,B01,JAY04,Leave,Sick / unplanned,
2026-07-30,B01,JAY05,Present,,10:00-17:00
2026-07-30,B01,JAY06,Present,,10:00-17:00
2026-07-30,B01,JAY08,Present,,10:00-17:00
2026-07-30,B01,JAY07,Present,,10:00-17:00
2026-07-30,B02,WHF01,Present,,10:00-17:00
2026-07-30,B02,WHF02,Present,,10:00-17:00
2026-07-30,B02,WHF03,Present,,10:00-17:00
2026-07-30,B02,WHF04,Present,,10:00-17:00
2026-07-30,B02,WHF05,Present,,10:00-17:00
2026-07-30,B02,WHF06,Present,,10:00-17:00
2026-07-30,B02,WHF07,Present,,10:00-17:00
2026-07-30,B03,MAL01,Present,,10:00-17:00
2026-07-30,B03,MAL02,Present,,10:00-17:00
2026-07-30,B03,MAL03,Present,,10:00-17:00
2026-07-30,B03,MAL04,Present,,10:00-17:00
2026-07-30,B03,MAL05,Present,,10:00-17:00
2026-07-30,B03,MAL06,Present,,10:00-17:00
2026-07-30,B03,MAL07,Present,,10:00-17:00
2026-07-30,B04,HSK01,Present,,10:00-17:00
2026-07-30,B04,HSK02,Leave,Transfer gap,
2026-07-30,B04,HSK03,Present,,10:00-17:00
2026-07-30,B04,HSK04,Present,,10:00-17:00
2026-07-30,B04,HSK05,Present,,10:00-17:00
2026-07-30,B05,DEV01,Present,,10:00-17:00
2026-07-30,B05,DEV02,Present,,10:00-17:00
2026-07-30,B05,DEV03,Present,,10:00-17:00
2026-07-30,B05,DEV04,Present,,10:00-17:00
2026-07-31,B01,JAY01,Present,,10:00-17:00
2026-07-31,B01,JAY02,Present,,10:00-17:00
2026-07-31,B01,JAY03,Present,,10:00-17:00
2026-07-31,B01,JAY04,Present,,10:00-17:00
2026-07-31,B01,JAY05,Present,,10:00-17:00
2026-07-31,B01,JAY06,Present,,10:00-17:00
2026-07-31,B01,JAY08,Present,,10:00-17:00
2026-07-31,B01,JAY07,Present,,10:00-17:00
2026-07-31,B02,WHF01,Present,,10:00-17:00
2026-07-31,B02,WHF02,Present,,10:00-17:00
2026-07-31,B02,WHF03,Present,,10:00-17:00
2026-07-31,B02,WHF04,Present,,10:00-17:00
2026-07-31,B02,WHF05,Present,,10:00-17:00
2026-07-31,B02,WHF06,Present,,10:00-17:00
2026-07-31,B02,WHF07,Present,,10:00-17:00
2026-07-31,B03,MAL01,Present,,10:00-17:00
2026-07-31,B03,MAL02,Present,,10:00-17:00
2026-07-31,B03,MAL03,Present,,10:00-17:00
2026-07-31,B03,MAL04,Present,,10:00-17:00
2026-07-31,B03,MAL05,Present,,10:00-17:00
2026-07-31,B03,MAL06,Present,,10:00-17:00
2026-07-31,B03,MAL07,Present,,10:00-17:00
2026-07-31,B04,HSK01,Present,,10:00-17:00
2026-07-31,B04,HSK02,Leave,Transfer gap,
2026-07-31,B04,HSK03,Present,,10:00-17:00
2026-07-31,B04,HSK04,Leave,Sick / unplanned,
2026-07-31,B04,HSK05,Present,,10:00-17:00
2026-07-31,B05,DEV01,Present,,10:00-17:00
2026-07-31,B05,DEV02,Present,,10:00-17:00
2026-07-31,B05,DEV03,Present,,10:00-17:00
2026-07-31,B05,DEV04,Present,,10:00-17:00
2026-08-01,B01,JAY01,Present,,10:00-17:00
2026-08-01,B01,JAY02,Present,,10:00-17:00
2026-08-01,B01,JAY03,Present,,10:00-17:00
2026-08-01,B01,JAY04,Present,,10:00-17:00
2026-08-01,B01,JAY05,Present,,10:00-17:00
2026-08-01,B01,JAY06,Present,,10:00-17:00
2026-08-01,B01,JAY08,Present,,10:00-17:00
2026-08-01,B01,JAY07,Present,,10:00-17:00
2026-08-01,B02,WHF01,Present,,10:00-17:00
2026-08-01,B02,WHF02,Present,,10:00-17:00
2026-08-01,B02,WHF03,Present,,10:00-17:00
2026-08-01,B02,WHF04,Present,,10:00-17:00
2026-08-01,B02,WHF05,Present,,10:00-17:00
2026-08-01,B02,WHF06,Present,,10:00-17:00
2026-08-01,B02,WHF07,Present,,10:00-17:00
2026-08-01,B03,MAL01,Present,,10:00-17:00
2026-08-01,B03,MAL02,Present,,10:00-17:00
2026-08-01,B03,MAL03,Present,,10:00-17:00
2026-08-01,B03,MAL04,Present,,10:00-17:00
2026-08-01,B03,MAL05,Present,,10:00-17:00
2026-08-01,B03,MAL06,Present,,10:00-17:00
2026-08-01,B03,MAL07,Present,,10:00-17:00
2026-08-01,B04,HSK01,Leave,Sick / unplanned,
2026-08-01,B04,HSK02,Leave,Transfer gap,
2026-08-01,B04,HSK03,Present,,10:00-17:00
2026-08-01,B04,HSK04,Present,,10:00-17:00
2026-08-01,B04,HSK05,Present,,10:00-17:00
2026-08-01,B05,DEV01,Present,,10:00-17:00
2026-08-01,B05,DEV02,Present,,10:00-17:00
2026-08-01,B05,DEV03,Present,,10:00-17:00
2026-08-01,B05,DEV04,Present,,10:00-17:00
2026-08-03,B01,JAY01,Leave,Sick / unplanned,
2026-08-03,B01,JAY02,Present,,10:00-17:00
2026-08-03,B01,JAY03,Present,,10:00-17:00
2026-08-03,B01,JAY04,Present,,10:00-17:00
2026-08-03,B01,JAY05,Present,,10:00-17:00
2026-08-03,B01,JAY06,Present,,10:00-17:00
2026-08-03,B01,JAY08,Present,,10:00-17:00
2026-08-03,B01,JAY07,Present,,10:00-17:00
2026-08-03,B02,WHF01,Present,,10:00-17:00
2026-08-03,B02,WHF02,Present,,10:00-17:00
2026-08-03,B02,WHF03,Present,,10:00-17:00
2026-08-03,B02,WHF04,Present,,10:00-17:00
2026-08-03,B02,WHF05,Present,,10:00-17:00
2026-08-03,B02,WHF06,Present,,10:00-17:00
2026-08-03,B02,WHF07,Present,,10:00-17:00
2026-08-03,B03,MAL01,Present,,10:00-17:00
2026-08-03,B03,MAL02,Present,,10:00-17:00
2026-08-03,B03,MAL03,Present,,10:00-17:00
2026-08-03,B03,MAL04,Present,,10:00-17:00
2026-08-03,B03,MAL05,Present,,10:00-17:00
2026-08-03,B03,MAL06,Present,,10:00-17:00
2026-08-03,B03,MAL07,Present,,10:00-17:00
2026-08-03,B04,HSK01,Present,,10:00-17:00
2026-08-03,B04,HSK02,Leave,Transfer gap,
2026-08-03,B04,HSK03,Leave,Sick / unplanned,
2026-08-03,B04,HSK04,Present,,10:00-17:00
2026-08-03,B04,HSK05,Present,,10:00-17:00
2026-08-03,B05,DEV01,Present,,10:00-17:00
2026-08-03,B05,DEV02,Present,,10:00-17:00
2026-08-03,B05,DEV03,Present,,10:00-17:00
2026-08-03,B05,DEV04,Present,,10:00-17:00
2026-08-04,B01,JAY01,Present,,10:00-17:00
2026-08-04,B01,JAY02,Present,,10:00-17:00
2026-08-04,B01,JAY03,Present,,10:00-17:00
2026-08-04,B01,JAY04,Present,,10:00-17:00
2026-08-04,B01,JAY05,Present,,10:00-17:00
2026-08-04,B01,JAY06,Present,,10:00-17:00
2026-08-04,B01,JAY08,Present,,10:00-17:00
2026-08-04,B01,JAY07,Present,,10:00-17:00
2026-08-04,B02,WHF01,Present,,10:00-17:00
2026-08-04,B02,WHF02,Present,,10:00-17:00
2026-08-04,B02,WHF03,Present,,10:00-17:00
2026-08-04,B02,WHF04,Present,,10:00-17:00
2026-08-04,B02,WHF05,Leave,Sick / unplanned,
2026-08-04,B02,WHF06,Present,,10:00-17:00
2026-08-04,B02,WHF07,Present,,10:00-17:00
2026-08-04,B03,MAL01,Present,,10:00-17:00
2026-08-04,B03,MAL02,Present,,10:00-17:00
2026-08-04,B03,MAL03,Present,,10:00-17:00
2026-08-04,B03,MAL04,Present,,10:00-17:00
2026-08-04,B03,MAL05,Present,,10:00-17:00
2026-08-04,B03,MAL06,Present,,10:00-17:00
2026-08-04,B03,MAL07,Present,,10:00-17:00
2026-08-04,B04,HSK01,Present,,10:00-17:00
2026-08-04,B04,HSK02,Leave,Transfer gap,
2026-08-04,B04,HSK03,Present,,10:00-17:00
2026-08-04,B04,HSK04,Present,,10:00-17:00
2026-08-04,B04,HSK05,Present,,10:00-17:00
2026-08-04,B05,DEV01,Present,,10:00-17:00
2026-08-04,B05,DEV02,Present,,10:00-17:00
2026-08-04,B05,DEV03,Present,,10:00-17:00
2026-08-04,B05,DEV04,Present,,10:00-17:00
2026-08-05,B01,JAY01,Present,,10:00-17:00
2026-08-05,B01,JAY02,Present,,10:00-17:00
2026-08-05,B01,JAY03,Present,,10:00-17:00
2026-08-05,B01,JAY04,Present,,10:00-17:00
2026-08-05,B01,JAY05,Present,,10:00-17:00
2026-08-05,B01,JAY06,Present,,10:00-17:00
2026-08-05,B01,JAY08,Present,,10:00-17:00
2026-08-05,B01,JAY07,Present,,10:00-17:00
2026-08-05,B02,WHF01,Present,,10:00-17:00
2026-08-05,B02,WHF02,Present,,10:00-17:00
2026-08-05,B02,WHF03,Present,,10:00-17:00
2026-08-05,B02,WHF04,Present,,10:00-17:00
2026-08-05,B02,WHF05,Present,,10:00-17:00
2026-08-05,B02,WHF06,Present,,10:00-17:00
2026-08-05,B02,WHF07,Present,,10:00-17:00
2026-08-05,B03,MAL01,Present,,10:00-17:00
2026-08-05,B03,MAL02,Present,,10:00-17:00
2026-08-05,B03,MAL03,Present,,10:00-17:00
2026-08-05,B03,MAL04,Present,,10:00-17:00
2026-08-05,B03,MAL05,Present,,10:00-17:00
2026-08-05,B03,MAL06,Present,,10:00-17:00
2026-08-05,B03,MAL07,Present,,10:00-17:00
2026-08-05,B04,HSK01,Present,,10:00-17:00
2026-08-05,B04,HSK02,Leave,Transfer gap,
2026-08-05,B04,HSK03,Present,,10:00-17:00
2026-08-05,B04,HSK04,Present,,10:00-17:00
2026-08-05,B04,HSK05,Present,,10:00-17:00
2026-08-05,B05,DEV01,Present,,10:00-17:00
2026-08-05,B05,DEV02,Present,,10:00-17:00
2026-08-05,B05,DEV03,Present,,10:00-17:00
2026-08-05,B05,DEV04,Present,,10:00-17:00
2026-08-06,B01,JAY01,Present,,10:00-17:00
2026-08-06,B01,JAY02,Present,,10:00-17:00
2026-08-06,B01,JAY03,Present,,10:00-17:00
2026-08-06,B01,JAY04,Present,,10:00-17:00
2026-08-06,B01,JAY05,Present,,10:00-17:00
2026-08-06,B01,JAY06,Present,,10:00-17:00
2026-08-06,B01,JAY08,Present,,10:00-17:00
2026-08-06,B01,JAY07,Present,,10:00-17:00
2026-08-06,B02,WHF01,Present,,10:00-17:00
2026-08-06,B02,WHF02,Present,,10:00-17:00
2026-08-06,B02,WHF03,Present,,10:00-17:00
2026-08-06,B02,WHF04,Present,,10:00-17:00
2026-08-06,B02,WHF05,Present,,10:00-17:00
2026-08-06,B02,WHF06,Present,,10:00-17:00
2026-08-06,B02,WHF07,Present,,10:00-17:00
2026-08-06,B03,MAL01,Present,,10:00-17:00
2026-08-06,B03,MAL02,Present,,10:00-17:00
2026-08-06,B03,MAL03,Present,,10:00-17:00
2026-08-06,B03,MAL04,Present,,10:00-17:00
2026-08-06,B03,MAL05,Present,,10:00-17:00
2026-08-06,B03,MAL06,Present,,10:00-17:00
2026-08-06,B03,MAL07,Present,,10:00-17:00
2026-08-06,B04,HSK01,Present,,10:00-17:00
2026-08-06,B04,HSK02,Leave,Transfer gap,
2026-08-06,B04,HSK03,Present,,10:00-17:00
2026-08-06,B04,HSK04,Present,,10:00-17:00
2026-08-06,B04,HSK05,Present,,10:00-17:00
2026-08-06,B05,DEV01,Present,,10:00-17:00
2026-08-06,B05,DEV02,Present,,10:00-17:00
2026-08-06,B05,DEV03,Present,,10:00-17:00
2026-08-06,B05,DEV04,Present,,10:00-17:00
2026-08-07,B01,JAY01,Present,,10:00-17:00
2026-08-07,B01,JAY02,Present,,10:00-17:00
2026-08-07,B01,JAY03,Present,,10:00-17:00
2026-08-07,B01,JAY04,Present,,10:00-17:00
2026-08-07,B01,JAY05,Present,,10:00-17:00
2026-08-07,B01,JAY06,Present,,10:00-17:00
2026-08-07,B01,JAY08,Present,,10:00-17:00
2026-08-07,B01,JAY07,Present,,10:00-17:00
2026-08-07,B02,WHF01,Present,,10:00-17:00
2026-08-07,B02,WHF02,Present,,10:00-17:00
2026-08-07,B02,WHF03,Present,,10:00-17:00
2026-08-07,B02,WHF04,Present,,10:00-17:00
2026-08-07,B02,WHF05,Present,,10:00-17:00
2026-08-07,B02,WHF06,Present,,10:00-17:00
2026-08-07,B02,WHF07,Present,,10:00-17:00
2026-08-07,B03,MAL01,Present,,10:00-17:00
2026-08-07,B03,MAL02,Leave,Sick / unplanned,
2026-08-07,B03,MAL03,Present,,10:00-17:00
2026-08-07,B03,MAL04,Present,,10:00-17:00
2026-08-07,B03,MAL05,Present,,10:00-17:00
2026-08-07,B03,MAL06,Present,,10:00-17:00
2026-08-07,B03,MAL07,Present,,10:00-17:00
2026-08-07,B04,HSK01,Leave,Sick / unplanned,
2026-08-07,B04,HSK02,Leave,Transfer gap,
2026-08-07,B04,HSK03,Present,,10:00-17:00
2026-08-07,B04,HSK04,Present,,10:00-17:00
2026-08-07,B04,HSK05,Present,,10:00-17:00
2026-08-07,B05,DEV01,Present,,10:00-17:00
2026-08-07,B05,DEV02,Present,,10:00-17:00
2026-08-07,B05,DEV03,Present,,10:00-17:00
2026-08-07,B05,DEV04,Present,,10:00-17:00
2026-08-10,B01,JAY01,Present,,10:00-17:00
2026-08-10,B01,JAY02,Present,,10:00-17:00
2026-08-10,B01,JAY03,Present,,10:00-17:00
2026-08-10,B01,JAY04,Present,,10:00-17:00
2026-08-10,B01,JAY05,Present,,10:00-17:00
2026-08-10,B01,JAY06,Present,,10:00-17:00
2026-08-10,B01,JAY08,Present,,10:00-17:00
2026-08-10,B01,JAY07,Present,,10:00-17:00
2026-08-10,B02,WHF01,Present,,10:00-17:00
2026-08-10,B02,WHF02,Present,,10:00-17:00
2026-08-10,B02,WHF03,Present,,10:00-17:00
2026-08-10,B02,WHF04,Present,,10:00-17:00
2026-08-10,B02,WHF05,Present,,10:00-17:00
2026-08-10,B02,WHF06,Present,,10:00-17:00
2026-08-10,B02,WHF07,Leave,Sick / unplanned,
2026-08-10,B03,MAL01,Present,,10:00-17:00
2026-08-10,B03,MAL02,Present,,10:00-17:00
2026-08-10,B03,MAL03,Present,,10:00-17:00
2026-08-10,B03,MAL04,Present,,10:00-17:00
2026-08-10,B03,MAL05,Present,,10:00-17:00
2026-08-10,B03,MAL06,Present,,10:00-17:00
2026-08-10,B03,MAL07,Present,,10:00-17:00
2026-08-10,B04,HSK01,Present,,10:00-17:00
2026-08-10,B04,HSK02,Leave,Transfer gap,
2026-08-10,B04,HSK03,Present,,10:00-17:00
2026-08-10,B04,HSK04,Present,,10:00-17:00
2026-08-10,B04,HSK05,Present,,10:00-17:00
2026-08-10,B05,DEV01,Present,,10:00-17:00
2026-08-10,B05,DEV02,Present,,10:00-17:00
2026-08-10,B05,DEV03,Present,,10:00-17:00
2026-08-10,B05,DEV04,Leave,Sick / unplanned,
2026-08-11,B01,JAY01,Present,,10:00-17:00
2026-08-11,B01,JAY02,Present,,10:00-17:00
2026-08-11,B01,JAY03,Present,,10:00-17:00
2026-08-11,B01,JAY04,Present,,10:00-17:00
2026-08-11,B01,JAY05,Present,,10:00-17:00
2026-08-11,B01,JAY06,Present,,10:00-17:00
2026-08-11,B01,JAY08,Present,,10:00-17:00
2026-08-11,B01,JAY07,Present,,10:00-17:00
2026-08-11,B02,WHF01,Present,,10:00-17:00
2026-08-11,B02,WHF02,Present,,10:00-17:00
2026-08-11,B02,WHF03,Present,,10:00-17:00
2026-08-11,B02,WHF04,Present,,10:00-17:00
2026-08-11,B02,WHF05,Present,,10:00-17:00
2026-08-11,B02,WHF06,Present,,10:00-17:00
2026-08-11,B02,WHF07,Present,,10:00-17:00
2026-08-11,B03,MAL01,Present,,10:00-17:00
2026-08-11,B03,MAL02,Present,,10:00-17:00
2026-08-11,B03,MAL03,Present,,10:00-17:00
2026-08-11,B03,MAL04,Present,,10:00-17:00
2026-08-11,B03,MAL05,Present,,10:00-17:00
2026-08-11,B03,MAL06,Present,,10:00-17:00
2026-08-11,B03,MAL07,Present,,10:00-17:00
2026-08-11,B04,HSK01,Present,,10:00-17:00
2026-08-11,B04,HSK02,Leave,Transfer gap,
2026-08-11,B04,HSK03,Present,,10:00-17:00
2026-08-11,B04,HSK04,Present,,10:00-17:00
2026-08-11,B04,HSK05,Present,,10:00-17:00
2026-08-11,B05,DEV01,Present,,10:00-17:00
2026-08-11,B05,DEV02,Present,,10:00-17:00
2026-08-11,B05,DEV03,Present,,10:00-17:00
2026-08-11,B05,DEV04,Leave,Sick / unplanned,
2026-08-12,B01,JAY01,Present,,10:00-17:00
2026-08-12,B01,JAY02,Present,,10:00-17:00
2026-08-12,B01,JAY03,Present,,10:00-17:00
2026-08-12,B01,JAY04,Present,,10:00-17:00
2026-08-12,B01,JAY05,Present,,10:00-17:00
2026-08-12,B01,JAY06,Present,,10:00-17:00
2026-08-12,B01,JAY08,Present,,10:00-17:00
2026-08-12,B01,JAY07,Present,,10:00-17:00
2026-08-12,B02,WHF01,Present,,10:00-17:00
2026-08-12,B02,WHF02,Present,,10:00-17:00
2026-08-12,B02,WHF03,Present,,10:00-17:00
2026-08-12,B02,WHF04,Present,,10:00-17:00
2026-08-12,B02,WHF05,Present,,10:00-17:00
2026-08-12,B02,WHF06,Present,,10:00-17:00
2026-08-12,B02,WHF07,Present,,10:00-17:00
2026-08-12,B03,MAL01,Present,,10:00-17:00
2026-08-12,B03,MAL02,Present,,10:00-17:00
2026-08-12,B03,MAL03,Present,,10:00-17:00
2026-08-12,B03,MAL04,Present,,10:00-17:00
2026-08-12,B03,MAL05,Present,,10:00-17:00
2026-08-12,B03,MAL06,Leave,Sick / unplanned,
2026-08-12,B03,MAL07,Present,,10:00-17:00
2026-08-12,B04,HSK01,Present,,10:00-17:00
2026-08-12,B04,HSK02,Leave,Transfer gap,
2026-08-12,B04,HSK03,Present,,10:00-17:00
2026-08-12,B04,HSK04,Present,,10:00-17:00
2026-08-12,B04,HSK05,Present,,10:00-17:00
2026-08-12,B05,DEV01,Present,,10:00-17:00
2026-08-12,B05,DEV02,Present,,10:00-17:00
2026-08-12,B05,DEV03,Present,,10:00-17:00
2026-08-12,B05,DEV04,Present,,10:00-17:00
2026-08-13,B01,JAY01,Present,,10:00-17:00
2026-08-13,B01,JAY02,Present,,10:00-17:00
2026-08-13,B01,JAY03,Present,,10:00-17:00
2026-08-13,B01,JAY04,Present,,10:00-17:00
2026-08-13,B01,JAY05,Present,,10:00-17:00
2026-08-13,B01,JAY06,Present,,10:00-17:00
2026-08-13,B01,JAY08,Present,,10:00-17:00
2026-08-13,B01,JAY07,Present,,10:00-17:00
2026-08-13,B02,WHF01,Present,,10:00-17:00
2026-08-13,B02,WHF02,Present,,10:00-17:00
2026-08-13,B02,WHF03,Present,,10:00-17:00
2026-08-13,B02,WHF04,Leave,Sick / unplanned,
2026-08-13,B02,WHF05,Present,,10:00-17:00
2026-08-13,B02,WHF06,Present,,10:00-17:00
2026-08-13,B02,WHF07,Present,,10:00-17:00
2026-08-13,B03,MAL01,Present,,10:00-17:00
2026-08-13,B03,MAL02,Present,,10:00-17:00
2026-08-13,B03,MAL03,Present,,10:00-17:00
2026-08-13,B03,MAL04,Present,,10:00-17:00
2026-08-13,B03,MAL05,Present,,10:00-17:00
2026-08-13,B03,MAL06,Present,,10:00-17:00
2026-08-13,B03,MAL07,Present,,10:00-17:00
2026-08-13,B04,HSK01,Present,,10:00-17:00
2026-08-13,B04,HSK02,Leave,Transfer gap,
2026-08-13,B04,HSK03,Present,,10:00-17:00
2026-08-13,B04,HSK04,Present,,10:00-17:00
2026-08-13,B04,HSK05,Present,,10:00-17:00
2026-08-13,B05,DEV01,Present,,10:00-17:00
2026-08-13,B05,DEV02,Present,,10:00-17:00
2026-08-13,B05,DEV03,Leave,Sick / unplanned,
2026-08-13,B05,DEV04,Present,,10:00-17:00
2026-08-14,B01,JAY01,Present,,10:00-17:00
2026-08-14,B01,JAY02,Present,,10:00-17:00
2026-08-14,B01,JAY03,Present,,10:00-17:00
2026-08-14,B01,JAY04,Present,,10:00-17:00
2026-08-14,B01,JAY05,Present,,10:00-17:00
2026-08-14,B01,JAY06,Present,,10:00-17:00
2026-08-14,B01,JAY08,Present,,10:00-17:00
2026-08-14,B01,JAY07,Present,,10:00-17:00
2026-08-14,B02,WHF01,Present,,10:00-17:00
2026-08-14,B02,WHF02,Present,,10:00-17:00
2026-08-14,B02,WHF03,Present,,10:00-17:00
2026-08-14,B02,WHF04,Present,,10:00-17:00
2026-08-14,B02,WHF05,Present,,10:00-17:00
2026-08-14,B02,WHF06,Present,,10:00-17:00
2026-08-14,B02,WHF07,Present,,10:00-17:00
2026-08-14,B03,MAL01,Present,,10:00-17:00
2026-08-14,B03,MAL02,Present,,10:00-17:00
2026-08-14,B03,MAL03,Leave,Sick / unplanned,
2026-08-14,B03,MAL04,Present,,10:00-17:00
2026-08-14,B03,MAL05,Present,,10:00-17:00
2026-08-14,B03,MAL06,Present,,10:00-17:00
2026-08-14,B03,MAL07,Present,,10:00-17:00
2026-08-14,B04,HSK01,Present,,10:00-17:00
2026-08-14,B04,HSK02,Leave,Transfer gap,
2026-08-14,B04,HSK03,Present,,10:00-17:00
2026-08-14,B04,HSK04,Present,,10:00-17:00
2026-08-14,B04,HSK05,Leave,Sick / unplanned,
2026-08-14,B05,DEV01,Present,,10:00-17:00
2026-08-14,B05,DEV02,Leave,Sick / unplanned,
2026-08-14,B05,DEV03,Present,,10:00-17:00
2026-08-14,B05,DEV04,Present,,10:00-17:00
2026-08-17,B01,JAY01,Present,,10:00-17:00
2026-08-17,B01,JAY02,Present,,10:00-17:00
2026-08-17,B01,JAY03,Present,,10:00-17:00
2026-08-17,B01,JAY04,Present,,10:00-17:00
2026-08-17,B01,JAY05,Present,,10:00-17:00
2026-08-17,B01,JAY06,Present,,10:00-17:00
2026-08-17,B01,JAY08,Present,,10:00-17:00
2026-08-17,B01,JAY07,Present,,10:00-17:00
2026-08-17,B02,WHF01,Leave,Sick / unplanned,
2026-08-17,B02,WHF02,Leave,Sick / unplanned,
2026-08-17,B02,WHF03,Present,,10:00-17:00
2026-08-17,B02,WHF04,Present,,10:00-17:00
2026-08-17,B02,WHF05,Present,,10:00-17:00
2026-08-17,B02,WHF06,Present,,10:00-17:00
2026-08-17,B02,WHF07,Present,,10:00-17:00
2026-08-17,B03,MAL01,Present,,10:00-17:00
2026-08-17,B03,MAL02,Present,,10:00-17:00
2026-08-17,B03,MAL03,Present,,10:00-17:00
2026-08-17,B03,MAL04,Present,,10:00-17:00
2026-08-17,B03,MAL05,Present,,10:00-17:00
2026-08-17,B03,MAL06,Present,,10:00-17:00
2026-08-17,B03,MAL07,Present,,10:00-17:00
2026-08-17,B04,HSK01,Present,,10:00-17:00
2026-08-17,B04,HSK02,Present,,10:00-17:00
2026-08-17,B04,HSK03,Present,,10:00-17:00
2026-08-17,B04,HSK04,Present,,10:00-17:00
2026-08-17,B04,HSK05,Present,,10:00-17:00
2026-08-17,B05,DEV01,Present,,10:00-17:00
2026-08-17,B05,DEV02,Present,,10:00-17:00
2026-08-17,B05,DEV03,Present,,10:00-17:00
2026-08-17,B05,DEV04,Present,,10:00-17:00
2026-08-18,B01,JAY01,Present,,10:00-17:00
2026-08-18,B01,JAY02,Leave,Sick / unplanned,
2026-08-18,B01,JAY03,Present,,10:00-17:00
2026-08-18,B01,JAY04,Present,,10:00-17:00
2026-08-18,B01,JAY05,Present,,10:00-17:00
2026-08-18,B01,JAY06,Present,,10:00-17:00
2026-08-18,B01,JAY08,Present,,10:00-17:00
2026-08-18,B01,JAY07,Present,,10:00-17:00
2026-08-18,B02,WHF01,Present,,10:00-17:00
2026-08-18,B02,WHF02,Present,,10:00-17:00
2026-08-18,B02,WHF03,Present,,10:00-17:00
2026-08-18,B02,WHF04,Present,,10:00-17:00
2026-08-18,B02,WHF05,Present,,10:00-17:00
2026-08-18,B02,WHF06,Present,,10:00-17:00
2026-08-18,B02,WHF07,Present,,10:00-17:00
2026-08-18,B03,MAL01,Present,,10:00-17:00
2026-08-18,B03,MAL02,Present,,10:00-17:00
2026-08-18,B03,MAL03,Present,,10:00-17:00
2026-08-18,B03,MAL04,Present,,10:00-17:00
2026-08-18,B03,MAL05,Present,,10:00-17:00
2026-08-18,B03,MAL06,Present,,10:00-17:00
2026-08-18,B03,MAL07,Present,,10:00-17:00
2026-08-18,B04,HSK01,Present,,10:00-17:00
2026-08-18,B04,HSK02,Present,,10:00-17:00
2026-08-18,B04,HSK03,Present,,10:00-17:00
2026-08-18,B04,HSK04,Present,,10:00-17:00
2026-08-18,B04,HSK05,Present,,10:00-17:00
2026-08-18,B05,DEV01,Present,,10:00-17:00
2026-08-18,B05,DEV02,Present,,10:00-17:00
2026-08-18,B05,DEV03,Present,,10:00-17:00
2026-08-18,B05,DEV04,Present,,10:00-17:00
2026-08-19,B01,JAY01,Present,,10:00-17:00
2026-08-19,B01,JAY02,Present,,10:00-17:00
2026-08-19,B01,JAY03,Present,,10:00-17:00
2026-08-19,B01,JAY04,Present,,10:00-17:00
2026-08-19,B01,JAY05,Present,,10:00-17:00
2026-08-19,B01,JAY06,Present,,10:00-17:00
2026-08-19,B01,JAY08,Present,,10:00-17:00
2026-08-19,B01,JAY07,Present,,10:00-17:00
2026-08-19,B02,WHF01,Present,,10:00-17:00
2026-08-19,B02,WHF02,Present,,10:00-17:00
2026-08-19,B02,WHF03,Present,,10:00-17:00
2026-08-19,B02,WHF04,Present,,10:00-17:00
2026-08-19,B02,WHF05,Present,,10:00-17:00
2026-08-19,B02,WHF06,Present,,10:00-17:00
2026-08-19,B02,WHF07,Present,,10:00-17:00
2026-08-19,B03,MAL01,Present,,10:00-17:00
2026-08-19,B03,MAL02,Present,,10:00-17:00
2026-08-19,B03,MAL03,Present,,10:00-17:00
2026-08-19,B03,MAL04,Present,,10:00-17:00
2026-08-19,B03,MAL05,Present,,10:00-17:00
2026-08-19,B03,MAL06,Present,,10:00-17:00
2026-08-19,B03,MAL07,Present,,10:00-17:00
2026-08-19,B04,HSK01,Present,,10:00-17:00
2026-08-19,B04,HSK02,Present,,10:00-17:00
2026-08-19,B04,HSK03,Present,,10:00-17:00
2026-08-19,B04,HSK04,Present,,10:00-17:00
2026-08-19,B04,HSK05,Present,,10:00-17:00
2026-08-19,B05,DEV01,Present,,10:00-17:00
2026-08-19,B05,DEV02,Present,,10:00-17:00
2026-08-19,B05,DEV03,Present,,10:00-17:00
2026-08-19,B05,DEV04,Present,,10:00-17:00
2026-08-20,B01,JAY01,Present,,10:00-17:00
2026-08-20,B01,JAY02,Leave,Sick / unplanned,
2026-08-20,B01,JAY03,Present,,10:00-17:00
2026-08-20,B01,JAY04,Present,,10:00-17:00
2026-08-20,B01,JAY05,Leave,Sick / unplanned,
2026-08-20,B01,JAY06,Present,,10:00-17:00
2026-08-20,B01,JAY08,Present,,10:00-17:00
2026-08-20,B01,JAY07,Present,,10:00-17:00
2026-08-20,B02,WHF01,Present,,10:00-17:00
2026-08-20,B02,WHF02,Present,,10:00-17:00
2026-08-20,B02,WHF03,Present,,10:00-17:00
2026-08-20,B02,WHF04,Present,,10:00-17:00
2026-08-20,B02,WHF05,Present,,10:00-17:00
2026-08-20,B02,WHF06,Present,,10:00-17:00
2026-08-20,B02,WHF07,Present,,10:00-17:00
2026-08-20,B03,MAL01,Present,,10:00-17:00
2026-08-20,B03,MAL02,Present,,10:00-17:00
2026-08-20,B03,MAL03,Present,,10:00-17:00
2026-08-20,B03,MAL04,Present,,10:00-17:00
2026-08-20,B03,MAL05,Present,,10:00-17:00
2026-08-20,B03,MAL06,Present,,10:00-17:00
2026-08-20,B03,MAL07,Present,,10:00-17:00
2026-08-20,B04,HSK01,Present,,10:00-17:00
2026-08-20,B04,HSK02,Present,,10:00-17:00
2026-08-20,B04,HSK03,Present,,10:00-17:00
2026-08-20,B04,HSK04,Present,,10:00-17:00
2026-08-20,B04,HSK05,Present,,10:00-17:00
2026-08-20,B05,DEV01,Present,,10:00-17:00
2026-08-20,B05,DEV02,Present,,10:00-17:00
2026-08-20,B05,DEV03,Present,,10:00-17:00
2026-08-20,B05,DEV04,Present,,10:00-17:00
2026-08-21,B01,JAY01,Present,,10:00-17:00
2026-08-21,B01,JAY02,Present,,10:00-17:00
2026-08-21,B01,JAY03,Present,,10:00-17:00
2026-08-21,B01,JAY04,Present,,10:00-17:00
2026-08-21,B01,JAY05,Present,,10:00-17:00
2026-08-21,B01,JAY06,Present,,10:00-17:00
2026-08-21,B01,JAY08,Present,,10:00-17:00
2026-08-21,B01,JAY07,Present,,10:00-17:00
2026-08-21,B02,WHF01,Present,,10:00-17:00
2026-08-21,B02,WHF02,Present,,10:00-17:00
2026-08-21,B02,WHF03,Present,,10:00-17:00
2026-08-21,B02,WHF04,Present,,10:00-17:00
2026-08-21,B02,WHF05,Present,,10:00-17:00
2026-08-21,B02,WHF06,Present,,10:00-17:00
2026-08-21,B02,WHF07,Present,,10:00-17:00
2026-08-21,B03,MAL01,Present,,10:00-17:00
2026-08-21,B03,MAL02,Present,,10:00-17:00
2026-08-21,B03,MAL03,Present,,10:00-17:00
2026-08-21,B03,MAL04,Present,,10:00-17:00
2026-08-21,B03,MAL05,Present,,10:00-17:00
2026-08-21,B03,MAL06,Present,,10:00-17:00
2026-08-21,B03,MAL07,Present,,10:00-17:00
2026-08-21,B04,HSK01,Present,,10:00-17:00
2026-08-21,B04,HSK02,Present,,10:00-17:00
2026-08-21,B04,HSK03,Present,,10:00-17:00
2026-08-21,B04,HSK04,Present,,10:00-17:00
2026-08-21,B04,HSK05,Present,,10:00-17:00
2026-08-21,B05,DEV01,Present,,10:00-17:00
2026-08-21,B05,DEV02,Present,,10:00-17:00
2026-08-21,B05,DEV03,Present,,10:00-17:00
2026-08-21,B05,DEV04,Present,,10:00-17:00
2026-08-24,B01,JAY01,Present,,10:00-17:00
2026-08-24,B01,JAY02,Present,,10:00-17:00
2026-08-24,B01,JAY03,Present,,10:00-17:00
2026-08-24,B01,JAY04,Present,,10:00-17:00
2026-08-24,B01,JAY05,Present,,10:00-17:00
2026-08-24,B01,JAY06,Present,,10:00-17:00
2026-08-24,B01,JAY08,Present,,10:00-17:00
2026-08-24,B01,JAY07,Leave,Sick / unplanned,
2026-08-24,B02,WHF01,Present,,10:00-17:00
2026-08-24,B02,WHF02,Present,,10:00-17:00
2026-08-24,B02,WHF03,Leave,Sick / unplanned,
2026-08-24,B02,WHF04,Present,,10:00-17:00
2026-08-24,B02,WHF05,Leave,Sick / unplanned,
2026-08-24,B02,WHF06,Present,,10:00-17:00
2026-08-24,B02,WHF07,Present,,10:00-17:00
2026-08-24,B03,MAL01,Present,,10:00-17:00
2026-08-24,B03,MAL02,Present,,10:00-17:00
2026-08-24,B03,MAL03,Present,,10:00-17:00
2026-08-24,B03,MAL04,Present,,10:00-17:00
2026-08-24,B03,MAL05,Present,,10:00-17:00
2026-08-24,B03,MAL06,Present,,10:00-17:00
2026-08-24,B03,MAL07,Present,,10:00-17:00
2026-08-24,B04,HSK01,Present,,10:00-17:00
2026-08-24,B04,HSK02,Present,,10:00-17:00
2026-08-24,B04,HSK03,Present,,10:00-17:00
2026-08-24,B04,HSK04,Present,,10:00-17:00
2026-08-24,B04,HSK05,Present,,10:00-17:00
2026-08-24,B05,DEV01,Present,,10:00-17:00
2026-08-24,B05,DEV02,Present,,10:00-17:00
2026-08-24,B05,DEV03,Present,,10:00-17:00
2026-08-24,B05,DEV04,Present,,10:00-17:00
2026-08-25,B01,JAY01,Present,,10:00-17:00
2026-08-25,B01,JAY02,Present,,10:00-17:00
2026-08-25,B01,JAY03,Present,,10:00-17:00
2026-08-25,B01,JAY04,Present,,10:00-17:00
2026-08-25,B01,JAY05,Present,,10:00-17:00
2026-08-25,B01,JAY06,Present,,10:00-17:00
2026-08-25,B01,JAY08,Present,,10:00-17:00
2026-08-25,B01,JAY07,Present,,10:00-17:00
2026-08-25,B02,WHF01,Present,,10:00-17:00
2026-08-25,B02,WHF02,Present,,10:00-17:00
2026-08-25,B02,WHF03,Present,,10:00-17:00
2026-08-25,B02,WHF04,Present,,10:00-17:00
2026-08-25,B02,WHF05,Present,,10:00-17:00
2026-08-25,B02,WHF06,Present,,10:00-17:00
2026-08-25,B02,WHF07,Present,,10:00-17:00
2026-08-25,B03,MAL01,Present,,10:00-17:00
2026-08-25,B03,MAL02,Present,,10:00-17:00
2026-08-25,B03,MAL03,Present,,10:00-17:00
2026-08-25,B03,MAL04,Present,,10:00-17:00
2026-08-25,B03,MAL05,Present,,10:00-17:00
2026-08-25,B03,MAL06,Present,,10:00-17:00
2026-08-25,B03,MAL07,Present,,10:00-17:00
2026-08-25,B04,HSK01,Present,,10:00-17:00
2026-08-25,B04,HSK02,Present,,10:00-17:00
2026-08-25,B04,HSK03,Present,,10:00-17:00
2026-08-25,B04,HSK04,Present,,10:00-17:00
2026-08-25,B04,HSK05,Present,,10:00-17:00
2026-08-25,B05,DEV01,Present,,10:00-17:00
2026-08-25,B05,DEV02,Present,,10:00-17:00
2026-08-25,B05,DEV03,Present,,10:00-17:00
2026-08-25,B05,DEV04,Present,,10:00-17:00
2026-08-27,B01,JAY01,Present,,10:00-17:00
2026-08-27,B01,JAY02,Present,,10:00-17:00
2026-08-27,B01,JAY03,Present,,10:00-17:00
2026-08-27,B01,JAY04,Present,,10:00-17:00
2026-08-27,B01,JAY05,Present,,10:00-17:00
2026-08-27,B01,JAY06,Present,,10:00-17:00
2026-08-27,B01,JAY08,Present,,10:00-17:00
2026-08-27,B01,JAY07,Present,,10:00-17:00
2026-08-27,B02,WHF01,Present,,10:00-17:00
2026-08-27,B02,WHF02,Present,,10:00-17:00
2026-08-27,B02,WHF03,Present,,10:00-17:00
2026-08-27,B02,WHF04,Present,,10:00-17:00
2026-08-27,B02,WHF05,Present,,10:00-17:00
2026-08-27,B02,WHF06,Present,,10:00-17:00
2026-08-27,B02,WHF07,Present,,10:00-17:00
2026-08-27,B03,MAL01,Present,,10:00-17:00
2026-08-27,B03,MAL02,Present,,10:00-17:00
2026-08-27,B03,MAL03,Present,,10:00-17:00
2026-08-27,B03,MAL04,Present,,10:00-17:00
2026-08-27,B03,MAL05,Leave,Sick / unplanned,
2026-08-27,B03,MAL06,Present,,10:00-17:00
2026-08-27,B03,MAL07,Present,,10:00-17:00
2026-08-27,B04,HSK01,Present,,10:00-17:00
2026-08-27,B04,HSK02,Present,,10:00-17:00
2026-08-27,B04,HSK03,Present,,10:00-17:00
2026-08-27,B04,HSK04,Present,,10:00-17:00
2026-08-27,B04,HSK05,Present,,10:00-17:00
2026-08-27,B05,DEV01,Present,,10:00-17:00
2026-08-27,B05,DEV02,Present,,10:00-17:00
2026-08-27,B05,DEV03,Present,,10:00-17:00
2026-08-27,B05,DEV04,Present,,10:00-17:00
2026-08-28,B01,JAY01,Present,,10:00-17:00
2026-08-28,B01,JAY02,Present,,10:00-17:00
2026-08-28,B01,JAY03,Present,,10:00-17:00
2026-08-28,B01,JAY04,Present,,10:00-17:00
2026-08-28,B01,JAY05,Present,,10:00-17:00
2026-08-28,B01,JAY06,Present,,10:00-17:00
2026-08-28,B01,JAY08,Present,,10:00-17:00
2026-08-28,B01,JAY07,Present,,10:00-17:00
2026-08-28,B02,WHF01,Present,,10:00-17:00
2026-08-28,B02,WHF02,Present,,10:00-17:00
2026-08-28,B02,WHF03,Present,,10:00-17:00
2026-08-28,B02,WHF04,Present,,10:00-17:00
2026-08-28,B02,WHF05,Present,,10:00-17:00
2026-08-28,B02,WHF06,Present,,10:00-17:00
2026-08-28,B02,WHF07,Present,,10:00-17:00
2026-08-28,B03,MAL01,Present,,10:00-17:00
2026-08-28,B03,MAL02,Present,,10:00-17:00
2026-08-28,B03,MAL03,Present,,10:00-17:00
2026-08-28,B03,MAL04,Present,,10:00-17:00
2026-08-28,B03,MAL05,Present,,10:00-17:00
2026-08-28,B03,MAL06,Present,,10:00-17:00
2026-08-28,B03,MAL07,Leave,Sick / unplanned,
2026-08-28,B04,HSK01,Present,,10:00-17:00
2026-08-28,B04,HSK02,Present,,10:00-17:00
2026-08-28,B04,HSK03,Present,,10:00-17:00
2026-08-28,B04,HSK04,Present,,10:00-17:00
2026-08-28,B04,HSK05,Present,,10:00-17:00
2026-08-28,B05,DEV01,Present,,10:00-17:00
2026-08-28,B05,DEV02,Present,,10:00-17:00
2026-08-28,B05,DEV03,Present,,10:00-17:00
2026-08-28,B05,DEV04,Present,,10:00-17:00
2026-08-29,B01,JAY01,Present,,10:00-17:00
2026-08-29,B01,JAY02,Present,,10:00-17:00
2026-08-29,B01,JAY03,Present,,10:00-17:00
2026-08-29,B01,JAY04,Present,,10:00-17:00
2026-08-29,B01,JAY05,Present,,10:00-17:00
2026-08-29,B01,JAY06,Present,,10:00-17:00
2026-08-29,B01,JAY08,Present,,10:00-17:00
2026-08-29,B01,JAY07,Present,,10:00-17:00
2026-08-29,B02,WHF01,Present,,10:00-17:00
2026-08-29,B02,WHF02,Present,,10:00-17:00
2026-08-29,B02,WHF03,Leave,Sick / unplanned,
2026-08-29,B02,WHF04,Present,,10:00-17:00
2026-08-29,B02,WHF05,Present,,10:00-17:00
2026-08-29,B02,WHF06,Present,,10:00-17:00
2026-08-29,B02,WHF07,Present,,10:00-17:00
2026-08-29,B03,MAL01,Present,,10:00-17:00
2026-08-29,B03,MAL02,Present,,10:00-17:00
2026-08-29,B03,MAL03,Present,,10:00-17:00
2026-08-29,B03,MAL04,Present,,10:00-17:00
2026-08-29,B03,MAL05,Present,,10:00-17:00
2026-08-29,B03,MAL06,Present,,10:00-17:00
2026-08-29,B03,MAL07,Present,,10:00-17:00
2026-08-29,B04,HSK01,Present,,10:00-17:00
2026-08-29,B04,HSK02,Present,,10:00-17:00
2026-08-29,B04,HSK03,Present,,10:00-17:00
2026-08-29,B04,HSK04,Present,,10:00-17:00
2026-08-29,B04,HSK05,Present,,10:00-17:00
2026-08-29,B05,DEV01,Present,,10:00-17:00
2026-08-29,B05,DEV02,Present,,10:00-17:00
2026-08-29,B05,DEV03,Present,,10:00-17:00
2026-08-29,B05,DEV04,Present,,10:00-17:00
2026-08-31,B01,JAY01,Present,,10:00-17:00
2026-08-31,B01,JAY02,Present,,10:00-17:00
2026-08-31,B01,JAY03,Present,,10:00-17:00
2026-08-31,B01,JAY04,Present,,10:00-17:00
2026-08-31,B01,JAY05,Present,,10:00-17:00
2026-08-31,B01,JAY06,Present,,10:00-17:00
2026-08-31,B01,JAY08,Present,,10:00-17:00
2026-08-31,B01,JAY07,Present,,10:00-17:00
2026-08-31,B02,WHF01,Present,,10:00-17:00
2026-08-31,B02,WHF02,Present,,10:00-17:00
2026-08-31,B02,WHF03,Present,,10:00-17:00
2026-08-31,B02,WHF04,Present,,10:00-17:00
2026-08-31,B02,WHF05,Present,,10:00-17:00
2026-08-31,B02,WHF06,Present,,10:00-17:00
2026-08-31,B02,WHF07,Present,,10:00-17:00
2026-08-31,B03,MAL01,Present,,10:00-17:00
2026-08-31,B03,MAL02,Present,,10:00-17:00
2026-08-31,B03,MAL03,Present,,10:00-17:00
2026-08-31,B03,MAL04,Present,,10:00-17:00
2026-08-31,B03,MAL05,Present,,10:00-17:00
2026-08-31,B03,MAL06,Present,,10:00-17:00
2026-08-31,B03,MAL07,Present,,10:00-17:00
2026-08-31,B04,HSK01,Present,,10:00-17:00
2026-08-31,B04,HSK02,Present,,10:00-17:00
2026-08-31,B04,HSK03,Present,,10:00-17:00
2026-08-31,B04,HSK04,Present,,10:00-17:00
2026-08-31,B04,HSK05,Present,,10:00-17:00
2026-08-31,B05,DEV01,Present,,10:00-17:00
2026-08-31,B05,DEV02,Present,,10:00-17:00
2026-08-31,B05,DEV03,Present,,10:00-17:00
2026-08-31,B05,DEV04,Present,,10:00-17:00
2026-09-01,B01,JAY01,Present,,10:00-17:00
2026-09-01,B01,JAY02,Present,,10:00-17:00
2026-09-01,B01,JAY03,Present,,10:00-17:00
2026-09-01,B01,JAY04,Present,,10:00-17:00
2026-09-01,B01,JAY05,Present,,10:00-17:00
2026-09-01,B01,JAY06,Present,,10:00-17:00
2026-09-01,B01,JAY08,Present,,10:00-17:00
2026-09-01,B01,JAY07,Leave,Sick / unplanned,
2026-09-01,B02,WHF01,Present,,10:00-17:00
2026-09-01,B02,WHF02,Present,,10:00-17:00
2026-09-01,B02,WHF03,Present,,10:00-17:00
2026-09-01,B02,WHF04,Present,,10:00-17:00
2026-09-01,B02,WHF05,Present,,10:00-17:00
2026-09-01,B02,WHF06,Present,,10:00-17:00
2026-09-01,B02,WHF07,Present,,10:00-17:00
2026-09-01,B03,MAL01,Present,,10:00-17:00
2026-09-01,B03,MAL02,Present,,10:00-17:00
2026-09-01,B03,MAL03,Present,,10:00-17:00
2026-09-01,B03,MAL04,Present,,10:00-17:00
2026-09-01,B03,MAL05,Leave,Sick / unplanned,
2026-09-01,B03,MAL06,Present,,10:00-17:00
2026-09-01,B03,MAL07,Present,,10:00-17:00
2026-09-01,B04,HSK01,Present,,10:00-17:00
2026-09-01,B04,HSK02,Present,,10:00-17:00
2026-09-01,B04,HSK03,Present,,10:00-17:00
2026-09-01,B04,HSK04,Present,,10:00-17:00
2026-09-01,B04,HSK05,Present,,10:00-17:00
2026-09-01,B05,DEV01,Present,,10:00-17:00
2026-09-01,B05,DEV02,Present,,10:00-17:00
2026-09-01,B05,DEV03,Present,,10:00-17:00
2026-09-01,B05,DEV04,Present,,10:00-17:00
2026-09-02,B01,JAY01,Present,,10:00-17:00
2026-09-02,B01,JAY02,Present,,10:00-17:00
2026-09-02,B01,JAY03,Present,,10:00-17:00
2026-09-02,B01,JAY04,Present,,10:00-17:00
2026-09-02,B01,JAY05,Present,,10:00-17:00
2026-09-02,B01,JAY06,Present,,10:00-17:00
2026-09-02,B01,JAY08,Present,,10:00-17:00
2026-09-02,B01,JAY07,Present,,10:00-17:00
2026-09-02,B02,WHF01,Present,,10:00-17:00
2026-09-02,B02,WHF02,Present,,10:00-17:00
2026-09-02,B02,WHF03,Present,,10:00-17:00
2026-09-02,B02,WHF04,Present,,10:00-17:00
2026-09-02,B02,WHF05,Present,,10:00-17:00
2026-09-02,B02,WHF06,Present,,10:00-17:00
2026-09-02,B02,WHF07,Present,,10:00-17:00
2026-09-02,B03,MAL01,Present,,10:00-17:00
2026-09-02,B03,MAL02,Present,,10:00-17:00
2026-09-02,B03,MAL03,Present,,10:00-17:00
2026-09-02,B03,MAL04,Present,,10:00-17:00
2026-09-02,B03,MAL05,Present,,10:00-17:00
2026-09-02,B03,MAL06,Present,,10:00-17:00
2026-09-02,B03,MAL07,Present,,10:00-17:00
2026-09-02,B04,HSK01,Present,,10:00-17:00
2026-09-02,B04,HSK02,Present,,10:00-17:00
2026-09-02,B04,HSK03,Present,,10:00-17:00
2026-09-02,B04,HSK04,Present,,10:00-17:00
2026-09-02,B04,HSK05,Present,,10:00-17:00
2026-09-02,B05,DEV01,Present,,10:00-17:00
2026-09-02,B05,DEV02,Present,,10:00-17:00
2026-09-02,B05,DEV03,Present,,10:00-17:00
2026-09-02,B05,DEV04,Present,,10:00-17:00
2026-09-03,B01,JAY01,Present,,10:00-17:00
2026-09-03,B01,JAY02,Present,,10:00-17:00
2026-09-03,B01,JAY03,Present,,10:00-17:00
2026-09-03,B01,JAY04,Present,,10:00-17:00
2026-09-03,B01,JAY05,Present,,10:00-17:00
2026-09-03,B01,JAY06,Present,,10:00-17:00
2026-09-03,B01,JAY08,Present,,10:00-17:00
2026-09-03,B01,JAY07,Present,,10:00-17:00
2026-09-03,B02,WHF01,Present,,10:00-17:00
2026-09-03,B02,WHF02,Present,,10:00-17:00
2026-09-03,B02,WHF03,Present,,10:00-17:00
2026-09-03,B02,WHF04,Present,,10:00-17:00
2026-09-03,B02,WHF05,Present,,10:00-17:00
2026-09-03,B02,WHF06,Present,,10:00-17:00
2026-09-03,B02,WHF07,Leave,Sick / unplanned,
2026-09-03,B03,MAL01,Present,,10:00-17:00
2026-09-03,B03,MAL02,Present,,10:00-17:00
2026-09-03,B03,MAL03,Present,,10:00-17:00
2026-09-03,B03,MAL04,Present,,10:00-17:00
2026-09-03,B03,MAL05,Present,,10:00-17:00
2026-09-03,B03,MAL06,Present,,10:00-17:00
2026-09-03,B03,MAL07,Present,,10:00-17:00
2026-09-03,B04,HSK01,Present,,10:00-17:00
2026-09-03,B04,HSK02,Present,,10:00-17:00
2026-09-03,B04,HSK03,Present,,10:00-17:00
2026-09-03,B04,HSK04,Present,,10:00-17:00
2026-09-03,B04,HSK05,Present,,10:00-17:00
2026-09-03,B05,DEV01,Present,,10:00-17:00
2026-09-03,B05,DEV02,Present,,10:00-17:00
2026-09-03,B05,DEV03,Present,,10:00-17:00
2026-09-03,B05,DEV04,Present,,10:00-17:00
2026-09-04,B01,JAY01,Present,,10:00-17:00
2026-09-04,B01,JAY02,Present,,10:00-17:00
2026-09-04,B01,JAY03,Present,,10:00-17:00
2026-09-04,B01,JAY04,Present,,10:00-17:00
2026-09-04,B01,JAY05,Present,,10:00-17:00
2026-09-04,B01,JAY06,Present,,10:00-17:00
2026-09-04,B01,JAY08,Leave,Sick / unplanned,
2026-09-04,B01,JAY07,Present,,10:00-17:00
2026-09-04,B02,WHF01,Present,,10:00-17:00
2026-09-04,B02,WHF02,Present,,10:00-17:00
2026-09-04,B02,WHF03,Present,,10:00-17:00
2026-09-04,B02,WHF04,Present,,10:00-17:00
2026-09-04,B02,WHF05,Present,,10:00-17:00
2026-09-04,B02,WHF06,Leave,Sick / unplanned,
2026-09-04,B02,WHF07,Present,,10:00-17:00
2026-09-04,B03,MAL01,Present,,10:00-17:00
2026-09-04,B03,MAL02,Present,,10:00-17:00
2026-09-04,B03,MAL03,Present,,10:00-17:00
2026-09-04,B03,MAL04,Present,,10:00-17:00
2026-09-04,B03,MAL05,Present,,10:00-17:00
2026-09-04,B03,MAL06,Present,,10:00-17:00
2026-09-04,B03,MAL07,Present,,10:00-17:00
2026-09-04,B04,HSK01,Present,,10:00-17:00
2026-09-04,B04,HSK02,Present,,10:00-17:00
2026-09-04,B04,HSK03,Present,,10:00-17:00
2026-09-04,B04,HSK04,Present,,10:00-17:00
2026-09-04,B04,HSK05,Present,,10:00-17:00
2026-09-04,B05,DEV01,Present,,10:00-17:00
2026-09-04,B05,DEV02,Present,,10:00-17:00
2026-09-04,B05,DEV03,Present,,10:00-17:00
2026-09-04,B05,DEV04,Present,,10:00-17:00
2026-09-05,B01,JAY01,Present,,10:00-17:00
2026-09-05,B01,JAY02,Present,,10:00-17:00
2026-09-05,B01,JAY03,Present,,10:00-17:00
2026-09-05,B01,JAY04,Present,,10:00-17:00
2026-09-05,B01,JAY05,Present,,10:00-17:00
2026-09-05,B01,JAY06,Present,,10:00-17:00
2026-09-05,B01,JAY08,Present,,10:00-17:00
2026-09-05,B01,JAY07,Present,,10:00-17:00
2026-09-05,B02,WHF01,Present,,10:00-17:00
2026-09-05,B02,WHF02,Present,,10:00-17:00
2026-09-05,B02,WHF03,Present,,10:00-17:00
2026-09-05,B02,WHF04,Present,,10:00-17:00
2026-09-05,B02,WHF05,Present,,10:00-17:00
2026-09-05,B02,WHF06,Present,,10:00-17:00
2026-09-05,B02,WHF07,Present,,10:00-17:00
2026-09-05,B03,MAL01,Present,,10:00-17:00
2026-09-05,B03,MAL02,Present,,10:00-17:00
2026-09-05,B03,MAL03,Present,,10:00-17:00
2026-09-05,B03,MAL04,Present,,10:00-17:00
2026-09-05,B03,MAL05,Present,,10:00-17:00
2026-09-05,B03,MAL06,Present,,10:00-17:00
2026-09-05,B03,MAL07,Present,,10:00-17:00
2026-09-05,B04,HSK01,Present,,10:00-17:00
2026-09-05,B04,HSK02,Present,,10:00-17:00
2026-09-05,B04,HSK03,Present,,10:00-17:00
2026-09-05,B04,HSK04,Present,,10:00-17:00
2026-09-05,B04,HSK05,Present,,10:00-17:00
2026-09-05,B05,DEV01,Present,,10:00-17:00
2026-09-05,B05,DEV02,Present,,10:00-17:00
2026-09-05,B05,DEV03,Present,,10:00-17:00
2026-09-05,B05,DEV04,Present,,10:00-17:00
2026-09-07,B01,JAY01,Present,,10:00-17:00
2026-09-07,B01,JAY02,Present,,10:00-17:00
2026-09-07,B01,JAY03,Present,,10:00-17:00
2026-09-07,B01,JAY04,Present,,10:00-17:00
2026-09-07,B01,JAY05,Present,,10:00-17:00
2026-09-07,B01,JAY06,Present,,10:00-17:00
2026-09-07,B01,JAY08,Present,,10:00-17:00
2026-09-07,B01,JAY07,Present,,10:00-17:00
2026-09-07,B02,WHF01,Present,,10:00-17:00
2026-09-07,B02,WHF02,Present,,10:00-17:00
2026-09-07,B02,WHF03,Present,,10:00-17:00
2026-09-07,B02,WHF04,Present,,10:00-17:00
2026-09-07,B02,WHF05,Present,,10:00-17:00
2026-09-07,B02,WHF06,Present,,10:00-17:00
2026-09-07,B02,WHF07,Present,,10:00-17:00
2026-09-07,B03,MAL01,Present,,10:00-17:00
2026-09-07,B03,MAL02,Leave,Sick / unplanned,
2026-09-07,B03,MAL03,Present,,10:00-17:00
2026-09-07,B03,MAL04,Present,,10:00-17:00
2026-09-07,B03,MAL05,Present,,10:00-17:00
2026-09-07,B03,MAL06,Present,,10:00-17:00
2026-09-07,B03,MAL07,Present,,10:00-17:00
2026-09-07,B04,HSK01,Present,,10:00-17:00
2026-09-07,B04,HSK02,Present,,10:00-17:00
2026-09-07,B04,HSK03,Present,,10:00-17:00
2026-09-07,B04,HSK04,Present,,10:00-17:00
2026-09-07,B04,HSK05,Present,,10:00-17:00
2026-09-07,B05,DEV01,Present,,10:00-17:00
2026-09-07,B05,DEV02,Present,,10:00-17:00
2026-09-07,B05,DEV03,Present,,10:00-17:00
2026-09-07,B05,DEV04,Present,,10:00-17:00
2026-09-08,B01,JAY01,Present,,10:00-17:00
2026-09-08,B01,JAY02,Present,,10:00-17:00
2026-09-08,B01,JAY03,Present,,10:00-17:00
2026-09-08,B01,JAY04,Present,,10:00-17:00
2026-09-08,B01,JAY05,Present,,10:00-17:00
2026-09-08,B01,JAY06,Present,,10:00-17:00
2026-09-08,B01,JAY08,Present,,10:00-17:00
2026-09-08,B01,JAY07,Present,,10:00-17:00
2026-09-08,B02,WHF01,Present,,10:00-17:00
2026-09-08,B02,WHF02,Present,,10:00-17:00
2026-09-08,B02,WHF03,Present,,10:00-17:00
2026-09-08,B02,WHF04,Present,,10:00-17:00
2026-09-08,B02,WHF05,Present,,10:00-17:00
2026-09-08,B02,WHF06,Present,,10:00-17:00
2026-09-08,B02,WHF07,Present,,10:00-17:00
2026-09-08,B03,MAL01,Present,,10:00-17:00
2026-09-08,B03,MAL02,Present,,10:00-17:00
2026-09-08,B03,MAL03,Present,,10:00-17:00
2026-09-08,B03,MAL04,Present,,10:00-17:00
2026-09-08,B03,MAL05,Present,,10:00-17:00
2026-09-08,B03,MAL06,Leave,Sick / unplanned,
2026-09-08,B03,MAL07,Present,,10:00-17:00
2026-09-08,B04,HSK01,Present,,10:00-17:00
2026-09-08,B04,HSK02,Present,,10:00-17:00
2026-09-08,B04,HSK03,Present,,10:00-17:00
2026-09-08,B04,HSK04,Present,,10:00-17:00
2026-09-08,B04,HSK05,Present,,10:00-17:00
2026-09-08,B05,DEV01,Present,,10:00-17:00
2026-09-08,B05,DEV02,Present,,10:00-17:00
2026-09-08,B05,DEV03,Present,,10:00-17:00
2026-09-08,B05,DEV04,Present,,10:00-17:00
2026-09-09,B01,JAY01,Present,,10:00-17:00
2026-09-09,B01,JAY02,Present,,10:00-17:00
2026-09-09,B01,JAY03,Present,,10:00-17:00
2026-09-09,B01,JAY04,Present,,10:00-17:00
2026-09-09,B01,JAY05,Present,,10:00-17:00
2026-09-09,B01,JAY06,Present,,10:00-17:00
2026-09-09,B01,JAY08,Present,,10:00-17:00
2026-09-09,B01,JAY07,Present,,10:00-17:00
2026-09-09,B02,WHF01,Present,,10:00-17:00
2026-09-09,B02,WHF02,Present,,10:00-17:00
2026-09-09,B02,WHF03,Present,,10:00-17:00
2026-09-09,B02,WHF04,Present,,10:00-17:00
2026-09-09,B02,WHF05,Present,,10:00-17:00
2026-09-09,B02,WHF06,Present,,10:00-17:00
2026-09-09,B02,WHF07,Present,,10:00-17:00
2026-09-09,B03,MAL01,Present,,10:00-17:00
2026-09-09,B03,MAL02,Present,,10:00-17:00
2026-09-09,B03,MAL03,Present,,10:00-17:00
2026-09-09,B03,MAL04,Present,,10:00-17:00
2026-09-09,B03,MAL05,Present,,10:00-17:00
2026-09-09,B03,MAL06,Present,,10:00-17:00
2026-09-09,B03,MAL07,Present,,10:00-17:00
2026-09-09,B04,HSK01,Present,,10:00-17:00
2026-09-09,B04,HSK02,Present,,10:00-17:00
2026-09-09,B04,HSK03,Present,,10:00-17:00
2026-09-09,B04,HSK04,Present,,10:00-17:00
2026-09-09,B04,HSK05,Present,,10:00-17:00
2026-09-09,B05,DEV01,Present,,10:00-17:00
2026-09-09,B05,DEV02,Present,,10:00-17:00
2026-09-09,B05,DEV03,Present,,10:00-17:00
2026-09-09,B05,DEV04,Present,,10:00-17:00
2026-09-10,B01,JAY01,Present,,10:00-17:00
2026-09-10,B01,JAY02,Present,,10:00-17:00
2026-09-10,B01,JAY03,Leave,Sick / unplanned,
2026-09-10,B01,JAY04,Leave,Sick / unplanned,
2026-09-10,B01,JAY05,Present,,10:00-17:00
2026-09-10,B01,JAY06,Present,,10:00-17:00
2026-09-10,B01,JAY08,Present,,10:00-17:00
2026-09-10,B01,JAY07,Present,,10:00-17:00
2026-09-10,B02,WHF01,Present,,10:00-17:00
2026-09-10,B02,WHF02,Present,,10:00-17:00
2026-09-10,B02,WHF03,Leave,Sick / unplanned,
2026-09-10,B02,WHF04,Present,,10:00-17:00
2026-09-10,B02,WHF05,Present,,10:00-17:00
2026-09-10,B02,WHF06,Present,,10:00-17:00
2026-09-10,B02,WHF07,Present,,10:00-17:00
2026-09-10,B03,MAL01,Leave,Sick / unplanned,
2026-09-10,B03,MAL02,Present,,10:00-17:00
2026-09-10,B03,MAL03,Present,,10:00-17:00
2026-09-10,B03,MAL04,Present,,10:00-17:00
2026-09-10,B03,MAL05,Present,,10:00-17:00
2026-09-10,B03,MAL06,Present,,10:00-17:00
2026-09-10,B03,MAL07,Present,,10:00-17:00
2026-09-10,B04,HSK01,Present,,10:00-17:00
2026-09-10,B04,HSK02,Present,,10:00-17:00
2026-09-10,B04,HSK03,Present,,10:00-17:00
2026-09-10,B04,HSK04,Present,,10:00-17:00
2026-09-10,B04,HSK05,Present,,10:00-17:00
2026-09-10,B05,DEV01,Present,,10:00-17:00
2026-09-10,B05,DEV02,Present,,10:00-17:00
2026-09-10,B05,DEV03,Present,,10:00-17:00
2026-09-10,B05,DEV04,Present,,10:00-17:00
2026-09-11,B01,JAY01,Present,,10:00-17:00
2026-09-11,B01,JAY02,Present,,10:00-17:00
2026-09-11,B01,JAY03,Present,,10:00-17:00
2026-09-11,B01,JAY04,Present,,10:00-17:00
2026-09-11,B01,JAY05,Leave,Sick / unplanned,
2026-09-11,B01,JAY06,Present,,10:00-17:00
2026-09-11,B01,JAY08,Present,,10:00-17:00
2026-09-11,B01,JAY07,Present,,10:00-17:00
2026-09-11,B02,WHF01,Present,,10:00-17:00
2026-09-11,B02,WHF02,Present,,10:00-17:00
2026-09-11,B02,WHF03,Present,,10:00-17:00
2026-09-11,B02,WHF04,Present,,10:00-17:00
2026-09-11,B02,WHF05,Present,,10:00-17:00
2026-09-11,B02,WHF06,Present,,10:00-17:00
2026-09-11,B02,WHF07,Present,,10:00-17:00
2026-09-11,B03,MAL01,Present,,10:00-17:00
2026-09-11,B03,MAL02,Present,,10:00-17:00
2026-09-11,B03,MAL03,Present,,10:00-17:00
2026-09-11,B03,MAL04,Present,,10:00-17:00
2026-09-11,B03,MAL05,Present,,10:00-17:00
2026-09-11,B03,MAL06,Present,,10:00-17:00
2026-09-11,B03,MAL07,Present,,10:00-17:00
2026-09-11,B04,HSK01,Present,,10:00-17:00
2026-09-11,B04,HSK02,Present,,10:00-17:00
2026-09-11,B04,HSK03,Present,,10:00-17:00
2026-09-11,B04,HSK04,Present,,10:00-17:00
2026-09-11,B04,HSK05,Present,,10:00-17:00
2026-09-11,B05,DEV01,Present,,10:00-17:00
2026-09-11,B05,DEV02,Present,,10:00-17:00
2026-09-11,B05,DEV03,Present,,10:00-17:00
2026-09-11,B05,DEV04,Present,,10:00-17:00
2026-09-15,B01,JAY01,Present,,10:00-17:00
2026-09-15,B01,JAY02,Present,,10:00-17:00
2026-09-15,B01,JAY03,Present,,10:00-17:00
2026-09-15,B01,JAY04,Present,,10:00-17:00
2026-09-15,B01,JAY05,Present,,10:00-17:00
2026-09-15,B01,JAY06,Present,,10:00-17:00
2026-09-15,B01,JAY08,Present,,10:00-17:00
2026-09-15,B01,JAY07,Present,,10:00-17:00
2026-09-15,B02,WHF01,Present,,10:00-17:00
2026-09-15,B02,WHF02,Present,,10:00-17:00
2026-09-15,B02,WHF03,Present,,10:00-17:00
2026-09-15,B02,WHF04,Present,,10:00-17:00
2026-09-15,B02,WHF05,Present,,10:00-17:00
2026-09-15,B02,WHF06,Present,,10:00-17:00
2026-09-15,B02,WHF07,Present,,10:00-17:00
2026-09-15,B03,MAL01,Present,,10:00-17:00
2026-09-15,B03,MAL02,Present,,10:00-17:00
2026-09-15,B03,MAL03,Present,,10:00-17:00
2026-09-15,B03,MAL04,Present,,10:00-17:00
2026-09-15,B03,MAL05,Present,,10:00-17:00
2026-09-15,B03,MAL06,Present,,10:00-17:00
2026-09-15,B03,MAL07,Leave,Sick / unplanned,
2026-09-15,B04,HSK01,Present,,10:00-17:00
2026-09-15,B04,HSK02,Present,,10:00-17:00
2026-09-15,B04,HSK03,Present,,10:00-17:00
2026-09-15,B04,HSK04,Present,,10:00-17:00
2026-09-15,B04,HSK05,Present,,10:00-17:00
2026-09-15,B05,DEV01,Present,,10:00-17:00
2026-09-15,B05,DEV02,Present,,10:00-17:00
2026-09-15,B05,DEV03,Present,,10:00-17:00
2026-09-15,B05,DEV04,Present,,10:00-17:00
2026-09-16,B01,JAY01,Present,,10:00-17:00
2026-09-16,B01,JAY02,Present,,10:00-17:00
2026-09-16,B01,JAY03,Present,,10:00-17:00
2026-09-16,B01,JAY04,Present,,10:00-17:00
2026-09-16,B01,JAY05,Present,,10:00-17:00
2026-09-16,B01,JAY06,Present,,10:00-17:00
2026-09-16,B01,JAY08,Present,,10:00-17:00
2026-09-16,B01,JAY07,Present,,10:00-17:00
2026-09-16,B02,WHF01,Present,,10:00-17:00
2026-09-16,B02,WHF02,Present,,10:00-17:00
2026-09-16,B02,WHF03,Present,,10:00-17:00
2026-09-16,B02,WHF04,Present,,10:00-17:00
2026-09-16,B02,WHF05,Present,,10:00-17:00
2026-09-16,B02,WHF06,Present,,10:00-17:00
2026-09-16,B02,WHF07,Present,,10:00-17:00
2026-09-16,B03,MAL01,Present,,10:00-17:00
2026-09-16,B03,MAL02,Present,,10:00-17:00
2026-09-16,B03,MAL03,Present,,10:00-17:00
2026-09-16,B03,MAL04,Present,,10:00-17:00
2026-09-16,B03,MAL05,Leave,Sick / unplanned,
2026-09-16,B03,MAL06,Present,,10:00-17:00
2026-09-16,B03,MAL07,Present,,10:00-17:00
2026-09-16,B04,HSK01,Present,,10:00-17:00
2026-09-16,B04,HSK02,Present,,10:00-17:00
2026-09-16,B04,HSK03,Present,,10:00-17:00
2026-09-16,B04,HSK04,Present,,10:00-17:00
2026-09-16,B04,HSK05,Present,,10:00-17:00
2026-09-16,B05,DEV01,Present,,10:00-17:00
2026-09-16,B05,DEV02,Present,,10:00-17:00
2026-09-16,B05,DEV03,Present,,10:00-17:00
2026-09-16,B05,DEV04,Present,,10:00-17:00
2026-09-17,B01,JAY01,Leave,Sick / unplanned,
2026-09-17,B01,JAY02,Present,,10:00-17:00
2026-09-17,B01,JAY03,Present,,10:00-17:00
2026-09-17,B01,JAY04,Present,,10:00-17:00
2026-09-17,B01,JAY05,Present,,10:00-17:00
2026-09-17,B01,JAY06,Present,,10:00-17:00
2026-09-17,B01,JAY08,Present,,10:00-17:00
2026-09-17,B01,JAY07,Present,,10:00-17:00
2026-09-17,B02,WHF01,Present,,10:00-17:00
2026-09-17,B02,WHF02,Present,,10:00-17:00
2026-09-17,B02,WHF03,Present,,10:00-17:00
2026-09-17,B02,WHF04,Present,,10:00-17:00
2026-09-17,B02,WHF05,Present,,10:00-17:00
2026-09-17,B02,WHF06,Present,,10:00-17:00
2026-09-17,B02,WHF07,Present,,10:00-17:00
2026-09-17,B03,MAL01,Present,,10:00-17:00
2026-09-17,B03,MAL02,Present,,10:00-17:00
2026-09-17,B03,MAL03,Present,,10:00-17:00
2026-09-17,B03,MAL04,Present,,10:00-17:00
2026-09-17,B03,MAL05,Present,,10:00-17:00
2026-09-17,B03,MAL06,Present,,10:00-17:00
2026-09-17,B03,MAL07,Present,,10:00-17:00
2026-09-17,B04,HSK01,Present,,10:00-17:00
2026-09-17,B04,HSK02,Present,,10:00-17:00
2026-09-17,B04,HSK03,Present,,10:00-17:00
2026-09-17,B04,HSK04,Present,,10:00-17:00
2026-09-17,B04,HSK05,Present,,10:00-17:00
2026-09-17,B05,DEV01,Present,,10:00-17:00
2026-09-17,B05,DEV02,Present,,10:00-17:00
2026-09-17,B05,DEV03,Present,,10:00-17:00
2026-09-17,B05,DEV04,Present,,10:00-17:00
2026-09-18,B01,JAY01,Present,,10:00-17:00
2026-09-18,B01,JAY02,Present,,10:00-17:00
2026-09-18,B01,JAY03,Present,,10:00-17:00
2026-09-18,B01,JAY04,Leave,Sick / unplanned,
2026-09-18,B01,JAY05,Present,,10:00-17:00
2026-09-18,B01,JAY06,Present,,10:00-17:00
2026-09-18,B01,JAY08,Present,,10:00-17:00
2026-09-18,B01,JAY07,Present,,10:00-17:00
2026-09-18,B02,WHF01,Present,,10:00-17:00
2026-09-18,B02,WHF02,Present,,10:00-17:00
2026-09-18,B02,WHF03,Present,,10:00-17:00
2026-09-18,B02,WHF04,Present,,10:00-17:00
2026-09-18,B02,WHF05,Present,,10:00-17:00
2026-09-18,B02,WHF06,Present,,10:00-17:00
2026-09-18,B02,WHF07,Present,,10:00-17:00
2026-09-18,B03,MAL01,Present,,10:00-17:00
2026-09-18,B03,MAL02,Present,,10:00-17:00
2026-09-18,B03,MAL03,Present,,10:00-17:00
2026-09-18,B03,MAL04,Present,,10:00-17:00
2026-09-18,B03,MAL05,Present,,10:00-17:00
2026-09-18,B03,MAL06,Present,,10:00-17:00
2026-09-18,B03,MAL07,Present,,10:00-17:00
2026-09-18,B04,HSK01,Present,,10:00-17:00
2026-09-18,B04,HSK02,Present,,10:00-17:00
2026-09-18,B04,HSK03,Present,,10:00-17:00
2026-09-18,B04,HSK04,Present,,10:00-17:00
2026-09-18,B04,HSK05,Present,,10:00-17:00
2026-09-18,B05,DEV01,Present,,10:00-17:00
2026-09-18,B05,DEV02,Present,,10:00-17:00
2026-09-18,B05,DEV03,Present,,10:00-17:00
2026-09-18,B05,DEV04,Present,,10:00-17:00
2026-09-19,B01,JAY01,Present,,10:00-17:00
2026-09-19,B01,JAY02,Present,,10:00-17:00
2026-09-19,B01,JAY03,Present,,10:00-17:00
2026-09-19,B01,JAY04,Present,,10:00-17:00
2026-09-19,B01,JAY05,Present,,10:00-17:00
2026-09-19,B01,JAY06,Present,,10:00-17:00
2026-09-19,B01,JAY08,Present,,10:00-17:00
2026-09-19,B01,JAY07,Present,,10:00-17:00
2026-09-19,B02,WHF01,Present,,10:00-17:00
2026-09-19,B02,WHF02,Present,,10:00-17:00
2026-09-19,B02,WHF03,Present,,10:00-17:00
2026-09-19,B02,WHF04,Present,,10:00-17:00
2026-09-19,B02,WHF05,Present,,10:00-17:00
2026-09-19,B02,WHF06,Present,,10:00-17:00
2026-09-19,B02,WHF07,Present,,10:00-17:00
2026-09-19,B03,MAL01,Present,,10:00-17:00
2026-09-19,B03,MAL02,Present,,10:00-17:00
2026-09-19,B03,MAL03,Present,,10:00-17:00
2026-09-19,B03,MAL04,Present,,10:00-17:00
2026-09-19,B03,MAL05,Present,,10:00-17:00
2026-09-19,B03,MAL06,Present,,10:00-17:00
2026-09-19,B03,MAL07,Present,,10:00-17:00
2026-09-19,B04,HSK01,Present,,10:00-17:00
2026-09-19,B04,HSK02,Present,,10:00-17:00
2026-09-19,B04,HSK03,Present,,10:00-17:00
2026-09-19,B04,HSK04,Present,,10:00-17:00
2026-09-19,B04,HSK05,Present,,10:00-17:00
2026-09-19,B05,DEV01,Present,,10:00-17:00
2026-09-19,B05,DEV02,Present,,10:00-17:00
2026-09-19,B05,DEV03,Present,,10:00-17:00
2026-09-19,B05,DEV04,Present,,10:00-17:00
2026-09-21,B01,JAY01,Present,,10:00-17:00
2026-09-21,B01,JAY02,Present,,10:00-17:00
2026-09-21,B01,JAY03,Present,,10:00-17:00
2026-09-21,B01,JAY04,Present,,10:00-17:00
2026-09-21,B01,JAY05,Present,,10:00-17:00
2026-09-21,B01,JAY06,Present,,10:00-17:00
2026-09-21,B01,JAY08,Present,,10:00-17:00
2026-09-21,B01,JAY07,Present,,10:00-17:00
2026-09-21,B02,WHF01,Present,,10:00-17:00
2026-09-21,B02,WHF02,Present,,10:00-17:00
2026-09-21,B02,WHF03,Present,,10:00-17:00
2026-09-21,B02,WHF04,Leave,Sick / unplanned,
2026-09-21,B02,WHF05,Present,,10:00-17:00
2026-09-21,B02,WHF06,Present,,10:00-17:00
2026-09-21,B02,WHF07,Present,,10:00-17:00
2026-09-21,B03,MAL01,Present,,10:00-17:00
2026-09-21,B03,MAL02,Present,,10:00-17:00
2026-09-21,B03,MAL03,Present,,10:00-17:00
2026-09-21,B03,MAL04,Present,,10:00-17:00
2026-09-21,B03,MAL05,Present,,10:00-17:00
2026-09-21,B03,MAL06,Present,,10:00-17:00
2026-09-21,B03,MAL07,Present,,10:00-17:00
2026-09-21,B04,HSK01,Present,,10:00-17:00
2026-09-21,B04,HSK02,Present,,10:00-17:00
2026-09-21,B04,HSK03,Present,,10:00-17:00
2026-09-21,B04,HSK04,Present,,10:00-17:00
2026-09-21,B04,HSK05,Present,,10:00-17:00
2026-09-21,B05,DEV01,Present,,10:00-17:00
2026-09-21,B05,DEV02,Present,,10:00-17:00
2026-09-21,B05,DEV03,Present,,10:00-17:00
2026-09-21,B05,DEV04,Present,,10:00-17:00
2026-09-22,B01,JAY01,Present,,10:00-17:00
2026-09-22,B01,JAY02,Present,,10:00-17:00
2026-09-22,B01,JAY03,Present,,10:00-17:00
2026-09-22,B01,JAY04,Present,,10:00-17:00
2026-09-22,B01,JAY05,Present,,10:00-17:00
2026-09-22,B01,JAY06,Present,,10:00-17:00
2026-09-22,B01,JAY08,Present,,10:00-17:00
2026-09-22,B01,JAY07,Present,,10:00-17:00
2026-09-22,B02,WHF01,Present,,10:00-17:00
2026-09-22,B02,WHF02,Present,,10:00-17:00
2026-09-22,B02,WHF03,Present,,10:00-17:00
2026-09-22,B02,WHF04,Present,,10:00-17:00
2026-09-22,B02,WHF05,Present,,10:00-17:00
2026-09-22,B02,WHF06,Present,,10:00-17:00
2026-09-22,B02,WHF07,Present,,10:00-17:00
2026-09-22,B03,MAL01,Present,,10:00-17:00
2026-09-22,B03,MAL02,Present,,10:00-17:00
2026-09-22,B03,MAL03,Present,,10:00-17:00
2026-09-22,B03,MAL04,Present,,10:00-17:00
2026-09-22,B03,MAL05,Present,,10:00-17:00
2026-09-22,B03,MAL06,Present,,10:00-17:00
2026-09-22,B03,MAL07,Present,,10:00-17:00
2026-09-22,B04,HSK01,Present,,10:00-17:00
2026-09-22,B04,HSK02,Present,,10:00-17:00
2026-09-22,B04,HSK03,Present,,10:00-17:00
2026-09-22,B04,HSK04,Present,,10:00-17:00
2026-09-22,B04,HSK05,Present,,10:00-17:00
2026-09-22,B05,DEV01,Present,,10:00-17:00
2026-09-22,B05,DEV02,Present,,10:00-17:00
2026-09-22,B05,DEV03,Present,,10:00-17:00
2026-09-22,B05,DEV04,Present,,10:00-17:00
2026-09-23,B01,JAY01,Present,,10:00-17:00
2026-09-23,B01,JAY02,Present,,10:00-17:00
2026-09-23,B01,JAY03,Present,,10:00-17:00
2026-09-23,B01,JAY04,Present,,10:00-17:00
2026-09-23,B01,JAY05,Present,,10:00-17:00
2026-09-23,B01,JAY06,Present,,10:00-17:00
2026-09-23,B01,JAY08,Present,,10:00-17:00
2026-09-23,B01,JAY07,Present,,10:00-17:00
2026-09-23,B02,WHF01,Present,,10:00-17:00
2026-09-23,B02,WHF02,Present,,10:00-17:00
2026-09-23,B02,WHF03,Present,,10:00-17:00
2026-09-23,B02,WHF04,Present,,10:00-17:00
2026-09-23,B02,WHF05,Present,,10:00-17:00
2026-09-23,B02,WHF06,Present,,10:00-17:00
2026-09-23,B02,WHF07,Present,,10:00-17:00
2026-09-23,B03,MAL01,Present,,10:00-17:00
2026-09-23,B03,MAL02,Present,,10:00-17:00
2026-09-23,B03,MAL03,Present,,10:00-17:00
2026-09-23,B03,MAL04,Present,,10:00-17:00
2026-09-23,B03,MAL05,Present,,10:00-17:00
2026-09-23,B03,MAL06,Present,,10:00-17:00
2026-09-23,B03,MAL07,Present,,10:00-17:00
2026-09-23,B04,HSK01,Present,,10:00-17:00
2026-09-23,B04,HSK02,Present,,10:00-17:00
2026-09-23,B04,HSK03,Present,,10:00-17:00
2026-09-23,B04,HSK04,Present,,10:00-17:00
2026-09-23,B04,HSK05,Present,,10:00-17:00
2026-09-23,B05,DEV01,Present,,10:00-17:00
2026-09-23,B05,DEV02,Present,,10:00-17:00
2026-09-23,B05,DEV03,Present,,10:00-17:00
2026-09-23,B05,DEV04,Present,,10:00-17:00
2026-09-24,B01,JAY01,Present,,10:00-17:00
2026-09-24,B01,JAY02,Present,,10:00-17:00
2026-09-24,B01,JAY03,Present,,10:00-17:00
2026-09-24,B01,JAY04,Present,,10:00-17:00
2026-09-24,B01,JAY05,Present,,10:00-17:00
2026-09-24,B01,JAY06,Present,,10:00-17:00
2026-09-24,B01,JAY08,Present,,10:00-17:00
2026-09-24,B01,JAY07,Present,,10:00-17:00
2026-09-24,B02,WHF01,Present,,10:00-17:00
2026-09-24,B02,WHF02,Present,,10:00-17:00
2026-09-24,B02,WHF03,Present,,10:00-17:00
2026-09-24,B02,WHF04,Present,,10:00-17:00
2026-09-24,B02,WHF05,Present,,10:00-17:00
2026-09-24,B02,WHF06,Present,,10:00-17:00
2026-09-24,B02,WHF07,Present,,10:00-17:00
2026-09-24,B03,MAL01,Present,,10:00-17:00
2026-09-24,B03,MAL02,Present,,10:00-17:00
2026-09-24,B03,MAL03,Present,,10:00-17:00
2026-09-24,B03,MAL04,Leave,Sick / unplanned,
2026-09-24,B03,MAL05,Present,,10:00-17:00
2026-09-24,B03,MAL06,Present,,10:00-17:00
2026-09-24,B03,MAL07,Present,,10:00-17:00
2026-09-24,B04,HSK01,Present,,10:00-17:00
2026-09-24,B04,HSK02,Present,,10:00-17:00
2026-09-24,B04,HSK03,Present,,10:00-17:00
2026-09-24,B04,HSK04,Present,,10:00-17:00
2026-09-24,B04,HSK05,Present,,10:00-17:00
2026-09-24,B05,DEV01,Present,,10:00-17:00
2026-09-24,B05,DEV02,Present,,10:00-17:00
2026-09-24,B05,DEV03,Present,,10:00-17:00
2026-09-24,B05,DEV04,Present,,10:00-17:00
2026-09-25,B01,JAY01,Present,,10:00-17:00
2026-09-25,B01,JAY02,Leave,Sick / unplanned,
2026-09-25,B01,JAY03,Present,,10:00-17:00
2026-09-25,B01,JAY04,Present,,10:00-17:00
2026-09-25,B01,JAY05,Present,,10:00-17:00
2026-09-25,B01,JAY06,Present,,10:00-17:00
2026-09-25,B01,JAY08,Present,,10:00-17:00
2026-09-25,B01,JAY07,Present,,10:00-17:00
2026-09-25,B02,WHF01,Present,,10:00-17:00
2026-09-25,B02,WHF02,Present,,10:00-17:00
2026-09-25,B02,WHF03,Present,,10:00-17:00
2026-09-25,B02,WHF04,Present,,10:00-17:00
2026-09-25,B02,WHF05,Present,,10:00-17:00
2026-09-25,B02,WHF06,Present,,10:00-17:00
2026-09-25,B02,WHF07,Present,,10:00-17:00
2026-09-25,B03,MAL01,Present,,10:00-17:00
2026-09-25,B03,MAL02,Present,,10:00-17:00
2026-09-25,B03,MAL03,Present,,10:00-17:00
2026-09-25,B03,MAL04,Present,,10:00-17:00
2026-09-25,B03,MAL05,Present,,10:00-17:00
2026-09-25,B03,MAL06,Present,,10:00-17:00
2026-09-25,B03,MAL07,Present,,10:00-17:00
2026-09-25,B04,HSK01,Present,,10:00-17:00
2026-09-25,B04,HSK02,Present,,10:00-17:00
2026-09-25,B04,HSK03,Present,,10:00-17:00
2026-09-25,B04,HSK04,Present,,10:00-17:00
2026-09-25,B04,HSK05,Present,,10:00-17:00
2026-09-25,B05,DEV01,Present,,10:00-17:00
2026-09-25,B05,DEV02,Present,,10:00-17:00
2026-09-25,B05,DEV03,Present,,10:00-17:00
2026-09-25,B05,DEV04,Present,,10:00-17:00
2026-09-28,B01,JAY01,Present,,10:00-17:00
2026-09-28,B01,JAY02,Present,,10:00-17:00
2026-09-28,B01,JAY03,Present,,10:00-17:00
2026-09-28,B01,JAY04,Present,,10:00-17:00
2026-09-28,B01,JAY05,Present,,10:00-17:00
2026-09-28,B01,JAY06,Present,,10:00-17:00
2026-09-28,B01,JAY08,Present,,10:00-17:00
2026-09-28,B01,JAY07,Present,,10:00-17:00
2026-09-28,B02,WHF01,Present,,10:00-17:00
2026-09-28,B02,WHF02,Present,,10:00-17:00
2026-09-28,B02,WHF03,Present,,10:00-17:00
2026-09-28,B02,WHF04,Present,,10:00-17:00
2026-09-28,B02,WHF05,Present,,10:00-17:00
2026-09-28,B02,WHF06,Present,,10:00-17:00
2026-09-28,B02,WHF07,Present,,10:00-17:00
2026-09-28,B03,MAL01,Present,,10:00-17:00
2026-09-28,B03,MAL02,Present,,10:00-17:00
2026-09-28,B03,MAL03,Present,,10:00-17:00
2026-09-28,B03,MAL04,Present,,10:00-17:00
2026-09-28,B03,MAL05,Training,Training,
2026-09-28,B03,MAL06,Present,,10:00-17:00
2026-09-28,B03,MAL07,Present,,10:00-17:00
2026-09-28,B04,HSK01,Present,,10:00-17:00
2026-09-28,B04,HSK02,Present,,10:00-17:00
2026-09-28,B04,HSK03,Present,,10:00-17:00
2026-09-28,B04,HSK04,Present,,10:00-17:00
2026-09-28,B04,HSK05,Present,,10:00-17:00
2026-09-28,B05,DEV01,Present,,10:00-17:00
2026-09-28,B05,DEV02,Present,,10:00-17:00
2026-09-28,B05,DEV03,Present,,10:00-17:00
2026-09-28,B05,DEV04,Present,,10:00-17:00
2026-09-29,B01,JAY01,Present,,10:00-17:00
2026-09-29,B01,JAY02,Present,,10:00-17:00
2026-09-29,B01,JAY03,Present,,10:00-17:00
2026-09-29,B01,JAY04,Present,,10:00-17:00
2026-09-29,B01,JAY05,Present,,10:00-17:00
2026-09-29,B01,JAY06,Present,,10:00-17:00
2026-09-29,B01,JAY08,Present,,10:00-17:00
2026-09-29,B01,JAY07,Present,,10:00-17:00
2026-09-29,B02,WHF01,Present,,10:00-17:00
2026-09-29,B02,WHF02,Present,,10:00-17:00
2026-09-29,B02,WHF03,Present,,10:00-17:00
2026-09-29,B02,WHF04,Present,,10:00-17:00
2026-09-29,B02,WHF05,Present,,10:00-17:00
2026-09-29,B02,WHF06,Present,,10:00-17:00
2026-09-29,B02,WHF07,Present,,10:00-17:00
2026-09-29,B03,MAL01,Present,,10:00-17:00
2026-09-29,B03,MAL02,Present,,10:00-17:00
2026-09-29,B03,MAL03,Present,,10:00-17:00
2026-09-29,B03,MAL04,Present,,10:00-17:00
2026-09-29,B03,MAL05,Training,Training,
2026-09-29,B03,MAL06,Present,,10:00-17:00
2026-09-29,B03,MAL07,Present,,10:00-17:00
2026-09-29,B04,HSK01,Present,,10:00-17:00
2026-09-29,B04,HSK02,Present,,10:00-17:00
2026-09-29,B04,HSK03,Present,,10:00-17:00
2026-09-29,B04,HSK04,Leave,Sick / unplanned,
2026-09-29,B04,HSK05,Present,,10:00-17:00
2026-09-29,B05,DEV01,Present,,10:00-17:00
2026-09-29,B05,DEV02,Present,,10:00-17:00
2026-09-29,B05,DEV03,Present,,10:00-17:00
2026-09-29,B05,DEV04,Present,,10:00-17:00
2026-09-30,B01,JAY01,Present,,10:00-17:00
2026-09-30,B01,JAY02,Present,,10:00-17:00
2026-09-30,B01,JAY03,Present,,10:00-17:00
2026-09-30,B01,JAY04,Present,,10:00-17:00
2026-09-30,B01,JAY05,Present,,10:00-17:00
2026-09-30,B01,JAY06,Present,,10:00-17:00
2026-09-30,B01,JAY08,Present,,10:00-17:00
2026-09-30,B01,JAY07,Present,,10:00-17:00
2026-09-30,B02,WHF01,Present,,10:00-17:00
2026-09-30,B02,WHF02,Present,,10:00-17:00
2026-09-30,B02,WHF03,Present,,10:00-17:00
2026-09-30,B02,WHF04,Present,,10:00-17:00
2026-09-30,B02,WHF05,Present,,10:00-17:00
2026-09-30,B02,WHF06,Present,,10:00-17:00
2026-09-30,B02,WHF07,Present,,10:00-17:00
2026-09-30,B03,MAL01,Present,,10:00-17:00
2026-09-30,B03,MAL02,Present,,10:00-17:00
2026-09-30,B03,MAL03,Present,,10:00-17:00
2026-09-30,B03,MAL04,Present,,10:00-17:00
2026-09-30,B03,MAL05,Training,Training,
2026-09-30,B03,MAL06,Present,,10:00-17:00
2026-09-30,B03,MAL07,Present,,10:00-17:00
2026-09-30,B04,HSK01,Present,,10:00-17:00
2026-09-30,B04,HSK02,Present,,10:00-17:00
2026-09-30,B04,HSK03,Present,,10:00-17:00
2026-09-30,B04,HSK04,Present,,10:00-17:00
2026-09-30,B04,HSK05,Present,,10:00-17:00
2026-09-30,B05,DEV01,Present,,10:00-17:00
2026-09-30,B05,DEV02,Present,,10:00-17:00
2026-09-30,B05,DEV03,Present,,10:00-17:00
2026-09-30,B05,DEV04,Present,,10:00-17:00
2026-10-01,B01,JAY01,Leave,Casual leave,
2026-10-01,B01,JAY02,Present,,10:00-17:00
2026-10-01,B01,JAY03,Present,,10:00-17:00
2026-10-01,B01,JAY04,Present,,10:00-17:00
2026-10-01,B01,JAY05,Present,,10:00-17:00
2026-10-01,B01,JAY06,Present,,10:00-17:00
2026-10-01,B01,JAY08,Present,,10:00-17:00
2026-10-01,B01,JAY07,Present,,10:00-17:00
2026-10-01,B02,WHF01,Present,,10:00-17:00
2026-10-01,B02,WHF02,Present,,10:00-17:00
2026-10-01,B02,WHF03,Present,,10:00-17:00
2026-10-01,B02,WHF04,Present,,10:00-17:00
2026-10-01,B02,WHF05,Present,,10:00-17:00
2026-10-01,B02,WHF06,Present,,10:00-17:00
2026-10-01,B02,WHF07,Present,,10:00-17:00
2026-10-01,B03,MAL01,Present,,10:00-17:00
2026-10-01,B03,MAL02,Present,,10:00-17:00
2026-10-01,B03,MAL03,Present,,10:00-17:00
2026-10-01,B03,MAL04,Present,,10:00-17:00
2026-10-01,B03,MAL05,Training,Training,
2026-10-01,B03,MAL06,Present,,10:00-17:00
2026-10-01,B03,MAL07,Present,,10:00-17:00
2026-10-01,B04,HSK01,Present,,10:00-17:00
2026-10-01,B04,HSK02,Present,,10:00-17:00
2026-10-01,B04,HSK03,Present,,10:00-17:00
2026-10-01,B04,HSK04,Present,,10:00-17:00
2026-10-01,B04,HSK05,Present,,10:00-17:00
2026-10-01,B05,DEV01,Present,,10:00-17:00
2026-10-01,B05,DEV02,Present,,10:00-17:00
2026-10-01,B05,DEV03,Present,,10:00-17:00
2026-10-01,B05,DEV04,Present,,10:00-17:00
2026-10-03,B01,JAY01,Present,,10:00-17:00
2026-10-03,B01,JAY02,Present,,10:00-17:00
2026-10-03,B01,JAY03,Present,,10:00-17:00
2026-10-03,B01,JAY04,Present,,10:00-17:00
2026-10-03,B01,JAY05,Present,,10:00-17:00
2026-10-03,B01,JAY06,Present,,10:00-17:00
2026-10-03,B01,JAY08,Present,,10:00-17:00
2026-10-03,B01,JAY07,Present,,10:00-17:00
2026-10-03,B02,WHF01,Present,,10:00-17:00
2026-10-03,B02,WHF02,Present,,10:00-17:00
2026-10-03,B02,WHF03,Present,,10:00-17:00
2026-10-03,B02,WHF04,Present,,10:00-17:00
2026-10-03,B02,WHF05,Present,,10:00-17:00
2026-10-03,B02,WHF06,Present,,10:00-17:00
2026-10-03,B02,WHF07,Present,,10:00-17:00
2026-10-03,B03,MAL01,Present,,10:00-17:00
2026-10-03,B03,MAL02,Present,,10:00-17:00
2026-10-03,B03,MAL03,Present,,10:00-17:00
2026-10-03,B03,MAL04,Present,,10:00-17:00
2026-10-03,B03,MAL05,Training,Training,
2026-10-03,B03,MAL06,Present,,10:00-17:00
2026-10-03,B03,MAL07,Present,,10:00-17:00
2026-10-03,B04,HSK01,Present,,10:00-17:00
2026-10-03,B04,HSK02,Present,,10:00-17:00
2026-10-03,B04,HSK03,Present,,10:00-17:00
2026-10-03,B04,HSK04,Present,,10:00-17:00
2026-10-03,B04,HSK05,Present,,10:00-17:00
2026-10-03,B05,DEV01,Present,,10:00-17:00
2026-10-03,B05,DEV02,Present,,10:00-17:00
2026-10-03,B05,DEV03,Present,,10:00-17:00
2026-10-03,B05,DEV04,Present,,10:00-17:00
2026-10-05,B01,JAY01,Present,,10:00-17:00
2026-10-05,B01,JAY02,Present,,10:00-17:00
2026-10-05,B01,JAY03,Present,,10:00-17:00
2026-10-05,B01,JAY04,Present,,10:00-17:00
2026-10-05,B01,JAY05,Present,,10:00-17:00
2026-10-05,B01,JAY06,Present,,10:00-17:00
2026-10-05,B01,JAY08,Present,,10:00-17:00
2026-10-05,B01,JAY07,Present,,10:00-17:00
2026-10-05,B02,WHF01,Present,,10:00-17:00
2026-10-05,B02,WHF02,Present,,10:00-17:00
2026-10-05,B02,WHF03,Present,,10:00-17:00
2026-10-05,B02,WHF04,Present,,10:00-17:00
2026-10-05,B02,WHF05,Present,,10:00-17:00
2026-10-05,B02,WHF06,Present,,10:00-17:00
2026-10-05,B02,WHF07,Present,,10:00-17:00
2026-10-05,B03,MAL01,Present,,10:00-17:00
2026-10-05,B03,MAL02,Present,,10:00-17:00
2026-10-05,B03,MAL03,Present,,10:00-17:00
2026-10-05,B03,MAL04,Present,,10:00-17:00
2026-10-05,B03,MAL05,Present,,10:00-17:00
2026-10-05,B03,MAL06,Present,,10:00-17:00
2026-10-05,B03,MAL07,Present,,10:00-17:00
2026-10-05,B04,HSK01,Present,,10:00-17:00
2026-10-05,B04,HSK02,Present,,10:00-17:00
2026-10-05,B04,HSK03,Present,,10:00-17:00
2026-10-05,B04,HSK04,Present,,10:00-17:00
2026-10-05,B04,HSK05,Present,,10:00-17:00
2026-10-05,B05,DEV01,Present,,10:00-17:00
2026-10-05,B05,DEV02,Present,,10:00-17:00
2026-10-05,B05,DEV03,Leave,Casual leave,
2026-10-05,B05,DEV04,Present,,10:00-17:00
2026-10-06,B01,JAY01,Present,,10:00-17:00
2026-10-06,B01,JAY02,Present,,10:00-17:00
2026-10-06,B01,JAY03,Present,,10:00-17:00
2026-10-06,B01,JAY04,Present,,10:00-17:00
2026-10-06,B01,JAY05,Present,,10:00-17:00
2026-10-06,B01,JAY06,Present,,10:00-17:00
2026-10-06,B01,JAY08,Present,,10:00-17:00
2026-10-06,B01,JAY07,Present,,10:00-17:00
2026-10-06,B02,WHF01,Present,,10:00-17:00
2026-10-06,B02,WHF02,Present,,10:00-17:00
2026-10-06,B02,WHF03,Present,,10:00-17:00
2026-10-06,B02,WHF04,Present,,10:00-17:00
2026-10-06,B02,WHF05,Present,,10:00-17:00
2026-10-06,B02,WHF06,Present,,10:00-17:00
2026-10-06,B02,WHF07,Present,,10:00-17:00
2026-10-06,B03,MAL01,Present,,10:00-17:00
2026-10-06,B03,MAL02,Present,,10:00-17:00
2026-10-06,B03,MAL03,Present,,10:00-17:00
2026-10-06,B03,MAL04,Present,,10:00-17:00
2026-10-06,B03,MAL05,Present,,10:00-17:00
2026-10-06,B03,MAL06,Present,,10:00-17:00
2026-10-06,B03,MAL07,Present,,10:00-17:00
2026-10-06,B04,HSK01,Present,,10:00-17:00
2026-10-06,B04,HSK02,Present,,10:00-17:00
2026-10-06,B04,HSK03,Present,,10:00-17:00
2026-10-06,B04,HSK04,Present,,10:00-17:00
2026-10-06,B04,HSK05,Present,,10:00-17:00
2026-10-06,B05,DEV01,Present,,10:00-17:00
2026-10-06,B05,DEV02,Present,,10:00-17:00
2026-10-06,B05,DEV03,Leave,Casual leave,
2026-10-06,B05,DEV04,Present,,10:00-17:00
2026-10-07,B01,JAY01,Present,,10:00-17:00
2026-10-07,B01,JAY02,Present,,10:00-17:00
2026-10-07,B01,JAY03,Present,,10:00-17:00
2026-10-07,B01,JAY04,Present,,10:00-17:00
2026-10-07,B01,JAY05,Present,,10:00-17:00
2026-10-07,B01,JAY06,Present,,10:00-17:00
2026-10-07,B01,JAY08,Present,,10:00-17:00
2026-10-07,B01,JAY07,Present,,10:00-17:00
2026-10-07,B02,WHF01,Present,,10:00-17:00
2026-10-07,B02,WHF02,Present,,10:00-17:00
2026-10-07,B02,WHF03,Present,,10:00-17:00
2026-10-07,B02,WHF04,Present,,10:00-17:00
2026-10-07,B02,WHF05,Present,,10:00-17:00
2026-10-07,B02,WHF06,Present,,10:00-17:00
2026-10-07,B02,WHF07,Present,,10:00-17:00
2026-10-07,B03,MAL01,Present,,10:00-17:00
2026-10-07,B03,MAL02,Present,,10:00-17:00
2026-10-07,B03,MAL03,Present,,10:00-17:00
2026-10-07,B03,MAL04,Present,,10:00-17:00
2026-10-07,B03,MAL05,Present,,10:00-17:00
2026-10-07,B03,MAL06,Present,,10:00-17:00
2026-10-07,B03,MAL07,Present,,10:00-17:00
2026-10-07,B04,HSK01,Present,,10:00-17:00
2026-10-07,B04,HSK02,Present,,10:00-17:00
2026-10-07,B04,HSK03,Present,,10:00-17:00
2026-10-07,B04,HSK04,Present,,10:00-17:00
2026-10-07,B04,HSK05,Present,,10:00-17:00
2026-10-07,B05,DEV01,Present,,10:00-17:00
2026-10-07,B05,DEV02,Present,,10:00-17:00
2026-10-07,B05,DEV03,Present,,10:00-17:00
2026-10-07,B05,DEV04,Present,,10:00-17:00
