fb_id,theme
F0000001,
F0000002,
F0000003,
F0000004,
F0000005,
F0000006,
F0000007,
F0000008,
F0000009,
F0000010,
F0000011,
F0000012,
F0000013,
F0000014,
F0000015,
F0000016,
F0000017,
F0000018,
F0000019,
F0000020,
F0000021,
F0000022,
F0000023,
F0000024,
F0000025,
F0000026,positive
F0000027,
F0000028,
F0000029,
F0000030,
F0000031,
F0000032,
F0000033,
F0000034,
F0000035,
F0000036,
F0000037,
F0000038,positive
F0000039,
F0000040,positive
F0000041,
F0000042,positive
F0000043,
F0000044,
F0000045,
F0000046,
F0000047,walkout
F0000048,
F0000049,
F0000050,
F0000051,
F0000052,
F0000053,
F0000054,positive
F0000055,
F0000056,
F0000057,
F0000058,
F0000059,
F0000060,
F0000061,positive
F0000062,
F0000063,
F0000064,walkout
F0000065,positive
F0000066,
F0000067,
F0000068,positive
F0000069,positive
F0000070,
F0000071,
F0000072,
F0000073,
F0000074,
F0000075,
F0000076,
F0000077,
F0000078,walkout
F0000079,
F0000080,
F0000081,positive
F0000082,
F0000083,
F0000084,
F0000085,
F0000086,
F0000087,
F0000088,
F0000089,walkout
F0000090,
F0000091,
F0000092,walkout
F0000093,
F0000094,walkout
F0000095,
F0000096,
F0000097,
F0000098,
F0000099,
F0000100,
F0000101,
F0000102,
F0000103,
F0000104,
F0000105,
F0000106,positive
F0000107,
F0000108,
F0000109,
F0000110,
F0000111,
F0000112,
F0000113,
F0000114,positive
F0000115,
F0000116,
F0000117,
F0000118,
F0000119,walkout
F0000120,walkout
F0000121,
F0000122,
F0000123,long_wait
F0000124,walkout
F0000125,
F0000126,
F0000127,
F0000128,
F0000129,
F0000130,
F0000131,
F0000132,
F0000133,
F0000134,
F0000135,walkout
F0000136,
F0000137,
F0000138,
F0000139,
F0000140,
F0000141,
F0000142,walkout
F0000143,
F0000144,
F0000145,
F0000146,
F0000147,
F0000148,walkout
F0000149,
F0000150,
F0000151,
F0000152,walkout
F0000153,
F0000154,
F0000155,
F0000156,positive
F0000157,
F0000158,
F0000159,
F0000160,
F0000161,
F0000162,
F0000163,
F0000164,
F0000165,long_wait
F0000166,long_wait
F0000167,
F0000168,
F0000169,walkout
F0000170,positive
F0000171,
F0000172,long_wait
F0000173,
F0000174,
F0000175,
F0000176,
F0000177,walkout
F0000178,
F0000179,walkout
F0000180,
F0000181,
F0000182,
F0000183,
F0000184,walkout
F0000185,
F0000186,
F0000187,
F0000188,long_wait
F0000189,
F0000190,
F0000191,
F0000192,positive
F0000193,positive
F0000194,
F0000195,
F0000196,
F0000197,
F0000198,
F0000199,
F0000200,
F0000201,
F0000202,positive
F0000203,
F0000204,
F0000205,
F0000206,positive
F0000207,
F0000208,
F0000209,
F0000210,positive
F0000211,
F0000212,positive
F0000213,
F0000214,
F0000215,positive
F0000216,
F0000217,
F0000218,positive
F0000219,
F0000220,
F0000221,
F0000222,
F0000223,
F0000224,
F0000225,positive
F0000226,
F0000227,
F0000228,
F0000229,
F0000230,
F0000231,
F0000232,positive
F0000233,
F0000234,
F0000235,
F0000236,
F0000237,positive
F0000238,
F0000239,
F0000240,
F0000241,
F0000242,
F0000243,positive
F0000244,
F0000245,long_wait
F0000246,
F0000247,
F0000248,
F0000249,
F0000250,
F0000251,
F0000252,
F0000253,
F0000254,
F0000255,
F0000256,
F0000257,
F0000258,positive
F0000259,
F0000260,
F0000261,
F0000262,
F0000263,
F0000264,
F0000265,
F0000266,
F0000267,
F0000268,
F0000269,positive
F0000270,
F0000271,
F0000272,
F0000273,
F0000274,
F0000275,
F0000276,
F0000277,positive
F0000278,
F0000279,
F0000280,
F0000281,
F0000282,
F0000283,
F0000284,
F0000285,
F0000286,
F0000287,
F0000288,
F0000289,
F0000290,
F0000291,
F0000292,positive
F0000293,
F0000294,
F0000295,
F0000296,positive
F0000297,
F0000298,
F0000299,
F0000300,
F0000301,long_wait
F0000302,
F0000303,
F0000304,
F0000305,
F0000306,walkout
F0000307,
F0000308,walkout
F0000309,
F0000310,
F0000311,
F0000312,
F0000313,
F0000314,walkout
F0000315,positive
F0000316,
F0000317,
F0000318,
F0000319,
F0000320,
F0000321,
F0000322,positive
F0000323,
F0000324,
F0000325,
F0000326,
F0000327,
F0000328,
F0000329,
F0000330,
F0000331,
F0000332,positive
F0000333,
F0000334,
F0000335,
F0000336,
F0000337,
F0000338,
F0000339,positive
F0000340,
F0000341,
F0000342,
F0000343,
F0000344,positive
F0000345,
F0000346,
F0000347,
F0000348,
F0000349,positive
F0000350,
F0000351,
F0000352,positive
F0000353,positive
F0000354,
F0000355,
F0000356,
F0000357,
F0000358,
F0000359,
F0000360,positive
F0000361,
F0000362,
F0000363,
F0000364,
F0000365,
F0000366,
F0000367,
F0000368,positive
F0000369,
F0000370,
F0000371,
F0000372,positive
F0000373,
F0000374,
F0000375,
F0000376,
F0000377,
F0000378,
F0000379,
F0000380,
F0000381,
F0000382,
F0000383,
F0000384,
F0000385,positive
F0000386,
F0000387,positive
F0000388,positive
F0000389,
F0000390,
F0000391,positive
F0000392,long_wait
F0000393,walkout
F0000394,long_wait
F0000395,
F0000396,
F0000397,
F0000398,
F0000399,
F0000400,
F0000401,
F0000402,positive
F0000403,
F0000404,
F0000405,
F0000406,
F0000407,
F0000408,
F0000409,
F0000410,
F0000411,
F0000412,positive
F0000413,
F0000414,
F0000415,
F0000416,
F0000417,
F0000418,
F0000419,
F0000420,
F0000421,
F0000422,positive
F0000423,
F0000424,
F0000425,positive
F0000426,
F0000427,
F0000428,
F0000429,walkout
F0000430,
F0000431,
F0000432,
F0000433,
F0000434,positive
F0000435,
F0000436,
F0000437,
F0000438,
F0000439,
F0000440,
F0000441,positive
F0000442,
F0000443,
F0000444,walkout
F0000445,
F0000446,
F0000447,walkout
F0000448,
F0000449,lunch
F0000450,walkout
F0000451,
F0000452,
F0000453,walkout
F0000454,walkout
F0000455,
F0000456,walkout
F0000457,
F0000458,
F0000459,walkout
F0000460,walkout
F0000461,documents
F0000462,
F0000463,
F0000464,
F0000465,
F0000466,
F0000467,positive
F0000468,positive
F0000469,
F0000470,
F0000471,
F0000472,
F0000473,
F0000474,
F0000475,
F0000476,
F0000477,
F0000478,
F0000479,positive
F0000480,
F0000481,
F0000482,
F0000483,positive
F0000484,
F0000485,positive
F0000486,
F0000487,
F0000488,
F0000489,
F0000490,
F0000491,
F0000492,
F0000493,positive
F0000494,
F0000495,
F0000496,
F0000497,
F0000498,
F0000499,
F0000500,
F0000501,
F0000502,
F0000503,
F0000504,
F0000505,
F0000506,
F0000507,
F0000508,positive
F0000509,
F0000510,
F0000511,
F0000512,
F0000513,
F0000514,
F0000515,long_wait
F0000516,walkout
F0000517,
F0000518,
F0000519,
F0000520,positive
F0000521,
F0000522,long_wait
F0000523,positive
F0000524,
F0000525,
F0000526,
F0000527,long_wait
F0000528,
F0000529,
F0000530,
F0000531,positive
F0000532,
F0000533,
F0000534,
F0000535,
F0000536,
F0000537,positive
F0000538,
F0000539,
F0000540,
F0000541,
F0000542,
F0000543,
F0000544,
F0000545,walkout
F0000546,
F0000547,
F0000548,
F0000549,
F0000550,positive
F0000551,positive
F0000552,positive
F0000553,
F0000554,positive
F0000555,
F0000556,
F0000557,positive
F0000558,
F0000559,
F0000560,
F0000561,
F0000562,
F0000563,
F0000564,
F0000565,
F0000566,
F0000567,
F0000568,
F0000569,
F0000570,
F0000571,
F0000572,positive
F0000573,
F0000574,
F0000575,
F0000576,walkout
F0000577,
F0000578,
F0000579,positive
F0000580,
F0000581,
F0000582,
F0000583,
F0000584,
F0000585,positive
F0000586,positive
F0000587,walkout
F0000588,
F0000589,
F0000590,positive
F0000591,
F0000592,positive
F0000593,
F0000594,
F0000595,
F0000596,
F0000597,
F0000598,
F0000599,
F0000600,
F0000601,
F0000602,
F0000603,
F0000604,
F0000605,walkout
F0000606,
F0000607,walkout
F0000608,
F0000609,
F0000610,
F0000611,
F0000612,
F0000613,
F0000614,walkout
F0000615,walkout
F0000616,
F0000617,
F0000618,
F0000619,
F0000620,
F0000621,walkout
F0000622,
F0000623,
F0000624,
F0000625,
F0000626,positive
F0000627,positive
F0000628,
F0000629,
F0000630,
F0000631,
F0000632,
F0000633,
F0000634,positive
F0000635,positive
F0000636,
F0000637,
F0000638,
F0000639,
F0000640,positive
F0000641,
F0000642,
F0000643,
F0000644,positive
F0000645,
F0000646,
F0000647,
F0000648,
F0000649,
F0000650,
F0000651,
F0000652,
F0000653,positive
F0000654,
F0000655,documents
F0000656,
F0000657,
F0000658,positive
F0000659,
F0000660,
F0000661,
F0000662,
F0000663,
F0000664,
F0000665,
F0000666,
F0000667,positive
F0000668,
F0000669,
F0000670,
F0000671,
F0000672,
F0000673,
F0000674,
F0000675,
F0000676,
F0000677,
F0000678,positive
F0000679,
F0000680,
F0000681,
F0000682,
F0000683,
F0000684,positive
F0000685,positive
F0000686,
F0000687,
F0000688,
F0000689,
F0000690,
F0000691,
F0000692,
F0000693,positive
F0000694,
F0000695,positive
F0000696,
F0000697,
F0000698,
F0000699,
F0000700,
F0000701,
F0000702,
F0000703,
F0000704,positive
F0000705,
F0000706,
F0000707,
F0000708,
F0000709,
F0000710,
F0000711,
F0000712,positive
F0000713,
F0000714,
F0000715,positive
F0000716,
F0000717,
F0000718,
F0000719,
F0000720,
F0000721,
F0000722,
F0000723,
F0000724,
F0000725,
F0000726,
F0000727,
F0000728,
F0000729,
F0000730,
F0000731,positive
F0000732,
F0000733,
F0000734,
F0000735,
F0000736,
F0000737,
F0000738,
F0000739,
F0000740,positive
F0000741,
F0000742,
F0000743,
F0000744,
F0000745,positive
F0000746,
F0000747,
F0000748,
F0000749,
F0000750,
F0000751,
F0000752,
F0000753,
F0000754,
F0000755,
F0000756,
F0000757,
F0000758,
F0000759,
F0000760,positive
F0000761,
F0000762,
F0000763,
F0000764,
F0000765,positive
F0000766,
F0000767,long_wait
F0000768,positive
F0000769,
F0000770,
F0000771,
F0000772,
F0000773,walkout
F0000774,
F0000775,
F0000776,
F0000777,
F0000778,
F0000779,
F0000780,
F0000781,
F0000782,
F0000783,
F0000784,
F0000785,
F0000786,
F0000787,
F0000788,
F0000789,
F0000790,positive
F0000791,
F0000792,
F0000793,
F0000794,
F0000795,positive
F0000796,
F0000797,
F0000798,
F0000799,
F0000800,
F0000801,
F0000802,
F0000803,positive
F0000804,
F0000805,
F0000806,
F0000807,
F0000808,
F0000809,walkout
F0000810,
F0000811,
F0000812,
F0000813,
F0000814,
F0000815,positive
F0000816,
F0000817,positive
F0000818,long_wait
F0000819,
F0000820,walkout
F0000821,
F0000822,positive
F0000823,
F0000824,positive
F0000825,positive
F0000826,positive
F0000827,
F0000828,
F0000829,
F0000830,
F0000831,
F0000832,
F0000833,
F0000834,
F0000835,
F0000836,
F0000837,
F0000838,positive
F0000839,
F0000840,
F0000841,
F0000842,
F0000843,
F0000844,
F0000845,
F0000846,walkout
F0000847,walkout
F0000848,
F0000849,walkout
F0000850,
F0000851,walkout
F0000852,walkout
F0000853,
F0000854,
F0000855,positive
F0000856,
F0000857,positive
F0000858,
F0000859,walkout
F0000860,
F0000861,walkout
F0000862,
F0000863,long_wait
F0000864,long_wait
F0000865,
F0000866,
F0000867,walkout
F0000868,positive
F0000869,walkout
F0000870,long_wait
F0000871,
F0000872,
F0000873,
F0000874,walkout
F0000875,
F0000876,
F0000877,
F0000878,positive
F0000879,
F0000880,
F0000881,
F0000882,walkout
F0000883,walkout
F0000884,long_wait
F0000885,
F0000886,
F0000887,walkout
F0000888,
F0000889,
F0000890,
F0000891,
F0000892,
F0000893,
F0000894,positive
F0000895,
F0000896,
F0000897,positive
F0000898,
F0000899,
F0000900,
F0000901,
F0000902,
F0000903,
F0000904,
F0000905,
F0000906,
F0000907,
F0000908,positive
F0000909,
F0000910,
F0000911,
F0000912,
F0000913,
F0000914,
F0000915,
F0000916,positive
F0000917,
F0000918,
F0000919,
F0000920,
F0000921,
F0000922,
F0000923,
F0000924,
F0000925,positive
F0000926,
F0000927,
F0000928,
F0000929,
F0000930,
F0000931,
F0000932,positive
F0000933,positive
F0000934,
F0000935,positive
F0000936,
F0000937,
F0000938,positive
F0000939,
F0000940,
F0000941,
F0000942,
F0000943,
F0000944,positive
F0000945,
F0000946,
F0000947,
F0000948,
F0000949,
F0000950,
F0000951,
F0000952,
F0000953,walkout
F0000954,
F0000955,
F0000956,walkout
F0000957,
F0000958,
F0000959,
F0000960,
F0000961,positive
F0000962,walkout
F0000963,
F0000964,positive
F0000965,walkout
F0000966,walkout
F0000967,
F0000968,
F0000969,
F0000970,
F0000971,
F0000972,
F0000973,
F0000974,
F0000975,
F0000976,walkout
F0000977,
F0000978,
F0000979,
F0000980,
F0000981,
F0000982,
F0000983,
F0000984,
F0000985,
F0000986,
F0000987,walkout
F0000988,walkout
F0000989,
F0000990,walkout
F0000991,
F0000992,
F0000993,
F0000994,
F0000995,
F0000996,positive
F0000997,
F0000998,
F0000999,
F0001000,
F0001001,slow_dd
F0001002,
F0001003,
F0001004,positive
F0001005,
F0001006,
F0001007,
F0001008,
F0001009,
F0001010,
F0001011,
F0001012,
F0001013,
F0001014,
F0001015,
F0001016,positive
F0001017,
F0001018,
F0001019,
F0001020,
F0001021,positive
F0001022,
F0001023,
F0001024,positive
F0001025,walkout
F0001026,
F0001027,
F0001028,
F0001029,
F0001030,walkout
F0001031,
F0001032,
F0001033,
F0001034,positive
F0001035,
F0001036,
F0001037,
F0001038,
F0001039,
F0001040,
F0001041,
F0001042,
F0001043,
F0001044,
F0001045,
F0001046,
F0001047,
F0001048,
F0001049,
F0001050,
F0001051,positive
F0001052,documents
F0001053,
F0001054,
F0001055,
F0001056,
F0001057,
F0001058,
F0001059,positive
F0001060,
F0001061,
F0001062,
F0001063,
F0001064,
F0001065,
F0001066,
F0001067,
F0001068,positive
F0001069,
F0001070,
F0001071,
F0001072,
F0001073,
F0001074,positive
F0001075,positive
F0001076,positive
F0001077,
F0001078,
F0001079,
F0001080,
F0001081,
F0001082,
F0001083,long_wait
F0001084,walkout
F0001085,
F0001086,
F0001087,
F0001088,
F0001089,walkout
F0001090,positive
F0001091,
F0001092,positive
F0001093,positive
F0001094,
F0001095,
F0001096,
F0001097,
F0001098,
F0001099,
F0001100,long_wait
F0001101,
F0001102,
F0001103,
F0001104,
F0001105,
F0001106,
F0001107,
F0001108,
F0001109,
F0001110,
F0001111,
F0001112,
F0001113,
F0001114,
F0001115,
F0001116,
F0001117,
F0001118,
F0001119,
F0001120,
F0001121,
F0001122,
F0001123,
F0001124,documents
F0001125,
F0001126,
F0001127,positive
F0001128,
F0001129,
F0001130,
F0001131,
F0001132,
F0001133,
F0001134,positive
F0001135,
F0001136,
F0001137,
F0001138,
F0001139,
F0001140,
F0001141,
F0001142,
F0001143,
F0001144,positive
F0001145,
F0001146,
F0001147,
F0001148,
F0001149,
F0001150,
F0001151,
F0001152,
F0001153,
F0001154,
F0001155,
F0001156,
F0001157,long_wait
F0001158,walkout
F0001159,long_wait
F0001160,
F0001161,positive
F0001162,
F0001163,
F0001164,
F0001165,positive
F0001166,positive
F0001167,positive
F0001168,
F0001169,
F0001170,
F0001171,
F0001172,
F0001173,
F0001174,
F0001175,
F0001176,
F0001177,
F0001178,
F0001179,positive
F0001180,
F0001181,
F0001182,
F0001183,
F0001184,
F0001185,
F0001186,positive
F0001187,
F0001188,
F0001189,
F0001190,
F0001191,
F0001192,
F0001193,
F0001194,positive
F0001195,
F0001196,
F0001197,
F0001198,
F0001199,positive
F0001200,
F0001201,
F0001202,
F0001203,
F0001204,
F0001205,
F0001206,
F0001207,
F0001208,
F0001209,
F0001210,
F0001211,
F0001212,
F0001213,
F0001214,
F0001215,
F0001216,
F0001217,
F0001218,
F0001219,
F0001220,
F0001221,
F0001222,
F0001223,
F0001224,positive
F0001225,
F0001226,
F0001227,positive
F0001228,
F0001229,
F0001230,
F0001231,positive
F0001232,positive
F0001233,
F0001234,
F0001235,
F0001236,
F0001237,
F0001238,
F0001239,
F0001240,positive
F0001241,
F0001242,
F0001243,walkout
F0001244,positive
F0001245,
F0001246,
F0001247,
F0001248,
F0001249,positive
F0001250,positive
F0001251,positive
F0001252,
F0001253,
F0001254,
F0001255,
F0001256,
F0001257,
F0001258,
F0001259,
F0001260,
F0001261,
F0001262,positive
F0001263,
F0001264,walkout
F0001265,walkout
F0001266,
F0001267,walkout
F0001268,
F0001269,documents
F0001270,
F0001271,seating
F0001272,walkout
F0001273,
F0001274,long_wait
F0001275,
F0001276,
F0001277,
F0001278,walkout
F0001279,
F0001280,
F0001281,
F0001282,
F0001283,long_wait
F0001284,
F0001285,
F0001286,
F0001287,
F0001288,
F0001289,
F0001290,
F0001291,
F0001292,
F0001293,long_wait
F0001294,long_wait
F0001295,
F0001296,
F0001297,
F0001298,walkout
F0001299,
F0001300,walkout
F0001301,walkout
F0001302,
F0001303,
F0001304,walkout
F0001305,
F0001306,
F0001307,walkout
F0001308,
F0001309,
F0001310,
F0001311,
F0001312,
F0001313,
F0001314,
F0001315,
F0001316,
F0001317,
F0001318,
F0001319,
F0001320,
F0001321,
F0001322,
F0001323,
F0001324,
F0001325,
F0001326,walkout
F0001327,positive
F0001328,
F0001329,long_wait
F0001330,positive
F0001331,
F0001332,positive
F0001333,positive
F0001334,
F0001335,
F0001336,
F0001337,
F0001338,walkout
F0001339,
F0001340,
F0001341,
F0001342,
F0001343,positive
F0001344,
F0001345,
F0001346,
F0001347,
F0001348,
F0001349,
F0001350,
F0001351,
F0001352,
F0001353,positive
F0001354,
F0001355,
F0001356,walkout
F0001357,walkout
F0001358,
F0001359,
F0001360,
F0001361,
F0001362,
F0001363,
F0001364,
F0001365,walkout
F0001366,
F0001367,walkout
F0001368,walkout
F0001369,
F0001370,
F0001371,
F0001372,
F0001373,positive
F0001374,
F0001375,
F0001376,
F0001377,
F0001378,
F0001379,
F0001380,
F0001381,positive
F0001382,
F0001383,
F0001384,
F0001385,positive
F0001386,
F0001387,
F0001388,
F0001389,
F0001390,
F0001391,
F0001392,long_wait
F0001393,walkout
F0001394,
F0001395,
F0001396,positive
F0001397,
F0001398,
F0001399,
F0001400,
F0001401,
F0001402,
F0001403,
F0001404,
F0001405,
F0001406,seating
F0001407,
F0001408,
F0001409,
F0001410,
F0001411,walkout
F0001412,
F0001413,walkout
F0001414,walkout
F0001415,long_wait
F0001416,walkout
F0001417,
F0001418,
F0001419,
F0001420,walkout
F0001421,walkout
F0001422,walkout
F0001423,
F0001424,
F0001425,walkout
F0001426,walkout
F0001427,
F0001428,
F0001429,lunch
F0001430,walkout
F0001431,walkout
F0001432,
F0001433,walkout
F0001434,
F0001435,
F0001436,
F0001437,
F0001438,walkout
F0001439,
F0001440,
F0001441,
F0001442,
F0001443,
F0001444,
F0001445,
F0001446,
F0001447,
F0001448,
F0001449,
F0001450,
F0001451,
F0001452,
F0001453,positive
F0001454,
F0001455,positive
F0001456,
F0001457,
F0001458,
F0001459,
F0001460,
F0001461,
F0001462,
F0001463,
F0001464,positive
F0001465,walkout
F0001466,
F0001467,
F0001468,walkout
F0001469,long_wait
F0001470,
F0001471,positive
F0001472,
F0001473,
F0001474,
F0001475,
F0001476,
F0001477,
F0001478,
F0001479,
F0001480,positive
F0001481,
F0001482,
F0001483,walkout
F0001484,positive
F0001485,
F0001486,
F0001487,
F0001488,positive
F0001489,
F0001490,
F0001491,
F0001492,
F0001493,
F0001494,
F0001495,
F0001496,positive
F0001497,walkout
F0001498,positive
F0001499,positive
F0001500,
F0001501,walkout
F0001502,
F0001503,
F0001504,
F0001505,
F0001506,
F0001507,
F0001508,positive
F0001509,
F0001510,
F0001511,
F0001512,walkout
F0001513,
F0001514,
F0001515,
F0001516,
F0001517,
F0001518,
F0001519,
F0001520,
F0001521,positive
F0001522,
F0001523,positive
F0001524,positive
F0001525,
F0001526,
F0001527,positive
F0001528,
F0001529,long_wait
F0001530,
F0001531,walkout
F0001532,walkout
F0001533,
F0001534,lunch
F0001535,
F0001536,long_wait
F0001537,walkout
F0001538,
F0001539,walkout
F0001540,
F0001541,walkout
F0001542,positive
F0001543,positive
F0001544,
F0001545,
F0001546,positive
F0001547,
F0001548,
F0001549,
F0001550,
F0001551,
F0001552,
F0001553,
F0001554,
F0001555,
F0001556,
F0001557,
F0001558,
F0001559,
F0001560,positive
F0001561,
F0001562,
F0001563,
F0001564,positive
F0001565,
F0001566,
F0001567,
F0001568,long_wait
F0001569,
F0001570,
F0001571,
F0001572,long_wait
F0001573,walkout
F0001574,
F0001575,
F0001576,
F0001577,positive
F0001578,
F0001579,long_wait
F0001580,
F0001581,
F0001582,documents
F0001583,
F0001584,lunch
F0001585,walkout
F0001586,walkout
F0001587,
F0001588,
F0001589,walkout
F0001590,positive
F0001591,
F0001592,
F0001593,
F0001594,
F0001595,
F0001596,
F0001597,
F0001598,
F0001599,
F0001600,
F0001601,
F0001602,
F0001603,positive
F0001604,
F0001605,
F0001606,
F0001607,
F0001608,
F0001609,
F0001610,
F0001611,
F0001612,positive
F0001613,
F0001614,
F0001615,
F0001616,
F0001617,
F0001618,
F0001619,
F0001620,
F0001621,
F0001622,
F0001623,
F0001624,
F0001625,
F0001626,
F0001627,
F0001628,
F0001629,
F0001630,
F0001631,positive
F0001632,
F0001633,
F0001634,
F0001635,
F0001636,positive
F0001637,
F0001638,
F0001639,
F0001640,
F0001641,
F0001642,
F0001643,
F0001644,
F0001645,
F0001646,
F0001647,positive
F0001648,
F0001649,
F0001650,
F0001651,
F0001652,
F0001653,positive
F0001654,positive
F0001655,long_wait
F0001656,
F0001657,positive
F0001658,
F0001659,
F0001660,
F0001661,
F0001662,
F0001663,
F0001664,
F0001665,walkout
F0001666,
F0001667,
F0001668,
F0001669,
F0001670,
F0001671,
F0001672,
F0001673,
F0001674,
F0001675,
F0001676,positive
F0001677,
F0001678,walkout
F0001679,
F0001680,
F0001681,positive
F0001682,
F0001683,
F0001684,
F0001685,positive
F0001686,positive
F0001687,
F0001688,
F0001689,
F0001690,
F0001691,walkout
F0001692,
F0001693,
F0001694,
F0001695,positive
F0001696,
F0001697,
F0001698,
F0001699,
F0001700,
F0001701,positive
F0001702,positive
F0001703,
F0001704,positive
F0001705,
F0001706,
F0001707,
F0001708,walkout
F0001709,
F0001710,positive
F0001711,
F0001712,
F0001713,positive
F0001714,
F0001715,
F0001716,positive
F0001717,
F0001718,
F0001719,positive
F0001720,
F0001721,
F0001722,
F0001723,
F0001724,
F0001725,
F0001726,
F0001727,slow_dd
F0001728,
F0001729,
F0001730,
F0001731,
F0001732,
F0001733,
F0001734,positive
F0001735,positive
F0001736,positive
F0001737,
F0001738,positive
F0001739,
F0001740,
F0001741,positive
F0001742,
F0001743,positive
F0001744,
F0001745,
F0001746,
F0001747,
F0001748,
F0001749,
F0001750,
F0001751,
F0001752,
F0001753,
F0001754,
F0001755,
F0001756,
F0001757,
F0001758,positive
F0001759,
F0001760,
F0001761,
F0001762,
F0001763,
F0001764,
F0001765,
F0001766,
F0001767,
F0001768,
F0001769,
F0001770,
F0001771,positive
F0001772,
F0001773,
F0001774,
F0001775,
F0001776,
F0001777,positive
F0001778,
F0001779,positive
F0001780,positive
F0001781,
F0001782,
F0001783,
F0001784,positive
F0001785,
F0001786,
F0001787,
F0001788,
F0001789,
F0001790,
F0001791,
F0001792,
F0001793,
F0001794,
F0001795,
F0001796,positive
F0001797,
F0001798,
F0001799,
F0001800,
F0001801,
F0001802,
F0001803,
F0001804,positive
F0001805,
F0001806,walkout
F0001807,
F0001808,
F0001809,
F0001810,
F0001811,
F0001812,
F0001813,
F0001814,walkout
F0001815,
F0001816,
F0001817,
F0001818,
F0001819,walkout
F0001820,
F0001821,positive
F0001822,
F0001823,walkout
F0001824,walkout
F0001825,
F0001826,
F0001827,
F0001828,walkout
F0001829,positive
F0001830,
F0001831,
F0001832,
F0001833,walkout
F0001834,
F0001835,
F0001836,
F0001837,walkout
F0001838,
F0001839,
F0001840,
F0001841,
F0001842,
F0001843,lunch
F0001844,walkout
F0001845,
F0001846,
F0001847,
F0001848,
F0001849,positive
F0001850,
F0001851,
F0001852,
F0001853,
F0001854,
F0001855,
F0001856,
F0001857,
F0001858,
F0001859,positive
F0001860,
F0001861,positive
F0001862,
F0001863,
F0001864,
F0001865,
F0001866,walkout
F0001867,
F0001868,
F0001869,
F0001870,positive
F0001871,
F0001872,
F0001873,
F0001874,
F0001875,
F0001876,
F0001877,
F0001878,
F0001879,
F0001880,walkout
F0001881,
F0001882,positive
F0001883,
F0001884,
F0001885,
F0001886,
F0001887,
F0001888,positive
F0001889,
F0001890,
F0001891,
F0001892,walkout
F0001893,
F0001894,
F0001895,
F0001896,
F0001897,walkout
F0001898,walkout
F0001899,
F0001900,walkout
F0001901,
F0001902,
F0001903,
F0001904,
F0001905,
F0001906,walkout
F0001907,
F0001908,
F0001909,positive
F0001910,
F0001911,positive
F0001912,long_wait
F0001913,walkout
F0001914,walkout
F0001915,
F0001916,
F0001917,
F0001918,
F0001919,
F0001920,
F0001921,positive
F0001922,
F0001923,
F0001924,
F0001925,
F0001926,
F0001927,
F0001928,
F0001929,
F0001930,
F0001931,
F0001932,
F0001933,
F0001934,long_wait
F0001935,
F0001936,
F0001937,
F0001938,
F0001939,positive
F0001940,
F0001941,
F0001942,positive
F0001943,positive
F0001944,
F0001945,
F0001946,
F0001947,
F0001948,
F0001949,
F0001950,
F0001951,
F0001952,
F0001953,positive
F0001954,walkout
F0001955,
F0001956,
F0001957,
F0001958,positive
F0001959,
F0001960,
F0001961,positive
F0001962,
F0001963,positive
F0001964,
F0001965,
F0001966,positive
F0001967,
F0001968,
F0001969,
F0001970,walkout
F0001971,
F0001972,positive
F0001973,
F0001974,long_wait
F0001975,
F0001976,
F0001977,
F0001978,
F0001979,positive
F0001980,
F0001981,
F0001982,
F0001983,positive
F0001984,
F0001985,
F0001986,
F0001987,
F0001988,
F0001989,
F0001990,
F0001991,
F0001992,
F0001993,
F0001994,
F0001995,
F0001996,walkout
F0001997,
F0001998,
F0001999,
F0002000,
F0002001,positive
F0002002,long_wait
F0002003,
F0002004,
F0002005,
F0002006,
F0002007,
F0002008,
F0002009,
F0002010,
F0002011,positive
F0002012,
F0002013,
F0002014,
F0002015,
F0002016,
F0002017,
F0002018,
F0002019,
F0002020,
F0002021,
F0002022,
F0002023,
F0002024,
F0002025,
F0002026,
F0002027,
F0002028,
F0002029,
F0002030,
F0002031,long_wait
F0002032,
F0002033,
F0002034,
F0002035,
F0002036,
F0002037,
F0002038,
F0002039,
F0002040,positive
F0002041,
F0002042,
F0002043,
F0002044,
F0002045,
F0002046,
F0002047,positive
F0002048,
F0002049,
F0002050,
F0002051,
F0002052,
F0002053,
F0002054,
F0002055,
F0002056,
F0002057,walkout
F0002058,
F0002059,
F0002060,walkout
F0002061,
F0002062,
F0002063,
F0002064,
F0002065,
F0002066,
F0002067,
F0002068,
F0002069,
F0002070,
F0002071,
F0002072,walkout
F0002073,
F0002074,positive
F0002075,
F0002076,
F0002077,walkout
F0002078,
F0002079,
F0002080,
F0002081,
F0002082,
F0002083,positive
F0002084,
F0002085,
F0002086,positive
F0002087,
F0002088,
F0002089,
F0002090,
F0002091,positive
F0002092,
F0002093,
F0002094,
F0002095,
F0002096,
F0002097,positive
F0002098,
F0002099,
F0002100,
F0002101,
F0002102,documents
F0002103,
F0002104,
F0002105,
F0002106,
F0002107,positive
F0002108,
F0002109,
F0002110,documents
F0002111,
F0002112,
F0002113,
F0002114,
F0002115,
F0002116,
F0002117,
F0002118,
F0002119,
F0002120,
F0002121,
F0002122,
F0002123,
F0002124,
F0002125,
F0002126,
F0002127,
F0002128,walkout
F0002129,
F0002130,
F0002131,
F0002132,
F0002133,
F0002134,walkout
F0002135,
F0002136,
F0002137,walkout
F0002138,
F0002139,
F0002140,
F0002141,
F0002142,positive
F0002143,
F0002144,
F0002145,
F0002146,
F0002147,
F0002148,positive
F0002149,
F0002150,
F0002151,
F0002152,
F0002153,lunch
F0002154,
F0002155,
F0002156,
F0002157,
F0002158,walkout
F0002159,
F0002160,
F0002161,
F0002162,walkout
F0002163,walkout
F0002164,
F0002165,
F0002166,
F0002167,
F0002168,
F0002169,
F0002170,
F0002171,
F0002172,
F0002173,positive
F0002174,
F0002175,
F0002176,
F0002177,
F0002178,
F0002179,
F0002180,seating
F0002181,
F0002182,
F0002183,
F0002184,
F0002185,
F0002186,
F0002187,positive
F0002188,
F0002189,
F0002190,positive
F0002191,walkout
F0002192,
F0002193,
F0002194,
F0002195,
F0002196,
F0002197,
F0002198,
F0002199,
F0002200,
F0002201,
F0002202,
F0002203,
F0002204,
F0002205,
F0002206,
F0002207,positive
F0002208,
F0002209,positive
F0002210,positive
F0002211,
F0002212,
F0002213,positive
F0002214,
F0002215,walkout
F0002216,positive
F0002217,
F0002218,
F0002219,
F0002220,
F0002221,long_wait
F0002222,walkout
F0002223,
F0002224,walkout
F0002225,
F0002226,
F0002227,
F0002228,
F0002229,
F0002230,
F0002231,
F0002232,
F0002233,walkout
F0002234,positive
F0002235,
F0002236,
F0002237,
F0002238,
F0002239,
F0002240,
F0002241,
F0002242,
F0002243,
F0002244,positive
F0002245,walkout
F0002246,positive
F0002247,
F0002248,
F0002249,positive
F0002250,
F0002251,
F0002252,
F0002253,
F0002254,
F0002255,walkout
F0002256,
F0002257,positive
F0002258,
F0002259,
F0002260,
F0002261,positive
F0002262,positive
F0002263,
F0002264,
F0002265,
F0002266,
F0002267,positive
F0002268,
F0002269,
F0002270,
F0002271,
F0002272,
F0002273,
F0002274,
F0002275,positive
F0002276,
F0002277,
F0002278,positive
F0002279,positive
F0002280,
F0002281,
F0002282,walkout
F0002283,
F0002284,
F0002285,
F0002286,
F0002287,
F0002288,
F0002289,
F0002290,
F0002291,positive
F0002292,
F0002293,positive
F0002294,
F0002295,
F0002296,
F0002297,long_wait
F0002298,
F0002299,
F0002300,
F0002301,long_wait
F0002302,
F0002303,
F0002304,
F0002305,
F0002306,
F0002307,
F0002308,
F0002309,
F0002310,
F0002311,
F0002312,
F0002313,walkout
F0002314,
F0002315,positive
F0002316,
F0002317,
F0002318,positive
F0002319,positive
F0002320,
F0002321,
F0002322,
F0002323,
F0002324,
F0002325,
F0002326,
F0002327,
F0002328,
F0002329,
F0002330,
F0002331,
F0002332,
F0002333,positive
F0002334,
F0002335,
F0002336,
F0002337,
F0002338,walkout
F0002339,
F0002340,walkout
F0002341,
F0002342,
F0002343,
F0002344,
F0002345,walkout
F0002346,
F0002347,
F0002348,
F0002349,
F0002350,
F0002351,positive
F0002352,
F0002353,positive
F0002354,
F0002355,
F0002356,
F0002357,
F0002358,
F0002359,
F0002360,
F0002361,
F0002362,
F0002363,
F0002364,
F0002365,
F0002366,
F0002367,positive
F0002368,
F0002369,
F0002370,
F0002371,
F0002372,
F0002373,
F0002374,
F0002375,
F0002376,
F0002377,
F0002378,
F0002379,
F0002380,
F0002381,
F0002382,
F0002383,
F0002384,
F0002385,
F0002386,
F0002387,
F0002388,
F0002389,
F0002390,
F0002391,
F0002392,
F0002393,
F0002394,
F0002395,positive
F0002396,
F0002397,
F0002398,
F0002399,
F0002400,
F0002401,
F0002402,
F0002403,
F0002404,
F0002405,
F0002406,
F0002407,positive
F0002408,
F0002409,slow_dd
F0002410,
F0002411,
F0002412,
F0002413,
F0002414,walkout
F0002415,
F0002416,
F0002417,walkout
F0002418,
F0002419,
F0002420,
F0002421,
F0002422,
F0002423,
F0002424,
F0002425,
F0002426,walkout
F0002427,
F0002428,
F0002429,
F0002430,walkout
F0002431,
F0002432,
F0002433,
F0002434,
F0002435,
F0002436,
F0002437,
F0002438,
F0002439,
F0002440,
F0002441,positive
F0002442,
F0002443,
F0002444,positive
F0002445,
F0002446,
F0002447,positive
F0002448,
F0002449,positive
F0002450,
F0002451,
F0002452,
F0002453,
F0002454,
F0002455,
F0002456,
F0002457,lunch
F0002458,positive
F0002459,
F0002460,positive
F0002461,
F0002462,
F0002463,positive
F0002464,
F0002465,
F0002466,
F0002467,
F0002468,
F0002469,
F0002470,
F0002471,
F0002472,positive
F0002473,
F0002474,
F0002475,
F0002476,
F0002477,
F0002478,
F0002479,
F0002480,positive
F0002481,
F0002482,positive
F0002483,positive
F0002484,
F0002485,
F0002486,
F0002487,
F0002488,
F0002489,
F0002490,
F0002491,
F0002492,
F0002493,
F0002494,
F0002495,
F0002496,
F0002497,
F0002498,
F0002499,positive
F0002500,
F0002501,
F0002502,
F0002503,positive
F0002504,
F0002505,positive
F0002506,
F0002507,
F0002508,
F0002509,documents
F0002510,
F0002511,
F0002512,
F0002513,
F0002514,
F0002515,
F0002516,
F0002517,
F0002518,positive
F0002519,
F0002520,positive
F0002521,
F0002522,documents
F0002523,
F0002524,
F0002525,
F0002526,positive
F0002527,
F0002528,
F0002529,
F0002530,
F0002531,
F0002532,
F0002533,positive
F0002534,
F0002535,
F0002536,
F0002537,
F0002538,
F0002539,
F0002540,
F0002541,
F0002542,
F0002543,
F0002544,
F0002545,
F0002546,
F0002547,
F0002548,
F0002549,
F0002550,
F0002551,
F0002552,
F0002553,
F0002554,
F0002555,positive
F0002556,
F0002557,
F0002558,
F0002559,positive
F0002560,
F0002561,positive
F0002562,
F0002563,
F0002564,
F0002565,positive
F0002566,walkout
F0002567,
F0002568,
F0002569,
F0002570,
F0002571,
F0002572,
F0002573,
F0002574,
F0002575,
F0002576,
F0002577,
F0002578,
F0002579,
F0002580,
F0002581,
F0002582,
F0002583,
F0002584,
F0002585,
F0002586,
F0002587,
F0002588,
F0002589,
F0002590,
F0002591,
F0002592,
F0002593,
F0002594,
F0002595,
F0002596,
F0002597,
F0002598,
F0002599,
F0002600,
F0002601,
F0002602,
F0002603,positive
F0002604,
F0002605,positive
F0002606,positive
F0002607,
F0002608,
F0002609,positive
F0002610,
F0002611,
F0002612,positive
F0002613,walkout
F0002614,positive
F0002615,
F0002616,
F0002617,long_wait
F0002618,
F0002619,
F0002620,walkout
F0002621,
F0002622,
F0002623,
F0002624,
F0002625,
F0002626,positive
F0002627,
F0002628,
F0002629,
F0002630,
F0002631,
F0002632,positive
F0002633,positive
F0002634,
F0002635,
F0002636,
F0002637,
F0002638,
F0002639,positive
F0002640,
F0002641,
F0002642,
F0002643,
F0002644,
F0002645,
F0002646,
F0002647,
F0002648,
F0002649,positive
F0002650,
F0002651,
F0002652,
F0002653,
F0002654,
F0002655,
F0002656,
F0002657,positive
F0002658,
F0002659,
F0002660,
F0002661,
F0002662,
F0002663,
F0002664,
F0002665,positive
F0002666,positive
F0002667,
F0002668,
F0002669,
F0002670,
F0002671,
F0002672,
F0002673,positive
F0002674,
F0002675,
F0002676,
F0002677,
F0002678,
F0002679,
F0002680,
F0002681,
F0002682,
F0002683,positive
F0002684,
F0002685,
F0002686,
F0002687,
F0002688,
F0002689,
F0002690,positive
F0002691,
F0002692,
F0002693,
F0002694,
F0002695,positive
F0002696,
F0002697,
F0002698,positive
F0002699,positive
F0002700,
F0002701,
F0002702,
F0002703,
F0002704,
F0002705,
F0002706,
F0002707,
F0002708,
F0002709,positive
F0002710,
F0002711,positive
F0002712,
F0002713,
F0002714,
F0002715,
F0002716,
F0002717,
F0002718,positive
F0002719,
F0002720,
F0002721,
F0002722,
F0002723,
F0002724,
F0002725,documents
F0002726,
F0002727,
F0002728,
F0002729,
F0002730,
F0002731,positive
F0002732,
F0002733,positive
F0002734,
F0002735,
F0002736,
F0002737,
F0002738,
F0002739,
F0002740,
F0002741,
F0002742,
F0002743,
F0002744,
F0002745,
F0002746,
F0002747,
F0002748,
F0002749,
F0002750,
F0002751,
F0002752,
F0002753,
F0002754,
F0002755,positive
F0002756,
F0002757,
F0002758,
F0002759,
F0002760,
F0002761,
F0002762,
F0002763,
F0002764,
F0002765,
F0002766,
F0002767,
F0002768,
F0002769,
F0002770,
F0002771,positive
F0002772,
F0002773,
F0002774,
F0002775,
F0002776,
F0002777,
F0002778,positive
F0002779,
F0002780,
F0002781,
F0002782,slow_dd
F0002783,
F0002784,
F0002785,
F0002786,
F0002787,system_down
F0002788,walkout
F0002789,
F0002790,
F0002791,
F0002792,walkout
F0002793,long_wait
F0002794,
F0002795,walkout
F0002796,
F0002797,
F0002798,walkout
F0002799,
F0002800,
F0002801,
F0002802,
F0002803,
F0002804,
F0002805,
F0002806,
F0002807,
F0002808,
F0002809,slow_dd
F0002810,
F0002811,positive
F0002812,
F0002813,
F0002814,
F0002815,
F0002816,
F0002817,
F0002818,positive
F0002819,
F0002820,slow_dd
F0002821,
F0002822,
F0002823,positive
F0002824,
F0002825,
F0002826,
F0002827,
F0002828,
F0002829,
F0002830,
F0002831,
F0002832,
F0002833,
F0002834,
F0002835,
F0002836,positive
F0002837,
F0002838,
F0002839,positive
F0002840,
F0002841,
F0002842,
F0002843,positive
F0002844,
F0002845,positive
F0002846,
F0002847,
F0002848,positive
F0002849,
F0002850,
F0002851,
F0002852,
F0002853,documents
F0002854,
F0002855,
F0002856,
F0002857,
F0002858,
F0002859,
F0002860,
F0002861,
F0002862,positive
F0002863,
F0002864,positive
F0002865,
F0002866,
F0002867,
F0002868,
F0002869,
F0002870,
F0002871,positive
F0002872,
F0002873,
F0002874,
F0002875,
F0002876,
F0002877,
F0002878,
F0002879,positive
F0002880,positive
F0002881,
F0002882,
F0002883,
F0002884,
F0002885,
F0002886,
F0002887,
F0002888,
F0002889,positive
F0002890,
F0002891,
F0002892,
F0002893,
F0002894,walkout
F0002895,
F0002896,
F0002897,
F0002898,
F0002899,
F0002900,
F0002901,
F0002902,
F0002903,walkout
F0002904,documents
F0002905,positive
F0002906,
F0002907,
F0002908,positive
F0002909,
F0002910,
F0002911,
F0002912,
F0002913,positive
F0002914,
F0002915,
F0002916,
F0002917,
F0002918,
F0002919,
F0002920,
F0002921,
F0002922,
F0002923,
F0002924,
F0002925,
F0002926,positive
F0002927,
F0002928,positive
F0002929,
F0002930,
F0002931,
F0002932,walkout
F0002933,
F0002934,
F0002935,
F0002936,positive
F0002937,
F0002938,
F0002939,
F0002940,
F0002941,
F0002942,
F0002943,
F0002944,
F0002945,
F0002946,
F0002947,
F0002948,
F0002949,
F0002950,
F0002951,
F0002952,positive
F0002953,
F0002954,
F0002955,
F0002956,
F0002957,
F0002958,
F0002959,positive
F0002960,positive
F0002961,positive
F0002962,
F0002963,
F0002964,
F0002965,
F0002966,
F0002967,
F0002968,
F0002969,positive
F0002970,
F0002971,
F0002972,
F0002973,positive
F0002974,
F0002975,
F0002976,
F0002977,
F0002978,
F0002979,
F0002980,
F0002981,positive
F0002982,
F0002983,positive
F0002984,
F0002985,positive
F0002986,
F0002987,
F0002988,
F0002989,
F0002990,
F0002991,
F0002992,
F0002993,
F0002994,positive
F0002995,
F0002996,
F0002997,
F0002998,
F0002999,
F0003000,
F0003001,
F0003002,
F0003003,
F0003004,
F0003005,
F0003006,
F0003007,
F0003008,
F0003009,
F0003010,
F0003011,
F0003012,positive
F0003013,
F0003014,
F0003015,
F0003016,positive
F0003017,walkout
F0003018,
F0003019,
F0003020,
F0003021,
F0003022,positive
F0003023,positive
F0003024,walkout
F0003025,positive
F0003026,
F0003027,
F0003028,
F0003029,walkout
F0003030,
F0003031,
F0003032,positive
F0003033,
F0003034,
F0003035,
F0003036,
F0003037,
F0003038,
F0003039,
F0003040,
F0003041,
F0003042,
F0003043,documents
F0003044,
F0003045,
F0003046,
F0003047,
F0003048,
F0003049,
F0003050,
F0003051,positive
F0003052,
F0003053,
F0003054,
F0003055,
F0003056,
F0003057,
F0003058,positive
F0003059,positive
F0003060,
F0003061,
F0003062,
F0003063,
F0003064,
F0003065,positive
F0003066,
F0003067,
F0003068,long_wait
F0003069,
F0003070,
F0003071,
F0003072,walkout
F0003073,
F0003074,
F0003075,
F0003076,
F0003077,positive
F0003078,
F0003079,positive
F0003080,
F0003081,
F0003082,
F0003083,
F0003084,
F0003085,
F0003086,
F0003087,positive
F0003088,
F0003089,positive
F0003090,long_wait
F0003091,
F0003092,
F0003093,
F0003094,
F0003095,
F0003096,
F0003097,
F0003098,
F0003099,
F0003100,positive
F0003101,positive
F0003102,
F0003103,
F0003104,
F0003105,
F0003106,
F0003107,positive
F0003108,
F0003109,
F0003110,walkout
F0003111,long_wait
F0003112,
F0003113,
F0003114,
F0003115,
F0003116,walkout
F0003117,positive
F0003118,
F0003119,
F0003120,walkout
F0003121,positive
F0003122,
F0003123,
F0003124,
F0003125,
F0003126,
F0003127,
F0003128,
F0003129,long_wait
F0003130,walkout
F0003131,
F0003132,
F0003133,
F0003134,
F0003135,positive
F0003136,
F0003137,
F0003138,
F0003139,
F0003140,
F0003141,
F0003142,
F0003143,seating
F0003144,
F0003145,
F0003146,
F0003147,walkout
F0003148,
F0003149,
F0003150,
F0003151,walkout
F0003152,
F0003153,
F0003154,walkout
F0003155,
F0003156,
F0003157,
F0003158,
F0003159,positive
F0003160,
F0003161,
F0003162,
F0003163,positive
F0003164,positive
F0003165,
F0003166,
F0003167,
F0003168,
F0003169,
F0003170,
F0003171,positive
F0003172,walkout
F0003173,
F0003174,
F0003175,positive
F0003176,
F0003177,
F0003178,
F0003179,
F0003180,positive
F0003181,
F0003182,
F0003183,
F0003184,
F0003185,
F0003186,
F0003187,
F0003188,
F0003189,
F0003190,
F0003191,
F0003192,
F0003193,
F0003194,
F0003195,
F0003196,
F0003197,
F0003198,positive
F0003199,
F0003200,positive
F0003201,
F0003202,
F0003203,
F0003204,
F0003205,
F0003206,positive
F0003207,
F0003208,
F0003209,
F0003210,
F0003211,
F0003212,
F0003213,
F0003214,
F0003215,
F0003216,
F0003217,
F0003218,
F0003219,
F0003220,positive
F0003221,
F0003222,
F0003223,
F0003224,
F0003225,
F0003226,
F0003227,walkout
F0003228,
F0003229,
F0003230,
F0003231,
F0003232,
F0003233,
F0003234,positive
F0003235,
F0003236,
F0003237,
F0003238,positive
F0003239,positive
F0003240,
F0003241,
F0003242,
F0003243,positive
F0003244,positive
F0003245,positive
F0003246,positive
F0003247,
F0003248,
F0003249,
F0003250,
F0003251,
F0003252,
F0003253,
F0003254,
F0003255,
F0003256,
F0003257,positive
F0003258,
F0003259,
F0003260,
F0003261,
F0003262,
F0003263,
F0003264,
F0003265,
F0003266,
F0003267,
F0003268,
F0003269,
F0003270,
F0003271,
F0003272,
F0003273,
F0003274,positive
F0003275,
F0003276,positive
F0003277,
F0003278,positive
F0003279,
F0003280,
F0003281,walkout
F0003282,
F0003283,
F0003284,
F0003285,
F0003286,
F0003287,
F0003288,
F0003289,
F0003290,positive
F0003291,
F0003292,
F0003293,
F0003294,walkout
F0003295,
F0003296,
F0003297,
F0003298,
F0003299,positive
F0003300,
F0003301,
F0003302,
F0003303,
F0003304,
F0003305,
F0003306,
F0003307,
F0003308,
F0003309,
F0003310,documents
F0003311,
F0003312,
F0003313,walkout
F0003314,positive
F0003315,
F0003316,
F0003317,
F0003318,
F0003319,
F0003320,
F0003321,documents
F0003322,positive
F0003323,
F0003324,positive
F0003325,
F0003326,
F0003327,
F0003328,
F0003329,
F0003330,
F0003331,
F0003332,positive
F0003333,
F0003334,
F0003335,
F0003336,
F0003337,
F0003338,
F0003339,
F0003340,
F0003341,
F0003342,
F0003343,
F0003344,
F0003345,
F0003346,
F0003347,
F0003348,positive
F0003349,positive
F0003350,
F0003351,
F0003352,positive
F0003353,walkout
F0003354,
F0003355,
F0003356,
F0003357,
F0003358,
F0003359,
F0003360,
F0003361,positive
F0003362,
F0003363,
F0003364,
F0003365,
F0003366,
F0003367,
F0003368,
F0003369,
F0003370,walkout
F0003371,
F0003372,positive
F0003373,
F0003374,
F0003375,
F0003376,positive
F0003377,
F0003378,
F0003379,
F0003380,
F0003381,positive
F0003382,
F0003383,positive
F0003384,
F0003385,
F0003386,
F0003387,
F0003388,
F0003389,
F0003390,
F0003391,
F0003392,
F0003393,positive
F0003394,
F0003395,
F0003396,
F0003397,
F0003398,
F0003399,
F0003400,
F0003401,
F0003402,
F0003403,
F0003404,
F0003405,positive
F0003406,
F0003407,
F0003408,
F0003409,positive
F0003410,
F0003411,
F0003412,
F0003413,positive
F0003414,
F0003415,
F0003416,
F0003417,
F0003418,positive
F0003419,
F0003420,
F0003421,
F0003422,
F0003423,
F0003424,
F0003425,
F0003426,long_wait
F0003427,
F0003428,
F0003429,
F0003430,
F0003431,
F0003432,positive
F0003433,
F0003434,
F0003435,
F0003436,
F0003437,positive
F0003438,
F0003439,
F0003440,
F0003441,
F0003442,
F0003443,positive
F0003444,
F0003445,
F0003446,
F0003447,
F0003448,
F0003449,
F0003450,
F0003451,
F0003452,
F0003453,
F0003454,
F0003455,walkout
F0003456,
F0003457,
F0003458,
F0003459,
F0003460,positive
F0003461,
F0003462,
F0003463,
F0003464,
F0003465,
F0003466,
F0003467,
F0003468,
F0003469,
F0003470,
F0003471,
F0003472,
F0003473,
F0003474,
F0003475,
F0003476,
F0003477,
F0003478,walkout
F0003479,
F0003480,
F0003481,
F0003482,
F0003483,
F0003484,walkout
F0003485,
F0003486,
F0003487,
F0003488,
F0003489,
F0003490,
F0003491,walkout
F0003492,
F0003493,long_wait
F0003494,walkout
F0003495,
F0003496,long_wait
F0003497,
F0003498,
F0003499,
F0003500,long_wait
F0003501,walkout
F0003502,walkout
F0003503,
F0003504,
F0003505,walkout
F0003506,walkout
F0003507,
F0003508,
F0003509,
F0003510,
F0003511,
F0003512,walkout
F0003513,
F0003514,walkout
F0003515,long_wait
F0003516,positive
F0003517,walkout
F0003518,
F0003519,walkout
F0003520,walkout
F0003521,
F0003522,
F0003523,
F0003524,
F0003525,
F0003526,walkout
F0003527,
F0003528,
F0003529,
F0003530,
F0003531,positive
F0003532,
F0003533,
F0003534,
F0003535,walkout
F0003536,lunch
F0003537,
F0003538,
F0003539,
F0003540,
F0003541,
F0003542,
F0003543,
F0003544,
F0003545,
F0003546,
F0003547,walkout
F0003548,
F0003549,walkout
F0003550,walkout
F0003551,long_wait
F0003552,
F0003553,walkout
F0003554,
F0003555,
F0003556,
F0003557,positive
F0003558,
F0003559,walkout
F0003560,
F0003561,positive
F0003562,
F0003563,
F0003564,
F0003565,positive
F0003566,
F0003567,
F0003568,
F0003569,positive
F0003570,
F0003571,
F0003572,walkout
F0003573,
F0003574,
F0003575,walkout
F0003576,
F0003577,long_wait
F0003578,
F0003579,positive
F0003580,
F0003581,
F0003582,walkout
F0003583,
F0003584,
F0003585,
F0003586,positive
F0003587,positive
F0003588,
F0003589,
F0003590,positive
F0003591,
F0003592,
F0003593,
F0003594,
F0003595,positive
F0003596,
F0003597,
F0003598,
F0003599,
F0003600,
F0003601,
F0003602,
F0003603,
F0003604,
F0003605,
F0003606,walkout
F0003607,
F0003608,seating
F0003609,
F0003610,
F0003611,
F0003612,
F0003613,
F0003614,
F0003615,
F0003616,
F0003617,long_wait
F0003618,
F0003619,
F0003620,
F0003621,
F0003622,
F0003623,
F0003624,
F0003625,
F0003626,
F0003627,
F0003628,walkout
F0003629,
F0003630,
F0003631,
F0003632,
F0003633,
F0003634,
F0003635,
F0003636,
F0003637,
F0003638,
F0003639,
F0003640,
F0003641,
F0003642,
F0003643,
F0003644,
F0003645,
F0003646,
F0003647,
F0003648,
F0003649,
F0003650,
F0003651,
F0003652,positive
F0003653,
F0003654,
F0003655,
F0003656,
F0003657,
F0003658,
F0003659,
F0003660,
F0003661,
F0003662,
F0003663,
F0003664,
F0003665,
F0003666,
F0003667,positive
F0003668,
F0003669,positive
F0003670,
F0003671,
F0003672,
F0003673,
F0003674,
F0003675,positive
F0003676,
F0003677,positive
F0003678,
F0003679,
F0003680,
F0003681,
F0003682,
F0003683,
F0003684,
F0003685,
F0003686,
F0003687,
F0003688,
F0003689,
F0003690,
F0003691,positive
F0003692,positive
F0003693,
F0003694,
F0003695,
F0003696,
F0003697,
F0003698,positive
F0003699,
F0003700,
F0003701,positive
F0003702,positive
F0003703,positive
F0003704,
F0003705,
F0003706,
F0003707,
F0003708,walkout
F0003709,
F0003710,positive
F0003711,
F0003712,
F0003713,
F0003714,
F0003715,positive
F0003716,
F0003717,
F0003718,
F0003719,
F0003720,
F0003721,walkout
F0003722,
F0003723,
F0003724,
F0003725,
F0003726,walkout
F0003727,
F0003728,positive
F0003729,
F0003730,
F0003731,
F0003732,
F0003733,
F0003734,
F0003735,
F0003736,
F0003737,
F0003738,
F0003739,
F0003740,
F0003741,
F0003742,
F0003743,
F0003744,
F0003745,
F0003746,
F0003747,
F0003748,
F0003749,
F0003750,
F0003751,positive
F0003752,
F0003753,
F0003754,walkout
F0003755,
F0003756,
F0003757,
F0003758,
F0003759,
F0003760,
F0003761,
F0003762,
F0003763,
F0003764,positive
F0003765,
F0003766,walkout
F0003767,
F0003768,walkout
F0003769,
F0003770,
F0003771,
F0003772,positive
F0003773,positive
F0003774,
F0003775,positive
F0003776,positive
F0003777,
F0003778,
F0003779,positive
F0003780,
F0003781,
F0003782,
F0003783,
F0003784,
F0003785,
F0003786,
F0003787,positive
F0003788,
F0003789,
F0003790,
F0003791,walkout
F0003792,walkout
F0003793,
F0003794,long_wait
F0003795,
F0003796,
F0003797,walkout
F0003798,long_wait
F0003799,positive
F0003800,positive
F0003801,
F0003802,
F0003803,
F0003804,
F0003805,
F0003806,
F0003807,
F0003808,
F0003809,
F0003810,
F0003811,
F0003812,
F0003813,
F0003814,positive
F0003815,
F0003816,
F0003817,
F0003818,
F0003819,
F0003820,walkout
F0003821,
F0003822,
F0003823,
F0003824,
F0003825,
F0003826,
F0003827,
F0003828,positive
F0003829,
F0003830,
F0003831,positive
F0003832,
F0003833,positive
F0003834,positive
F0003835,
F0003836,
F0003837,
F0003838,
F0003839,
F0003840,
F0003841,
F0003842,
F0003843,
F0003844,
F0003845,seating
F0003846,
F0003847,
F0003848,
F0003849,
F0003850,positive
F0003851,
F0003852,
F0003853,walkout
F0003854,
F0003855,positive
F0003856,
F0003857,
F0003858,
F0003859,
F0003860,walkout
F0003861,
F0003862,
F0003863,
F0003864,
F0003865,walkout
F0003866,
F0003867,
F0003868,long_wait
F0003869,walkout
F0003870,
F0003871,
F0003872,
F0003873,
F0003874,walkout
F0003875,
F0003876,walkout
F0003877,
F0003878,
F0003879,positive
F0003880,
F0003881,
F0003882,positive
F0003883,walkout
F0003884,
F0003885,
F0003886,positive
F0003887,
F0003888,
F0003889,
F0003890,walkout
F0003891,
F0003892,walkout
F0003893,walkout
F0003894,walkout
F0003895,walkout
F0003896,
F0003897,
F0003898,
F0003899,walkout
F0003900,walkout
F0003901,
F0003902,
F0003903,
F0003904,walkout
F0003905,walkout
F0003906,
F0003907,long_wait
F0003908,positive
F0003909,
F0003910,long_wait
F0003911,
F0003912,
F0003913,
F0003914,
F0003915,
F0003916,
F0003917,
F0003918,positive
F0003919,
F0003920,
F0003921,
F0003922,positive
F0003923,
F0003924,
F0003925,
F0003926,walkout
F0003927,
F0003928,
F0003929,
F0003930,
F0003931,
F0003932,
F0003933,
F0003934,
F0003935,
F0003936,
F0003937,positive
F0003938,
F0003939,
F0003940,
F0003941,
F0003942,
F0003943,
F0003944,positive
F0003945,
F0003946,
F0003947,
F0003948,
F0003949,
F0003950,
F0003951,
F0003952,
F0003953,positive
F0003954,
F0003955,
F0003956,
F0003957,walkout
F0003958,positive
F0003959,
F0003960,positive
F0003961,
F0003962,
F0003963,
F0003964,
F0003965,positive
F0003966,
F0003967,
F0003968,
F0003969,
F0003970,
F0003971,
F0003972,
F0003973,positive
F0003974,positive
F0003975,
F0003976,
F0003977,
F0003978,
F0003979,
F0003980,
F0003981,
F0003982,
F0003983,
F0003984,
F0003985,positive
F0003986,
F0003987,
F0003988,
F0003989,
F0003990,positive
F0003991,positive
F0003992,walkout
F0003993,positive
F0003994,
F0003995,
F0003996,
F0003997,
F0003998,
F0003999,
F0004000,
F0004001,
F0004002,
F0004003,walkout
F0004004,
F0004005,
F0004006,
F0004007,walkout
F0004008,walkout
F0004009,
F0004010,
F0004011,
F0004012,
F0004013,
F0004014,
F0004015,
F0004016,
F0004017,
F0004018,long_wait
F0004019,
F0004020,
F0004021,
F0004022,
F0004023,
F0004024,
F0004025,
F0004026,positive
F0004027,positive
F0004028,
F0004029,
F0004030,positive
F0004031,
F0004032,
F0004033,
F0004034,
F0004035,positive
F0004036,
F0004037,
F0004038,walkout
F0004039,
F0004040,walkout
F0004041,
F0004042,
F0004043,walkout
F0004044,
F0004045,positive
F0004046,
F0004047,
F0004048,
F0004049,walkout
F0004050,
F0004051,
F0004052,
F0004053,walkout
F0004054,
F0004055,walkout
F0004056,walkout
F0004057,
F0004058,
F0004059,
F0004060,
F0004061,positive
F0004062,positive
F0004063,
F0004064,
F0004065,walkout
F0004066,positive
F0004067,
F0004068,walkout
F0004069,
F0004070,
F0004071,
F0004072,
F0004073,walkout
F0004074,
F0004075,walkout
F0004076,
F0004077,
F0004078,
F0004079,
F0004080,
F0004081,
F0004082,positive
F0004083,seating
F0004084,
F0004085,
F0004086,
F0004087,walkout
F0004088,
F0004089,positive
F0004090,
F0004091,long_wait
F0004092,
F0004093,positive
F0004094,
F0004095,walkout
F0004096,documents
F0004097,walkout
F0004098,walkout
F0004099,
F0004100,walkout
F0004101,walkout
F0004102,
F0004103,
F0004104,
F0004105,
F0004106,
F0004107,walkout
F0004108,long_wait
F0004109,
F0004110,
F0004111,
F0004112,
F0004113,
F0004114,
F0004115,
F0004116,walkout
F0004117,walkout
F0004118,
F0004119,documents
F0004120,
F0004121,walkout
F0004122,
F0004123,
F0004124,positive
F0004125,
F0004126,
F0004127,
F0004128,
F0004129,
F0004130,
F0004131,
F0004132,
F0004133,
F0004134,
F0004135,walkout
F0004136,
F0004137,
F0004138,
F0004139,
F0004140,walkout
F0004141,
F0004142,
F0004143,positive
F0004144,
F0004145,
F0004146,
F0004147,
F0004148,
F0004149,
F0004150,
F0004151,
F0004152,
F0004153,
F0004154,
F0004155,
F0004156,
F0004157,
F0004158,
F0004159,
F0004160,
F0004161,
F0004162,
F0004163,
F0004164,
F0004165,positive
F0004166,
F0004167,
F0004168,positive
F0004169,
F0004170,
F0004171,
F0004172,positive
F0004173,walkout
F0004174,
F0004175,
F0004176,
F0004177,walkout
F0004178,
F0004179,
F0004180,
F0004181,
F0004182,
F0004183,
F0004184,
F0004185,
F0004186,long_wait
F0004187,walkout
F0004188,long_wait
F0004189,
F0004190,
F0004191,walkout
F0004192,
F0004193,
F0004194,positive
F0004195,
F0004196,positive
F0004197,
F0004198,
F0004199,
F0004200,positive
F0004201,
F0004202,
F0004203,
F0004204,
F0004205,
F0004206,
F0004207,positive
F0004208,
F0004209,
F0004210,
F0004211,
F0004212,
F0004213,
F0004214,positive
F0004215,
F0004216,
F0004217,positive
F0004218,
F0004219,
F0004220,
F0004221,positive
F0004222,
F0004223,
F0004224,positive
F0004225,
F0004226,
F0004227,
F0004228,positive
F0004229,
F0004230,
F0004231,
F0004232,
F0004233,
F0004234,
F0004235,
F0004236,
F0004237,
F0004238,
F0004239,
F0004240,
F0004241,
F0004242,walkout
F0004243,
F0004244,walkout
F0004245,
F0004246,walkout
F0004247,long_wait
F0004248,
F0004249,
F0004250,
F0004251,
F0004252,
F0004253,
F0004254,walkout
F0004255,
F0004256,
F0004257,walkout
F0004258,
F0004259,
F0004260,
F0004261,
F0004262,
F0004263,walkout
F0004264,walkout
F0004265,
F0004266,
F0004267,
F0004268,
F0004269,
F0004270,walkout
F0004271,walkout
F0004272,walkout
F0004273,
F0004274,
F0004275,
F0004276,
F0004277,walkout
F0004278,documents
F0004279,positive
F0004280,
F0004281,long_wait
F0004282,walkout
F0004283,
F0004284,
F0004285,
F0004286,
F0004287,
F0004288,
F0004289,
F0004290,
F0004291,
F0004292,positive
F0004293,
F0004294,
F0004295,
F0004296,long_wait
F0004297,
F0004298,
F0004299,
F0004300,
F0004301,
F0004302,
F0004303,
F0004304,
F0004305,
F0004306,
F0004307,
F0004308,
F0004309,
F0004310,positive
F0004311,
F0004312,
F0004313,
F0004314,
F0004315,walkout
F0004316,
F0004317,
F0004318,
F0004319,
F0004320,walkout
F0004321,
F0004322,positive
F0004323,
F0004324,
F0004325,
F0004326,
F0004327,
F0004328,
F0004329,
F0004330,
F0004331,
F0004332,
F0004333,
F0004334,
F0004335,
F0004336,
F0004337,
F0004338,positive
F0004339,
F0004340,
F0004341,
F0004342,
F0004343,
F0004344,
F0004345,
F0004346,
F0004347,
F0004348,positive
F0004349,positive
F0004350,
F0004351,positive
F0004352,
F0004353,
F0004354,
F0004355,
F0004356,
F0004357,
F0004358,
F0004359,
F0004360,
F0004361,
F0004362,
F0004363,
F0004364,positive
F0004365,
F0004366,
F0004367,
F0004368,positive
F0004369,
F0004370,positive
F0004371,positive
F0004372,
F0004373,
F0004374,
F0004375,
F0004376,
F0004377,
F0004378,
F0004379,
F0004380,
F0004381,
F0004382,positive
F0004383,
F0004384,
F0004385,
F0004386,
F0004387,
F0004388,
F0004389,walkout
F0004390,walkout
F0004391,
F0004392,
F0004393,positive
F0004394,walkout
F0004395,
F0004396,
F0004397,
F0004398,
F0004399,walkout
F0004400,walkout
F0004401,positive
F0004402,
F0004403,
F0004404,
F0004405,
F0004406,
F0004407,positive
F0004408,
F0004409,
F0004410,positive
F0004411,
F0004412,positive
F0004413,positive
F0004414,
F0004415,
F0004416,
F0004417,
F0004418,positive
F0004419,
F0004420,
F0004421,
F0004422,
F0004423,
F0004424,
F0004425,
F0004426,
F0004427,positive
F0004428,
F0004429,
F0004430,
F0004431,
F0004432,
F0004433,walkout
F0004434,
F0004435,
F0004436,
F0004437,walkout
F0004438,walkout
F0004439,
F0004440,positive
F0004441,
F0004442,
F0004443,
F0004444,walkout
F0004445,
F0004446,
F0004447,
F0004448,walkout
F0004449,walkout
F0004450,walkout
F0004451,positive
F0004452,positive
F0004453,
F0004454,
F0004455,
F0004456,
F0004457,
F0004458,
F0004459,
F0004460,walkout
F0004461,
F0004462,
F0004463,walkout
F0004464,
F0004465,walkout
F0004466,walkout
F0004467,walkout
F0004468,walkout
F0004469,walkout
F0004470,
F0004471,walkout
F0004472,positive
F0004473,
F0004474,walkout
F0004475,walkout
F0004476,positive
F0004477,
F0004478,positive
F0004479,
F0004480,
F0004481,positive
F0004482,walkout
F0004483,
F0004484,
F0004485,
F0004486,
F0004487,
F0004488,
F0004489,
F0004490,positive
F0004491,
F0004492,
F0004493,positive
F0004494,
F0004495,
F0004496,
F0004497,
F0004498,positive
F0004499,
F0004500,
F0004501,
F0004502,
F0004503,positive
F0004504,
F0004505,
F0004506,
F0004507,
F0004508,
F0004509,walkout
F0004510,
F0004511,
F0004512,
F0004513,
F0004514,
F0004515,
F0004516,
F0004517,
F0004518,
F0004519,
F0004520,
F0004521,
F0004522,
F0004523,walkout
F0004524,
F0004525,walkout
F0004526,
F0004527,
F0004528,
F0004529,
F0004530,walkout
F0004531,
F0004532,
F0004533,lunch
F0004534,walkout
F0004535,
F0004536,
F0004537,
F0004538,
F0004539,
F0004540,
F0004541,
F0004542,positive
F0004543,
F0004544,
F0004545,
F0004546,
F0004547,
F0004548,
F0004549,
F0004550,
F0004551,
F0004552,
F0004553,
F0004554,
F0004555,
F0004556,
F0004557,
F0004558,long_wait
F0004559,
F0004560,walkout
F0004561,
F0004562,walkout
F0004563,
F0004564,
F0004565,
F0004566,walkout
F0004567,
F0004568,
F0004569,
F0004570,walkout
F0004571,
F0004572,
F0004573,
F0004574,walkout
F0004575,
F0004576,
F0004577,
F0004578,
F0004579,
F0004580,
F0004581,
F0004582,
F0004583,
F0004584,walkout
F0004585,
F0004586,
F0004587,
F0004588,long_wait
F0004589,long_wait
F0004590,
F0004591,
F0004592,
F0004593,walkout
F0004594,
F0004595,
F0004596,
F0004597,positive
F0004598,
F0004599,
F0004600,
F0004601,
F0004602,
F0004603,
F0004604,
F0004605,positive
F0004606,
F0004607,
F0004608,
F0004609,positive
F0004610,walkout
F0004611,
F0004612,
F0004613,
F0004614,walkout
F0004615,
F0004616,walkout
F0004617,
F0004618,walkout
F0004619,
F0004620,
F0004621,
F0004622,
F0004623,long_wait
F0004624,
F0004625,
F0004626,
F0004627,positive
F0004628,
F0004629,positive
F0004630,
F0004631,
F0004632,positive
F0004633,
F0004634,
F0004635,
F0004636,
F0004637,
F0004638,
F0004639,
F0004640,
F0004641,
F0004642,
F0004643,
F0004644,
F0004645,positive
F0004646,
F0004647,
F0004648,
F0004649,
F0004650,
F0004651,
F0004652,
F0004653,
F0004654,long_wait
F0004655,
F0004656,
F0004657,
F0004658,positive
F0004659,
F0004660,
F0004661,positive
F0004662,long_wait
F0004663,
F0004664,positive
F0004665,
F0004666,
F0004667,
F0004668,positive
F0004669,positive
F0004670,positive
F0004671,walkout
F0004672,walkout
F0004673,
F0004674,
F0004675,
F0004676,
F0004677,
F0004678,
F0004679,
F0004680,
F0004681,
F0004682,positive
F0004683,
F0004684,
F0004685,
F0004686,
F0004687,
F0004688,positive
F0004689,
F0004690,
F0004691,
F0004692,
F0004693,positive
F0004694,
F0004695,
F0004696,
F0004697,
F0004698,
F0004699,
F0004700,walkout
F0004701,
F0004702,
F0004703,
F0004704,
F0004705,
F0004706,
F0004707,
F0004708,
F0004709,
F0004710,
F0004711,
F0004712,
F0004713,
F0004714,positive
F0004715,
F0004716,
F0004717,
F0004718,positive
F0004719,positive
F0004720,
F0004721,
F0004722,
F0004723,
F0004724,
F0004725,
F0004726,positive
F0004727,
F0004728,
F0004729,positive
F0004730,
F0004731,
F0004732,
F0004733,
F0004734,
F0004735,
F0004736,
F0004737,
F0004738,
F0004739,
F0004740,
F0004741,
F0004742,positive
F0004743,
F0004744,
F0004745,
F0004746,
F0004747,
F0004748,
F0004749,
F0004750,
F0004751,positive
F0004752,
F0004753,
F0004754,
F0004755,walkout
F0004756,
F0004757,
F0004758,long_wait
F0004759,
F0004760,
F0004761,
F0004762,
F0004763,
F0004764,
F0004765,
F0004766,
F0004767,
F0004768,
F0004769,
F0004770,
F0004771,
F0004772,
F0004773,
F0004774,
F0004775,
F0004776,
F0004777,
F0004778,
F0004779,positive
F0004780,
F0004781,
F0004782,
F0004783,
F0004784,
F0004785,
F0004786,
F0004787,
F0004788,
F0004789,
F0004790,
F0004791,
F0004792,
F0004793,positive
F0004794,
F0004795,
F0004796,
F0004797,
F0004798,positive
F0004799,
F0004800,
F0004801,
F0004802,
F0004803,
F0004804,walkout
F0004805,
F0004806,
F0004807,
F0004808,
F0004809,positive
F0004810,positive
F0004811,
F0004812,
F0004813,
F0004814,
F0004815,
F0004816,
F0004817,
F0004818,
F0004819,
F0004820,
F0004821,
F0004822,
F0004823,
F0004824,
F0004825,
F0004826,positive
F0004827,positive
F0004828,positive
F0004829,
F0004830,
F0004831,
F0004832,
F0004833,
F0004834,
F0004835,positive
F0004836,
F0004837,
F0004838,
F0004839,
F0004840,
F0004841,
F0004842,
F0004843,
F0004844,
F0004845,
F0004846,
F0004847,positive
F0004848,
F0004849,
F0004850,
F0004851,
F0004852,
F0004853,
F0004854,
F0004855,
F0004856,
F0004857,
F0004858,
F0004859,
F0004860,
F0004861,
F0004862,positive
F0004863,
F0004864,
F0004865,positive
F0004866,
F0004867,
F0004868,positive
F0004869,walkout
F0004870,
F0004871,
F0004872,
F0004873,
F0004874,
F0004875,
F0004876,
F0004877,
F0004878,
F0004879,
F0004880,
F0004881,
F0004882,
F0004883,
F0004884,
F0004885,positive
F0004886,
F0004887,
F0004888,positive
F0004889,walkout
F0004890,
F0004891,
F0004892,
F0004893,
F0004894,
F0004895,
F0004896,
F0004897,
F0004898,positive
F0004899,
F0004900,
F0004901,
F0004902,positive
F0004903,
F0004904,
F0004905,
F0004906,positive
F0004907,
F0004908,walkout
F0004909,
F0004910,
F0004911,
F0004912,
F0004913,
F0004914,
F0004915,
F0004916,
F0004917,
F0004918,
F0004919,
F0004920,
F0004921,
F0004922,positive
F0004923,
F0004924,
F0004925,
F0004926,positive
F0004927,
F0004928,
F0004929,
F0004930,
F0004931,
F0004932,
F0004933,
F0004934,
F0004935,
F0004936,
F0004937,
F0004938,
F0004939,walkout
F0004940,
F0004941,
F0004942,
F0004943,
F0004944,walkout
F0004945,
F0004946,
F0004947,
F0004948,positive
F0004949,
F0004950,
F0004951,
F0004952,positive
F0004953,
F0004954,
F0004955,
F0004956,
F0004957,positive
F0004958,
F0004959,
F0004960,walkout
F0004961,
F0004962,
F0004963,
F0004964,
F0004965,
F0004966,
F0004967,
F0004968,
F0004969,
F0004970,walkout
F0004971,
F0004972,
F0004973,
F0004974,
F0004975,
F0004976,positive
F0004977,
F0004978,
F0004979,
F0004980,
F0004981,
F0004982,
F0004983,
F0004984,
F0004985,
F0004986,positive
F0004987,
F0004988,
F0004989,
F0004990,
F0004991,
F0004992,documents
F0004993,
F0004994,
F0004995,
F0004996,
F0004997,
F0004998,
F0004999,
F0005000,
F0005001,
F0005002,
F0005003,
F0005004,
F0005005,
F0005006,
F0005007,
F0005008,
F0005009,
F0005010,
F0005011,
F0005012,
F0005013,
F0005014,positive
F0005015,walkout
F0005016,
F0005017,
F0005018,
F0005019,long_wait
F0005020,
F0005021,positive
F0005022,
F0005023,positive
F0005024,positive
F0005025,
F0005026,
F0005027,
F0005028,
F0005029,
F0005030,
F0005031,
F0005032,
F0005033,
F0005034,
F0005035,
F0005036,
F0005037,positive
F0005038,
F0005039,walkout
F0005040,walkout
F0005041,
F0005042,slow_dd
F0005043,
F0005044,
F0005045,
F0005046,
F0005047,
F0005048,
F0005049,
F0005050,
F0005051,
F0005052,
F0005053,
F0005054,
F0005055,walkout
F0005056,
F0005057,
F0005058,
F0005059,
F0005060,
F0005061,
F0005062,
F0005063,
F0005064,
F0005065,positive
F0005066,walkout
F0005067,
F0005068,
F0005069,
F0005070,walkout
F0005071,
F0005072,
F0005073,
F0005074,positive
F0005075,
F0005076,
F0005077,positive
F0005078,
F0005079,
F0005080,
F0005081,
F0005082,positive
F0005083,
F0005084,
F0005085,positive
F0005086,
F0005087,
F0005088,
F0005089,positive
F0005090,
F0005091,positive
F0005092,
F0005093,
F0005094,
F0005095,
F0005096,
F0005097,positive
F0005098,positive
F0005099,
F0005100,
F0005101,
F0005102,
F0005103,
F0005104,
F0005105,
F0005106,
F0005107,
F0005108,walkout
F0005109,
F0005110,
F0005111,
F0005112,
F0005113,positive
F0005114,
F0005115,
F0005116,
F0005117,
F0005118,
F0005119,
F0005120,
F0005121,
F0005122,
F0005123,positive
F0005124,
F0005125,
F0005126,
F0005127,
F0005128,
F0005129,
F0005130,
F0005131,
F0005132,positive
F0005133,positive
F0005134,
F0005135,walkout
F0005136,
F0005137,
F0005138,
F0005139,
F0005140,
F0005141,
F0005142,
F0005143,positive
F0005144,
F0005145,
F0005146,
F0005147,
F0005148,
F0005149,
F0005150,
F0005151,
F0005152,
F0005153,
F0005154,positive
F0005155,positive
F0005156,positive
F0005157,
F0005158,long_wait
F0005159,
F0005160,
F0005161,
F0005162,long_wait
F0005163,
F0005164,
F0005165,
F0005166,
F0005167,
F0005168,positive
F0005169,
F0005170,
F0005171,
F0005172,
F0005173,
F0005174,walkout
F0005175,
F0005176,
F0005177,documents
F0005178,
F0005179,
F0005180,
F0005181,positive
F0005182,
F0005183,
F0005184,positive
F0005185,
F0005186,
F0005187,walkout
F0005188,
F0005189,
F0005190,
F0005191,
F0005192,
F0005193,positive
F0005194,
F0005195,
F0005196,
F0005197,
F0005198,positive
F0005199,positive
F0005200,
F0005201,
F0005202,
F0005203,positive
F0005204,
F0005205,
F0005206,
F0005207,
F0005208,
F0005209,
F0005210,
F0005211,positive
F0005212,walkout
F0005213,
F0005214,
F0005215,
F0005216,
F0005217,positive
F0005218,
F0005219,walkout
F0005220,
F0005221,
F0005222,
F0005223,walkout
F0005224,
F0005225,
F0005226,
F0005227,
F0005228,
F0005229,
F0005230,lunch
F0005231,
F0005232,
F0005233,walkout
F0005234,
F0005235,
F0005236,
F0005237,
F0005238,positive
F0005239,positive
F0005240,
F0005241,
F0005242,
F0005243,
F0005244,
F0005245,
F0005246,positive
F0005247,
F0005248,
F0005249,
F0005250,
F0005251,
F0005252,positive
F0005253,
F0005254,
F0005255,
F0005256,
F0005257,
F0005258,
F0005259,
F0005260,
F0005261,
F0005262,positive
F0005263,
F0005264,
F0005265,
F0005266,
F0005267,walkout
F0005268,
F0005269,
F0005270,
F0005271,
F0005272,walkout
F0005273,
F0005274,
F0005275,
F0005276,long_wait
F0005277,positive
F0005278,
F0005279,
F0005280,
F0005281,
F0005282,
F0005283,
F0005284,positive
F0005285,
F0005286,
F0005287,
F0005288,
F0005289,
F0005290,
F0005291,
F0005292,
F0005293,
F0005294,
F0005295,
F0005296,
F0005297,
F0005298,
F0005299,
F0005300,long_wait
F0005301,seating
F0005302,walkout
F0005303,
F0005304,
F0005305,
F0005306,
F0005307,
F0005308,
F0005309,
F0005310,walkout
F0005311,
F0005312,
F0005313,
F0005314,
F0005315,
F0005316,
F0005317,
F0005318,
F0005319,
F0005320,walkout
F0005321,
F0005322,
F0005323,
F0005324,
F0005325,walkout
F0005326,long_wait
F0005327,walkout
F0005328,
F0005329,
F0005330,
F0005331,
F0005332,
F0005333,
F0005334,walkout
F0005335,walkout
F0005336,
F0005337,
F0005338,
F0005339,
F0005340,walkout
F0005341,
F0005342,walkout
F0005343,
F0005344,walkout
F0005345,walkout
F0005346,
F0005347,
F0005348,long_wait
F0005349,
F0005350,walkout
F0005351,walkout
F0005352,
F0005353,
F0005354,
F0005355,walkout
F0005356,
F0005357,
F0005358,seating
F0005359,
F0005360,walkout
F0005361,walkout
F0005362,walkout
F0005363,
F0005364,
F0005365,walkout
F0005366,
F0005367,
F0005368,
F0005369,walkout
F0005370,
F0005371,walkout
F0005372,positive
F0005373,
F0005374,
F0005375,
F0005376,
F0005377,walkout
F0005378,
F0005379,
F0005380,
F0005381,
F0005382,walkout
F0005383,
F0005384,walkout
F0005385,
F0005386,
F0005387,
F0005388,
F0005389,
F0005390,positive
F0005391,long_wait
F0005392,
F0005393,long_wait
F0005394,
F0005395,seating
F0005396,
F0005397,
F0005398,walkout
F0005399,
F0005400,walkout
F0005401,
F0005402,
F0005403,
F0005404,walkout
F0005405,
F0005406,positive
F0005407,
F0005408,
F0005409,
F0005410,
F0005411,
F0005412,
F0005413,
F0005414,
F0005415,
F0005416,
F0005417,
F0005418,
F0005419,
F0005420,
F0005421,
F0005422,
F0005423,
F0005424,positive
F0005425,
F0005426,walkout
F0005427,
F0005428,lunch
F0005429,
F0005430,walkout
F0005431,
F0005432,
F0005433,
F0005434,
F0005435,slow_dd
F0005436,
F0005437,
F0005438,
F0005439,
F0005440,positive
F0005441,
F0005442,
F0005443,
F0005444,
F0005445,
F0005446,
F0005447,
F0005448,positive
F0005449,
F0005450,
F0005451,
F0005452,
F0005453,long_wait
F0005454,
F0005455,
F0005456,
F0005457,
F0005458,
F0005459,
F0005460,walkout
F0005461,
F0005462,
F0005463,walkout
F0005464,
F0005465,
F0005466,long_wait
F0005467,walkout
F0005468,
F0005469,
F0005470,walkout
F0005471,walkout
F0005472,
F0005473,
F0005474,
F0005475,
F0005476,
F0005477,
F0005478,walkout
F0005479,walkout
F0005480,
F0005481,
F0005482,
F0005483,
F0005484,
F0005485,
F0005486,
F0005487,
F0005488,
F0005489,positive
F0005490,
F0005491,
F0005492,positive
F0005493,
F0005494,
F0005495,
F0005496,
F0005497,
F0005498,walkout
F0005499,
F0005500,positive
F0005501,
F0005502,documents
F0005503,
F0005504,
F0005505,
F0005506,walkout
F0005507,
F0005508,
F0005509,
F0005510,
F0005511,
F0005512,positive
F0005513,
F0005514,
F0005515,
F0005516,
F0005517,
F0005518,
F0005519,
F0005520,
F0005521,
F0005522,
F0005523,positive
F0005524,positive
F0005525,
F0005526,
F0005527,long_wait
F0005528,
F0005529,
F0005530,walkout
F0005531,walkout
F0005532,
F0005533,
F0005534,
F0005535,
F0005536,seating
F0005537,long_wait
F0005538,
F0005539,walkout
F0005540,
F0005541,
F0005542,walkout
F0005543,
F0005544,
F0005545,
F0005546,
F0005547,
F0005548,
F0005549,
F0005550,walkout
F0005551,
F0005552,positive
F0005553,
F0005554,
F0005555,
F0005556,
F0005557,
F0005558,
F0005559,
F0005560,
F0005561,
F0005562,
F0005563,
F0005564,
F0005565,
F0005566,
F0005567,
F0005568,
F0005569,
F0005570,
F0005571,positive
F0005572,
F0005573,
F0005574,positive
F0005575,
F0005576,
F0005577,
F0005578,
F0005579,
F0005580,
F0005581,
F0005582,
F0005583,
F0005584,
F0005585,
F0005586,
F0005587,positive
F0005588,
F0005589,
F0005590,
F0005591,
F0005592,
F0005593,
F0005594,
F0005595,
F0005596,
F0005597,
F0005598,
F0005599,
F0005600,
F0005601,
F0005602,
F0005603,documents
F0005604,
F0005605,positive
F0005606,
F0005607,
F0005608,
F0005609,
F0005610,
F0005611,positive
F0005612,
F0005613,
F0005614,positive
F0005615,
F0005616,
F0005617,
F0005618,
F0005619,positive
F0005620,
F0005621,
F0005622,
F0005623,
F0005624,
F0005625,
F0005626,walkout
F0005627,
F0005628,
F0005629,walkout
F0005630,
F0005631,
F0005632,
F0005633,
F0005634,
F0005635,
F0005636,
F0005637,
F0005638,
F0005639,positive
F0005640,
F0005641,
F0005642,
F0005643,
F0005644,
F0005645,
F0005646,
F0005647,
F0005648,positive
F0005649,
F0005650,
F0005651,
F0005652,
F0005653,
F0005654,
F0005655,
F0005656,
F0005657,
F0005658,
F0005659,
F0005660,
F0005661,
F0005662,
F0005663,
F0005664,
F0005665,positive
F0005666,positive
F0005667,
F0005668,
F0005669,
F0005670,positive
F0005671,
F0005672,
F0005673,
F0005674,
F0005675,
F0005676,positive
F0005677,
F0005678,
F0005679,
F0005680,
F0005681,
F0005682,
F0005683,
F0005684,
F0005685,
F0005686,
F0005687,
F0005688,
F0005689,
F0005690,
F0005691,
F0005692,
F0005693,
F0005694,positive
F0005695,
F0005696,
F0005697,
F0005698,
F0005699,
F0005700,walkout
F0005701,
F0005702,
F0005703,
F0005704,
F0005705,
F0005706,
F0005707,
F0005708,
F0005709,
F0005710,
F0005711,
F0005712,
F0005713,positive
F0005714,
F0005715,
F0005716,
F0005717,
F0005718,
F0005719,
F0005720,
F0005721,
F0005722,
F0005723,
F0005724,
F0005725,
F0005726,
F0005727,
F0005728,
F0005729,
F0005730,positive
F0005731,
F0005732,
F0005733,
F0005734,
F0005735,positive
F0005736,
F0005737,
F0005738,
F0005739,
F0005740,
F0005741,
F0005742,
F0005743,positive
F0005744,
F0005745,
F0005746,
F0005747,
F0005748,
F0005749,
F0005750,positive
F0005751,
F0005752,
F0005753,
F0005754,
F0005755,
F0005756,positive
F0005757,
F0005758,
F0005759,
F0005760,positive
F0005761,
F0005762,
F0005763,
F0005764,
F0005765,
F0005766,
F0005767,
F0005768,
F0005769,
F0005770,walkout
F0005771,positive
F0005772,positive
F0005773,
F0005774,positive
F0005775,
F0005776,positive
F0005777,positive
F0005778,
F0005779,
F0005780,
F0005781,
F0005782,positive
F0005783,
F0005784,
F0005785,walkout
F0005786,
F0005787,positive
F0005788,
F0005789,
F0005790,walkout
F0005791,
F0005792,
F0005793,long_wait
F0005794,
F0005795,positive
F0005796,
F0005797,
F0005798,
F0005799,
F0005800,
F0005801,walkout
F0005802,walkout
F0005803,
F0005804,
F0005805,positive
F0005806,
F0005807,long_wait
F0005808,walkout
F0005809,walkout
F0005810,
F0005811,
F0005812,
F0005813,
F0005814,
F0005815,
F0005816,
F0005817,
F0005818,
F0005819,
F0005820,
F0005821,slow_dd
F0005822,
F0005823,positive
F0005824,
F0005825,
F0005826,
F0005827,
F0005828,
F0005829,
F0005830,
F0005831,
F0005832,
F0005833,positive
F0005834,
F0005835,
F0005836,
F0005837,
F0005838,
F0005839,
F0005840,
F0005841,
F0005842,
F0005843,
F0005844,
F0005845,
F0005846,
F0005847,
F0005848,
F0005849,
F0005850,
F0005851,walkout
F0005852,
F0005853,positive
F0005854,
F0005855,
F0005856,
F0005857,positive
F0005858,
F0005859,
F0005860,
F0005861,
F0005862,walkout
F0005863,positive
F0005864,
F0005865,
F0005866,positive
F0005867,
F0005868,
F0005869,
F0005870,
F0005871,
F0005872,
F0005873,
F0005874,
F0005875,
F0005876,positive
F0005877,
F0005878,
F0005879,
F0005880,positive
F0005881,
F0005882,
F0005883,
F0005884,
F0005885,
F0005886,positive
F0005887,
F0005888,
F0005889,
F0005890,
F0005891,
F0005892,
F0005893,
F0005894,
F0005895,
F0005896,
F0005897,
F0005898,
F0005899,
F0005900,
F0005901,walkout
F0005902,
F0005903,
F0005904,
F0005905,
F0005906,positive
F0005907,
F0005908,
F0005909,
F0005910,
F0005911,positive
F0005912,
F0005913,
F0005914,
F0005915,
F0005916,positive
F0005917,
F0005918,
F0005919,
F0005920,
F0005921,
F0005922,
F0005923,
F0005924,
F0005925,
F0005926,positive
F0005927,
F0005928,positive
F0005929,
F0005930,
F0005931,
F0005932,
F0005933,positive
F0005934,
F0005935,positive
F0005936,walkout
F0005937,
F0005938,
F0005939,
F0005940,
F0005941,
F0005942,
F0005943,
F0005944,walkout
F0005945,positive
F0005946,
F0005947,
F0005948,
F0005949,
F0005950,
F0005951,
F0005952,walkout
F0005953,
F0005954,
F0005955,
F0005956,
F0005957,
F0005958,
F0005959,
F0005960,walkout
F0005961,
F0005962,
F0005963,
F0005964,
F0005965,positive
F0005966,
F0005967,positive
F0005968,positive
F0005969,
F0005970,
F0005971,
F0005972,
F0005973,
F0005974,
F0005975,
F0005976,
F0005977,
F0005978,
F0005979,
F0005980,
F0005981,
F0005982,
F0005983,
F0005984,
F0005985,
F0005986,
F0005987,
F0005988,
F0005989,
F0005990,
F0005991,
F0005992,
F0005993,positive
F0005994,positive
F0005995,
F0005996,
F0005997,
F0005998,
F0005999,
F0006000,
F0006001,
F0006002,walkout
F0006003,
F0006004,slow_dd
F0006005,
F0006006,positive
F0006007,
F0006008,
F0006009,
F0006010,
F0006011,
F0006012,
F0006013,
F0006014,walkout
F0006015,
F0006016,
F0006017,
F0006018,
F0006019,
F0006020,
F0006021,positive
F0006022,
F0006023,
F0006024,
F0006025,
F0006026,
F0006027,
F0006028,walkout
F0006029,
F0006030,
F0006031,
F0006032,
F0006033,
F0006034,
F0006035,
F0006036,walkout
F0006037,positive
F0006038,positive
F0006039,
F0006040,
F0006041,
F0006042,
F0006043,
F0006044,
F0006045,
F0006046,positive
F0006047,
F0006048,
F0006049,
F0006050,
F0006051,
F0006052,
F0006053,
F0006054,
F0006055,
F0006056,positive
F0006057,
F0006058,
F0006059,
F0006060,
F0006061,
F0006062,positive
F0006063,
F0006064,
F0006065,
F0006066,
F0006067,
F0006068,
F0006069,
F0006070,
F0006071,
F0006072,positive
F0006073,
F0006074,
F0006075,positive
F0006076,positive
F0006077,
F0006078,positive
F0006079,positive
F0006080,
F0006081,
F0006082,
F0006083,positive
F0006084,
F0006085,
F0006086,
F0006087,
F0006088,
F0006089,
F0006090,positive
F0006091,
F0006092,walkout
F0006093,
F0006094,
F0006095,
F0006096,
F0006097,
F0006098,positive
F0006099,
F0006100,
F0006101,
F0006102,
F0006103,
F0006104,
F0006105,
F0006106,positive
F0006107,
F0006108,
F0006109,
F0006110,
F0006111,positive
F0006112,positive
F0006113,
F0006114,
F0006115,
F0006116,walkout
F0006117,
F0006118,
F0006119,
F0006120,
F0006121,
F0006122,
F0006123,
F0006124,
F0006125,
F0006126,
F0006127,
F0006128,
F0006129,
F0006130,
F0006131,
F0006132,
F0006133,positive
F0006134,
F0006135,
F0006136,
F0006137,positive
F0006138,
F0006139,
F0006140,
F0006141,
F0006142,
F0006143,
F0006144,
F0006145,walkout
F0006146,
F0006147,
F0006148,
F0006149,
F0006150,
F0006151,
F0006152,
F0006153,
F0006154,
F0006155,
F0006156,walkout
F0006157,
F0006158,
F0006159,
F0006160,
F0006161,
F0006162,walkout
F0006163,
F0006164,
F0006165,
F0006166,
F0006167,
F0006168,
F0006169,
F0006170,
F0006171,
F0006172,
F0006173,
F0006174,
F0006175,
F0006176,
F0006177,
F0006178,
F0006179,
F0006180,walkout
F0006181,long_wait
F0006182,walkout
F0006183,
F0006184,
F0006185,
F0006186,
F0006187,walkout
F0006188,
F0006189,positive
F0006190,documents
F0006191,
F0006192,
F0006193,walkout
F0006194,
F0006195,
F0006196,positive
F0006197,
F0006198,
F0006199,
F0006200,
F0006201,positive
F0006202,
F0006203,
F0006204,positive
F0006205,
F0006206,positive
F0006207,
F0006208,
F0006209,
F0006210,
F0006211,
F0006212,
F0006213,
F0006214,
F0006215,
F0006216,
F0006217,
F0006218,positive
F0006219,
F0006220,positive
F0006221,
F0006222,
F0006223,
F0006224,
F0006225,positive
F0006226,
F0006227,
F0006228,
F0006229,
F0006230,
F0006231,
F0006232,
F0006233,positive
F0006234,
F0006235,positive
F0006236,
F0006237,walkout
F0006238,
F0006239,
F0006240,
F0006241,
F0006242,
F0006243,
F0006244,
F0006245,
F0006246,
F0006247,
F0006248,
F0006249,
F0006250,
F0006251,
F0006252,
F0006253,
F0006254,
F0006255,documents
F0006256,
F0006257,
F0006258,
F0006259,positive
F0006260,
F0006261,
F0006262,
F0006263,lunch
F0006264,
F0006265,positive
F0006266,
F0006267,
F0006268,
F0006269,
F0006270,
F0006271,
F0006272,
F0006273,walkout
F0006274,
F0006275,
F0006276,
F0006277,
F0006278,
F0006279,
F0006280,
F0006281,positive
F0006282,
F0006283,
F0006284,
F0006285,
F0006286,
F0006287,
F0006288,
F0006289,
F0006290,walkout
F0006291,
F0006292,
F0006293,
F0006294,
F0006295,
F0006296,
F0006297,
F0006298,
F0006299,positive
F0006300,
F0006301,
F0006302,
F0006303,positive
F0006304,
F0006305,
F0006306,
F0006307,
F0006308,
F0006309,
F0006310,
F0006311,
F0006312,
F0006313,positive
F0006314,
F0006315,
F0006316,
F0006317,
F0006318,
F0006319,
F0006320,
F0006321,
F0006322,
F0006323,
F0006324,
F0006325,
F0006326,
F0006327,
F0006328,
F0006329,
F0006330,
F0006331,
F0006332,
F0006333,
F0006334,
F0006335,walkout
F0006336,
F0006337,
F0006338,
F0006339,
F0006340,
F0006341,
F0006342,
F0006343,
F0006344,
F0006345,
F0006346,
F0006347,positive
F0006348,
F0006349,
F0006350,positive
F0006351,
F0006352,positive
F0006353,documents
F0006354,positive
F0006355,
F0006356,
F0006357,
F0006358,positive
F0006359,
F0006360,
F0006361,
F0006362,
F0006363,walkout
F0006364,
F0006365,
F0006366,
F0006367,
F0006368,walkout
F0006369,
F0006370,
F0006371,walkout
F0006372,
F0006373,
F0006374,
F0006375,walkout
F0006376,
F0006377,
F0006378,
F0006379,
F0006380,
F0006381,
F0006382,
F0006383,
F0006384,
F0006385,walkout
F0006386,
F0006387,
F0006388,walkout
F0006389,walkout
F0006390,seating
F0006391,long_wait
F0006392,
F0006393,
F0006394,
F0006395,
F0006396,long_wait
F0006397,
F0006398,walkout
F0006399,
F0006400,long_wait
F0006401,
F0006402,
F0006403,
F0006404,
F0006405,
F0006406,
F0006407,walkout
F0006408,
F0006409,
F0006410,
F0006411,
F0006412,walkout
F0006413,seating
F0006414,walkout
F0006415,
F0006416,
F0006417,walkout
F0006418,
F0006419,
F0006420,
F0006421,
F0006422,
F0006423,
F0006424,
F0006425,
F0006426,
F0006427,
F0006428,
F0006429,
F0006430,
F0006431,
F0006432,walkout
F0006433,
F0006434,walkout
F0006435,
F0006436,
F0006437,
F0006438,
F0006439,
F0006440,
F0006441,
F0006442,
F0006443,
F0006444,
F0006445,
F0006446,
F0006447,
F0006448,
F0006449,
F0006450,
F0006451,
F0006452,
F0006453,
F0006454,positive
F0006455,slow_dd
F0006456,
F0006457,positive
F0006458,
F0006459,
F0006460,
F0006461,
F0006462,
F0006463,
F0006464,
F0006465,
F0006466,walkout
F0006467,
F0006468,
F0006469,walkout
F0006470,
F0006471,
F0006472,
F0006473,
F0006474,
F0006475,
F0006476,positive
F0006477,positive
F0006478,
F0006479,
F0006480,
F0006481,slow_dd
F0006482,
F0006483,
F0006484,
F0006485,
F0006486,
F0006487,
F0006488,
F0006489,
F0006490,long_wait
F0006491,
F0006492,
F0006493,walkout
F0006494,
F0006495,
F0006496,
F0006497,walkout
F0006498,
F0006499,walkout
F0006500,
F0006501,walkout
F0006502,long_wait
F0006503,walkout
F0006504,
F0006505,
F0006506,walkout
F0006507,
F0006508,long_wait
F0006509,
F0006510,long_wait
F0006511,long_wait
F0006512,
F0006513,
F0006514,long_wait
F0006515,
F0006516,
F0006517,
F0006518,
F0006519,walkout
F0006520,
F0006521,
F0006522,
F0006523,walkout
F0006524,
F0006525,
F0006526,lunch
F0006527,
F0006528,
F0006529,
F0006530,
F0006531,
F0006532,
F0006533,walkout
F0006534,
F0006535,positive
F0006536,
F0006537,
F0006538,
F0006539,walkout
F0006540,
F0006541,
F0006542,
F0006543,
F0006544,
F0006545,positive
F0006546,
F0006547,
F0006548,
F0006549,
F0006550,
F0006551,positive
F0006552,
F0006553,
F0006554,
F0006555,
F0006556,positive
F0006557,
F0006558,
F0006559,
F0006560,walkout
F0006561,
F0006562,
F0006563,
F0006564,positive
F0006565,
F0006566,
F0006567,
F0006568,
F0006569,
F0006570,positive
F0006571,
F0006572,
F0006573,
F0006574,
F0006575,
F0006576,
F0006577,
F0006578,
F0006579,
F0006580,
F0006581,
F0006582,
F0006583,positive
F0006584,
F0006585,
F0006586,
F0006587,positive
F0006588,
F0006589,
F0006590,
F0006591,
F0006592,
F0006593,
F0006594,
F0006595,positive
F0006596,
F0006597,lunch
F0006598,walkout
F0006599,
F0006600,
F0006601,
F0006602,
F0006603,
F0006604,
F0006605,
F0006606,
F0006607,
F0006608,positive
F0006609,
F0006610,
F0006611,positive
F0006612,positive
F0006613,
F0006614,
F0006615,
F0006616,
F0006617,
F0006618,
F0006619,positive
F0006620,
F0006621,
F0006622,positive
F0006623,
F0006624,
F0006625,
F0006626,
F0006627,
F0006628,
F0006629,positive
F0006630,
F0006631,
F0006632,
F0006633,
F0006634,
F0006635,
F0006636,
F0006637,
F0006638,positive
F0006639,
F0006640,
F0006641,
F0006642,
F0006643,positive
F0006644,
F0006645,walkout
F0006646,positive
F0006647,
F0006648,
F0006649,
F0006650,
F0006651,
F0006652,
F0006653,
F0006654,
F0006655,walkout
F0006656,
F0006657,positive
F0006658,
F0006659,
F0006660,
F0006661,
F0006662,
F0006663,
F0006664,
F0006665,
F0006666,
F0006667,
F0006668,
F0006669,
F0006670,
F0006671,
F0006672,
F0006673,
F0006674,
F0006675,
F0006676,
F0006677,
F0006678,
F0006679,
F0006680,
F0006681,
F0006682,
F0006683,
F0006684,
F0006685,positive
F0006686,
F0006687,
F0006688,
F0006689,
F0006690,
F0006691,
F0006692,
F0006693,positive
F0006694,
F0006695,
F0006696,
F0006697,long_wait
F0006698,
F0006699,positive
F0006700,
F0006701,
F0006702,
F0006703,
F0006704,
F0006705,
F0006706,
F0006707,
F0006708,
F0006709,
F0006710,walkout
F0006711,
F0006712,walkout
F0006713,
F0006714,
F0006715,
F0006716,
F0006717,
F0006718,
F0006719,
F0006720,
F0006721,
F0006722,
F0006723,
F0006724,
F0006725,
F0006726,walkout
F0006727,
F0006728,
F0006729,
F0006730,
F0006731,positive
F0006732,
F0006733,
F0006734,
F0006735,walkout
F0006736,
F0006737,
F0006738,
F0006739,
F0006740,walkout
F0006741,walkout
F0006742,
F0006743,
F0006744,positive
F0006745,
F0006746,walkout
F0006747,
F0006748,
F0006749,
F0006750,
F0006751,
F0006752,
F0006753,walkout
F0006754,
F0006755,
F0006756,
F0006757,
F0006758,
F0006759,
F0006760,
F0006761,
F0006762,
F0006763,
F0006764,
F0006765,
F0006766,
F0006767,
F0006768,positive
F0006769,positive
F0006770,
F0006771,
F0006772,
F0006773,
F0006774,
F0006775,
F0006776,positive
F0006777,
F0006778,
F0006779,
F0006780,
F0006781,
F0006782,
F0006783,
F0006784,
F0006785,
F0006786,
F0006787,
F0006788,
F0006789,
F0006790,
F0006791,
F0006792,
F0006793,
F0006794,
F0006795,positive
F0006796,
F0006797,
F0006798,
F0006799,
F0006800,positive
F0006801,
F0006802,
F0006803,
F0006804,
F0006805,
F0006806,
F0006807,walkout
F0006808,positive
F0006809,
F0006810,
F0006811,positive
F0006812,
F0006813,positive
F0006814,
F0006815,
F0006816,
F0006817,
F0006818,walkout
F0006819,
F0006820,walkout
F0006821,
F0006822,
F0006823,
F0006824,
F0006825,
F0006826,
F0006827,
F0006828,
F0006829,
F0006830,
F0006831,
F0006832,positive
F0006833,
F0006834,
F0006835,
F0006836,
F0006837,
F0006838,
F0006839,
F0006840,
F0006841,
F0006842,positive
F0006843,positive
F0006844,
F0006845,
F0006846,
F0006847,
F0006848,
F0006849,
F0006850,
F0006851,
F0006852,
F0006853,
F0006854,
F0006855,
F0006856,
F0006857,
F0006858,positive
F0006859,
F0006860,
F0006861,
F0006862,
F0006863,positive
F0006864,
F0006865,positive
F0006866,
F0006867,
F0006868,
F0006869,
F0006870,positive
F0006871,positive
F0006872,
F0006873,
F0006874,
F0006875,
F0006876,
F0006877,
F0006878,
F0006879,
F0006880,
F0006881,
F0006882,
F0006883,
F0006884,
F0006885,
F0006886,
F0006887,
F0006888,
F0006889,
F0006890,positive
F0006891,
F0006892,positive
F0006893,
F0006894,
F0006895,
F0006896,
F0006897,
F0006898,
F0006899,
F0006900,
F0006901,
F0006902,
F0006903,
F0006904,
F0006905,
F0006906,
F0006907,
F0006908,
F0006909,
F0006910,
F0006911,lunch
F0006912,
F0006913,
F0006914,
F0006915,
F0006916,
F0006917,
F0006918,
F0006919,
F0006920,
F0006921,
F0006922,
F0006923,
F0006924,
F0006925,positive
F0006926,
F0006927,
F0006928,
F0006929,positive
F0006930,
F0006931,positive
F0006932,
F0006933,
F0006934,
F0006935,
F0006936,
F0006937,
F0006938,
F0006939,
F0006940,
F0006941,
F0006942,
F0006943,positive
F0006944,
F0006945,
F0006946,
F0006947,
F0006948,
F0006949,
F0006950,
F0006951,
F0006952,
F0006953,
F0006954,
F0006955,walkout
F0006956,
F0006957,
F0006958,positive
F0006959,
F0006960,
F0006961,
F0006962,
F0006963,
F0006964,
F0006965,positive
F0006966,
F0006967,
F0006968,walkout
F0006969,positive
F0006970,
F0006971,
F0006972,
F0006973,positive
F0006974,
F0006975,
F0006976,
F0006977,
F0006978,
F0006979,
F0006980,walkout
F0006981,
F0006982,
F0006983,
F0006984,
F0006985,positive
F0006986,
F0006987,
F0006988,
F0006989,
F0006990,
F0006991,positive
F0006992,
F0006993,
F0006994,
F0006995,
F0006996,
F0006997,
F0006998,positive
F0006999,positive
F0007000,positive
F0007001,
F0007002,
F0007003,positive
F0007004,
F0007005,
F0007006,
F0007007,walkout
F0007008,documents
F0007009,
F0007010,walkout
F0007011,
F0007012,
F0007013,
F0007014,
F0007015,
F0007016,walkout
F0007017,
F0007018,
F0007019,
F0007020,
F0007021,seating
F0007022,
F0007023,walkout
F0007024,positive
F0007025,
F0007026,positive
F0007027,
F0007028,positive
F0007029,
F0007030,
F0007031,
F0007032,
F0007033,
F0007034,
F0007035,positive
F0007036,positive
F0007037,
F0007038,positive
F0007039,
F0007040,
F0007041,
F0007042,
F0007043,
F0007044,
F0007045,positive
F0007046,
F0007047,
F0007048,
F0007049,
F0007050,
F0007051,
F0007052,
F0007053,
F0007054,
F0007055,positive
F0007056,
F0007057,positive
F0007058,
F0007059,
F0007060,positive
F0007061,
F0007062,
F0007063,
F0007064,
F0007065,
F0007066,positive
F0007067,
F0007068,
F0007069,
F0007070,
F0007071,
F0007072,
F0007073,
F0007074,
F0007075,
F0007076,
F0007077,
F0007078,
F0007079,walkout
F0007080,
F0007081,
F0007082,
F0007083,
F0007084,
F0007085,
F0007086,
F0007087,
F0007088,
F0007089,
F0007090,
F0007091,
F0007092,
F0007093,
F0007094,
F0007095,
F0007096,
F0007097,
F0007098,
F0007099,
F0007100,
F0007101,
F0007102,walkout
F0007103,walkout
F0007104,
F0007105,
F0007106,
F0007107,
F0007108,
F0007109,
F0007110,
F0007111,
F0007112,walkout
F0007113,
F0007114,positive
F0007115,
F0007116,walkout
F0007117,
F0007118,
F0007119,
F0007120,positive
F0007121,
F0007122,
F0007123,positive
F0007124,
F0007125,
F0007126,
F0007127,
F0007128,
F0007129,
F0007130,positive
F0007131,
F0007132,walkout
F0007133,
F0007134,
F0007135,
F0007136,walkout
F0007137,
F0007138,
F0007139,
F0007140,
F0007141,
F0007142,
F0007143,
F0007144,
F0007145,
F0007146,
F0007147,
F0007148,
F0007149,positive
F0007150,
F0007151,
F0007152,positive
F0007153,seating
F0007154,seating
F0007155,walkout
F0007156,positive
F0007157,
F0007158,
F0007159,
F0007160,
F0007161,
F0007162,positive
F0007163,positive
F0007164,
F0007165,
F0007166,
F0007167,
F0007168,
F0007169,positive
F0007170,
F0007171,
F0007172,
F0007173,positive
F0007174,
F0007175,positive
F0007176,
F0007177,
F0007178,
F0007179,
F0007180,
F0007181,walkout
F0007182,
F0007183,
F0007184,
F0007185,
F0007186,positive
F0007187,
F0007188,
F0007189,
F0007190,
F0007191,
F0007192,
F0007193,
F0007194,
F0007195,
F0007196,
F0007197,
F0007198,
F0007199,
F0007200,
F0007201,positive
F0007202,positive
F0007203,
F0007204,
F0007205,
F0007206,
F0007207,
F0007208,
F0007209,
F0007210,
F0007211,
F0007212,
F0007213,
F0007214,
F0007215,
F0007216,
F0007217,
F0007218,positive
F0007219,walkout
F0007220,
F0007221,
F0007222,
F0007223,
F0007224,
F0007225,
F0007226,
F0007227,
F0007228,
F0007229,
F0007230,
F0007231,positive
F0007232,
F0007233,
F0007234,
F0007235,
F0007236,positive
F0007237,
F0007238,
F0007239,
F0007240,positive
F0007241,
F0007242,
F0007243,
F0007244,
F0007245,positive
F0007246,positive
F0007247,
F0007248,
F0007249,
F0007250,
F0007251,
F0007252,
F0007253,
F0007254,
F0007255,
F0007256,
F0007257,positive
F0007258,positive
F0007259,walkout
F0007260,positive
F0007261,
F0007262,
F0007263,
F0007264,
F0007265,
F0007266,
F0007267,
F0007268,
F0007269,
F0007270,
F0007271,
F0007272,walkout
F0007273,
F0007274,walkout
F0007275,
F0007276,
F0007277,
F0007278,
F0007279,
F0007280,
F0007281,
F0007282,walkout
F0007283,
F0007284,
F0007285,
F0007286,
F0007287,
F0007288,
F0007289,positive
F0007290,
F0007291,
F0007292,
F0007293,positive
F0007294,
F0007295,
F0007296,
F0007297,
F0007298,
F0007299,
F0007300,
F0007301,
F0007302,
F0007303,walkout
F0007304,positive
F0007305,walkout
F0007306,
F0007307,
F0007308,
F0007309,
F0007310,
F0007311,
F0007312,
F0007313,
F0007314,
F0007315,
F0007316,
F0007317,
F0007318,
F0007319,
F0007320,
F0007321,
F0007322,positive
F0007323,
F0007324,positive
F0007325,
F0007326,
F0007327,
F0007328,positive
F0007329,positive
F0007330,
F0007331,
F0007332,
F0007333,
F0007334,
F0007335,
F0007336,
F0007337,
F0007338,
F0007339,
F0007340,
F0007341,
F0007342,
F0007343,
F0007344,
F0007345,
F0007346,
F0007347,
F0007348,
F0007349,
F0007350,
F0007351,
F0007352,walkout
F0007353,
F0007354,
F0007355,
F0007356,
F0007357,
F0007358,
F0007359,walkout
F0007360,
F0007361,
F0007362,walkout
F0007363,walkout
F0007364,positive
F0007365,
F0007366,
F0007367,long_wait
F0007368,
F0007369,walkout
F0007370,walkout
F0007371,positive
F0007372,
F0007373,
F0007374,
F0007375,
F0007376,
F0007377,
F0007378,
F0007379,
F0007380,
F0007381,
F0007382,
F0007383,positive
F0007384,
F0007385,
F0007386,
F0007387,positive
F0007388,
F0007389,
F0007390,
F0007391,
F0007392,
F0007393,positive
F0007394,
F0007395,
F0007396,
F0007397,walkout
F0007398,walkout
F0007399,positive
F0007400,
F0007401,slow_dd
F0007402,
F0007403,
F0007404,walkout
F0007405,
F0007406,walkout
F0007407,positive
F0007408,walkout
F0007409,walkout
F0007410,positive
F0007411,
F0007412,
F0007413,
F0007414,positive
F0007415,
F0007416,
F0007417,
F0007418,walkout
F0007419,
F0007420,walkout
F0007421,
F0007422,
F0007423,walkout
F0007424,
F0007425,
F0007426,
F0007427,
F0007428,
F0007429,
F0007430,
F0007431,
F0007432,
F0007433,
F0007434,
F0007435,positive
F0007436,positive
F0007437,
F0007438,
F0007439,positive
F0007440,walkout
F0007441,
F0007442,positive
F0007443,
F0007444,
F0007445,
F0007446,positive
F0007447,
F0007448,positive
F0007449,
F0007450,positive
F0007451,
F0007452,
F0007453,
F0007454,
F0007455,
F0007456,
F0007457,
F0007458,
F0007459,walkout
F0007460,
F0007461,
F0007462,
F0007463,
F0007464,
F0007465,positive
F0007466,
F0007467,
F0007468,
F0007469,
F0007470,
F0007471,positive
F0007472,
F0007473,
F0007474,
F0007475,
F0007476,
F0007477,
F0007478,
F0007479,
F0007480,
F0007481,
F0007482,positive
F0007483,
F0007484,
F0007485,
F0007486,walkout
F0007487,positive
F0007488,
F0007489,lunch
F0007490,
F0007491,
F0007492,
F0007493,walkout
F0007494,
F0007495,
F0007496,
F0007497,
F0007498,
F0007499,
F0007500,
F0007501,
F0007502,positive
F0007503,
F0007504,
F0007505,positive
F0007506,
F0007507,
F0007508,
F0007509,positive
F0007510,positive
F0007511,
F0007512,
F0007513,
F0007514,
F0007515,
F0007516,
F0007517,
F0007518,
F0007519,
F0007520,
F0007521,positive
F0007522,
F0007523,
F0007524,
F0007525,walkout
F0007526,
F0007527,
F0007528,
F0007529,
F0007530,
F0007531,
F0007532,
F0007533,positive
F0007534,
F0007535,
F0007536,positive
F0007537,
F0007538,
F0007539,
F0007540,
F0007541,
F0007542,
F0007543,
F0007544,
F0007545,
F0007546,
F0007547,
F0007548,
F0007549,
F0007550,
F0007551,
F0007552,
F0007553,
F0007554,
F0007555,
F0007556,positive
F0007557,
F0007558,
F0007559,
F0007560,
F0007561,
F0007562,
F0007563,walkout
F0007564,positive
F0007565,
F0007566,
F0007567,walkout
F0007568,
F0007569,
F0007570,walkout
F0007571,walkout
F0007572,
F0007573,
F0007574,
F0007575,
F0007576,
F0007577,
F0007578,
F0007579,
F0007580,long_wait
F0007581,
F0007582,
F0007583,
F0007584,
F0007585,
F0007586,
F0007587,
F0007588,
F0007589,
F0007590,
F0007591,positive
F0007592,
F0007593,
F0007594,
F0007595,
F0007596,
F0007597,
F0007598,
F0007599,
F0007600,
F0007601,
F0007602,
F0007603,positive
F0007604,
F0007605,
F0007606,
F0007607,
F0007608,
F0007609,
F0007610,
F0007611,positive
F0007612,
F0007613,
F0007614,
F0007615,
F0007616,positive
F0007617,positive
F0007618,
F0007619,
F0007620,
F0007621,
F0007622,
F0007623,
F0007624,
F0007625,
F0007626,
F0007627,positive
F0007628,
F0007629,
F0007630,
F0007631,
F0007632,
F0007633,
F0007634,
F0007635,positive
F0007636,
F0007637,positive
F0007638,positive
F0007639,
F0007640,
F0007641,positive
F0007642,
F0007643,
F0007644,positive
F0007645,
F0007646,
F0007647,
F0007648,
F0007649,
F0007650,positive
F0007651,
F0007652,
F0007653,
F0007654,
F0007655,
F0007656,
F0007657,
F0007658,
F0007659,
F0007660,positive
F0007661,
F0007662,
F0007663,
F0007664,
F0007665,positive
F0007666,
F0007667,positive
F0007668,
F0007669,
F0007670,
F0007671,
F0007672,positive
F0007673,positive
F0007674,
F0007675,
F0007676,
F0007677,
F0007678,
F0007679,
F0007680,
F0007681,
F0007682,
F0007683,
F0007684,
F0007685,
F0007686,positive
F0007687,documents
F0007688,
F0007689,
F0007690,
F0007691,
F0007692,
F0007693,
F0007694,
F0007695,
F0007696,
F0007697,
F0007698,
F0007699,
F0007700,positive
F0007701,
F0007702,long_wait
F0007703,
F0007704,
F0007705,positive
F0007706,
F0007707,
F0007708,positive
F0007709,
F0007710,
F0007711,
F0007712,
F0007713,
F0007714,
F0007715,
F0007716,
F0007717,
F0007718,positive
F0007719,
F0007720,
F0007721,
F0007722,
F0007723,
F0007724,
F0007725,
F0007726,walkout
F0007727,
F0007728,
F0007729,
F0007730,
F0007731,positive
F0007732,
F0007733,
F0007734,
F0007735,
F0007736,
F0007737,
F0007738,
F0007739,
F0007740,
F0007741,
F0007742,positive
F0007743,
F0007744,walkout
F0007745,
F0007746,positive
F0007747,
F0007748,positive
F0007749,
F0007750,
F0007751,
F0007752,
F0007753,
F0007754,
F0007755,positive
F0007756,
F0007757,
F0007758,
F0007759,slow_dd
F0007760,
F0007761,
F0007762,
F0007763,positive
F0007764,
F0007765,
F0007766,positive
F0007767,
F0007768,
F0007769,positive
F0007770,
F0007771,
F0007772,
F0007773,
F0007774,lunch
F0007775,
F0007776,
F0007777,positive
F0007778,
F0007779,
F0007780,positive
F0007781,
F0007782,
F0007783,
F0007784,
F0007785,
F0007786,
F0007787,
F0007788,
F0007789,
F0007790,
F0007791,
F0007792,positive
F0007793,
F0007794,
F0007795,
F0007796,walkout
F0007797,positive
F0007798,
F0007799,
F0007800,
F0007801,
F0007802,
F0007803,
F0007804,positive
F0007805,
F0007806,
F0007807,
F0007808,positive
F0007809,
F0007810,
F0007811,
F0007812,
F0007813,
F0007814,walkout
F0007815,
F0007816,walkout
F0007817,
F0007818,
F0007819,
F0007820,long_wait
F0007821,
F0007822,
F0007823,
F0007824,
F0007825,
F0007826,
F0007827,
F0007828,
F0007829,
F0007830,
F0007831,
F0007832,
F0007833,walkout
F0007834,seating
F0007835,
F0007836,
F0007837,
F0007838,
F0007839,
F0007840,positive
F0007841,
F0007842,
F0007843,
F0007844,
F0007845,
F0007846,
F0007847,
F0007848,
F0007849,
F0007850,
F0007851,
F0007852,positive
F0007853,
F0007854,
F0007855,
F0007856,
F0007857,
F0007858,
F0007859,
F0007860,
F0007861,
F0007862,
F0007863,positive
F0007864,positive
F0007865,
F0007866,
F0007867,
F0007868,
F0007869,
F0007870,
F0007871,
F0007872,
F0007873,
F0007874,
F0007875,positive
F0007876,
F0007877,
F0007878,
F0007879,
F0007880,
F0007881,
F0007882,
F0007883,
F0007884,
F0007885,
F0007886,
F0007887,
F0007888,
F0007889,documents
F0007890,
F0007891,
F0007892,
F0007893,
F0007894,positive
F0007895,
F0007896,positive
F0007897,
F0007898,
F0007899,
F0007900,
F0007901,walkout
F0007902,
F0007903,
F0007904,
F0007905,
F0007906,
F0007907,
F0007908,
F0007909,
F0007910,
F0007911,
F0007912,
F0007913,
F0007914,
F0007915,
F0007916,
F0007917,positive
F0007918,positive
F0007919,
F0007920,
F0007921,
F0007922,positive
F0007923,
F0007924,
F0007925,walkout
F0007926,positive
F0007927,
F0007928,
F0007929,
F0007930,
F0007931,
F0007932,
F0007933,
F0007934,positive
F0007935,
F0007936,
F0007937,
F0007938,positive
F0007939,
F0007940,
F0007941,walkout
F0007942,
F0007943,
F0007944,
F0007945,
F0007946,
F0007947,
F0007948,
F0007949,
F0007950,positive
F0007951,
F0007952,
F0007953,
F0007954,
F0007955,walkout
F0007956,
F0007957,
F0007958,
F0007959,
F0007960,positive
F0007961,
F0007962,
F0007963,
F0007964,
F0007965,positive
F0007966,
F0007967,
F0007968,
F0007969,positive
F0007970,
F0007971,
F0007972,
F0007973,
F0007974,documents
F0007975,
F0007976,
F0007977,
F0007978,
F0007979,positive
F0007980,
F0007981,positive
F0007982,
F0007983,
F0007984,
F0007985,
F0007986,
F0007987,
F0007988,
F0007989,
F0007990,
F0007991,
F0007992,
F0007993,
F0007994,
F0007995,
F0007996,
F0007997,
F0007998,
F0007999,
F0008000,
F0008001,
F0008002,
F0008003,
F0008004,positive
F0008005,
F0008006,
F0008007,
F0008008,
F0008009,
F0008010,
F0008011,
F0008012,
F0008013,
F0008014,
F0008015,
F0008016,positive
F0008017,
F0008018,
F0008019,
F0008020,
F0008021,
F0008022,
F0008023,
F0008024,
F0008025,
F0008026,
F0008027,
F0008028,
F0008029,
F0008030,
F0008031,
F0008032,
F0008033,
F0008034,
F0008035,
F0008036,
F0008037,
F0008038,walkout
F0008039,
F0008040,
F0008041,
F0008042,
F0008043,positive
F0008044,
F0008045,
F0008046,
F0008047,
F0008048,
F0008049,
F0008050,positive
F0008051,
F0008052,
F0008053,
F0008054,positive
F0008055,
F0008056,positive
F0008057,
F0008058,
F0008059,
F0008060,
F0008061,
F0008062,
F0008063,
F0008064,
F0008065,
F0008066,positive
F0008067,
F0008068,
F0008069,
F0008070,
F0008071,positive
F0008072,
F0008073,positive
F0008074,
F0008075,positive
F0008076,
F0008077,
F0008078,
F0008079,
F0008080,positive
F0008081,
F0008082,
F0008083,positive
F0008084,
F0008085,
F0008086,positive
F0008087,
F0008088,
F0008089,
F0008090,positive
F0008091,
F0008092,
F0008093,walkout
F0008094,
F0008095,
F0008096,
F0008097,
F0008098,walkout
F0008099,positive
F0008100,
F0008101,
F0008102,
F0008103,
F0008104,
F0008105,
F0008106,positive
F0008107,
F0008108,positive
F0008109,
F0008110,
F0008111,
F0008112,
F0008113,
F0008114,
F0008115,
F0008116,
F0008117,
F0008118,
F0008119,
F0008120,
F0008121,
F0008122,
F0008123,
F0008124,
F0008125,
F0008126,
F0008127,
F0008128,
F0008129,positive
F0008130,
F0008131,positive
F0008132,positive
F0008133,
F0008134,
F0008135,positive
F0008136,
F0008137,
F0008138,
F0008139,
F0008140,walkout
F0008141,
F0008142,
F0008143,walkout
F0008144,positive
F0008145,
F0008146,
F0008147,positive
F0008148,positive
F0008149,
F0008150,
F0008151,
F0008152,positive
F0008153,
F0008154,
F0008155,
F0008156,
F0008157,
F0008158,
F0008159,positive
F0008160,
F0008161,positive
F0008162,positive
F0008163,positive
F0008164,positive
F0008165,
F0008166,
F0008167,
F0008168,
F0008169,
F0008170,
F0008171,positive
F0008172,
F0008173,
F0008174,
F0008175,
F0008176,
F0008177,
F0008178,
F0008179,
F0008180,
F0008181,
F0008182,walkout
F0008183,
F0008184,
F0008185,
F0008186,
F0008187,
F0008188,
F0008189,
F0008190,walkout
F0008191,
F0008192,
F0008193,
F0008194,positive
F0008195,positive
F0008196,positive
F0008197,
F0008198,
F0008199,
F0008200,
F0008201,
F0008202,positive
F0008203,
F0008204,
F0008205,
F0008206,
F0008207,
F0008208,
F0008209,walkout
F0008210,
F0008211,
F0008212,
F0008213,walkout
F0008214,
F0008215,
F0008216,
F0008217,walkout
F0008218,
F0008219,
F0008220,
F0008221,
F0008222,
F0008223,
F0008224,
F0008225,
F0008226,
F0008227,
F0008228,positive
F0008229,
F0008230,walkout
F0008231,
F0008232,
F0008233,positive
F0008234,
F0008235,
F0008236,
F0008237,walkout
F0008238,
F0008239,walkout
F0008240,
F0008241,positive
F0008242,
F0008243,
F0008244,
F0008245,
F0008246,
F0008247,
F0008248,
F0008249,walkout
F0008250,
F0008251,
F0008252,
F0008253,
F0008254,
F0008255,
F0008256,
F0008257,walkout
F0008258,
F0008259,
F0008260,
F0008261,
F0008262,
F0008263,positive
F0008264,
F0008265,
F0008266,
F0008267,positive
F0008268,
F0008269,
F0008270,walkout
F0008271,positive
F0008272,
F0008273,
F0008274,
F0008275,
F0008276,
F0008277,positive
F0008278,
F0008279,
F0008280,
F0008281,positive
F0008282,positive
F0008283,slow_dd
F0008284,
F0008285,positive
F0008286,positive
F0008287,
F0008288,
F0008289,
F0008290,
F0008291,
F0008292,
F0008293,
F0008294,
F0008295,walkout
F0008296,
F0008297,
F0008298,
F0008299,
F0008300,
F0008301,
F0008302,
F0008303,
F0008304,
F0008305,
F0008306,
F0008307,
F0008308,positive
F0008309,
F0008310,
F0008311,walkout
F0008312,
F0008313,positive
F0008314,
F0008315,
F0008316,
F0008317,
F0008318,walkout
F0008319,
F0008320,
F0008321,
F0008322,
F0008323,
F0008324,
F0008325,positive
F0008326,
F0008327,
F0008328,
F0008329,walkout
F0008330,
F0008331,long_wait
F0008332,
F0008333,walkout
F0008334,
F0008335,
F0008336,documents
F0008337,
F0008338,
F0008339,positive
F0008340,
F0008341,
F0008342,
F0008343,
F0008344,
F0008345,
F0008346,
F0008347,positive
F0008348,
F0008349,
F0008350,positive
F0008351,slow_dd
F0008352,
F0008353,
F0008354,
F0008355,
F0008356,positive
F0008357,
F0008358,
F0008359,
F0008360,
F0008361,positive
F0008362,
F0008363,walkout
F0008364,
F0008365,
F0008366,walkout
F0008367,
F0008368,
F0008369,
F0008370,
F0008371,
F0008372,
F0008373,long_wait
F0008374,
F0008375,
F0008376,
F0008377,
F0008378,
F0008379,
F0008380,
F0008381,
F0008382,
F0008383,
F0008384,
F0008385,positive
F0008386,
F0008387,
F0008388,long_wait
F0008389,
F0008390,long_wait
F0008391,
F0008392,
F0008393,long_wait
F0008394,
F0008395,
F0008396,walkout
F0008397,positive
F0008398,
F0008399,walkout
F0008400,
F0008401,
F0008402,
F0008403,positive
F0008404,
F0008405,
F0008406,
F0008407,positive
F0008408,
F0008409,
F0008410,
F0008411,
F0008412,positive
F0008413,
F0008414,
F0008415,
F0008416,
F0008417,
F0008418,
F0008419,
F0008420,
F0008421,
F0008422,
F0008423,
F0008424,
F0008425,
F0008426,
F0008427,
F0008428,
F0008429,
F0008430,
F0008431,
F0008432,positive
F0008433,
F0008434,
F0008435,positive
F0008436,
F0008437,
F0008438,
F0008439,
F0008440,
F0008441,
F0008442,
F0008443,positive
F0008444,
F0008445,
F0008446,
F0008447,
F0008448,
F0008449,
F0008450,walkout
F0008451,positive
F0008452,
F0008453,
F0008454,
F0008455,walkout
F0008456,
F0008457,
F0008458,
F0008459,
F0008460,
F0008461,
F0008462,positive
F0008463,
F0008464,
F0008465,positive
F0008466,
F0008467,
F0008468,
F0008469,
F0008470,
F0008471,
F0008472,
F0008473,
F0008474,
F0008475,
F0008476,
F0008477,
F0008478,positive
F0008479,positive
F0008480,documents
F0008481,
F0008482,
F0008483,
F0008484,
F0008485,
F0008486,
F0008487,
F0008488,walkout
F0008489,
F0008490,walkout
F0008491,positive
F0008492,
F0008493,
F0008494,
F0008495,
F0008496,
F0008497,
F0008498,walkout
F0008499,
F0008500,
F0008501,
F0008502,walkout
F0008503,long_wait
F0008504,
F0008505,
F0008506,walkout
F0008507,
F0008508,
F0008509,
F0008510,walkout
F0008511,walkout
F0008512,
F0008513,walkout
F0008514,walkout
F0008515,
F0008516,
F0008517,
F0008518,walkout
F0008519,
F0008520,
F0008521,
F0008522,
F0008523,slow_dd
F0008524,
F0008525,
F0008526,
F0008527,
F0008528,
F0008529,
F0008530,long_wait
F0008531,
F0008532,walkout
F0008533,
F0008534,
F0008535,
F0008536,seating
F0008537,
F0008538,
F0008539,long_wait
F0008540,
F0008541,walkout
F0008542,walkout
F0008543,
F0008544,
F0008545,
F0008546,
F0008547,
F0008548,
F0008549,
F0008550,
F0008551,positive
F0008552,
F0008553,
F0008554,
F0008555,
F0008556,positive
F0008557,positive
F0008558,
F0008559,
F0008560,
F0008561,
F0008562,
F0008563,positive
F0008564,
F0008565,
F0008566,
F0008567,
F0008568,
F0008569,
F0008570,
F0008571,
F0008572,positive
F0008573,
F0008574,
F0008575,
F0008576,
F0008577,
F0008578,
F0008579,
F0008580,
F0008581,positive
F0008582,
F0008583,
F0008584,
F0008585,walkout
F0008586,
F0008587,
F0008588,
F0008589,
F0008590,
F0008591,
F0008592,
F0008593,
F0008594,
F0008595,positive
F0008596,
F0008597,
F0008598,
F0008599,
F0008600,
F0008601,positive
F0008602,
F0008603,
F0008604,
F0008605,
F0008606,
F0008607,
F0008608,
F0008609,
F0008610,
F0008611,
F0008612,walkout
F0008613,
F0008614,walkout
F0008615,
F0008616,
F0008617,
F0008618,
F0008619,
F0008620,
F0008621,
F0008622,walkout
F0008623,walkout
F0008624,
F0008625,
F0008626,walkout
F0008627,
F0008628,walkout
F0008629,walkout
F0008630,
F0008631,walkout
F0008632,
F0008633,
F0008634,
F0008635,long_wait
F0008636,
F0008637,walkout
F0008638,
F0008639,
F0008640,
F0008641,
F0008642,
F0008643,
F0008644,walkout
F0008645,positive
F0008646,walkout
F0008647,
F0008648,
F0008649,walkout
F0008650,
F0008651,walkout
F0008652,
F0008653,
F0008654,
F0008655,walkout
F0008656,walkout
F0008657,
F0008658,
F0008659,
F0008660,
F0008661,
F0008662,
F0008663,walkout
F0008664,
F0008665,
F0008666,
F0008667,
F0008668,walkout
F0008669,walkout
F0008670,
F0008671,walkout
F0008672,
F0008673,
F0008674,
F0008675,
F0008676,
F0008677,
F0008678,walkout
F0008679,long_wait
F0008680,
F0008681,
F0008682,
F0008683,long_wait
F0008684,walkout
F0008685,
F0008686,walkout
F0008687,long_wait
F0008688,
F0008689,
F0008690,
F0008691,walkout
F0008692,
F0008693,long_wait
F0008694,
F0008695,
F0008696,
F0008697,
F0008698,
F0008699,walkout
F0008700,walkout
F0008701,
F0008702,
F0008703,positive
F0008704,
F0008705,
F0008706,
F0008707,walkout
F0008708,
F0008709,
F0008710,
F0008711,positive
F0008712,
F0008713,
F0008714,
F0008715,
F0008716,
F0008717,
F0008718,
F0008719,
F0008720,
F0008721,
F0008722,walkout
F0008723,
F0008724,
F0008725,
F0008726,
F0008727,
F0008728,
F0008729,walkout
F0008730,walkout
F0008731,long_wait
F0008732,
F0008733,
F0008734,walkout
F0008735,
F0008736,
F0008737,
F0008738,
F0008739,
F0008740,
F0008741,
F0008742,
F0008743,
F0008744,walkout
F0008745,
F0008746,
F0008747,walkout
F0008748,
F0008749,
F0008750,
F0008751,
F0008752,
F0008753,
F0008754,walkout
F0008755,seating
F0008756,
F0008757,
F0008758,long_wait
F0008759,
F0008760,
F0008761,walkout
F0008762,walkout
F0008763,
F0008764,
F0008765,
F0008766,
F0008767,long_wait
F0008768,
F0008769,
F0008770,
F0008771,walkout
F0008772,
F0008773,walkout
F0008774,
F0008775,
F0008776,
F0008777,
F0008778,
F0008779,
F0008780,
F0008781,
F0008782,walkout
F0008783,positive
F0008784,
F0008785,long_wait
F0008786,
F0008787,
F0008788,positive
F0008789,positive
F0008790,
F0008791,positive
F0008792,positive
F0008793,
F0008794,
F0008795,
F0008796,
F0008797,walkout
F0008798,
F0008799,
F0008800,walkout
F0008801,
F0008802,
F0008803,walkout
F0008804,long_wait
F0008805,
F0008806,positive
F0008807,
F0008808,
F0008809,
F0008810,
F0008811,
F0008812,walkout
F0008813,
F0008814,
F0008815,
F0008816,walkout
F0008817,
F0008818,walkout
F0008819,
F0008820,
F0008821,
F0008822,
F0008823,
F0008824,
F0008825,
F0008826,
F0008827,walkout
F0008828,
F0008829,positive
F0008830,
F0008831,positive
F0008832,positive
F0008833,positive
F0008834,positive
F0008835,
F0008836,
F0008837,
F0008838,
F0008839,
F0008840,positive
F0008841,
F0008842,positive
F0008843,
F0008844,
F0008845,walkout
F0008846,
F0008847,positive
F0008848,
F0008849,
F0008850,
F0008851,
F0008852,
F0008853,
F0008854,
F0008855,positive
F0008856,
F0008857,
F0008858,
F0008859,
F0008860,
F0008861,
F0008862,
F0008863,
F0008864,
F0008865,
F0008866,
F0008867,
F0008868,
F0008869,
F0008870,
F0008871,
F0008872,walkout
F0008873,positive
F0008874,
F0008875,
F0008876,
F0008877,positive
F0008878,
F0008879,documents
F0008880,
F0008881,
F0008882,
F0008883,
F0008884,
F0008885,positive
F0008886,
F0008887,positive
F0008888,walkout
F0008889,positive
F0008890,
F0008891,
F0008892,
F0008893,
F0008894,
F0008895,
F0008896,
F0008897,
F0008898,
F0008899,
F0008900,
F0008901,
F0008902,
F0008903,positive
F0008904,
F0008905,
F0008906,positive
F0008907,
F0008908,
F0008909,
F0008910,
F0008911,
F0008912,
F0008913,
F0008914,
F0008915,
F0008916,
F0008917,
F0008918,positive
F0008919,
F0008920,positive
F0008921,positive
F0008922,
F0008923,
F0008924,
F0008925,
F0008926,documents
F0008927,
F0008928,
F0008929,
F0008930,
F0008931,
F0008932,
F0008933,
F0008934,
F0008935,
F0008936,positive
F0008937,
F0008938,positive
F0008939,long_wait
F0008940,
F0008941,
F0008942,positive
F0008943,positive
F0008944,documents
F0008945,
F0008946,documents
F0008947,
F0008948,
F0008949,
F0008950,
F0008951,
F0008952,long_wait
F0008953,
F0008954,
F0008955,walkout
F0008956,
F0008957,
F0008958,
F0008959,walkout
F0008960,
F0008961,
F0008962,long_wait
F0008963,
F0008964,
F0008965,
F0008966,walkout
F0008967,
F0008968,
F0008969,positive
F0008970,
F0008971,
F0008972,positive
F0008973,
F0008974,
F0008975,
F0008976,
F0008977,
F0008978,
F0008979,
F0008980,
F0008981,
F0008982,
F0008983,
F0008984,
F0008985,
F0008986,
F0008987,
F0008988,positive
F0008989,
F0008990,
F0008991,
F0008992,positive
F0008993,
F0008994,
F0008995,
F0008996,
F0008997,
F0008998,
F0008999,
F0009000,walkout
F0009001,
F0009002,
F0009003,
F0009004,
F0009005,
F0009006,
F0009007,seating
F0009008,long_wait
F0009009,walkout
F0009010,
F0009011,
F0009012,
F0009013,
F0009014,
F0009015,
F0009016,
F0009017,
F0009018,
F0009019,
F0009020,long_wait
F0009021,walkout
F0009022,
F0009023,
F0009024,
F0009025,
F0009026,walkout
F0009027,
F0009028,walkout
F0009029,
F0009030,walkout
F0009031,
F0009032,long_wait
F0009033,walkout
F0009034,
F0009035,walkout
F0009036,
F0009037,walkout
F0009038,
F0009039,
F0009040,
F0009041,
F0009042,walkout
F0009043,
F0009044,
F0009045,
F0009046,
F0009047,
F0009048,
F0009049,
F0009050,
F0009051,
F0009052,walkout
F0009053,
F0009054,
F0009055,
F0009056,
F0009057,walkout
F0009058,
F0009059,
F0009060,positive
F0009061,
F0009062,
F0009063,
F0009064,positive
F0009065,walkout
F0009066,documents
F0009067,walkout
F0009068,
F0009069,walkout
F0009070,walkout
F0009071,
F0009072,positive
F0009073,
F0009074,
F0009075,
F0009076,
F0009077,
F0009078,
F0009079,
F0009080,
F0009081,
F0009082,
F0009083,
F0009084,
F0009085,
F0009086,positive
F0009087,walkout
F0009088,
F0009089,
F0009090,
F0009091,walkout
F0009092,
F0009093,
F0009094,
F0009095,
F0009096,
F0009097,
F0009098,
F0009099,
F0009100,
F0009101,walkout
F0009102,
F0009103,
F0009104,
F0009105,
F0009106,
F0009107,
F0009108,positive
F0009109,walkout
F0009110,
F0009111,
F0009112,
F0009113,
F0009114,
F0009115,positive
F0009116,
F0009117,
F0009118,
F0009119,walkout
F0009120,
F0009121,walkout
F0009122,
F0009123,
F0009124,
F0009125,
F0009126,
F0009127,
F0009128,
F0009129,positive
F0009130,
F0009131,
F0009132,
F0009133,
F0009134,
F0009135,
F0009136,
F0009137,
F0009138,
F0009139,
F0009140,
F0009141,
F0009142,
F0009143,positive
F0009144,
F0009145,
F0009146,
F0009147,
F0009148,
F0009149,
F0009150,positive
F0009151,
F0009152,
F0009153,positive
F0009154,
F0009155,positive
F0009156,
F0009157,
F0009158,
F0009159,
F0009160,
F0009161,
F0009162,
F0009163,
F0009164,
F0009165,
F0009166,
F0009167,positive
F0009168,
F0009169,
F0009170,
F0009171,
F0009172,positive
F0009173,
F0009174,
F0009175,
F0009176,
F0009177,
F0009178,
F0009179,
F0009180,
F0009181,
F0009182,
F0009183,
F0009184,
F0009185,positive
F0009186,
F0009187,
F0009188,positive
F0009189,
F0009190,positive
F0009191,
F0009192,
F0009193,
F0009194,
F0009195,
F0009196,positive
F0009197,
F0009198,
F0009199,
F0009200,
F0009201,
F0009202,
F0009203,
F0009204,
F0009205,
F0009206,walkout
F0009207,positive
F0009208,
F0009209,
F0009210,
F0009211,
F0009212,
F0009213,
F0009214,
F0009215,
F0009216,
F0009217,
F0009218,
F0009219,
F0009220,
F0009221,
F0009222,
F0009223,
F0009224,positive
F0009225,
F0009226,
F0009227,
F0009228,
F0009229,positive
F0009230,
F0009231,
F0009232,
F0009233,
F0009234,positive
F0009235,positive
F0009236,
F0009237,
F0009238,
F0009239,
F0009240,
F0009241,
F0009242,
F0009243,
F0009244,
F0009245,
F0009246,
F0009247,
F0009248,
F0009249,
F0009250,
F0009251,
F0009252,
F0009253,
F0009254,
F0009255,
F0009256,
F0009257,
F0009258,
F0009259,
F0009260,positive
F0009261,
F0009262,
F0009263,positive
F0009264,
F0009265,
F0009266,
F0009267,
F0009268,positive
F0009269,
F0009270,
F0009271,
F0009272,
F0009273,
F0009274,walkout
F0009275,
F0009276,
F0009277,
F0009278,
F0009279,
F0009280,
F0009281,
F0009282,
F0009283,
F0009284,
F0009285,
F0009286,walkout
F0009287,
F0009288,
F0009289,
F0009290,positive
F0009291,walkout
F0009292,
F0009293,
F0009294,
F0009295,
F0009296,
F0009297,
F0009298,
F0009299,
F0009300,
F0009301,
F0009302,
F0009303,
F0009304,positive
F0009305,
F0009306,
F0009307,
F0009308,
F0009309,
F0009310,
F0009311,positive
F0009312,
F0009313,
F0009314,positive
F0009315,
F0009316,
F0009317,
F0009318,
F0009319,
F0009320,
F0009321,positive
F0009322,
F0009323,
F0009324,
F0009325,
F0009326,
F0009327,
F0009328,
F0009329,
F0009330,
F0009331,
F0009332,
F0009333,
F0009334,
F0009335,
F0009336,
F0009337,
F0009338,positive
F0009339,
F0009340,
F0009341,
F0009342,
F0009343,positive
F0009344,positive
F0009345,
F0009346,
F0009347,
F0009348,
F0009349,
F0009350,
F0009351,positive
F0009352,
F0009353,
F0009354,
F0009355,
F0009356,
F0009357,
F0009358,
F0009359,
F0009360,
F0009361,
F0009362,
F0009363,
F0009364,
F0009365,
F0009366,
F0009367,
F0009368,
F0009369,positive
F0009370,
F0009371,
F0009372,
F0009373,
F0009374,
F0009375,
F0009376,
F0009377,
F0009378,
F0009379,positive
F0009380,long_wait
F0009381,
F0009382,
F0009383,positive
F0009384,
F0009385,walkout
F0009386,
F0009387,
F0009388,
F0009389,
F0009390,walkout
F0009391,
F0009392,walkout
F0009393,walkout
F0009394,
F0009395,walkout
F0009396,
F0009397,
F0009398,walkout
F0009399,
F0009400,
F0009401,
F0009402,long_wait
F0009403,walkout
F0009404,positive
F0009405,
F0009406,
F0009407,
F0009408,positive
F0009409,walkout
F0009410,
F0009411,
F0009412,lunch
F0009413,walkout
F0009414,
F0009415,
F0009416,
F0009417,
F0009418,
F0009419,
F0009420,
F0009421,
F0009422,
F0009423,
F0009424,
F0009425,
F0009426,
F0009427,
F0009428,
F0009429,positive
F0009430,
F0009431,
F0009432,
F0009433,
F0009434,walkout
F0009435,
F0009436,
F0009437,slow_dd
F0009438,
F0009439,
F0009440,documents
F0009441,
F0009442,
F0009443,
F0009444,
F0009445,
F0009446,positive
F0009447,
F0009448,
F0009449,
F0009450,
F0009451,walkout
F0009452,
F0009453,positive
F0009454,
F0009455,
F0009456,
F0009457,
F0009458,
F0009459,
F0009460,walkout
F0009461,
F0009462,
F0009463,
F0009464,
F0009465,
F0009466,
F0009467,
F0009468,
F0009469,positive
F0009470,
F0009471,
F0009472,
F0009473,
F0009474,
F0009475,
F0009476,
F0009477,
F0009478,positive
F0009479,
F0009480,
F0009481,
F0009482,
F0009483,
F0009484,
F0009485,
F0009486,
F0009487,
F0009488,
F0009489,
F0009490,
F0009491,
F0009492,
F0009493,
F0009494,
F0009495,
F0009496,
F0009497,
F0009498,positive
F0009499,
F0009500,positive
F0009501,
F0009502,
F0009503,
F0009504,
F0009505,
F0009506,
F0009507,
F0009508,
F0009509,long_wait
F0009510,long_wait
F0009511,
F0009512,
F0009513,
F0009514,positive
F0009515,
F0009516,
F0009517,
F0009518,positive
F0009519,
F0009520,
F0009521,
F0009522,
F0009523,
F0009524,
F0009525,
F0009526,
F0009527,
F0009528,positive
F0009529,
F0009530,positive
F0009531,
F0009532,
F0009533,
F0009534,walkout
F0009535,
F0009536,
F0009537,
F0009538,positive
F0009539,
F0009540,
F0009541,positive
F0009542,positive
F0009543,
F0009544,documents
F0009545,
F0009546,
F0009547,
F0009548,
F0009549,positive
F0009550,
F0009551,
F0009552,
F0009553,
F0009554,
F0009555,positive
F0009556,
F0009557,
F0009558,
F0009559,
F0009560,
F0009561,
F0009562,
F0009563,
F0009564,
F0009565,positive
F0009566,
F0009567,
F0009568,
F0009569,
F0009570,
F0009571,
F0009572,
F0009573,walkout
F0009574,
F0009575,
F0009576,
F0009577,
F0009578,
F0009579,
F0009580,positive
F0009581,
F0009582,
F0009583,
F0009584,
F0009585,
F0009586,
F0009587,
F0009588,
F0009589,
F0009590,
F0009591,
F0009592,
F0009593,
F0009594,
F0009595,positive
F0009596,
F0009597,positive
F0009598,
F0009599,
F0009600,
F0009601,
F0009602,
F0009603,
F0009604,positive
F0009605,
F0009606,
F0009607,
F0009608,
F0009609,
F0009610,
F0009611,
F0009612,
F0009613,
F0009614,
F0009615,
F0009616,
F0009617,positive
F0009618,
F0009619,
F0009620,
F0009621,
F0009622,long_wait
F0009623,
F0009624,
F0009625,
F0009626,
F0009627,
F0009628,
F0009629,
F0009630,
F0009631,
F0009632,
F0009633,
F0009634,
F0009635,
F0009636,
F0009637,
F0009638,
F0009639,walkout
F0009640,
F0009641,
F0009642,
F0009643,
F0009644,
F0009645,
F0009646,
F0009647,
F0009648,
F0009649,
F0009650,
F0009651,
F0009652,
F0009653,
F0009654,
F0009655,
F0009656,walkout
F0009657,
F0009658,
F0009659,
F0009660,
F0009661,
F0009662,
F0009663,
F0009664,
F0009665,
F0009666,
F0009667,
F0009668,
F0009669,
F0009670,
F0009671,
F0009672,
F0009673,
F0009674,
F0009675,
F0009676,
F0009677,
F0009678,
F0009679,
F0009680,
F0009681,
F0009682,
F0009683,
F0009684,long_wait
F0009685,
F0009686,
F0009687,
F0009688,
F0009689,
F0009690,
F0009691,
F0009692,
F0009693,slow_dd
F0009694,
F0009695,
F0009696,walkout
F0009697,
F0009698,
F0009699,
F0009700,
F0009701,
F0009702,
F0009703,
F0009704,walkout
F0009705,
F0009706,
F0009707,
F0009708,
F0009709,
F0009710,
F0009711,walkout
F0009712,
F0009713,
F0009714,
F0009715,
F0009716,
F0009717,walkout
F0009718,
F0009719,positive
F0009720,
F0009721,
F0009722,
F0009723,long_wait
F0009724,
F0009725,
F0009726,
F0009727,
F0009728,positive
F0009729,
F0009730,
F0009731,
F0009732,
F0009733,long_wait
F0009734,documents
F0009735,
F0009736,
F0009737,long_wait
F0009738,long_wait
F0009739,
F0009740,
F0009741,
F0009742,
F0009743,
F0009744,
F0009745,
F0009746,
F0009747,
F0009748,walkout
F0009749,
F0009750,
F0009751,
F0009752,
F0009753,
F0009754,
F0009755,positive
F0009756,positive
F0009757,
F0009758,positive
F0009759,
F0009760,
F0009761,
F0009762,
F0009763,
F0009764,positive
F0009765,
F0009766,
F0009767,
F0009768,
F0009769,walkout
F0009770,
F0009771,
F0009772,
F0009773,positive
F0009774,
F0009775,positive
F0009776,
F0009777,positive
F0009778,
F0009779,long_wait
F0009780,
F0009781,
F0009782,positive
F0009783,
F0009784,walkout
F0009785,
F0009786,
F0009787,positive
F0009788,
F0009789,
F0009790,
F0009791,
F0009792,
F0009793,
F0009794,
F0009795,
F0009796,
F0009797,
F0009798,
F0009799,walkout
F0009800,
F0009801,
F0009802,
F0009803,
F0009804,positive
F0009805,
F0009806,
F0009807,
F0009808,
F0009809,walkout
F0009810,
F0009811,walkout
F0009812,
F0009813,
F0009814,
F0009815,
F0009816,walkout
F0009817,
F0009818,positive
F0009819,
F0009820,long_wait
F0009821,
F0009822,
F0009823,
F0009824,
F0009825,
F0009826,
F0009827,
F0009828,
F0009829,
F0009830,
F0009831,
F0009832,
F0009833,
F0009834,
F0009835,
F0009836,walkout
F0009837,positive
F0009838,
F0009839,positive
F0009840,
F0009841,
F0009842,
F0009843,
F0009844,positive
F0009845,
F0009846,
F0009847,
F0009848,
F0009849,
F0009850,
F0009851,
F0009852,
F0009853,positive
F0009854,positive
F0009855,
F0009856,walkout
F0009857,
F0009858,
F0009859,
F0009860,
F0009861,
F0009862,
F0009863,positive
F0009864,
F0009865,
F0009866,positive
F0009867,
F0009868,walkout
F0009869,
F0009870,
F0009871,walkout
F0009872,
F0009873,
F0009874,
F0009875,
F0009876,long_wait
F0009877,
F0009878,
F0009879,
F0009880,positive
F0009881,
F0009882,
F0009883,
F0009884,
F0009885,positive
F0009886,
F0009887,
F0009888,
F0009889,walkout
F0009890,walkout
F0009891,
F0009892,
F0009893,
F0009894,
F0009895,walkout
F0009896,
F0009897,
F0009898,
F0009899,
F0009900,
F0009901,
F0009902,
F0009903,walkout
F0009904,
F0009905,
F0009906,
F0009907,
F0009908,
F0009909,
F0009910,
F0009911,
F0009912,
F0009913,
F0009914,
F0009915,
F0009916,
F0009917,positive
F0009918,
F0009919,
F0009920,
F0009921,
F0009922,
F0009923,
F0009924,
F0009925,
F0009926,positive
F0009927,
F0009928,
F0009929,positive
F0009930,
F0009931,
F0009932,
F0009933,
F0009934,
F0009935,
F0009936,positive
F0009937,
F0009938,
F0009939,
F0009940,
F0009941,positive
F0009942,
F0009943,
F0009944,
F0009945,
F0009946,
F0009947,
F0009948,
F0009949,
F0009950,positive
F0009951,positive
F0009952,
F0009953,positive
F0009954,
F0009955,
F0009956,
F0009957,
F0009958,
F0009959,
F0009960,
F0009961,
F0009962,
F0009963,
F0009964,
F0009965,
F0009966,
F0009967,
F0009968,
F0009969,
F0009970,
F0009971,
F0009972,positive
F0009973,
F0009974,
F0009975,
F0009976,
F0009977,positive
F0009978,positive
F0009979,
F0009980,
F0009981,
F0009982,positive
F0009983,positive
F0009984,
F0009985,positive
F0009986,
F0009987,
F0009988,
F0009989,positive
F0009990,
F0009991,positive
F0009992,
F0009993,
F0009994,
F0009995,positive
F0009996,
F0009997,
F0009998,
F0009999,
F0010000,
F0010001,positive
F0010002,
F0010003,
F0010004,
F0010005,
F0010006,
F0010007,
F0010008,
F0010009,positive
F0010010,
F0010011,
F0010012,
F0010013,
F0010014,
F0010015,
F0010016,walkout
F0010017,
F0010018,
F0010019,
F0010020,
F0010021,
F0010022,walkout
F0010023,
F0010024,
F0010025,
F0010026,
F0010027,
F0010028,
F0010029,
F0010030,
F0010031,positive
F0010032,positive
F0010033,positive
F0010034,walkout
F0010035,
F0010036,
F0010037,
F0010038,
F0010039,
F0010040,walkout
F0010041,
F0010042,positive
F0010043,
F0010044,walkout
F0010045,walkout
F0010046,
F0010047,
F0010048,
F0010049,
F0010050,positive
F0010051,
F0010052,
F0010053,positive
F0010054,
F0010055,
F0010056,
F0010057,
F0010058,
F0010059,
F0010060,
F0010061,
F0010062,
F0010063,
F0010064,positive
F0010065,
F0010066,
F0010067,positive
F0010068,
F0010069,
F0010070,
F0010071,
F0010072,
F0010073,positive
F0010074,
F0010075,
F0010076,
F0010077,positive
F0010078,
F0010079,
F0010080,
F0010081,
F0010082,
F0010083,
F0010084,
F0010085,
F0010086,
F0010087,
F0010088,
F0010089,
F0010090,
F0010091,
F0010092,
F0010093,
F0010094,
F0010095,
F0010096,
F0010097,positive
F0010098,
F0010099,
F0010100,
F0010101,
F0010102,
F0010103,
F0010104,positive
F0010105,
F0010106,positive
F0010107,
F0010108,
F0010109,
F0010110,positive
F0010111,
F0010112,positive
F0010113,
F0010114,
F0010115,
F0010116,walkout
F0010117,
F0010118,
F0010119,
F0010120,
F0010121,
F0010122,
F0010123,
F0010124,
F0010125,
F0010126,
F0010127,positive
F0010128,
F0010129,
F0010130,
F0010131,
F0010132,
F0010133,
F0010134,
F0010135,
F0010136,
F0010137,
F0010138,
F0010139,
F0010140,
F0010141,
F0010142,
F0010143,
F0010144,
F0010145,
F0010146,
F0010147,
F0010148,
F0010149,walkout
F0010150,long_wait
F0010151,
F0010152,
F0010153,
F0010154,
F0010155,walkout
F0010156,
F0010157,
F0010158,
F0010159,
F0010160,
F0010161,
F0010162,
F0010163,
F0010164,
F0010165,positive
F0010166,
F0010167,
F0010168,positive
F0010169,positive
F0010170,positive
F0010171,
F0010172,
F0010173,walkout
F0010174,
F0010175,
F0010176,
F0010177,
F0010178,
F0010179,positive
F0010180,walkout
F0010181,
F0010182,
F0010183,
F0010184,
F0010185,
F0010186,positive
F0010187,
F0010188,positive
F0010189,positive
F0010190,
F0010191,
F0010192,
F0010193,
F0010194,
F0010195,
F0010196,
F0010197,documents
F0010198,
F0010199,
F0010200,
F0010201,
F0010202,
F0010203,
F0010204,
F0010205,
F0010206,
F0010207,
F0010208,walkout
F0010209,
F0010210,
F0010211,
F0010212,
F0010213,
F0010214,
F0010215,
F0010216,
F0010217,
F0010218,positive
F0010219,
F0010220,
F0010221,
F0010222,
F0010223,
F0010224,
F0010225,
F0010226,
F0010227,
F0010228,positive
F0010229,
F0010230,
F0010231,
F0010232,
F0010233,
F0010234,positive
F0010235,
F0010236,
F0010237,
F0010238,
F0010239,
F0010240,walkout
F0010241,walkout
F0010242,positive
F0010243,
F0010244,
F0010245,
F0010246,
F0010247,
F0010248,positive
F0010249,documents
F0010250,
F0010251,
F0010252,
F0010253,positive
F0010254,
F0010255,
F0010256,
F0010257,
F0010258,
F0010259,
F0010260,positive
F0010261,
F0010262,positive
F0010263,
F0010264,
F0010265,
F0010266,
F0010267,
F0010268,positive
F0010269,positive
F0010270,positive
F0010271,positive
F0010272,
F0010273,
F0010274,
F0010275,
F0010276,
F0010277,
F0010278,positive
F0010279,
F0010280,
F0010281,
F0010282,positive
F0010283,walkout
F0010284,
F0010285,positive
F0010286,
F0010287,
F0010288,
F0010289,
F0010290,
F0010291,
F0010292,
F0010293,
F0010294,
F0010295,positive
F0010296,
F0010297,
F0010298,
F0010299,
F0010300,
F0010301,walkout
F0010302,
F0010303,
F0010304,
F0010305,positive
F0010306,
F0010307,
F0010308,
F0010309,positive
F0010310,
F0010311,
F0010312,
F0010313,
F0010314,
F0010315,
F0010316,
F0010317,
F0010318,
F0010319,
F0010320,
F0010321,
F0010322,
F0010323,
F0010324,
F0010325,
F0010326,
F0010327,
F0010328,positive
F0010329,
F0010330,
F0010331,positive
F0010332,
F0010333,
F0010334,positive
F0010335,
F0010336,
F0010337,
F0010338,
F0010339,
F0010340,
F0010341,positive
F0010342,
F0010343,
F0010344,
F0010345,positive
F0010346,
F0010347,
F0010348,
F0010349,walkout
F0010350,
F0010351,
F0010352,
F0010353,
F0010354,
F0010355,
F0010356,documents
F0010357,
F0010358,positive
F0010359,
F0010360,
F0010361,
F0010362,
F0010363,
F0010364,
F0010365,
F0010366,
F0010367,
F0010368,
F0010369,
F0010370,
F0010371,
F0010372,
F0010373,
F0010374,
F0010375,
F0010376,
F0010377,
F0010378,positive
F0010379,
F0010380,
F0010381,
F0010382,walkout
F0010383,
F0010384,
F0010385,
F0010386,walkout
F0010387,walkout
F0010388,
F0010389,
F0010390,
F0010391,
F0010392,
F0010393,
F0010394,
F0010395,long_wait
F0010396,
F0010397,
F0010398,positive
F0010399,slow_dd
F0010400,
F0010401,positive
F0010402,
F0010403,
F0010404,
F0010405,
F0010406,
F0010407,
F0010408,
F0010409,positive
F0010410,
F0010411,
F0010412,
F0010413,
F0010414,
F0010415,
F0010416,walkout
F0010417,long_wait
F0010418,
F0010419,
F0010420,
F0010421,
F0010422,
F0010423,
F0010424,walkout
F0010425,
F0010426,
F0010427,slow_dd
F0010428,
F0010429,
F0010430,
F0010431,
F0010432,
F0010433,
F0010434,positive
F0010435,
F0010436,
F0010437,
F0010438,
F0010439,
F0010440,
F0010441,
F0010442,
F0010443,
F0010444,
F0010445,
F0010446,positive
F0010447,
F0010448,
F0010449,
F0010450,positive
F0010451,positive
F0010452,
F0010453,
F0010454,walkout
F0010455,
F0010456,
F0010457,
F0010458,
F0010459,
F0010460,
F0010461,
F0010462,
F0010463,
F0010464,
F0010465,
F0010466,
F0010467,
F0010468,
F0010469,
F0010470,
F0010471,
F0010472,
F0010473,
F0010474,
F0010475,long_wait
F0010476,
F0010477,
F0010478,walkout
F0010479,
F0010480,
F0010481,
F0010482,
F0010483,
F0010484,
F0010485,
F0010486,long_wait
F0010487,
F0010488,
F0010489,positive
F0010490,
F0010491,
F0010492,
F0010493,
F0010494,positive
F0010495,
F0010496,
F0010497,
F0010498,
F0010499,
F0010500,
F0010501,
F0010502,
F0010503,
F0010504,walkout
F0010505,positive
F0010506,
F0010507,
F0010508,
F0010509,
F0010510,
F0010511,
F0010512,
F0010513,
F0010514,
F0010515,
F0010516,
F0010517,
F0010518,
F0010519,
F0010520,
F0010521,
F0010522,
F0010523,
F0010524,
F0010525,
F0010526,
F0010527,
F0010528,
F0010529,walkout
F0010530,
F0010531,
F0010532,positive
F0010533,
F0010534,
F0010535,
F0010536,
F0010537,
F0010538,
F0010539,
F0010540,
F0010541,
F0010542,
F0010543,
F0010544,
F0010545,
F0010546,
F0010547,
F0010548,
F0010549,
F0010550,
F0010551,walkout
F0010552,
F0010553,long_wait
F0010554,long_wait
F0010555,walkout
F0010556,
F0010557,
F0010558,walkout
F0010559,
F0010560,walkout
F0010561,
F0010562,
F0010563,
F0010564,
F0010565,positive
F0010566,positive
F0010567,
F0010568,
F0010569,positive
F0010570,
F0010571,positive
F0010572,
F0010573,
F0010574,
F0010575,
F0010576,
F0010577,
F0010578,
F0010579,
F0010580,positive
F0010581,
F0010582,
F0010583,
F0010584,
F0010585,
F0010586,
F0010587,
F0010588,positive
F0010589,positive
F0010590,
F0010591,
F0010592,
F0010593,
F0010594,
F0010595,positive
F0010596,
F0010597,
F0010598,
F0010599,
F0010600,walkout
F0010601,
F0010602,walkout
F0010603,
F0010604,
F0010605,positive
F0010606,
F0010607,
F0010608,
F0010609,
F0010610,
F0010611,
F0010612,
F0010613,
F0010614,
F0010615,walkout
F0010616,walkout
F0010617,
F0010618,
F0010619,
F0010620,long_wait
F0010621,
F0010622,
F0010623,
F0010624,positive
F0010625,
F0010626,positive
F0010627,
F0010628,
F0010629,positive
F0010630,
F0010631,
F0010632,
F0010633,
F0010634,
F0010635,
F0010636,
F0010637,
F0010638,
F0010639,
F0010640,
F0010641,
F0010642,
F0010643,
F0010644,
F0010645,
F0010646,positive
F0010647,
F0010648,positive
F0010649,
F0010650,
F0010651,positive
F0010652,documents
F0010653,
F0010654,
F0010655,
F0010656,
F0010657,
F0010658,
F0010659,walkout
F0010660,positive
F0010661,
F0010662,
F0010663,
F0010664,positive
F0010665,
F0010666,positive
F0010667,
F0010668,
F0010669,
F0010670,
F0010671,
F0010672,
F0010673,positive
F0010674,
F0010675,
F0010676,
F0010677,
F0010678,
F0010679,
F0010680,
F0010681,positive
F0010682,
F0010683,
F0010684,slow_dd
F0010685,positive
F0010686,
F0010687,
F0010688,positive
F0010689,
F0010690,
F0010691,
F0010692,
F0010693,positive
F0010694,
F0010695,
F0010696,
F0010697,
F0010698,walkout
F0010699,
F0010700,
F0010701,
F0010702,walkout
F0010703,
F0010704,
F0010705,walkout
F0010706,
F0010707,walkout
F0010708,
F0010709,
F0010710,
F0010711,
F0010712,
F0010713,
F0010714,walkout
F0010715,
F0010716,
F0010717,
F0010718,walkout
F0010719,
F0010720,
F0010721,
F0010722,walkout
F0010723,
F0010724,
F0010725,
F0010726,walkout
F0010727,positive
F0010728,
F0010729,
F0010730,
F0010731,
F0010732,walkout
F0010733,walkout
F0010734,
F0010735,
F0010736,
F0010737,
F0010738,
F0010739,
F0010740,
F0010741,walkout
F0010742,
F0010743,
F0010744,
F0010745,walkout
F0010746,long_wait
F0010747,walkout
F0010748,
F0010749,
F0010750,walkout
F0010751,
F0010752,
F0010753,walkout
F0010754,walkout
F0010755,
F0010756,long_wait
F0010757,
F0010758,
F0010759,
F0010760,
F0010761,
F0010762,
F0010763,
F0010764,positive
F0010765,
F0010766,
F0010767,
F0010768,
F0010769,
F0010770,walkout
F0010771,
F0010772,
F0010773,
F0010774,
F0010775,
F0010776,positive
F0010777,positive
F0010778,
F0010779,
F0010780,
F0010781,
F0010782,
F0010783,long_wait
F0010784,
F0010785,walkout
F0010786,walkout
F0010787,
F0010788,
F0010789,
F0010790,
F0010791,
F0010792,
F0010793,
F0010794,
F0010795,
F0010796,
F0010797,
F0010798,
F0010799,positive
F0010800,
F0010801,
F0010802,
F0010803,
F0010804,
F0010805,
F0010806,
F0010807,
F0010808,
F0010809,
F0010810,
F0010811,positive
F0010812,
F0010813,positive
F0010814,
F0010815,
F0010816,walkout
F0010817,positive
F0010818,positive
F0010819,
F0010820,
F0010821,positive
F0010822,
F0010823,
F0010824,
F0010825,positive
F0010826,walkout
F0010827,positive
F0010828,
F0010829,
F0010830,
F0010831,walkout
F0010832,seating
F0010833,long_wait
F0010834,walkout
F0010835,
F0010836,
F0010837,walkout
F0010838,
F0010839,
F0010840,
F0010841,
F0010842,walkout
F0010843,
F0010844,long_wait
F0010845,
F0010846,
F0010847,positive
F0010848,
F0010849,
F0010850,positive
F0010851,
F0010852,
F0010853,
F0010854,
F0010855,
F0010856,
F0010857,
F0010858,
F0010859,
F0010860,
F0010861,
F0010862,positive
F0010863,
F0010864,
F0010865,
F0010866,
F0010867,
F0010868,positive
F0010869,
F0010870,
F0010871,
F0010872,
F0010873,
F0010874,
F0010875,
F0010876,walkout
F0010877,
F0010878,
F0010879,positive
F0010880,
F0010881,
F0010882,
F0010883,
F0010884,
F0010885,
F0010886,
F0010887,
F0010888,positive
F0010889,walkout
F0010890,
F0010891,
F0010892,
F0010893,
F0010894,
F0010895,
F0010896,
F0010897,
F0010898,
F0010899,
F0010900,
F0010901,
F0010902,
F0010903,
F0010904,
F0010905,
F0010906,
F0010907,
F0010908,
F0010909,positive
F0010910,
F0010911,positive
F0010912,
F0010913,
F0010914,
F0010915,
F0010916,
F0010917,positive
F0010918,positive
F0010919,
F0010920,
F0010921,
F0010922,
F0010923,positive
F0010924,positive
F0010925,
F0010926,positive
F0010927,
F0010928,
F0010929,
F0010930,long_wait
F0010931,
F0010932,walkout
F0010933,
F0010934,
F0010935,
F0010936,
F0010937,
F0010938,
F0010939,
F0010940,
F0010941,
F0010942,
F0010943,
F0010944,positive
F0010945,
F0010946,positive
F0010947,
F0010948,positive
F0010949,
F0010950,
F0010951,
F0010952,positive
F0010953,
F0010954,
F0010955,
F0010956,
F0010957,
F0010958,long_wait
F0010959,walkout
F0010960,
F0010961,
F0010962,positive
F0010963,
F0010964,
F0010965,
F0010966,
F0010967,positive
F0010968,
F0010969,positive
F0010970,
F0010971,
F0010972,
F0010973,
F0010974,
F0010975,
F0010976,
F0010977,walkout
F0010978,positive
F0010979,
F0010980,positive
F0010981,positive
F0010982,
F0010983,
F0010984,
F0010985,
F0010986,
F0010987,
F0010988,
F0010989,
F0010990,
F0010991,
F0010992,
F0010993,
F0010994,
F0010995,walkout
F0010996,
F0010997,positive
F0010998,
F0010999,
F0011000,
F0011001,
F0011002,
F0011003,
F0011004,
F0011005,
F0011006,
F0011007,
F0011008,
F0011009,
F0011010,
F0011011,
F0011012,positive
F0011013,positive
F0011014,
F0011015,
F0011016,
F0011017,
F0011018,
F0011019,system_down
F0011020,
F0011021,
F0011022,
F0011023,walkout
F0011024,walkout
F0011025,
F0011026,system_down
F0011027,
F0011028,
F0011029,positive
F0011030,
F0011031,
F0011032,
F0011033,
F0011034,
F0011035,long_wait
F0011036,
F0011037,
F0011038,walkout
F0011039,
F0011040,
F0011041,
F0011042,positive
F0011043,
F0011044,positive
F0011045,
F0011046,
F0011047,
F0011048,
F0011049,
F0011050,positive
F0011051,
F0011052,
F0011053,
F0011054,positive
F0011055,
F0011056,
F0011057,
F0011058,
F0011059,
F0011060,
F0011061,
F0011062,positive
F0011063,
F0011064,
F0011065,
F0011066,
F0011067,positive
F0011068,
F0011069,
F0011070,
F0011071,
F0011072,positive
F0011073,
F0011074,
F0011075,
F0011076,
F0011077,positive
F0011078,
F0011079,
F0011080,
F0011081,walkout
F0011082,positive
F0011083,
F0011084,
F0011085,
F0011086,
F0011087,
F0011088,
F0011089,
F0011090,positive
F0011091,
F0011092,
F0011093,
F0011094,
F0011095,
F0011096,
F0011097,
F0011098,
F0011099,
F0011100,
F0011101,
F0011102,
F0011103,
F0011104,
F0011105,
F0011106,
F0011107,
F0011108,
F0011109,
F0011110,
F0011111,
F0011112,
F0011113,
F0011114,
F0011115,
F0011116,
F0011117,
F0011118,
F0011119,
F0011120,
F0011121,long_wait
F0011122,walkout
F0011123,
F0011124,walkout
F0011125,walkout
F0011126,
F0011127,
F0011128,
F0011129,
F0011130,
F0011131,
F0011132,
F0011133,positive
F0011134,
F0011135,positive
F0011136,positive
F0011137,
F0011138,
F0011139,
F0011140,
F0011141,
F0011142,
F0011143,
F0011144,
F0011145,
F0011146,
F0011147,
F0011148,
F0011149,positive
F0011150,
F0011151,
F0011152,
F0011153,positive
F0011154,
F0011155,
F0011156,
F0011157,
F0011158,
F0011159,positive
F0011160,
F0011161,positive
F0011162,positive
F0011163,
F0011164,
F0011165,
F0011166,
F0011167,positive
F0011168,
F0011169,
F0011170,
F0011171,
F0011172,
F0011173,
F0011174,
F0011175,
F0011176,
F0011177,
F0011178,
F0011179,
F0011180,walkout
F0011181,walkout
F0011182,positive
F0011183,
F0011184,
F0011185,
F0011186,
F0011187,
F0011188,
F0011189,
F0011190,
F0011191,
F0011192,
F0011193,
F0011194,
F0011195,
F0011196,
F0011197,positive
F0011198,
F0011199,
F0011200,
F0011201,
F0011202,
F0011203,
F0011204,
F0011205,
F0011206,
F0011207,positive
F0011208,walkout
F0011209,positive
F0011210,
F0011211,walkout
F0011212,
F0011213,positive
F0011214,
F0011215,
F0011216,
F0011217,positive
F0011218,
F0011219,
F0011220,
F0011221,positive
F0011222,
F0011223,
F0011224,
F0011225,
F0011226,
F0011227,
F0011228,
F0011229,
F0011230,positive
F0011231,
F0011232,
F0011233,
F0011234,
F0011235,
F0011236,
F0011237,
F0011238,
F0011239,
F0011240,documents
F0011241,
F0011242,
F0011243,
F0011244,
F0011245,
F0011246,positive
F0011247,walkout
F0011248,
F0011249,
F0011250,
F0011251,
F0011252,
F0011253,
F0011254,
F0011255,
F0011256,
F0011257,
F0011258,
F0011259,
F0011260,
F0011261,
F0011262,walkout
F0011263,
F0011264,
F0011265,
F0011266,long_wait
F0011267,
F0011268,
F0011269,positive
F0011270,
F0011271,
F0011272,positive
F0011273,
F0011274,
F0011275,
F0011276,
F0011277,long_wait
F0011278,
F0011279,
F0011280,
F0011281,
F0011282,
F0011283,positive
F0011284,positive
F0011285,
F0011286,
F0011287,
F0011288,
F0011289,
F0011290,
F0011291,
F0011292,
F0011293,
F0011294,
F0011295,
F0011296,
F0011297,
F0011298,
F0011299,
F0011300,
F0011301,
F0011302,
F0011303,
F0011304,
F0011305,
F0011306,positive
F0011307,
F0011308,
F0011309,
F0011310,
F0011311,
F0011312,
F0011313,
F0011314,
F0011315,
F0011316,positive
F0011317,
F0011318,
F0011319,
F0011320,
F0011321,
F0011322,
F0011323,
F0011324,
F0011325,
F0011326,
F0011327,walkout
F0011328,
F0011329,
F0011330,
F0011331,
F0011332,
F0011333,
F0011334,positive
F0011335,
F0011336,
F0011337,
F0011338,
F0011339,positive
F0011340,
F0011341,
F0011342,
F0011343,
F0011344,
F0011345,
F0011346,
F0011347,
F0011348,
F0011349,
F0011350,positive
F0011351,
F0011352,
F0011353,
F0011354,documents
F0011355,
F0011356,
F0011357,
F0011358,
F0011359,
F0011360,
F0011361,
F0011362,
F0011363,positive
F0011364,
F0011365,
F0011366,
F0011367,
F0011368,
F0011369,
F0011370,
F0011371,
F0011372,positive
F0011373,
F0011374,
F0011375,
F0011376,
F0011377,
F0011378,
F0011379,
F0011380,
F0011381,
F0011382,positive
F0011383,
F0011384,
F0011385,
F0011386,
F0011387,
F0011388,
F0011389,
F0011390,
F0011391,positive
F0011392,
F0011393,
F0011394,
F0011395,
F0011396,
F0011397,
F0011398,
F0011399,positive
F0011400,
F0011401,
F0011402,
F0011403,
F0011404,
F0011405,
F0011406,
F0011407,
F0011408,
F0011409,walkout
F0011410,
F0011411,
F0011412,
F0011413,
F0011414,
F0011415,
F0011416,walkout
F0011417,
F0011418,
F0011419,
F0011420,
F0011421,
F0011422,walkout
F0011423,
F0011424,
F0011425,
F0011426,
F0011427,walkout
F0011428,
F0011429,
F0011430,
F0011431,positive
F0011432,
F0011433,
F0011434,
F0011435,positive
F0011436,positive
F0011437,positive
F0011438,
F0011439,
F0011440,positive
F0011441,
F0011442,
F0011443,
F0011444,
F0011445,
F0011446,
F0011447,
F0011448,
F0011449,
F0011450,positive
F0011451,
F0011452,
F0011453,positive
F0011454,
F0011455,
F0011456,
F0011457,positive
F0011458,
F0011459,
F0011460,
F0011461,
F0011462,
F0011463,
F0011464,positive
F0011465,
F0011466,
F0011467,
F0011468,
F0011469,
F0011470,
F0011471,
F0011472,
F0011473,positive
F0011474,positive
F0011475,
F0011476,
F0011477,
F0011478,
F0011479,
F0011480,
F0011481,
F0011482,
F0011483,
F0011484,
F0011485,
F0011486,
F0011487,
F0011488,
F0011489,
F0011490,
F0011491,lunch
F0011492,
F0011493,
F0011494,
F0011495,
F0011496,documents
F0011497,
F0011498,positive
F0011499,
F0011500,
F0011501,
F0011502,
F0011503,
F0011504,
F0011505,
F0011506,long_wait
F0011507,
F0011508,
F0011509,
F0011510,
F0011511,walkout
F0011512,
F0011513,
F0011514,
F0011515,
F0011516,
F0011517,
F0011518,
F0011519,
F0011520,
F0011521,
F0011522,
F0011523,
F0011524,positive
F0011525,
F0011526,
F0011527,
F0011528,
F0011529,
F0011530,positive
F0011531,positive
F0011532,
F0011533,
F0011534,
F0011535,
F0011536,
F0011537,
F0011538,
F0011539,
F0011540,
F0011541,
F0011542,
F0011543,
F0011544,walkout
F0011545,positive
F0011546,
F0011547,
F0011548,
F0011549,lunch
F0011550,
F0011551,
F0011552,
F0011553,
F0011554,
F0011555,
F0011556,walkout
F0011557,
F0011558,
F0011559,
F0011560,
F0011561,positive
F0011562,
F0011563,
F0011564,
F0011565,
F0011566,
F0011567,
F0011568,
F0011569,
F0011570,
F0011571,
F0011572,
F0011573,
F0011574,
F0011575,positive
F0011576,positive
F0011577,
F0011578,
F0011579,
F0011580,
F0011581,positive
F0011582,
F0011583,
F0011584,
F0011585,
F0011586,
F0011587,
F0011588,
F0011589,positive
F0011590,
F0011591,
F0011592,
F0011593,
F0011594,
F0011595,
F0011596,
F0011597,
F0011598,
F0011599,positive
F0011600,
F0011601,
F0011602,
F0011603,
F0011604,
F0011605,positive
F0011606,
F0011607,
F0011608,
F0011609,
F0011610,
F0011611,
F0011612,
F0011613,
F0011614,
F0011615,
F0011616,
F0011617,walkout
F0011618,walkout
F0011619,
F0011620,
F0011621,
F0011622,
F0011623,
F0011624,
F0011625,
F0011626,positive
F0011627,positive
F0011628,
F0011629,
F0011630,
F0011631,
F0011632,
F0011633,
F0011634,
F0011635,
F0011636,
F0011637,
F0011638,
F0011639,positive
F0011640,
F0011641,long_wait
F0011642,positive
F0011643,positive
F0011644,
F0011645,
F0011646,
F0011647,
F0011648,
F0011649,
F0011650,
F0011651,
F0011652,
F0011653,
F0011654,
F0011655,
F0011656,
F0011657,walkout
F0011658,
F0011659,walkout
F0011660,
F0011661,
F0011662,
F0011663,
F0011664,
F0011665,walkout
F0011666,
F0011667,positive
F0011668,
F0011669,
F0011670,
F0011671,
F0011672,
F0011673,
F0011674,
F0011675,
F0011676,
F0011677,walkout
F0011678,
F0011679,
F0011680,
F0011681,
F0011682,
F0011683,
F0011684,
F0011685,
F0011686,
F0011687,positive
F0011688,
F0011689,
F0011690,
F0011691,
F0011692,
F0011693,
F0011694,
F0011695,
F0011696,walkout
F0011697,
F0011698,walkout
F0011699,long_wait
F0011700,
F0011701,walkout
F0011702,
F0011703,
F0011704,
F0011705,
F0011706,
F0011707,
F0011708,walkout
F0011709,
F0011710,
F0011711,
F0011712,
F0011713,
F0011714,walkout
F0011715,
F0011716,
F0011717,
F0011718,walkout
F0011719,
F0011720,
F0011721,positive
F0011722,long_wait
F0011723,positive
F0011724,
F0011725,walkout
F0011726,
F0011727,
F0011728,positive
F0011729,
F0011730,
F0011731,positive
F0011732,
F0011733,
F0011734,walkout
F0011735,
F0011736,positive
F0011737,
F0011738,
F0011739,
F0011740,walkout
F0011741,
F0011742,
F0011743,
F0011744,
F0011745,
F0011746,
F0011747,
F0011748,positive
F0011749,
F0011750,
F0011751,
F0011752,long_wait
F0011753,
F0011754,
F0011755,
F0011756,
F0011757,
F0011758,walkout
F0011759,positive
F0011760,
F0011761,
F0011762,
F0011763,
F0011764,
F0011765,
F0011766,
F0011767,
F0011768,positive
F0011769,
F0011770,
F0011771,
F0011772,
F0011773,
F0011774,
F0011775,walkout
F0011776,
F0011777,
F0011778,
F0011779,
F0011780,
F0011781,
F0011782,walkout
F0011783,
F0011784,
F0011785,
F0011786,
F0011787,
F0011788,
F0011789,positive
F0011790,
F0011791,
F0011792,
F0011793,
F0011794,walkout
F0011795,long_wait
F0011796,
F0011797,
F0011798,positive
F0011799,
F0011800,
F0011801,
F0011802,
F0011803,
F0011804,
F0011805,
F0011806,
F0011807,
F0011808,positive
F0011809,
F0011810,
F0011811,
F0011812,
F0011813,
F0011814,
F0011815,
F0011816,
F0011817,
F0011818,
F0011819,
F0011820,
F0011821,
F0011822,
F0011823,
F0011824,positive
F0011825,
F0011826,
F0011827,
F0011828,positive
F0011829,
F0011830,
F0011831,positive
F0011832,
F0011833,
F0011834,positive
F0011835,
F0011836,
F0011837,documents
F0011838,
F0011839,
F0011840,
F0011841,documents
F0011842,
F0011843,positive
F0011844,positive
F0011845,
F0011846,
F0011847,documents
F0011848,
F0011849,
F0011850,documents
F0011851,positive
F0011852,
F0011853,
F0011854,
F0011855,
F0011856,positive
F0011857,
F0011858,positive
F0011859,positive
F0011860,
F0011861,
F0011862,walkout
F0011863,walkout
F0011864,
F0011865,
F0011866,
F0011867,
F0011868,documents
F0011869,
F0011870,
F0011871,
F0011872,
F0011873,
F0011874,
F0011875,
F0011876,
F0011877,
F0011878,
F0011879,
F0011880,positive
F0011881,
F0011882,walkout
F0011883,
F0011884,
F0011885,
F0011886,
F0011887,
F0011888,walkout
F0011889,
F0011890,positive
F0011891,
F0011892,
F0011893,
F0011894,
F0011895,walkout
F0011896,
F0011897,positive
F0011898,
F0011899,
F0011900,
F0011901,
F0011902,walkout
F0011903,
F0011904,
F0011905,
F0011906,long_wait
F0011907,positive
F0011908,walkout
F0011909,
F0011910,
F0011911,
F0011912,
F0011913,walkout
F0011914,
F0011915,
F0011916,
F0011917,
F0011918,
F0011919,
F0011920,
F0011921,walkout
F0011922,long_wait
F0011923,walkout
F0011924,
F0011925,long_wait
F0011926,
F0011927,
F0011928,
F0011929,
F0011930,walkout
F0011931,positive
F0011932,
F0011933,
F0011934,
F0011935,
F0011936,
F0011937,
F0011938,
F0011939,
F0011940,
F0011941,walkout
F0011942,walkout
F0011943,
F0011944,
F0011945,
F0011946,
F0011947,positive
F0011948,
F0011949,
F0011950,
F0011951,positive
F0011952,
F0011953,
F0011954,
F0011955,
F0011956,
F0011957,positive
F0011958,
F0011959,positive
F0011960,
F0011961,
F0011962,
F0011963,
F0011964,
F0011965,
F0011966,
F0011967,
F0011968,
F0011969,
F0011970,
F0011971,
F0011972,
F0011973,
F0011974,
F0011975,
F0011976,
F0011977,
F0011978,
F0011979,
F0011980,positive
F0011981,
F0011982,
F0011983,
F0011984,
F0011985,
F0011986,
F0011987,
F0011988,
F0011989,
F0011990,
F0011991,
F0011992,
F0011993,positive
F0011994,
F0011995,
F0011996,
F0011997,
F0011998,
F0011999,
F0012000,
F0012001,
F0012002,
F0012003,positive
F0012004,positive
F0012005,
F0012006,positive
F0012007,walkout
F0012008,
F0012009,positive
F0012010,
F0012011,
F0012012,walkout
F0012013,
F0012014,
F0012015,
F0012016,
F0012017,
F0012018,positive
F0012019,
F0012020,
F0012021,
F0012022,positive
F0012023,
F0012024,
F0012025,positive
F0012026,positive
F0012027,
F0012028,
F0012029,
F0012030,
F0012031,
F0012032,
F0012033,positive
F0012034,
F0012035,positive
F0012036,
F0012037,
F0012038,positive
F0012039,
F0012040,
F0012041,
F0012042,
F0012043,
F0012044,
F0012045,
F0012046,
F0012047,
F0012048,
F0012049,
F0012050,
F0012051,
F0012052,
F0012053,
F0012054,
F0012055,
F0012056,positive
F0012057,long_wait
F0012058,
F0012059,
F0012060,positive
F0012061,
F0012062,
F0012063,
F0012064,
F0012065,
F0012066,
F0012067,
F0012068,
F0012069,
F0012070,
F0012071,walkout
F0012072,positive
F0012073,
F0012074,
F0012075,
F0012076,walkout
F0012077,
F0012078,
F0012079,
F0012080,
F0012081,
F0012082,walkout
F0012083,
F0012084,
F0012085,
F0012086,walkout
F0012087,walkout
F0012088,
F0012089,
F0012090,
F0012091,
F0012092,positive
F0012093,walkout
F0012094,
F0012095,
F0012096,
F0012097,
F0012098,
F0012099,
F0012100,
F0012101,
F0012102,
F0012103,
F0012104,
F0012105,
F0012106,
F0012107,
F0012108,
F0012109,
F0012110,
F0012111,
F0012112,
F0012113,
F0012114,
F0012115,
F0012116,
F0012117,
F0012118,positive
F0012119,
F0012120,
F0012121,
F0012122,positive
F0012123,
F0012124,
F0012125,
F0012126,
F0012127,
F0012128,
F0012129,
F0012130,
F0012131,
F0012132,
F0012133,positive
F0012134,
F0012135,
F0012136,
F0012137,
F0012138,
F0012139,
F0012140,
F0012141,
F0012142,
F0012143,
F0012144,
F0012145,walkout
F0012146,long_wait
F0012147,
F0012148,
F0012149,
F0012150,walkout
F0012151,
F0012152,
F0012153,positive
F0012154,
F0012155,walkout
F0012156,
F0012157,
F0012158,
F0012159,
F0012160,
F0012161,
F0012162,
F0012163,positive
F0012164,walkout
F0012165,
F0012166,positive
F0012167,
F0012168,long_wait
F0012169,
F0012170,positive
F0012171,slow_dd
F0012172,
F0012173,
F0012174,
F0012175,
F0012176,positive
F0012177,
F0012178,
F0012179,
F0012180,
F0012181,
F0012182,
F0012183,
F0012184,positive
F0012185,
F0012186,
F0012187,
F0012188,
F0012189,
F0012190,
F0012191,
F0012192,
F0012193,
F0012194,
F0012195,
F0012196,
F0012197,
F0012198,
F0012199,
F0012200,
F0012201,positive
F0012202,
F0012203,
F0012204,
F0012205,
F0012206,
F0012207,
F0012208,positive
F0012209,
F0012210,
F0012211,
F0012212,
F0012213,
F0012214,
F0012215,
F0012216,
F0012217,
F0012218,
F0012219,
F0012220,long_wait
F0012221,
F0012222,long_wait
F0012223,
F0012224,
F0012225,
F0012226,
F0012227,
F0012228,
F0012229,walkout
F0012230,walkout
F0012231,
F0012232,
F0012233,
F0012234,walkout
F0012235,walkout
F0012236,long_wait
F0012237,walkout
F0012238,positive
F0012239,walkout
F0012240,
F0012241,walkout
F0012242,
F0012243,
F0012244,
F0012245,
F0012246,walkout
F0012247,
F0012248,lunch
F0012249,walkout
F0012250,walkout
F0012251,
F0012252,long_wait
F0012253,
F0012254,long_wait
F0012255,walkout
F0012256,
F0012257,
F0012258,
F0012259,
F0012260,positive
F0012261,
F0012262,
F0012263,
F0012264,
F0012265,
F0012266,
F0012267,
F0012268,
F0012269,walkout
F0012270,
F0012271,
F0012272,
F0012273,
F0012274,
F0012275,
F0012276,lunch
F0012277,
F0012278,long_wait
F0012279,
F0012280,
F0012281,
F0012282,
F0012283,
F0012284,
F0012285,
F0012286,walkout
F0012287,positive
F0012288,
F0012289,
F0012290,
F0012291,
F0012292,
F0012293,
F0012294,
F0012295,positive
F0012296,
F0012297,
F0012298,
F0012299,
F0012300,
F0012301,
F0012302,
F0012303,
F0012304,positive
F0012305,
F0012306,
F0012307,positive
F0012308,positive
F0012309,
F0012310,
F0012311,
F0012312,
F0012313,
F0012314,
F0012315,
F0012316,
F0012317,positive
F0012318,
F0012319,positive
F0012320,
F0012321,
F0012322,
F0012323,
F0012324,
F0012325,
F0012326,
F0012327,
F0012328,
F0012329,
F0012330,
F0012331,
F0012332,
F0012333,
F0012334,
F0012335,
F0012336,positive
F0012337,
F0012338,
F0012339,
F0012340,positive
F0012341,
F0012342,
F0012343,
F0012344,
F0012345,
F0012346,positive
F0012347,
F0012348,positive
F0012349,
F0012350,positive
F0012351,
F0012352,positive
F0012353,
F0012354,
F0012355,positive
F0012356,
F0012357,
F0012358,
F0012359,positive
F0012360,
F0012361,positive
F0012362,
F0012363,
F0012364,
F0012365,
F0012366,
F0012367,
F0012368,
F0012369,
F0012370,
F0012371,
F0012372,positive
F0012373,
F0012374,
F0012375,
F0012376,
F0012377,positive
F0012378,
F0012379,
F0012380,
F0012381,positive
F0012382,
F0012383,
F0012384,
F0012385,walkout
F0012386,slow_dd
F0012387,positive
F0012388,
F0012389,
F0012390,
F0012391,
F0012392,
F0012393,
F0012394,
F0012395,
F0012396,positive
F0012397,
F0012398,
F0012399,
F0012400,walkout
F0012401,
F0012402,
F0012403,positive
F0012404,positive
F0012405,
F0012406,
F0012407,
F0012408,
F0012409,walkout
F0012410,
F0012411,
F0012412,walkout
F0012413,
F0012414,positive
F0012415,walkout
F0012416,
F0012417,positive
F0012418,positive
F0012419,
F0012420,positive
F0012421,
F0012422,
F0012423,walkout
F0012424,
F0012425,
F0012426,walkout
F0012427,
F0012428,
F0012429,walkout
F0012430,
F0012431,
F0012432,walkout
F0012433,
F0012434,
F0012435,
F0012436,
F0012437,
F0012438,positive
F0012439,
F0012440,
F0012441,walkout
F0012442,
F0012443,
F0012444,
F0012445,
F0012446,
F0012447,
F0012448,
F0012449,positive
F0012450,
F0012451,
F0012452,
F0012453,
F0012454,
F0012455,positive
F0012456,
F0012457,
F0012458,
F0012459,
F0012460,
F0012461,positive
F0012462,
F0012463,positive
F0012464,positive
F0012465,positive
F0012466,
F0012467,
F0012468,
F0012469,
F0012470,
F0012471,
F0012472,
F0012473,positive
F0012474,
F0012475,
F0012476,walkout
F0012477,
F0012478,
F0012479,
F0012480,positive
F0012481,
F0012482,
F0012483,
F0012484,
F0012485,
F0012486,
F0012487,
F0012488,
F0012489,
F0012490,
F0012491,
F0012492,
F0012493,
F0012494,
F0012495,
F0012496,long_wait
F0012497,walkout
F0012498,positive
F0012499,
F0012500,
F0012501,seating
F0012502,
F0012503,
F0012504,positive
F0012505,
F0012506,positive
F0012507,positive
F0012508,positive
F0012509,
F0012510,
F0012511,
F0012512,
F0012513,
F0012514,
F0012515,
F0012516,
F0012517,
F0012518,documents
F0012519,positive
F0012520,
F0012521,
F0012522,
F0012523,
F0012524,
F0012525,documents
F0012526,
F0012527,
F0012528,
F0012529,
F0012530,
F0012531,
F0012532,
F0012533,
F0012534,positive
F0012535,
F0012536,
F0012537,
F0012538,
F0012539,
F0012540,
F0012541,walkout
F0012542,
F0012543,
F0012544,positive
F0012545,
F0012546,walkout
F0012547,system_down
F0012548,system_down
F0012549,
F0012550,
F0012551,
F0012552,
F0012553,
F0012554,
F0012555,
F0012556,walkout
F0012557,
F0012558,positive
F0012559,
F0012560,
F0012561,
F0012562,
F0012563,
F0012564,
F0012565,
F0012566,positive
F0012567,
F0012568,
F0012569,
F0012570,
F0012571,
F0012572,
F0012573,
F0012574,
F0012575,
F0012576,
F0012577,
F0012578,
F0012579,walkout
F0012580,
F0012581,
F0012582,walkout
F0012583,long_wait
F0012584,
F0012585,walkout
F0012586,
F0012587,walkout
F0012588,walkout
F0012589,
F0012590,
F0012591,walkout
F0012592,
F0012593,
F0012594,
F0012595,
F0012596,
F0012597,walkout
F0012598,
F0012599,long_wait
F0012600,
F0012601,walkout
F0012602,
F0012603,walkout
F0012604,walkout
F0012605,walkout
F0012606,walkout
F0012607,
F0012608,walkout
F0012609,
F0012610,
F0012611,positive
F0012612,
F0012613,
F0012614,
F0012615,
F0012616,
F0012617,positive
F0012618,
F0012619,
F0012620,
F0012621,
F0012622,
F0012623,
F0012624,walkout
F0012625,
F0012626,walkout
F0012627,
F0012628,
F0012629,
F0012630,
F0012631,
F0012632,
F0012633,
F0012634,
F0012635,
F0012636,walkout
F0012637,
F0012638,
F0012639,walkout
F0012640,
F0012641,
F0012642,
F0012643,positive
F0012644,
F0012645,
F0012646,
F0012647,
F0012648,
F0012649,
F0012650,
F0012651,
F0012652,
F0012653,
F0012654,
F0012655,
F0012656,walkout
F0012657,
F0012658,
F0012659,positive
F0012660,
F0012661,
F0012662,
F0012663,positive
F0012664,
F0012665,
F0012666,
F0012667,
F0012668,
F0012669,positive
F0012670,
F0012671,positive
F0012672,
F0012673,
F0012674,
F0012675,
F0012676,
F0012677,walkout
F0012678,
F0012679,
F0012680,
F0012681,
F0012682,
F0012683,
F0012684,walkout
F0012685,
F0012686,
F0012687,
F0012688,
F0012689,
F0012690,positive
F0012691,
F0012692,
F0012693,
F0012694,positive
F0012695,
F0012696,
F0012697,
F0012698,
F0012699,
F0012700,
F0012701,
F0012702,
F0012703,
F0012704,
F0012705,positive
F0012706,
F0012707,
F0012708,
F0012709,
F0012710,
F0012711,
F0012712,
F0012713,
F0012714,
F0012715,
F0012716,
F0012717,
F0012718,positive
F0012719,
F0012720,walkout
F0012721,
F0012722,
F0012723,walkout
F0012724,
F0012725,
F0012726,walkout
F0012727,walkout
F0012728,
F0012729,
F0012730,
F0012731,
F0012732,
F0012733,
F0012734,
F0012735,
F0012736,long_wait
F0012737,positive
F0012738,
F0012739,
F0012740,positive
F0012741,positive
F0012742,
F0012743,
F0012744,positive
F0012745,
F0012746,
F0012747,
F0012748,positive
F0012749,
F0012750,positive
F0012751,
F0012752,
F0012753,positive
F0012754,
F0012755,
F0012756,
F0012757,
F0012758,
F0012759,
F0012760,positive
F0012761,
F0012762,
F0012763,
F0012764,positive
F0012765,
F0012766,
F0012767,
F0012768,
F0012769,
F0012770,walkout
F0012771,
F0012772,
F0012773,
F0012774,
F0012775,
F0012776,
F0012777,
F0012778,
F0012779,
F0012780,positive
F0012781,
F0012782,
F0012783,
F0012784,
F0012785,
F0012786,
F0012787,
F0012788,
F0012789,
F0012790,positive
F0012791,walkout
F0012792,walkout
F0012793,
F0012794,walkout
F0012795,
F0012796,walkout
F0012797,
F0012798,
F0012799,
F0012800,
F0012801,walkout
F0012802,
F0012803,
F0012804,walkout
F0012805,
F0012806,slow_dd
F0012807,
F0012808,
F0012809,walkout
F0012810,
F0012811,
F0012812,
F0012813,walkout
F0012814,walkout
F0012815,walkout
F0012816,
F0012817,
F0012818,
F0012819,positive
F0012820,walkout
F0012821,
F0012822,
F0012823,
F0012824,positive
F0012825,
F0012826,walkout
F0012827,
F0012828,walkout
F0012829,
F0012830,walkout
F0012831,
F0012832,
F0012833,
F0012834,walkout
F0012835,
F0012836,
F0012837,
F0012838,
F0012839,positive
F0012840,
F0012841,
F0012842,
F0012843,
F0012844,
F0012845,
F0012846,
F0012847,walkout
F0012848,
F0012849,seating
F0012850,
F0012851,
F0012852,
F0012853,long_wait
F0012854,
F0012855,
F0012856,
F0012857,
F0012858,
F0012859,
F0012860,
F0012861,
F0012862,
F0012863,walkout
F0012864,
F0012865,
F0012866,
F0012867,
F0012868,
F0012869,walkout
F0012870,walkout
F0012871,
F0012872,
F0012873,
F0012874,
F0012875,
F0012876,long_wait
F0012877,
F0012878,
F0012879,walkout
F0012880,long_wait
F0012881,
F0012882,
F0012883,
F0012884,
F0012885,
F0012886,
F0012887,
F0012888,
F0012889,
F0012890,
F0012891,
F0012892,
F0012893,
F0012894,
F0012895,
F0012896,positive
F0012897,
F0012898,
F0012899,
F0012900,walkout
F0012901,
F0012902,walkout
F0012903,walkout
F0012904,
F0012905,
F0012906,
F0012907,
F0012908,
F0012909,
F0012910,
F0012911,walkout
F0012912,
F0012913,long_wait
F0012914,walkout
F0012915,
F0012916,positive
F0012917,positive
F0012918,
F0012919,walkout
F0012920,
F0012921,
F0012922,
F0012923,
F0012924,
F0012925,
F0012926,
F0012927,
F0012928,
F0012929,positive
F0012930,
F0012931,
F0012932,positive
F0012933,
F0012934,
F0012935,positive
F0012936,
F0012937,
F0012938,
F0012939,
F0012940,
F0012941,
F0012942,
F0012943,
F0012944,
F0012945,walkout
F0012946,documents
F0012947,
F0012948,walkout
F0012949,walkout
F0012950,
F0012951,walkout
F0012952,walkout
F0012953,
F0012954,
F0012955,
F0012956,
F0012957,
F0012958,
F0012959,
F0012960,
F0012961,
F0012962,
F0012963,
F0012964,
F0012965,
F0012966,walkout
F0012967,
F0012968,walkout
F0012969,
F0012970,
F0012971,
F0012972,
F0012973,
F0012974,
F0012975,
F0012976,
F0012977,
F0012978,
F0012979,
F0012980,
F0012981,
F0012982,
F0012983,
F0012984,
F0012985,
F0012986,
F0012987,walkout
F0012988,long_wait
F0012989,
F0012990,
F0012991,
F0012992,
F0012993,
F0012994,
F0012995,
F0012996,positive
F0012997,
F0012998,
F0012999,
F0013000,
F0013001,
F0013002,
F0013003,
F0013004,
F0013005,
F0013006,
F0013007,
F0013008,
F0013009,walkout
F0013010,
F0013011,walkout
F0013012,
F0013013,
F0013014,
F0013015,positive
F0013016,
F0013017,
F0013018,
F0013019,
F0013020,
F0013021,
F0013022,
F0013023,positive
F0013024,positive
F0013025,
F0013026,
F0013027,
F0013028,positive
F0013029,
F0013030,
F0013031,
F0013032,walkout
F0013033,
F0013034,
F0013035,
F0013036,
F0013037,
F0013038,
F0013039,
F0013040,
F0013041,positive
F0013042,positive
F0013043,
F0013044,
F0013045,
F0013046,
F0013047,positive
F0013048,positive
F0013049,
F0013050,
F0013051,
F0013052,
F0013053,
F0013054,positive
F0013055,
F0013056,
F0013057,positive
F0013058,
F0013059,
F0013060,
F0013061,
F0013062,
F0013063,
F0013064,
F0013065,
F0013066,
F0013067,
F0013068,
F0013069,
F0013070,
F0013071,
F0013072,
F0013073,
F0013074,
F0013075,
F0013076,
F0013077,
F0013078,
F0013079,
F0013080,
F0013081,
F0013082,
F0013083,
F0013084,
F0013085,
F0013086,positive
F0013087,
F0013088,
F0013089,
F0013090,positive
F0013091,
F0013092,
F0013093,
F0013094,
F0013095,
F0013096,positive
F0013097,
F0013098,
F0013099,
F0013100,
F0013101,
F0013102,walkout
F0013103,
F0013104,positive
F0013105,
F0013106,
F0013107,
F0013108,
F0013109,documents
F0013110,
F0013111,
F0013112,long_wait
F0013113,
F0013114,
F0013115,
F0013116,
F0013117,
F0013118,
F0013119,
F0013120,
F0013121,
F0013122,
F0013123,walkout
F0013124,
F0013125,
F0013126,
F0013127,
F0013128,
F0013129,positive
F0013130,
F0013131,
F0013132,
F0013133,
F0013134,
F0013135,
F0013136,
F0013137,walkout
F0013138,
F0013139,walkout
F0013140,
F0013141,walkout
F0013142,
F0013143,
F0013144,
F0013145,
F0013146,
F0013147,
F0013148,
F0013149,
F0013150,walkout
F0013151,walkout
F0013152,long_wait
F0013153,
F0013154,positive
F0013155,
F0013156,
F0013157,walkout
F0013158,
F0013159,walkout
F0013160,
F0013161,walkout
F0013162,
F0013163,walkout
F0013164,walkout
F0013165,walkout
F0013166,walkout
F0013167,
F0013168,
F0013169,long_wait
F0013170,
F0013171,
F0013172,
F0013173,
F0013174,long_wait
F0013175,
F0013176,
F0013177,
F0013178,
F0013179,
F0013180,walkout
F0013181,walkout
F0013182,
F0013183,
F0013184,
F0013185,walkout
F0013186,
F0013187,
F0013188,
F0013189,
F0013190,long_wait
F0013191,positive
F0013192,
F0013193,
F0013194,walkout
F0013195,walkout
F0013196,walkout
F0013197,seating
F0013198,walkout
F0013199,walkout
F0013200,
F0013201,
F0013202,
F0013203,
F0013204,
F0013205,
F0013206,
F0013207,
F0013208,
F0013209,
F0013210,
F0013211,
F0013212,
F0013213,walkout
F0013214,walkout
F0013215,walkout
F0013216,
F0013217,walkout
F0013218,
F0013219,
F0013220,walkout
F0013221,walkout
F0013222,
F0013223,
F0013224,positive
F0013225,
F0013226,positive
F0013227,
F0013228,
F0013229,
F0013230,positive
F0013231,
F0013232,
F0013233,
F0013234,
F0013235,
F0013236,
F0013237,
F0013238,
F0013239,
F0013240,
F0013241,
F0013242,
F0013243,
F0013244,
F0013245,
F0013246,
F0013247,
F0013248,positive
F0013249,
F0013250,
F0013251,
F0013252,
F0013253,
F0013254,
F0013255,
F0013256,positive
F0013257,
F0013258,
F0013259,
F0013260,walkout
F0013261,positive
F0013262,
F0013263,
F0013264,
F0013265,positive
F0013266,
F0013267,
F0013268,
F0013269,
F0013270,
F0013271,walkout
F0013272,
F0013273,
F0013274,
F0013275,
F0013276,
F0013277,
F0013278,
F0013279,
F0013280,
F0013281,
F0013282,walkout
F0013283,
F0013284,
F0013285,
F0013286,
F0013287,
F0013288,
F0013289,positive
F0013290,
F0013291,
F0013292,
F0013293,
F0013294,positive
F0013295,
F0013296,
F0013297,
F0013298,
F0013299,
F0013300,
F0013301,
F0013302,
F0013303,
F0013304,
F0013305,
F0013306,
F0013307,
F0013308,
F0013309,
F0013310,positive
F0013311,documents
F0013312,
F0013313,
F0013314,
F0013315,
F0013316,
F0013317,
F0013318,
F0013319,positive
F0013320,
F0013321,positive
F0013322,
F0013323,
F0013324,
F0013325,
F0013326,
F0013327,positive
F0013328,positive
F0013329,
F0013330,
F0013331,
F0013332,
F0013333,
F0013334,
F0013335,
F0013336,
F0013337,
F0013338,
F0013339,
F0013340,
F0013341,walkout
F0013342,long_wait
F0013343,positive
F0013344,
F0013345,
F0013346,
F0013347,
F0013348,
F0013349,positive
F0013350,positive
F0013351,
F0013352,
F0013353,
F0013354,positive
F0013355,
F0013356,
F0013357,
F0013358,walkout
F0013359,positive
F0013360,
F0013361,
F0013362,
F0013363,
F0013364,
F0013365,
F0013366,
F0013367,
F0013368,positive
F0013369,
F0013370,
F0013371,
F0013372,
F0013373,
F0013374,
F0013375,
F0013376,
F0013377,
F0013378,
F0013379,
F0013380,positive
F0013381,
F0013382,
F0013383,
F0013384,
F0013385,
F0013386,
F0013387,
F0013388,
F0013389,
F0013390,positive
F0013391,positive
F0013392,
F0013393,
F0013394,positive
F0013395,
F0013396,
F0013397,
F0013398,
F0013399,
F0013400,
F0013401,positive
F0013402,
F0013403,
F0013404,
F0013405,walkout
F0013406,
F0013407,
F0013408,
F0013409,
F0013410,long_wait
F0013411,
F0013412,
F0013413,walkout
F0013414,
F0013415,
F0013416,
F0013417,
F0013418,
F0013419,walkout
F0013420,
F0013421,positive
F0013422,
F0013423,
F0013424,
F0013425,
F0013426,
F0013427,
F0013428,positive
F0013429,
F0013430,positive
F0013431,
F0013432,
F0013433,
F0013434,
F0013435,
F0013436,
F0013437,
F0013438,
F0013439,
F0013440,
F0013441,
F0013442,
F0013443,
F0013444,positive
F0013445,
F0013446,
F0013447,positive
F0013448,
F0013449,
F0013450,
F0013451,
F0013452,
F0013453,
F0013454,
F0013455,
F0013456,
F0013457,
F0013458,
F0013459,
F0013460,
F0013461,positive
F0013462,positive
F0013463,walkout
F0013464,
F0013465,
F0013466,
F0013467,
F0013468,positive
F0013469,
F0013470,
F0013471,
F0013472,
F0013473,
F0013474,
F0013475,
F0013476,
F0013477,
F0013478,
F0013479,
F0013480,
F0013481,positive
F0013482,
F0013483,
F0013484,
F0013485,positive
F0013486,
F0013487,
F0013488,
F0013489,
F0013490,
F0013491,positive
F0013492,
F0013493,
F0013494,
F0013495,positive
F0013496,
F0013497,positive
F0013498,
F0013499,positive
F0013500,positive
F0013501,
F0013502,
F0013503,
F0013504,
F0013505,
F0013506,
F0013507,walkout
F0013508,
F0013509,
F0013510,
F0013511,documents
F0013512,
F0013513,positive
F0013514,
F0013515,positive
F0013516,
F0013517,
F0013518,
F0013519,
F0013520,positive
F0013521,
F0013522,
F0013523,positive
F0013524,
F0013525,
F0013526,
F0013527,positive
F0013528,
F0013529,
F0013530,
F0013531,positive
F0013532,positive
F0013533,
F0013534,
F0013535,positive
F0013536,
F0013537,positive
F0013538,
F0013539,
F0013540,
F0013541,positive
F0013542,positive
F0013543,
F0013544,walkout
F0013545,
F0013546,
F0013547,
F0013548,
F0013549,
F0013550,positive
F0013551,
F0013552,
F0013553,
F0013554,
F0013555,
F0013556,
F0013557,
F0013558,
F0013559,
F0013560,positive
F0013561,walkout
F0013562,
F0013563,
F0013564,
F0013565,positive
F0013566,
F0013567,
F0013568,
F0013569,
F0013570,
F0013571,
F0013572,
F0013573,
F0013574,positive
F0013575,
F0013576,
F0013577,
F0013578,
F0013579,
F0013580,
F0013581,
F0013582,
F0013583,positive
F0013584,
F0013585,
F0013586,
F0013587,
F0013588,
F0013589,
F0013590,
F0013591,
F0013592,
F0013593,
F0013594,
F0013595,
F0013596,positive
F0013597,positive
F0013598,
F0013599,
F0013600,
F0013601,positive
F0013602,
F0013603,
F0013604,
F0013605,positive
F0013606,
F0013607,
F0013608,
F0013609,
F0013610,
F0013611,
F0013612,
F0013613,positive
F0013614,
F0013615,
F0013616,
F0013617,
F0013618,positive
F0013619,
F0013620,
F0013621,
F0013622,positive
F0013623,positive
F0013624,
F0013625,
F0013626,
F0013627,
F0013628,
F0013629,positive
F0013630,
F0013631,
F0013632,
F0013633,
F0013634,
F0013635,
F0013636,
F0013637,
F0013638,
F0013639,
F0013640,positive
F0013641,
F0013642,
F0013643,
F0013644,
F0013645,positive
F0013646,
F0013647,
F0013648,positive
F0013649,
F0013650,
F0013651,
F0013652,
F0013653,
F0013654,
F0013655,
F0013656,
F0013657,
F0013658,positive
F0013659,positive
F0013660,
F0013661,
F0013662,
F0013663,
F0013664,
F0013665,
F0013666,
F0013667,
F0013668,
F0013669,
F0013670,positive
F0013671,positive
F0013672,positive
F0013673,
F0013674,
F0013675,
F0013676,
F0013677,positive
F0013678,
F0013679,
F0013680,
F0013681,
F0013682,positive
F0013683,
F0013684,
F0013685,
F0013686,
F0013687,long_wait
F0013688,walkout
F0013689,
F0013690,
F0013691,positive
F0013692,
F0013693,positive
F0013694,
F0013695,long_wait
F0013696,
F0013697,
F0013698,
F0013699,positive
F0013700,walkout
F0013701,
F0013702,walkout
F0013703,
F0013704,
F0013705,
F0013706,
F0013707,
F0013708,
F0013709,
F0013710,
F0013711,lunch
F0013712,walkout
F0013713,
F0013714,
F0013715,walkout
F0013716,
F0013717,walkout
F0013718,
F0013719,positive
F0013720,
F0013721,
F0013722,
F0013723,positive
F0013724,
F0013725,
F0013726,
F0013727,walkout
F0013728,
F0013729,
F0013730,
F0013731,
F0013732,walkout
F0013733,
F0013734,
F0013735,long_wait
F0013736,
F0013737,
F0013738,
F0013739,
F0013740,
F0013741,
F0013742,
F0013743,
F0013744,positive
F0013745,positive
F0013746,
F0013747,walkout
F0013748,positive
F0013749,positive
F0013750,
F0013751,lunch
F0013752,
F0013753,
F0013754,
F0013755,
F0013756,positive
F0013757,
F0013758,
F0013759,
F0013760,
F0013761,positive
F0013762,
F0013763,walkout
F0013764,
F0013765,
F0013766,
F0013767,positive
F0013768,
F0013769,positive
F0013770,
F0013771,positive
F0013772,
F0013773,
F0013774,
F0013775,positive
F0013776,
F0013777,
F0013778,
F0013779,
F0013780,long_wait
F0013781,
F0013782,
F0013783,positive
F0013784,
F0013785,positive
F0013786,
F0013787,
F0013788,positive
F0013789,
F0013790,
F0013791,
F0013792,positive
F0013793,positive
F0013794,
F0013795,
F0013796,
F0013797,
F0013798,
F0013799,
F0013800,
F0013801,
F0013802,
F0013803,walkout
F0013804,walkout
F0013805,
F0013806,
F0013807,
F0013808,
F0013809,
F0013810,
F0013811,
F0013812,walkout
F0013813,
F0013814,
F0013815,
F0013816,
F0013817,
F0013818,
F0013819,
F0013820,
F0013821,
F0013822,positive
F0013823,
F0013824,
F0013825,
F0013826,
F0013827,
F0013828,
F0013829,positive
F0013830,
F0013831,
F0013832,
F0013833,
F0013834,
F0013835,
F0013836,
F0013837,long_wait
F0013838,
F0013839,
F0013840,
F0013841,
F0013842,
F0013843,
F0013844,positive
F0013845,
F0013846,walkout
F0013847,
F0013848,
F0013849,
F0013850,
F0013851,
F0013852,
F0013853,
F0013854,
F0013855,
F0013856,
F0013857,
F0013858,
F0013859,long_wait
F0013860,
F0013861,
F0013862,
F0013863,
F0013864,positive
F0013865,
F0013866,positive
F0013867,
F0013868,
F0013869,
F0013870,
F0013871,
F0013872,positive
F0013873,
F0013874,
F0013875,
F0013876,
F0013877,
F0013878,long_wait
F0013879,
F0013880,
F0013881,
F0013882,
F0013883,
F0013884,
F0013885,
F0013886,positive
F0013887,
F0013888,positive
F0013889,
F0013890,
F0013891,
F0013892,
F0013893,
F0013894,
F0013895,
F0013896,
F0013897,
F0013898,
F0013899,positive
F0013900,
F0013901,
F0013902,
F0013903,long_wait
F0013904,
F0013905,
F0013906,
F0013907,
F0013908,
F0013909,
F0013910,
F0013911,
F0013912,
F0013913,positive
F0013914,
F0013915,
F0013916,
F0013917,
F0013918,
F0013919,
F0013920,
F0013921,
F0013922,
F0013923,
F0013924,walkout
F0013925,
F0013926,
F0013927,walkout
F0013928,positive
F0013929,
F0013930,
F0013931,
F0013932,
F0013933,
F0013934,
F0013935,
F0013936,
F0013937,
F0013938,
F0013939,
F0013940,
F0013941,
F0013942,
F0013943,
F0013944,positive
F0013945,
F0013946,
F0013947,
F0013948,
F0013949,
F0013950,
F0013951,
F0013952,
F0013953,positive
F0013954,
F0013955,
F0013956,
F0013957,
F0013958,
F0013959,
F0013960,walkout
F0013961,walkout
F0013962,
F0013963,
F0013964,
F0013965,
F0013966,
F0013967,
F0013968,walkout
F0013969,positive
F0013970,
F0013971,
F0013972,walkout
F0013973,walkout
F0013974,
F0013975,
F0013976,walkout
F0013977,walkout
F0013978,
F0013979,
F0013980,
F0013981,positive
F0013982,
F0013983,
F0013984,
F0013985,
F0013986,
F0013987,
F0013988,
F0013989,
F0013990,
F0013991,
F0013992,positive
F0013993,
F0013994,
F0013995,
F0013996,
F0013997,
F0013998,
F0013999,
F0014000,
F0014001,
F0014002,
F0014003,
F0014004,
F0014005,
F0014006,
F0014007,
F0014008,
F0014009,
F0014010,
F0014011,
F0014012,
F0014013,walkout
F0014014,walkout
F0014015,positive
F0014016,
F0014017,
F0014018,
F0014019,
F0014020,walkout
F0014021,
F0014022,
F0014023,
F0014024,
F0014025,
F0014026,
F0014027,
F0014028,
F0014029,
F0014030,
F0014031,
F0014032,positive
F0014033,
F0014034,
F0014035,long_wait
F0014036,
F0014037,walkout
F0014038,
F0014039,walkout
F0014040,
F0014041,walkout
F0014042,
F0014043,
F0014044,
F0014045,positive
F0014046,
F0014047,
F0014048,
F0014049,
F0014050,
F0014051,
F0014052,
F0014053,
F0014054,positive
F0014055,
F0014056,
F0014057,
F0014058,positive
F0014059,
F0014060,
F0014061,
F0014062,
F0014063,
F0014064,
F0014065,positive
F0014066,
F0014067,
F0014068,
F0014069,
F0014070,
F0014071,documents
F0014072,positive
F0014073,
F0014074,positive
F0014075,
F0014076,positive
F0014077,
F0014078,
F0014079,positive
F0014080,walkout
F0014081,positive
F0014082,
F0014083,
F0014084,
F0014085,positive
F0014086,
F0014087,
F0014088,
F0014089,
F0014090,positive
F0014091,
F0014092,
F0014093,
F0014094,
F0014095,
F0014096,
F0014097,
F0014098,
F0014099,
F0014100,
F0014101,walkout
F0014102,long_wait
F0014103,
F0014104,walkout
F0014105,
F0014106,walkout
F0014107,
F0014108,
F0014109,
F0014110,walkout
F0014111,walkout
F0014112,
F0014113,
F0014114,
F0014115,
F0014116,positive
F0014117,
F0014118,
F0014119,long_wait
F0014120,walkout
F0014121,
F0014122,
F0014123,
F0014124,
F0014125,walkout
F0014126,
F0014127,
F0014128,long_wait
F0014129,
F0014130,
F0014131,walkout
F0014132,
F0014133,
F0014134,long_wait
F0014135,
F0014136,
F0014137,long_wait
F0014138,
F0014139,
F0014140,
F0014141,long_wait
F0014142,
F0014143,walkout
F0014144,
F0014145,
F0014146,
F0014147,walkout
F0014148,
F0014149,
F0014150,
F0014151,
F0014152,
F0014153,
F0014154,walkout
F0014155,walkout
F0014156,walkout
F0014157,
F0014158,long_wait
F0014159,
F0014160,
F0014161,
F0014162,positive
F0014163,
F0014164,
F0014165,positive
F0014166,positive
F0014167,positive
F0014168,
F0014169,
F0014170,
F0014171,
F0014172,
F0014173,long_wait
F0014174,positive
F0014175,documents
F0014176,
F0014177,
F0014178,
F0014179,
F0014180,
F0014181,
F0014182,
F0014183,
F0014184,walkout
F0014185,
F0014186,
F0014187,
F0014188,walkout
F0014189,
F0014190,
F0014191,positive
F0014192,
F0014193,
F0014194,
F0014195,positive
F0014196,walkout
F0014197,
F0014198,
F0014199,
F0014200,walkout
F0014201,
F0014202,positive
F0014203,
F0014204,
F0014205,walkout
F0014206,
F0014207,
F0014208,long_wait
F0014209,
F0014210,
F0014211,
F0014212,
F0014213,
F0014214,
F0014215,
F0014216,
F0014217,walkout
F0014218,
F0014219,walkout
F0014220,walkout
F0014221,walkout
F0014222,
F0014223,
F0014224,
F0014225,
F0014226,
F0014227,
F0014228,
F0014229,walkout
F0014230,
F0014231,
F0014232,
F0014233,
F0014234,
F0014235,
F0014236,
F0014237,
F0014238,
F0014239,walkout
F0014240,
F0014241,
F0014242,positive
F0014243,
F0014244,
F0014245,
F0014246,positive
F0014247,
F0014248,
F0014249,
F0014250,
F0014251,
F0014252,
F0014253,
F0014254,
F0014255,
F0014256,
F0014257,walkout
F0014258,
F0014259,documents
F0014260,
F0014261,
F0014262,positive
F0014263,
F0014264,
F0014265,
F0014266,
F0014267,
F0014268,
F0014269,
F0014270,
F0014271,walkout
F0014272,
F0014273,
F0014274,
F0014275,
F0014276,
F0014277,
F0014278,
F0014279,
F0014280,
F0014281,positive
F0014282,
F0014283,documents
F0014284,
F0014285,
F0014286,
F0014287,positive
F0014288,
F0014289,positive
F0014290,positive
F0014291,
F0014292,
F0014293,
F0014294,
F0014295,
F0014296,positive
F0014297,
F0014298,
F0014299,positive
F0014300,
F0014301,
F0014302,
F0014303,
F0014304,positive
F0014305,documents
F0014306,
F0014307,
F0014308,
F0014309,
F0014310,
F0014311,
F0014312,
F0014313,positive
F0014314,positive
F0014315,
F0014316,
F0014317,
F0014318,
F0014319,positive
F0014320,
F0014321,
F0014322,positive
F0014323,
F0014324,positive
F0014325,
F0014326,
F0014327,
F0014328,
F0014329,
F0014330,
F0014331,
F0014332,
F0014333,
F0014334,
F0014335,positive
F0014336,
F0014337,
F0014338,
F0014339,
F0014340,
F0014341,
F0014342,walkout
F0014343,positive
F0014344,positive
F0014345,positive
F0014346,
F0014347,
F0014348,
F0014349,
F0014350,
F0014351,
F0014352,
F0014353,
F0014354,
F0014355,positive
F0014356,
F0014357,
F0014358,
F0014359,
F0014360,walkout
F0014361,
F0014362,
F0014363,
F0014364,
F0014365,positive
F0014366,
F0014367,
F0014368,
F0014369,
F0014370,
F0014371,
F0014372,
F0014373,
F0014374,
F0014375,walkout
F0014376,
F0014377,positive
F0014378,
F0014379,
F0014380,
F0014381,
F0014382,
F0014383,
F0014384,
F0014385,
F0014386,
F0014387,positive
F0014388,
F0014389,
F0014390,
F0014391,positive
F0014392,
F0014393,
F0014394,walkout
F0014395,
F0014396,
F0014397,
F0014398,positive
F0014399,
F0014400,
F0014401,
F0014402,
F0014403,walkout
F0014404,
F0014405,
F0014406,positive
F0014407,
F0014408,
F0014409,
F0014410,
F0014411,
F0014412,
F0014413,
F0014414,
F0014415,walkout
F0014416,
F0014417,walkout
F0014418,walkout
F0014419,
F0014420,
F0014421,
F0014422,positive
F0014423,
F0014424,
F0014425,
F0014426,
F0014427,
F0014428,
F0014429,positive
F0014430,
F0014431,
F0014432,positive
F0014433,positive
F0014434,
F0014435,
F0014436,
F0014437,positive
F0014438,
F0014439,
F0014440,positive
F0014441,
F0014442,seating
F0014443,
F0014444,
F0014445,
F0014446,
F0014447,
F0014448,walkout
F0014449,positive
F0014450,
F0014451,walkout
F0014452,walkout
F0014453,
F0014454,walkout
F0014455,
F0014456,positive
F0014457,
F0014458,
F0014459,
F0014460,
F0014461,positive
F0014462,
F0014463,positive
F0014464,
F0014465,
F0014466,lunch
F0014467,lunch
F0014468,
F0014469,
F0014470,walkout
F0014471,
F0014472,
F0014473,
F0014474,
F0014475,
F0014476,slow_dd
F0014477,
F0014478,
F0014479,walkout
F0014480,
F0014481,
F0014482,positive
F0014483,
F0014484,walkout
F0014485,
F0014486,positive
F0014487,
F0014488,
F0014489,positive
F0014490,positive
F0014491,
F0014492,
F0014493,
F0014494,
F0014495,positive
F0014496,
F0014497,
F0014498,positive
F0014499,
F0014500,positive
F0014501,
F0014502,walkout
F0014503,
F0014504,positive
F0014505,
F0014506,positive
F0014507,
F0014508,walkout
F0014509,walkout
F0014510,
F0014511,
F0014512,
F0014513,
F0014514,
F0014515,
F0014516,
F0014517,
F0014518,
F0014519,
F0014520,
F0014521,
F0014522,
F0014523,positive
F0014524,
F0014525,positive
F0014526,
F0014527,
F0014528,
F0014529,
F0014530,
F0014531,
F0014532,
F0014533,
F0014534,
F0014535,
F0014536,positive
F0014537,
F0014538,positive
F0014539,
F0014540,
F0014541,
F0014542,
F0014543,
F0014544,
F0014545,
F0014546,
F0014547,
F0014548,
F0014549,
F0014550,
F0014551,
F0014552,
F0014553,
F0014554,
F0014555,
F0014556,
F0014557,
F0014558,
F0014559,
F0014560,
F0014561,
F0014562,
F0014563,
F0014564,
F0014565,
F0014566,walkout
F0014567,
F0014568,
F0014569,
F0014570,
F0014571,
F0014572,
F0014573,
F0014574,
F0014575,
F0014576,
F0014577,
F0014578,
F0014579,
F0014580,
F0014581,
F0014582,
F0014583,
F0014584,
F0014585,
F0014586,
F0014587,
F0014588,
F0014589,
F0014590,
F0014591,walkout
F0014592,
F0014593,
F0014594,
F0014595,
F0014596,
F0014597,
F0014598,
F0014599,
F0014600,
F0014601,
F0014602,positive
F0014603,
F0014604,
F0014605,
F0014606,walkout
F0014607,
F0014608,
F0014609,
F0014610,positive
F0014611,
F0014612,
F0014613,documents
F0014614,
F0014615,
F0014616,
F0014617,positive
F0014618,
F0014619,walkout
F0014620,walkout
F0014621,long_wait
F0014622,positive
F0014623,
F0014624,
F0014625,positive
F0014626,
F0014627,
F0014628,
F0014629,
F0014630,
F0014631,
F0014632,
F0014633,
F0014634,
F0014635,
F0014636,
F0014637,
F0014638,
F0014639,
F0014640,positive
F0014641,
F0014642,
F0014643,
F0014644,
F0014645,
F0014646,
F0014647,
F0014648,
F0014649,
F0014650,
F0014651,
F0014652,
F0014653,
F0014654,
F0014655,positive
F0014656,
F0014657,
F0014658,
F0014659,
F0014660,positive
F0014661,positive
F0014662,
F0014663,
F0014664,
F0014665,
F0014666,
F0014667,
F0014668,
F0014669,
F0014670,positive
F0014671,
F0014672,
F0014673,
F0014674,positive
F0014675,
F0014676,positive
F0014677,
F0014678,
F0014679,
F0014680,
F0014681,
F0014682,
F0014683,
F0014684,
F0014685,
F0014686,
F0014687,
F0014688,
F0014689,
F0014690,
F0014691,
F0014692,positive
F0014693,
F0014694,
F0014695,
F0014696,
F0014697,
F0014698,
F0014699,
F0014700,
F0014701,
F0014702,
F0014703,
F0014704,walkout
F0014705,
F0014706,
F0014707,
F0014708,
F0014709,
F0014710,
F0014711,
F0014712,
F0014713,
F0014714,
F0014715,
F0014716,
F0014717,
F0014718,
F0014719,
F0014720,positive
F0014721,positive
F0014722,
F0014723,
F0014724,
F0014725,positive
F0014726,
F0014727,
F0014728,
F0014729,
F0014730,
F0014731,
F0014732,
F0014733,
F0014734,
F0014735,
F0014736,
F0014737,
F0014738,
F0014739,walkout
F0014740,
F0014741,
F0014742,positive
F0014743,
F0014744,
F0014745,positive
F0014746,
F0014747,
F0014748,walkout
F0014749,positive
F0014750,
F0014751,
F0014752,
F0014753,
F0014754,walkout
F0014755,walkout
F0014756,
F0014757,positive
F0014758,
F0014759,
F0014760,
F0014761,
F0014762,
F0014763,
F0014764,
F0014765,
F0014766,
F0014767,
F0014768,
F0014769,
F0014770,
F0014771,
F0014772,
F0014773,
F0014774,
F0014775,long_wait
F0014776,
F0014777,
F0014778,
F0014779,
F0014780,
F0014781,
F0014782,
F0014783,
F0014784,
F0014785,
F0014786,
F0014787,
F0014788,
F0014789,
F0014790,positive
F0014791,positive
F0014792,
F0014793,
F0014794,
F0014795,positive
F0014796,
F0014797,
F0014798,
F0014799,positive
F0014800,walkout
F0014801,
F0014802,positive
F0014803,
F0014804,
F0014805,
F0014806,long_wait
F0014807,
F0014808,
F0014809,
F0014810,positive
F0014811,positive
F0014812,
F0014813,
F0014814,
F0014815,
F0014816,
F0014817,
F0014818,
F0014819,
F0014820,
F0014821,
F0014822,
F0014823,positive
F0014824,walkout
F0014825,
F0014826,
F0014827,positive
F0014828,
F0014829,
F0014830,positive
F0014831,
F0014832,
F0014833,
F0014834,walkout
F0014835,
F0014836,walkout
F0014837,
F0014838,
F0014839,
F0014840,
F0014841,
F0014842,
F0014843,
F0014844,
F0014845,
F0014846,
F0014847,positive
F0014848,
F0014849,
F0014850,walkout
F0014851,positive
F0014852,positive
F0014853,
F0014854,documents
F0014855,
F0014856,
F0014857,
F0014858,
F0014859,walkout
F0014860,
F0014861,
F0014862,
F0014863,
F0014864,
F0014865,
F0014866,
F0014867,walkout
F0014868,positive
F0014869,
F0014870,
F0014871,
F0014872,
F0014873,
F0014874,walkout
F0014875,
F0014876,slow_dd
F0014877,
F0014878,
F0014879,walkout
F0014880,positive
F0014881,long_wait
F0014882,walkout
F0014883,
F0014884,walkout
F0014885,walkout
F0014886,
F0014887,
F0014888,
F0014889,
F0014890,positive
F0014891,positive
F0014892,
F0014893,
F0014894,
F0014895,positive
F0014896,
F0014897,
F0014898,
F0014899,
F0014900,
F0014901,
F0014902,
F0014903,
F0014904,
F0014905,
F0014906,
F0014907,
F0014908,
F0014909,
F0014910,
F0014911,
F0014912,positive
F0014913,walkout
F0014914,positive
F0014915,
F0014916,
F0014917,walkout
F0014918,
F0014919,
F0014920,
F0014921,
F0014922,
F0014923,walkout
F0014924,lunch
F0014925,
F0014926,
F0014927,positive
F0014928,
F0014929,
F0014930,
F0014931,
F0014932,
F0014933,
F0014934,
F0014935,
F0014936,
F0014937,positive
F0014938,
F0014939,
F0014940,
F0014941,
F0014942,
F0014943,
F0014944,
F0014945,
F0014946,
F0014947,
F0014948,
F0014949,
F0014950,
F0014951,
F0014952,
F0014953,
F0014954,
F0014955,walkout
F0014956,
F0014957,positive
F0014958,
F0014959,
F0014960,
F0014961,
F0014962,
F0014963,
F0014964,
F0014965,walkout
F0014966,positive
F0014967,
F0014968,
F0014969,
F0014970,
F0014971,
F0014972,
F0014973,
F0014974,
F0014975,positive
F0014976,
F0014977,
F0014978,
F0014979,
F0014980,
F0014981,
F0014982,
F0014983,
F0014984,positive
F0014985,
F0014986,
F0014987,long_wait
F0014988,walkout
F0014989,
F0014990,walkout
F0014991,
F0014992,
F0014993,walkout
F0014994,
F0014995,
F0014996,
F0014997,positive
F0014998,
F0014999,positive
F0015000,
F0015001,
F0015002,
F0015003,walkout
F0015004,
F0015005,positive
F0015006,
F0015007,
F0015008,
F0015009,
F0015010,
F0015011,
F0015012,
F0015013,
F0015014,
F0015015,
F0015016,
F0015017,walkout
F0015018,
F0015019,
F0015020,
F0015021,
F0015022,positive
F0015023,
F0015024,
F0015025,
F0015026,
F0015027,
F0015028,
F0015029,
F0015030,
F0015031,
F0015032,positive
F0015033,
F0015034,
F0015035,
F0015036,
F0015037,positive
F0015038,
F0015039,
F0015040,
F0015041,
F0015042,
F0015043,
F0015044,
F0015045,positive
F0015046,
F0015047,
F0015048,
F0015049,
F0015050,
F0015051,
F0015052,positive
F0015053,
F0015054,
F0015055,
F0015056,
F0015057,
F0015058,positive
F0015059,
F0015060,
F0015061,
F0015062,
F0015063,
F0015064,positive
F0015065,
F0015066,positive
F0015067,
F0015068,
F0015069,
F0015070,
F0015071,positive
F0015072,
F0015073,
F0015074,
F0015075,walkout
F0015076,
F0015077,
F0015078,
F0015079,
F0015080,
F0015081,
F0015082,
F0015083,
F0015084,
F0015085,positive
F0015086,
F0015087,
F0015088,
F0015089,
F0015090,
F0015091,walkout
F0015092,
F0015093,long_wait
F0015094,
F0015095,
F0015096,walkout
F0015097,
F0015098,
F0015099,
F0015100,
F0015101,
F0015102,walkout
F0015103,
F0015104,positive
F0015105,walkout
F0015106,positive
F0015107,
F0015108,walkout
F0015109,
F0015110,walkout
F0015111,long_wait
F0015112,
F0015113,
F0015114,
F0015115,long_wait
F0015116,
F0015117,positive
F0015118,walkout
F0015119,walkout
F0015120,walkout
F0015121,
F0015122,walkout
F0015123,
F0015124,
F0015125,
F0015126,
F0015127,
F0015128,seating
F0015129,
F0015130,
F0015131,
F0015132,
F0015133,
F0015134,
F0015135,positive
F0015136,
F0015137,
F0015138,walkout
F0015139,
F0015140,
F0015141,
F0015142,positive
F0015143,
F0015144,
F0015145,
F0015146,
F0015147,
F0015148,
F0015149,
F0015150,walkout
F0015151,
F0015152,
F0015153,
F0015154,
F0015155,
F0015156,
F0015157,positive
F0015158,
F0015159,walkout
F0015160,
F0015161,
F0015162,
F0015163,
F0015164,positive
F0015165,
F0015166,walkout
F0015167,positive
F0015168,
F0015169,
F0015170,
F0015171,
F0015172,
F0015173,
F0015174,
F0015175,positive
F0015176,
F0015177,
F0015178,
F0015179,positive
F0015180,
F0015181,walkout
F0015182,
F0015183,
F0015184,
F0015185,walkout
F0015186,walkout
F0015187,positive
F0015188,
F0015189,
F0015190,walkout
F0015191,
F0015192,
F0015193,
F0015194,
F0015195,
F0015196,
F0015197,
F0015198,
F0015199,
F0015200,
F0015201,long_wait
F0015202,
F0015203,
F0015204,
F0015205,
F0015206,
F0015207,walkout
F0015208,
F0015209,
F0015210,walkout
F0015211,walkout
F0015212,walkout
F0015213,
F0015214,
F0015215,walkout
F0015216,
F0015217,
F0015218,
F0015219,
F0015220,
F0015221,walkout
F0015222,
F0015223,
F0015224,
F0015225,
F0015226,
F0015227,positive
F0015228,positive
F0015229,
F0015230,positive
F0015231,
F0015232,positive
F0015233,
F0015234,
F0015235,
F0015236,
F0015237,
F0015238,positive
F0015239,
F0015240,
F0015241,
F0015242,
F0015243,
F0015244,
F0015245,
F0015246,
F0015247,positive
F0015248,
F0015249,
F0015250,
F0015251,positive
F0015252,
F0015253,positive
F0015254,
F0015255,positive
F0015256,
F0015257,documents
F0015258,slow_dd
F0015259,
F0015260,walkout
F0015261,
F0015262,positive
F0015263,
F0015264,
F0015265,
F0015266,
F0015267,
F0015268,
F0015269,
F0015270,
F0015271,positive
F0015272,
F0015273,
F0015274,
F0015275,
F0015276,
F0015277,
F0015278,positive
F0015279,
F0015280,
F0015281,
F0015282,positive
F0015283,positive
F0015284,
F0015285,
F0015286,
F0015287,
F0015288,
F0015289,
F0015290,
F0015291,
F0015292,
F0015293,
F0015294,
F0015295,positive
F0015296,
F0015297,
F0015298,
F0015299,
F0015300,
F0015301,
F0015302,
F0015303,
F0015304,documents
F0015305,
F0015306,positive
F0015307,
F0015308,
F0015309,
F0015310,
F0015311,
F0015312,
F0015313,positive
F0015314,
F0015315,
F0015316,
F0015317,
F0015318,
F0015319,walkout
F0015320,
F0015321,
F0015322,
F0015323,
F0015324,positive
F0015325,
F0015326,
F0015327,
F0015328,
F0015329,
F0015330,
F0015331,
F0015332,
F0015333,positive
F0015334,
F0015335,
F0015336,
F0015337,
F0015338,positive
F0015339,
F0015340,
F0015341,
F0015342,positive
F0015343,
F0015344,
F0015345,
F0015346,
F0015347,
F0015348,
F0015349,
F0015350,
F0015351,
F0015352,
F0015353,
F0015354,positive
F0015355,
F0015356,
F0015357,
F0015358,
F0015359,lunch
F0015360,
F0015361,
F0015362,
F0015363,
F0015364,
F0015365,
F0015366,
F0015367,
F0015368,
F0015369,
F0015370,
F0015371,long_wait
F0015372,walkout
F0015373,
F0015374,
F0015375,
F0015376,
F0015377,long_wait
F0015378,
F0015379,positive
F0015380,
F0015381,
F0015382,walkout
F0015383,
F0015384,
F0015385,
F0015386,
F0015387,walkout
F0015388,
F0015389,walkout
F0015390,positive
F0015391,
F0015392,
F0015393,documents
F0015394,
F0015395,
F0015396,
F0015397,
F0015398,positive
F0015399,
F0015400,
F0015401,
F0015402,
F0015403,
F0015404,
F0015405,
F0015406,
F0015407,
F0015408,
F0015409,
F0015410,
F0015411,
F0015412,
F0015413,
F0015414,
F0015415,
F0015416,
F0015417,
F0015418,
F0015419,
F0015420,
F0015421,
F0015422,
F0015423,
F0015424,positive
F0015425,
F0015426,
F0015427,
F0015428,
F0015429,
F0015430,slow_dd
F0015431,
F0015432,
F0015433,positive
F0015434,
F0015435,
F0015436,
F0015437,
F0015438,
F0015439,
F0015440,
F0015441,
F0015442,
F0015443,
F0015444,
F0015445,
F0015446,
F0015447,
F0015448,positive
F0015449,
F0015450,long_wait
F0015451,
F0015452,slow_dd
F0015453,
F0015454,positive
F0015455,
F0015456,
F0015457,positive
F0015458,
F0015459,
F0015460,
F0015461,
F0015462,
F0015463,
F0015464,
F0015465,
F0015466,
F0015467,
F0015468,
F0015469,
F0015470,
F0015471,positive
F0015472,
F0015473,
F0015474,positive
F0015475,
F0015476,positive
F0015477,
F0015478,
F0015479,
F0015480,
F0015481,
F0015482,walkout
F0015483,walkout
F0015484,
F0015485,
F0015486,
F0015487,
F0015488,positive
F0015489,
F0015490,
F0015491,
F0015492,
F0015493,
F0015494,
F0015495,
F0015496,
F0015497,
F0015498,
F0015499,
F0015500,
F0015501,
F0015502,
F0015503,
F0015504,
F0015505,
F0015506,
F0015507,
F0015508,
F0015509,
F0015510,
F0015511,
F0015512,
F0015513,positive
F0015514,
F0015515,
F0015516,positive
F0015517,
F0015518,
F0015519,
F0015520,
F0015521,
F0015522,
F0015523,
F0015524,
F0015525,
F0015526,
F0015527,
F0015528,
F0015529,
F0015530,walkout
F0015531,positive
F0015532,
F0015533,positive
F0015534,
F0015535,
F0015536,
F0015537,
F0015538,
F0015539,
F0015540,
F0015541,walkout
F0015542,
F0015543,walkout
F0015544,positive
F0015545,
F0015546,
F0015547,positive
F0015548,positive
F0015549,positive
F0015550,
F0015551,positive
F0015552,walkout
F0015553,long_wait
F0015554,
F0015555,
F0015556,
F0015557,
F0015558,
F0015559,
F0015560,
F0015561,
F0015562,
F0015563,
F0015564,
F0015565,
F0015566,
F0015567,
F0015568,
F0015569,
F0015570,
F0015571,
F0015572,
F0015573,
F0015574,
F0015575,
F0015576,
F0015577,
F0015578,
F0015579,
F0015580,
F0015581,
F0015582,walkout
F0015583,
F0015584,
F0015585,
F0015586,positive
F0015587,
F0015588,
F0015589,
F0015590,
F0015591,
F0015592,
F0015593,positive
F0015594,positive
F0015595,walkout
F0015596,
F0015597,
F0015598,
F0015599,
F0015600,
F0015601,
F0015602,
F0015603,
F0015604,
F0015605,
F0015606,
F0015607,long_wait
F0015608,
F0015609,
F0015610,
F0015611,walkout
F0015612,positive
F0015613,
F0015614,
F0015615,
F0015616,
F0015617,
F0015618,
F0015619,
F0015620,
F0015621,positive
F0015622,
F0015623,
F0015624,
F0015625,
F0015626,
F0015627,positive
F0015628,
F0015629,
F0015630,
F0015631,
F0015632,
F0015633,positive
F0015634,
F0015635,
F0015636,
F0015637,
F0015638,
F0015639,
F0015640,documents
F0015641,
F0015642,positive
F0015643,
F0015644,
F0015645,
F0015646,
F0015647,
F0015648,
F0015649,
F0015650,
F0015651,positive
F0015652,
F0015653,
F0015654,
F0015655,
F0015656,
F0015657,
F0015658,
F0015659,
F0015660,positive
F0015661,positive
F0015662,positive
F0015663,
F0015664,
F0015665,
F0015666,positive
F0015667,
F0015668,
F0015669,
F0015670,
F0015671,
F0015672,
F0015673,
F0015674,
F0015675,
F0015676,
F0015677,
F0015678,
F0015679,
F0015680,
F0015681,
F0015682,
F0015683,
F0015684,positive
F0015685,
F0015686,
F0015687,
F0015688,
F0015689,
F0015690,
F0015691,
F0015692,positive
F0015693,
F0015694,
F0015695,positive
F0015696,
F0015697,positive
F0015698,
F0015699,
F0015700,
F0015701,
F0015702,walkout
F0015703,
F0015704,
F0015705,
F0015706,
F0015707,
F0015708,
F0015709,positive
F0015710,
F0015711,
F0015712,
F0015713,
F0015714,
F0015715,
F0015716,
F0015717,
F0015718,positive
F0015719,
F0015720,
F0015721,
F0015722,
F0015723,
F0015724,
F0015725,positive
F0015726,
F0015727,
F0015728,
F0015729,
F0015730,walkout
F0015731,
F0015732,
F0015733,positive
F0015734,
F0015735,positive
F0015736,
F0015737,
F0015738,
F0015739,
F0015740,
F0015741,
F0015742,
F0015743,
F0015744,
F0015745,positive
F0015746,
F0015747,
F0015748,
F0015749,
F0015750,
F0015751,
F0015752,positive
F0015753,
F0015754,
F0015755,
F0015756,
F0015757,
F0015758,
F0015759,
F0015760,
F0015761,
F0015762,
F0015763,
F0015764,
F0015765,positive
F0015766,
F0015767,positive
F0015768,
F0015769,
F0015770,
F0015771,
F0015772,
F0015773,positive
F0015774,
F0015775,
F0015776,
F0015777,
F0015778,
F0015779,
F0015780,
F0015781,
F0015782,
F0015783,
F0015784,
F0015785,
F0015786,positive
F0015787,
F0015788,
F0015789,
F0015790,
F0015791,
F0015792,
F0015793,positive
F0015794,
F0015795,
F0015796,positive
F0015797,
F0015798,positive
F0015799,
F0015800,
F0015801,
F0015802,positive
F0015803,
F0015804,
F0015805,positive
F0015806,positive
F0015807,
F0015808,
F0015809,
F0015810,
F0015811,positive
F0015812,walkout
F0015813,
F0015814,positive
F0015815,
F0015816,
F0015817,
F0015818,
F0015819,
F0015820,
F0015821,
F0015822,
F0015823,
F0015824,
F0015825,
F0015826,
F0015827,positive
F0015828,
F0015829,
F0015830,
F0015831,
F0015832,
F0015833,
F0015834,
F0015835,
F0015836,
F0015837,
F0015838,
F0015839,
F0015840,
F0015841,
F0015842,walkout
F0015843,
F0015844,walkout
F0015845,
F0015846,walkout
F0015847,
F0015848,
F0015849,
F0015850,
F0015851,positive
F0015852,
F0015853,
F0015854,walkout
F0015855,
F0015856,
F0015857,
F0015858,positive
F0015859,
F0015860,
F0015861,
F0015862,
F0015863,
F0015864,
F0015865,
F0015866,
F0015867,
F0015868,positive
F0015869,
F0015870,
F0015871,
F0015872,
F0015873,
F0015874,
F0015875,
F0015876,
F0015877,
F0015878,
F0015879,
F0015880,
F0015881,
F0015882,positive
F0015883,
F0015884,positive
F0015885,positive
F0015886,
F0015887,
F0015888,
F0015889,
F0015890,positive
F0015891,
F0015892,
F0015893,
F0015894,walkout
F0015895,
F0015896,slow_dd
F0015897,
F0015898,walkout
F0015899,
F0015900,
F0015901,
F0015902,
F0015903,walkout
F0015904,positive
F0015905,
F0015906,
F0015907,
F0015908,
F0015909,
F0015910,
F0015911,
F0015912,
F0015913,
F0015914,
F0015915,
F0015916,
F0015917,
F0015918,
F0015919,positive
F0015920,
F0015921,
F0015922,
F0015923,
F0015924,
F0015925,
F0015926,walkout
F0015927,
F0015928,positive
F0015929,positive
F0015930,
F0015931,
F0015932,
F0015933,positive
F0015934,
F0015935,
F0015936,
F0015937,
F0015938,
F0015939,
F0015940,
F0015941,positive
F0015942,positive
F0015943,
F0015944,
F0015945,
F0015946,
F0015947,
F0015948,
F0015949,
F0015950,
F0015951,
F0015952,
F0015953,
F0015954,
F0015955,
F0015956,walkout
F0015957,
F0015958,
F0015959,
F0015960,
F0015961,
F0015962,
F0015963,positive
F0015964,positive
F0015965,
F0015966,
F0015967,
F0015968,
F0015969,
F0015970,
F0015971,
F0015972,
F0015973,
F0015974,
F0015975,
F0015976,
F0015977,positive
F0015978,
F0015979,positive
F0015980,positive
F0015981,
F0015982,
F0015983,
F0015984,
F0015985,positive
F0015986,
F0015987,
F0015988,
F0015989,positive
F0015990,
F0015991,
F0015992,
F0015993,
F0015994,
F0015995,
F0015996,positive
F0015997,walkout
F0015998,positive
F0015999,
F0016000,
F0016001,
F0016002,
F0016003,
F0016004,
F0016005,
F0016006,
F0016007,
F0016008,positive
F0016009,
F0016010,
F0016011,positive
F0016012,
F0016013,positive
F0016014,
F0016015,
F0016016,
F0016017,
F0016018,
F0016019,
F0016020,
F0016021,
F0016022,
F0016023,walkout
F0016024,
F0016025,
F0016026,walkout
F0016027,
F0016028,
F0016029,
F0016030,
F0016031,
F0016032,
F0016033,
F0016034,positive
F0016035,
F0016036,walkout
F0016037,positive
F0016038,
F0016039,
F0016040,
F0016041,
F0016042,
F0016043,
F0016044,
F0016045,
F0016046,
F0016047,walkout
F0016048,
F0016049,
F0016050,
F0016051,
F0016052,
F0016053,
F0016054,long_wait
F0016055,
F0016056,walkout
F0016057,
F0016058,
F0016059,
F0016060,long_wait
F0016061,walkout
F0016062,
F0016063,
F0016064,
F0016065,walkout
F0016066,
F0016067,
F0016068,walkout
F0016069,
F0016070,
F0016071,
F0016072,
F0016073,
F0016074,
F0016075,
F0016076,
F0016077,
F0016078,positive
F0016079,
F0016080,walkout
F0016081,
F0016082,
F0016083,walkout
F0016084,walkout
F0016085,
F0016086,
F0016087,
F0016088,
F0016089,positive
F0016090,
F0016091,
F0016092,
F0016093,
F0016094,
F0016095,
F0016096,
F0016097,positive
F0016098,
F0016099,
F0016100,
F0016101,
F0016102,
F0016103,
F0016104,positive
F0016105,
F0016106,
F0016107,
F0016108,
F0016109,positive
F0016110,
F0016111,
F0016112,positive
F0016113,
F0016114,positive
F0016115,
F0016116,
F0016117,
F0016118,
F0016119,
F0016120,
F0016121,
F0016122,walkout
F0016123,
F0016124,
F0016125,
F0016126,
F0016127,positive
F0016128,
F0016129,
F0016130,positive
F0016131,
F0016132,positive
F0016133,
F0016134,
F0016135,
F0016136,
F0016137,
F0016138,
F0016139,
F0016140,
F0016141,
F0016142,
F0016143,
F0016144,positive
F0016145,positive
F0016146,
F0016147,
F0016148,positive
F0016149,
F0016150,
F0016151,
F0016152,
F0016153,positive
F0016154,
F0016155,
F0016156,
F0016157,
F0016158,
F0016159,
F0016160,positive
F0016161,
F0016162,positive
F0016163,
F0016164,
F0016165,
F0016166,
F0016167,
F0016168,
F0016169,
F0016170,
F0016171,
F0016172,
F0016173,positive
F0016174,
F0016175,positive
F0016176,documents
F0016177,positive
F0016178,
F0016179,
F0016180,
F0016181,positive
F0016182,
F0016183,positive
F0016184,
F0016185,
F0016186,
F0016187,
F0016188,
F0016189,
F0016190,
F0016191,
F0016192,
F0016193,walkout
F0016194,walkout
F0016195,
F0016196,
F0016197,walkout
F0016198,
F0016199,
F0016200,walkout
F0016201,
F0016202,walkout
F0016203,
F0016204,
F0016205,
F0016206,
F0016207,
F0016208,positive
F0016209,
F0016210,positive
F0016211,positive
F0016212,walkout
F0016213,
F0016214,
F0016215,
F0016216,
F0016217,
F0016218,
F0016219,positive
F0016220,walkout
F0016221,
F0016222,walkout
F0016223,positive
F0016224,walkout
F0016225,positive
F0016226,positive
F0016227,
F0016228,positive
F0016229,walkout
F0016230,
F0016231,walkout
F0016232,
F0016233,positive
F0016234,
F0016235,
F0016236,
F0016237,
F0016238,
F0016239,
F0016240,
F0016241,
F0016242,positive
F0016243,
F0016244,
F0016245,positive
F0016246,
F0016247,
F0016248,
F0016249,
F0016250,
F0016251,
F0016252,
F0016253,positive
F0016254,
F0016255,
F0016256,
F0016257,
F0016258,long_wait
F0016259,
F0016260,walkout
F0016261,
F0016262,walkout
F0016263,
F0016264,
F0016265,
F0016266,positive
F0016267,
F0016268,walkout
F0016269,
F0016270,walkout
F0016271,walkout
F0016272,
F0016273,
F0016274,
F0016275,
F0016276,
F0016277,walkout
F0016278,positive
F0016279,
F0016280,
F0016281,
F0016282,
F0016283,
F0016284,
F0016285,
F0016286,
F0016287,
F0016288,positive
F0016289,
F0016290,walkout
F0016291,
F0016292,positive
F0016293,
F0016294,positive
F0016295,
F0016296,positive
F0016297,positive
F0016298,walkout
F0016299,
F0016300,
F0016301,
F0016302,
F0016303,
F0016304,
F0016305,walkout
F0016306,
F0016307,
F0016308,
F0016309,
F0016310,
F0016311,
F0016312,
F0016313,
F0016314,
F0016315,
F0016316,
F0016317,positive
F0016318,
F0016319,
F0016320,
F0016321,
F0016322,positive
F0016323,
F0016324,
F0016325,
F0016326,
F0016327,
F0016328,
F0016329,
F0016330,
F0016331,
F0016332,
F0016333,
F0016334,
F0016335,
F0016336,
F0016337,
F0016338,positive
F0016339,positive
F0016340,
F0016341,
F0016342,
F0016343,
F0016344,
F0016345,
F0016346,
F0016347,positive
F0016348,
F0016349,positive
F0016350,positive
F0016351,walkout
F0016352,
F0016353,
F0016354,
F0016355,
F0016356,
F0016357,positive
F0016358,
F0016359,
F0016360,
F0016361,
F0016362,
F0016363,
F0016364,
F0016365,
F0016366,walkout
F0016367,
F0016368,positive
F0016369,
F0016370,
F0016371,
F0016372,positive
F0016373,
F0016374,positive
F0016375,
F0016376,
F0016377,positive
F0016378,positive
F0016379,
F0016380,
F0016381,
F0016382,
F0016383,documents
F0016384,positive
F0016385,positive
F0016386,positive
F0016387,
F0016388,
F0016389,
F0016390,
F0016391,
F0016392,
F0016393,
F0016394,
F0016395,
F0016396,
F0016397,
F0016398,
F0016399,
F0016400,positive
F0016401,
F0016402,
F0016403,
F0016404,
F0016405,
F0016406,positive
F0016407,
F0016408,walkout
F0016409,
F0016410,walkout
F0016411,
F0016412,
F0016413,
F0016414,
F0016415,
F0016416,positive
F0016417,
F0016418,positive
F0016419,
F0016420,walkout
F0016421,
F0016422,positive
F0016423,
F0016424,
F0016425,
F0016426,positive
F0016427,
F0016428,
F0016429,
F0016430,
F0016431,
F0016432,
F0016433,
F0016434,
F0016435,
F0016436,long_wait
F0016437,walkout
F0016438,
F0016439,
F0016440,
F0016441,
F0016442,walkout
F0016443,
F0016444,
F0016445,
F0016446,
F0016447,
F0016448,
F0016449,positive
F0016450,
F0016451,
F0016452,
F0016453,
F0016454,
F0016455,
F0016456,positive
F0016457,
F0016458,
F0016459,
F0016460,
F0016461,positive
F0016462,
F0016463,
F0016464,
F0016465,
F0016466,
F0016467,
F0016468,positive
F0016469,positive
F0016470,
F0016471,
F0016472,positive
F0016473,
F0016474,
F0016475,positive
F0016476,
F0016477,
F0016478,
F0016479,
F0016480,
F0016481,
F0016482,
F0016483,
F0016484,
F0016485,
F0016486,
F0016487,
F0016488,
F0016489,
F0016490,
F0016491,
F0016492,documents
F0016493,
F0016494,
F0016495,positive
F0016496,
F0016497,positive
F0016498,
F0016499,
F0016500,
F0016501,positive
F0016502,
F0016503,
F0016504,
F0016505,
F0016506,
F0016507,
F0016508,walkout
F0016509,
F0016510,
F0016511,
F0016512,
F0016513,positive
F0016514,
F0016515,
F0016516,positive
F0016517,
F0016518,
F0016519,
F0016520,positive
F0016521,positive
F0016522,
F0016523,
F0016524,positive
F0016525,
F0016526,positive
F0016527,
F0016528,
F0016529,positive
F0016530,
F0016531,slow_dd
F0016532,
F0016533,
F0016534,
F0016535,
F0016536,
F0016537,
F0016538,
F0016539,
F0016540,
F0016541,
F0016542,
F0016543,
F0016544,
F0016545,
F0016546,long_wait
F0016547,
F0016548,
F0016549,
F0016550,
F0016551,
F0016552,
F0016553,
F0016554,
F0016555,
F0016556,
F0016557,
F0016558,
F0016559,
F0016560,positive
F0016561,
F0016562,
F0016563,
F0016564,
F0016565,
F0016566,
F0016567,
F0016568,
F0016569,
F0016570,
F0016571,
F0016572,
F0016573,positive
F0016574,
F0016575,
F0016576,
F0016577,
F0016578,
F0016579,
F0016580,
F0016581,
F0016582,
F0016583,
F0016584,
F0016585,
F0016586,positive
F0016587,
F0016588,walkout
F0016589,
F0016590,
F0016591,
F0016592,
F0016593,
F0016594,
F0016595,walkout
F0016596,
F0016597,
F0016598,positive
F0016599,
F0016600,
F0016601,
F0016602,
F0016603,
F0016604,
F0016605,
F0016606,
F0016607,
F0016608,
F0016609,
F0016610,
F0016611,
F0016612,
F0016613,positive
F0016614,
F0016615,walkout
F0016616,
F0016617,
F0016618,
F0016619,
F0016620,positive
F0016621,
F0016622,walkout
F0016623,
F0016624,
F0016625,
F0016626,
F0016627,
F0016628,
F0016629,
F0016630,
F0016631,
F0016632,
F0016633,
F0016634,
F0016635,
F0016636,
F0016637,
F0016638,
F0016639,
F0016640,
F0016641,
F0016642,
F0016643,positive
F0016644,
F0016645,
F0016646,
F0016647,positive
F0016648,
F0016649,
F0016650,
F0016651,
F0016652,
F0016653,
F0016654,
F0016655,
F0016656,
F0016657,
F0016658,
F0016659,
F0016660,
F0016661,
F0016662,
F0016663,
F0016664,positive
F0016665,
F0016666,
F0016667,
F0016668,positive
F0016669,positive
F0016670,
F0016671,
F0016672,
F0016673,
F0016674,
F0016675,positive
F0016676,
F0016677,
F0016678,
F0016679,
F0016680,
F0016681,
F0016682,
F0016683,
F0016684,
F0016685,
F0016686,
F0016687,positive
F0016688,
F0016689,positive
F0016690,
F0016691,
F0016692,
F0016693,
F0016694,
F0016695,
F0016696,
F0016697,
F0016698,
F0016699,walkout
F0016700,positive
F0016701,
F0016702,
F0016703,
F0016704,
F0016705,
F0016706,
F0016707,
F0016708,
F0016709,
F0016710,
F0016711,
F0016712,positive
F0016713,
F0016714,
F0016715,walkout
F0016716,
F0016717,
F0016718,walkout
F0016719,
F0016720,
F0016721,positive
F0016722,
F0016723,
F0016724,positive
F0016725,
F0016726,
F0016727,
F0016728,
F0016729,
F0016730,
F0016731,
F0016732,
F0016733,
F0016734,
F0016735,walkout
F0016736,
F0016737,positive
F0016738,
F0016739,
F0016740,
F0016741,positive
F0016742,positive
F0016743,
F0016744,
F0016745,
F0016746,positive
F0016747,
F0016748,
F0016749,
F0016750,positive
F0016751,
F0016752,
F0016753,
F0016754,
F0016755,
F0016756,long_wait
F0016757,
F0016758,
F0016759,
F0016760,
F0016761,
F0016762,positive
F0016763,
F0016764,
F0016765,
F0016766,
F0016767,
F0016768,
F0016769,
F0016770,
F0016771,
F0016772,
F0016773,
F0016774,
F0016775,
F0016776,
F0016777,
F0016778,positive
F0016779,positive
F0016780,
F0016781,
F0016782,
F0016783,
F0016784,
F0016785,positive
F0016786,
F0016787,positive
F0016788,
F0016789,
F0016790,
F0016791,
F0016792,
F0016793,
F0016794,
F0016795,
F0016796,positive
F0016797,walkout
F0016798,
F0016799,walkout
F0016800,positive
F0016801,
F0016802,
F0016803,
F0016804,
F0016805,
F0016806,
F0016807,long_wait
F0016808,
F0016809,positive
F0016810,lunch
F0016811,walkout
F0016812,
F0016813,
F0016814,
F0016815,
F0016816,
F0016817,positive
F0016818,positive
F0016819,long_wait
F0016820,
F0016821,
F0016822,positive
F0016823,
F0016824,
F0016825,
F0016826,
F0016827,
F0016828,
F0016829,
F0016830,
F0016831,
F0016832,
F0016833,
F0016834,
F0016835,
F0016836,
F0016837,
F0016838,
F0016839,
F0016840,positive
F0016841,
F0016842,
F0016843,
F0016844,
F0016845,
F0016846,
F0016847,
F0016848,
F0016849,
F0016850,walkout
F0016851,
F0016852,
F0016853,
F0016854,
F0016855,
F0016856,positive
F0016857,positive
F0016858,
F0016859,
F0016860,
F0016861,
F0016862,
F0016863,walkout
F0016864,positive
F0016865,positive
F0016866,
F0016867,walkout
F0016868,
F0016869,positive
F0016870,
F0016871,
F0016872,positive
F0016873,
F0016874,
F0016875,positive
F0016876,
F0016877,
F0016878,positive
F0016879,
F0016880,positive
F0016881,
F0016882,positive
F0016883,positive
F0016884,
F0016885,
F0016886,positive
F0016887,
F0016888,
F0016889,
F0016890,
F0016891,
F0016892,positive
F0016893,
F0016894,
F0016895,
F0016896,
F0016897,
F0016898,
F0016899,
F0016900,
F0016901,positive
F0016902,positive
F0016903,
F0016904,
F0016905,lunch
F0016906,
F0016907,
F0016908,long_wait
F0016909,
F0016910,walkout
F0016911,positive
F0016912,positive
F0016913,
F0016914,
F0016915,
F0016916,
F0016917,
F0016918,
F0016919,
F0016920,
F0016921,
F0016922,
F0016923,
F0016924,
F0016925,
F0016926,positive
F0016927,positive
F0016928,slow_dd
F0016929,
F0016930,
F0016931,
F0016932,
F0016933,
F0016934,
F0016935,
F0016936,
F0016937,positive
F0016938,
F0016939,
F0016940,
F0016941,
F0016942,
F0016943,
F0016944,
F0016945,
F0016946,
F0016947,
F0016948,
F0016949,
F0016950,
F0016951,
F0016952,
F0016953,
F0016954,
F0016955,
F0016956,
F0016957,positive
F0016958,positive
F0016959,
F0016960,
F0016961,
F0016962,
F0016963,
F0016964,walkout
F0016965,
F0016966,
F0016967,walkout
F0016968,
F0016969,
F0016970,
F0016971,
F0016972,
F0016973,long_wait
F0016974,
F0016975,
F0016976,
F0016977,walkout
F0016978,walkout
F0016979,
F0016980,walkout
F0016981,
F0016982,
F0016983,
F0016984,
F0016985,
F0016986,seating
F0016987,
F0016988,
F0016989,long_wait
F0016990,walkout
F0016991,positive
F0016992,
F0016993,
F0016994,
F0016995,
F0016996,
F0016997,
F0016998,
F0016999,
F0017000,
F0017001,
F0017002,
F0017003,
F0017004,
F0017005,walkout
F0017006,
F0017007,walkout
F0017008,
F0017009,
F0017010,walkout
F0017011,walkout
F0017012,
F0017013,walkout
F0017014,positive
F0017015,walkout
F0017016,walkout
F0017017,
F0017018,walkout
F0017019,
F0017020,walkout
F0017021,
F0017022,walkout
F0017023,
F0017024,
F0017025,positive
F0017026,walkout
F0017027,
F0017028,
F0017029,
F0017030,
F0017031,walkout
F0017032,
F0017033,long_wait
F0017034,
F0017035,
F0017036,walkout
F0017037,walkout
F0017038,
F0017039,seating
F0017040,
F0017041,walkout
F0017042,walkout
F0017043,long_wait
F0017044,walkout
F0017045,
F0017046,
F0017047,
F0017048,
F0017049,walkout
F0017050,
F0017051,walkout
F0017052,
F0017053,
F0017054,
F0017055,
F0017056,
F0017057,
F0017058,walkout
F0017059,
F0017060,
F0017061,
F0017062,walkout
F0017063,
F0017064,
F0017065,
F0017066,
F0017067,walkout
F0017068,
F0017069,walkout
F0017070,
F0017071,walkout
F0017072,
F0017073,
F0017074,
F0017075,
F0017076,
F0017077,
F0017078,
F0017079,
F0017080,long_wait
F0017081,
F0017082,
F0017083,
F0017084,
F0017085,
F0017086,
F0017087,
F0017088,long_wait
F0017089,
F0017090,
F0017091,
F0017092,
F0017093,
F0017094,
F0017095,
F0017096,
F0017097,positive
F0017098,
F0017099,
F0017100,
F0017101,positive
F0017102,
F0017103,
F0017104,positive
F0017105,
F0017106,documents
F0017107,
F0017108,
F0017109,
F0017110,positive
F0017111,
F0017112,
F0017113,
F0017114,
F0017115,positive
F0017116,
F0017117,positive
F0017118,
F0017119,
F0017120,
F0017121,
F0017122,
F0017123,positive
F0017124,
F0017125,walkout
F0017126,
F0017127,
F0017128,
F0017129,positive
F0017130,
F0017131,
F0017132,
F0017133,
F0017134,documents
F0017135,
F0017136,
F0017137,
F0017138,
F0017139,
F0017140,
F0017141,
F0017142,
F0017143,
F0017144,
F0017145,
F0017146,
F0017147,
F0017148,
F0017149,
F0017150,positive
F0017151,
F0017152,
F0017153,
F0017154,
F0017155,
F0017156,positive
F0017157,
F0017158,
F0017159,walkout
F0017160,walkout
F0017161,
F0017162,documents
F0017163,
F0017164,
F0017165,
F0017166,
F0017167,
F0017168,walkout
F0017169,walkout
F0017170,
F0017171,long_wait
F0017172,
F0017173,
F0017174,
F0017175,
F0017176,walkout
F0017177,
F0017178,
F0017179,positive
F0017180,
F0017181,
F0017182,
F0017183,
F0017184,
F0017185,seating
F0017186,
F0017187,walkout
F0017188,walkout
F0017189,
F0017190,walkout
F0017191,
F0017192,
F0017193,
F0017194,
F0017195,
F0017196,
F0017197,walkout
F0017198,walkout
F0017199,
F0017200,
F0017201,walkout
F0017202,documents
F0017203,
F0017204,
F0017205,
F0017206,positive
F0017207,
F0017208,
F0017209,
F0017210,
F0017211,
F0017212,positive
F0017213,
F0017214,
F0017215,positive
F0017216,
F0017217,positive
F0017218,
F0017219,walkout
F0017220,
F0017221,
F0017222,positive
F0017223,
F0017224,
F0017225,
F0017226,
F0017227,
F0017228,
F0017229,
F0017230,
F0017231,walkout
F0017232,
F0017233,
F0017234,walkout
F0017235,
F0017236,
F0017237,
F0017238,
F0017239,
F0017240,
F0017241,
F0017242,
F0017243,
F0017244,
F0017245,
F0017246,
F0017247,
F0017248,
F0017249,positive
F0017250,
F0017251,
F0017252,long_wait
F0017253,
F0017254,
F0017255,positive
F0017256,
F0017257,
F0017258,
F0017259,
F0017260,
F0017261,
F0017262,
F0017263,
F0017264,positive
F0017265,
F0017266,
F0017267,
F0017268,
F0017269,
F0017270,positive
F0017271,
F0017272,
F0017273,
F0017274,
F0017275,walkout
F0017276,
F0017277,walkout
F0017278,walkout
F0017279,
F0017280,lunch
F0017281,
F0017282,long_wait
F0017283,
F0017284,positive
F0017285,walkout
F0017286,positive
F0017287,
F0017288,
F0017289,
F0017290,
F0017291,
F0017292,positive
F0017293,
F0017294,positive
F0017295,
F0017296,
F0017297,
F0017298,
F0017299,
F0017300,
F0017301,
F0017302,
F0017303,
F0017304,positive
F0017305,
F0017306,positive
F0017307,positive
F0017308,
F0017309,walkout
F0017310,
F0017311,
F0017312,
F0017313,
F0017314,
F0017315,
F0017316,positive
F0017317,
F0017318,
F0017319,
F0017320,
F0017321,
F0017322,
F0017323,positive
F0017324,positive
F0017325,
F0017326,
F0017327,
F0017328,
F0017329,
F0017330,
F0017331,
F0017332,positive
F0017333,
F0017334,
F0017335,
F0017336,
F0017337,
F0017338,
F0017339,
F0017340,
F0017341,positive
F0017342,
F0017343,
F0017344,
F0017345,
F0017346,positive
F0017347,
F0017348,
F0017349,
F0017350,
F0017351,
F0017352,
F0017353,positive
F0017354,
F0017355,positive
F0017356,positive
F0017357,
F0017358,
F0017359,
F0017360,walkout
F0017361,
F0017362,
F0017363,
F0017364,positive
F0017365,
F0017366,
F0017367,positive
F0017368,
F0017369,
F0017370,
F0017371,walkout
F0017372,long_wait
F0017373,
F0017374,
F0017375,
F0017376,walkout
F0017377,
F0017378,
F0017379,
F0017380,
F0017381,
F0017382,
F0017383,
F0017384,
F0017385,
F0017386,
F0017387,
F0017388,long_wait
F0017389,
F0017390,walkout
F0017391,
F0017392,positive
F0017393,positive
F0017394,documents
F0017395,
F0017396,
F0017397,
F0017398,
F0017399,
F0017400,
F0017401,walkout
F0017402,
F0017403,walkout
F0017404,
F0017405,positive
F0017406,
F0017407,positive
F0017408,
F0017409,
F0017410,
F0017411,
F0017412,
F0017413,
F0017414,
F0017415,
F0017416,
F0017417,
F0017418,
F0017419,
F0017420,
F0017421,positive
F0017422,
F0017423,positive
F0017424,long_wait
F0017425,
F0017426,positive
F0017427,
F0017428,
F0017429,
F0017430,
F0017431,
F0017432,slow_dd
F0017433,
F0017434,
F0017435,positive
F0017436,
F0017437,
F0017438,positive
F0017439,
F0017440,
F0017441,
F0017442,
F0017443,positive
F0017444,
F0017445,
F0017446,
F0017447,
F0017448,
F0017449,
F0017450,
F0017451,
F0017452,walkout
F0017453,
F0017454,long_wait
F0017455,
F0017456,walkout
F0017457,
F0017458,
F0017459,
F0017460,walkout
F0017461,
F0017462,
F0017463,
F0017464,
F0017465,
F0017466,
F0017467,positive
F0017468,
F0017469,
F0017470,
F0017471,
F0017472,
F0017473,positive
F0017474,
F0017475,
F0017476,
F0017477,
F0017478,
F0017479,
F0017480,positive
F0017481,
F0017482,
F0017483,
F0017484,
F0017485,positive
F0017486,walkout
F0017487,walkout
F0017488,
F0017489,
F0017490,walkout
F0017491,walkout
F0017492,
F0017493,
F0017494,
F0017495,
F0017496,
F0017497,positive
F0017498,
F0017499,
F0017500,
F0017501,positive
F0017502,
F0017503,
F0017504,
F0017505,
F0017506,
F0017507,
F0017508,
F0017509,
F0017510,long_wait
F0017511,
F0017512,
F0017513,
F0017514,
F0017515,
F0017516,positive
F0017517,positive
F0017518,
F0017519,
F0017520,
F0017521,
F0017522,
F0017523,
F0017524,
F0017525,positive
F0017526,
F0017527,
F0017528,
F0017529,
F0017530,positive
F0017531,positive
F0017532,
F0017533,
F0017534,
F0017535,
F0017536,
F0017537,positive
F0017538,
F0017539,
F0017540,
F0017541,
F0017542,positive
F0017543,
F0017544,
F0017545,
F0017546,
F0017547,
F0017548,
F0017549,positive
F0017550,positive
F0017551,walkout
F0017552,
F0017553,
F0017554,
F0017555,
F0017556,
F0017557,
F0017558,
F0017559,
F0017560,
F0017561,
F0017562,
F0017563,positive
F0017564,positive
F0017565,
F0017566,
F0017567,
F0017568,
F0017569,walkout
F0017570,
F0017571,
F0017572,
F0017573,
F0017574,
F0017575,positive
F0017576,
F0017577,
F0017578,
F0017579,
F0017580,
F0017581,
F0017582,
F0017583,walkout
F0017584,
F0017585,positive
F0017586,
F0017587,
F0017588,positive
F0017589,
F0017590,
F0017591,
F0017592,
F0017593,
F0017594,
F0017595,
F0017596,
F0017597,
F0017598,
F0017599,walkout
F0017600,
F0017601,
F0017602,
F0017603,
F0017604,
F0017605,
F0017606,walkout
F0017607,
F0017608,positive
F0017609,walkout
F0017610,
F0017611,positive
F0017612,
F0017613,
F0017614,
F0017615,
F0017616,
F0017617,
F0017618,
F0017619,positive
F0017620,
F0017621,positive
F0017622,
F0017623,
F0017624,
F0017625,
F0017626,
F0017627,
F0017628,
F0017629,
F0017630,
F0017631,
F0017632,
F0017633,
F0017634,
F0017635,positive
F0017636,
F0017637,
F0017638,
F0017639,
F0017640,
F0017641,
F0017642,positive
F0017643,
F0017644,
F0017645,
F0017646,
F0017647,
F0017648,
F0017649,
F0017650,
F0017651,
F0017652,
F0017653,
F0017654,
F0017655,
F0017656,
F0017657,
F0017658,
F0017659,
F0017660,
F0017661,
F0017662,
F0017663,
F0017664,
F0017665,
F0017666,
F0017667,
F0017668,
F0017669,
F0017670,positive
F0017671,
F0017672,
F0017673,
F0017674,
F0017675,positive
F0017676,
F0017677,
F0017678,
F0017679,
F0017680,
F0017681,
F0017682,positive
F0017683,positive
F0017684,
F0017685,
F0017686,positive
F0017687,
F0017688,
F0017689,positive
F0017690,
F0017691,
F0017692,
F0017693,
F0017694,
F0017695,
F0017696,
F0017697,
F0017698,
F0017699,
F0017700,
F0017701,
F0017702,
F0017703,
F0017704,
F0017705,
F0017706,
F0017707,
F0017708,
F0017709,positive
F0017710,positive
F0017711,
F0017712,
F0017713,
F0017714,
F0017715,
F0017716,
F0017717,
F0017718,
F0017719,
F0017720,
F0017721,walkout
F0017722,
F0017723,
F0017724,
F0017725,
F0017726,
F0017727,
F0017728,
F0017729,
F0017730,
F0017731,
F0017732,
F0017733,positive
F0017734,
F0017735,
F0017736,
F0017737,
F0017738,slow_dd
F0017739,
F0017740,
F0017741,positive
F0017742,
F0017743,positive
F0017744,walkout
F0017745,
F0017746,walkout
F0017747,positive
F0017748,
F0017749,
F0017750,
F0017751,
F0017752,
F0017753,
F0017754,
F0017755,walkout
F0017756,
F0017757,
F0017758,
F0017759,
F0017760,
F0017761,
F0017762,
F0017763,
F0017764,
F0017765,
F0017766,
F0017767,
F0017768,
F0017769,
F0017770,
F0017771,
F0017772,
F0017773,
F0017774,
F0017775,
F0017776,
F0017777,
F0017778,
F0017779,positive
F0017780,
F0017781,
F0017782,
F0017783,
F0017784,
F0017785,
F0017786,
F0017787,
F0017788,
F0017789,
F0017790,
F0017791,
F0017792,
F0017793,
F0017794,
F0017795,positive
F0017796,
F0017797,positive
F0017798,walkout
F0017799,
F0017800,
F0017801,
F0017802,
F0017803,
F0017804,
F0017805,
F0017806,
F0017807,
F0017808,
F0017809,
F0017810,
F0017811,
F0017812,
F0017813,
F0017814,
F0017815,
F0017816,
F0017817,
F0017818,
F0017819,positive
F0017820,positive
F0017821,
F0017822,positive
F0017823,
F0017824,positive
F0017825,
F0017826,
F0017827,
F0017828,
F0017829,positive
F0017830,
F0017831,
F0017832,
F0017833,
F0017834,
F0017835,
F0017836,
F0017837,
F0017838,
F0017839,
F0017840,
F0017841,
F0017842,
F0017843,
F0017844,
F0017845,
F0017846,
F0017847,
F0017848,
F0017849,
F0017850,
F0017851,
F0017852,
F0017853,positive
F0017854,
F0017855,
F0017856,
F0017857,
F0017858,
F0017859,
F0017860,
F0017861,
F0017862,positive
F0017863,positive
F0017864,
F0017865,
F0017866,
F0017867,
F0017868,
F0017869,
F0017870,positive
F0017871,
F0017872,
F0017873,
F0017874,positive
F0017875,
F0017876,
F0017877,
F0017878,
F0017879,positive
F0017880,
F0017881,positive
F0017882,
F0017883,
F0017884,
F0017885,
F0017886,
F0017887,
F0017888,
F0017889,
F0017890,
F0017891,
F0017892,
F0017893,
F0017894,
F0017895,positive
F0017896,
F0017897,
F0017898,
F0017899,
F0017900,
F0017901,
F0017902,
F0017903,
F0017904,
F0017905,
F0017906,
F0017907,
F0017908,
F0017909,walkout
F0017910,
F0017911,
F0017912,
F0017913,walkout
F0017914,
F0017915,
F0017916,
F0017917,
F0017918,
F0017919,
F0017920,
F0017921,
F0017922,
F0017923,
F0017924,
F0017925,
F0017926,
F0017927,positive
F0017928,
F0017929,
F0017930,
F0017931,positive
F0017932,
F0017933,positive
F0017934,
F0017935,
F0017936,
F0017937,
F0017938,
F0017939,positive
F0017940,positive
F0017941,positive
F0017942,
F0017943,positive
F0017944,
F0017945,
F0017946,
F0017947,
F0017948,
F0017949,
F0017950,
F0017951,
F0017952,
F0017953,
F0017954,lunch
F0017955,
F0017956,
F0017957,
F0017958,positive
F0017959,
F0017960,
F0017961,
F0017962,
F0017963,walkout
F0017964,
F0017965,
F0017966,walkout
F0017967,positive
F0017968,
F0017969,
F0017970,
F0017971,walkout
F0017972,
F0017973,
F0017974,
F0017975,
F0017976,
F0017977,positive
F0017978,positive
F0017979,
F0017980,walkout
F0017981,
F0017982,
F0017983,
F0017984,
F0017985,
F0017986,
F0017987,
F0017988,
F0017989,
F0017990,positive
F0017991,positive
F0017992,
F0017993,
F0017994,
F0017995,
F0017996,
F0017997,
F0017998,
F0017999,positive
F0018000,
F0018001,
F0018002,
F0018003,
F0018004,
F0018005,
F0018006,walkout
F0018007,
F0018008,walkout
F0018009,
F0018010,
F0018011,
F0018012,
F0018013,walkout
F0018014,long_wait
F0018015,walkout
F0018016,
F0018017,
F0018018,
F0018019,
F0018020,
F0018021,
F0018022,long_wait
F0018023,
F0018024,walkout
F0018025,positive
F0018026,
F0018027,
F0018028,
F0018029,
F0018030,walkout
F0018031,
F0018032,
F0018033,
F0018034,
F0018035,
F0018036,slow_dd
F0018037,walkout
F0018038,walkout
F0018039,
F0018040,
F0018041,
F0018042,
F0018043,
F0018044,seating
F0018045,long_wait
F0018046,
F0018047,
F0018048,
F0018049,long_wait
F0018050,walkout
F0018051,walkout
F0018052,
F0018053,
F0018054,
F0018055,
F0018056,walkout
F0018057,walkout
F0018058,slow_dd
F0018059,
F0018060,walkout
F0018061,
F0018062,positive
F0018063,walkout
F0018064,
F0018065,
F0018066,
F0018067,walkout
F0018068,walkout
F0018069,
F0018070,
F0018071,
F0018072,
F0018073,
F0018074,
F0018075,
F0018076,walkout
F0018077,
F0018078,
F0018079,
F0018080,
F0018081,walkout
F0018082,
F0018083,
F0018084,
F0018085,
F0018086,
F0018087,
F0018088,
F0018089,
F0018090,
F0018091,
F0018092,
F0018093,
F0018094,
F0018095,
F0018096,
F0018097,
F0018098,
F0018099,
F0018100,positive
F0018101,
F0018102,
F0018103,
F0018104,
F0018105,
F0018106,
F0018107,
F0018108,
F0018109,
F0018110,
F0018111,walkout
F0018112,
F0018113,lunch
F0018114,
F0018115,walkout
F0018116,
F0018117,
F0018118,
F0018119,
F0018120,
F0018121,
F0018122,
F0018123,
F0018124,
F0018125,
F0018126,
F0018127,
F0018128,
F0018129,
F0018130,
F0018131,walkout
F0018132,
F0018133,
F0018134,
F0018135,
F0018136,walkout
F0018137,walkout
F0018138,walkout
F0018139,
F0018140,
F0018141,
F0018142,
F0018143,walkout
F0018144,
F0018145,
F0018146,
F0018147,slow_dd
F0018148,
F0018149,walkout
F0018150,
F0018151,
F0018152,walkout
F0018153,
F0018154,
F0018155,
F0018156,walkout
F0018157,walkout
F0018158,walkout
F0018159,
F0018160,
F0018161,walkout
F0018162,long_wait
F0018163,
F0018164,walkout
F0018165,walkout
F0018166,
F0018167,
F0018168,
F0018169,walkout
F0018170,
F0018171,positive
F0018172,
F0018173,walkout
F0018174,walkout
F0018175,walkout
F0018176,
F0018177,positive
F0018178,walkout
F0018179,walkout
F0018180,walkout
F0018181,
F0018182,walkout
F0018183,walkout
F0018184,
F0018185,
F0018186,walkout
F0018187,
F0018188,
F0018189,
F0018190,walkout
F0018191,
F0018192,
F0018193,walkout
F0018194,walkout
F0018195,positive
F0018196,
F0018197,
F0018198,
F0018199,positive
F0018200,
F0018201,walkout
F0018202,seating
F0018203,
F0018204,
F0018205,
F0018206,
F0018207,
F0018208,positive
F0018209,
F0018210,
F0018211,
F0018212,positive
F0018213,
F0018214,
F0018215,
F0018216,
F0018217,
F0018218,
F0018219,
F0018220,
F0018221,
F0018222,
F0018223,
F0018224,
F0018225,
F0018226,
F0018227,
F0018228,
F0018229,
F0018230,positive
F0018231,
F0018232,
F0018233,
F0018234,
F0018235,
F0018236,
F0018237,
F0018238,
F0018239,
F0018240,
F0018241,
F0018242,
F0018243,walkout
F0018244,positive
F0018245,
F0018246,walkout
F0018247,
F0018248,positive
F0018249,
F0018250,
F0018251,
F0018252,positive
F0018253,
F0018254,walkout
F0018255,
F0018256,
F0018257,
F0018258,
F0018259,
F0018260,
F0018261,
F0018262,
F0018263,
F0018264,
F0018265,
F0018266,
F0018267,positive
F0018268,
F0018269,
F0018270,
F0018271,
F0018272,
F0018273,
F0018274,
F0018275,positive
F0018276,
F0018277,
F0018278,
F0018279,
F0018280,
F0018281,
F0018282,
F0018283,
F0018284,
F0018285,
F0018286,
F0018287,positive
F0018288,
F0018289,
F0018290,positive
F0018291,
F0018292,
F0018293,positive
F0018294,
F0018295,
F0018296,
F0018297,
F0018298,
F0018299,positive
F0018300,
F0018301,
F0018302,
F0018303,
F0018304,
F0018305,positive
F0018306,
F0018307,
F0018308,
F0018309,
F0018310,walkout
F0018311,walkout
F0018312,
F0018313,
F0018314,
F0018315,
F0018316,
F0018317,
F0018318,
F0018319,
F0018320,
F0018321,
F0018322,
F0018323,
F0018324,
F0018325,
F0018326,
F0018327,
F0018328,
F0018329,
F0018330,
F0018331,walkout
F0018332,
F0018333,
F0018334,
F0018335,
F0018336,positive
F0018337,
F0018338,
F0018339,
F0018340,
F0018341,
F0018342,
F0018343,
F0018344,
F0018345,
F0018346,
F0018347,positive
F0018348,
F0018349,
F0018350,positive
F0018351,
F0018352,
F0018353,
F0018354,documents
F0018355,
F0018356,
F0018357,
F0018358,
F0018359,
F0018360,positive
F0018361,
F0018362,
F0018363,
F0018364,positive
F0018365,
F0018366,
F0018367,
F0018368,
F0018369,
F0018370,
F0018371,walkout
F0018372,
F0018373,
F0018374,
F0018375,
F0018376,
F0018377,positive
F0018378,walkout
F0018379,long_wait
F0018380,walkout
F0018381,positive
F0018382,
F0018383,
F0018384,
F0018385,
F0018386,walkout
F0018387,positive
F0018388,
F0018389,
F0018390,
F0018391,
F0018392,
F0018393,
F0018394,
F0018395,
F0018396,
F0018397,
F0018398,
F0018399,
F0018400,walkout
F0018401,
F0018402,
F0018403,
F0018404,walkout
F0018405,
F0018406,long_wait
F0018407,walkout
F0018408,
F0018409,walkout
F0018410,
F0018411,lunch
F0018412,
F0018413,
F0018414,
F0018415,
F0018416,
F0018417,
F0018418,
F0018419,
F0018420,
F0018421,
F0018422,
F0018423,
F0018424,
F0018425,
F0018426,
F0018427,positive
F0018428,
F0018429,
F0018430,
F0018431,
F0018432,
F0018433,
F0018434,
F0018435,
F0018436,
F0018437,
F0018438,
F0018439,
F0018440,positive
F0018441,positive
F0018442,
F0018443,walkout
F0018444,
F0018445,
F0018446,
F0018447,
F0018448,
F0018449,
F0018450,
F0018451,
F0018452,
F0018453,
F0018454,long_wait
F0018455,
F0018456,
F0018457,
F0018458,
F0018459,positive
F0018460,
F0018461,
F0018462,
F0018463,
F0018464,
F0018465,walkout
F0018466,
F0018467,
F0018468,
F0018469,
F0018470,
F0018471,
F0018472,
F0018473,
F0018474,
F0018475,positive
F0018476,
F0018477,
F0018478,
F0018479,walkout
F0018480,
F0018481,
F0018482,
F0018483,
F0018484,
F0018485,positive
F0018486,
F0018487,
F0018488,walkout
F0018489,
F0018490,
F0018491,
F0018492,
F0018493,
F0018494,
F0018495,
F0018496,
F0018497,
F0018498,walkout
F0018499,long_wait
F0018500,
F0018501,
F0018502,long_wait
F0018503,
F0018504,
F0018505,positive
F0018506,
F0018507,walkout
F0018508,
F0018509,long_wait
F0018510,
F0018511,
F0018512,
F0018513,
F0018514,
F0018515,walkout
F0018516,positive
F0018517,
F0018518,
F0018519,
F0018520,
F0018521,
F0018522,
F0018523,
F0018524,
F0018525,
F0018526,
F0018527,
F0018528,
F0018529,
F0018530,
F0018531,
F0018532,
F0018533,positive
F0018534,
F0018535,positive
F0018536,positive
F0018537,
F0018538,
F0018539,
F0018540,
F0018541,
F0018542,
F0018543,
F0018544,
F0018545,
F0018546,
F0018547,
F0018548,
F0018549,
F0018550,positive
F0018551,
F0018552,
F0018553,
F0018554,
F0018555,
F0018556,
F0018557,
F0018558,
F0018559,
F0018560,
F0018561,
F0018562,
F0018563,
F0018564,
F0018565,
F0018566,
F0018567,
F0018568,
F0018569,
F0018570,
F0018571,
F0018572,
F0018573,positive
F0018574,positive
F0018575,
F0018576,
F0018577,
F0018578,positive
F0018579,
F0018580,
F0018581,positive
F0018582,
F0018583,walkout
F0018584,
F0018585,
F0018586,
F0018587,
F0018588,positive
F0018589,
F0018590,
F0018591,walkout
F0018592,
F0018593,
F0018594,
F0018595,
F0018596,
F0018597,
F0018598,
F0018599,
F0018600,walkout
F0018601,
F0018602,
F0018603,positive
F0018604,
F0018605,positive
F0018606,
F0018607,
F0018608,
F0018609,
F0018610,
F0018611,walkout
F0018612,
F0018613,
F0018614,positive
F0018615,
F0018616,
F0018617,positive
F0018618,positive
F0018619,
F0018620,
F0018621,
F0018622,
F0018623,
F0018624,
F0018625,positive
F0018626,
F0018627,
F0018628,positive
F0018629,
F0018630,
F0018631,positive
F0018632,
F0018633,
F0018634,walkout
F0018635,
F0018636,
F0018637,
F0018638,
F0018639,
F0018640,
F0018641,
F0018642,
F0018643,positive
F0018644,
F0018645,positive
F0018646,
F0018647,
F0018648,
F0018649,
F0018650,
F0018651,
F0018652,
F0018653,
F0018654,documents
F0018655,
F0018656,
F0018657,
F0018658,
F0018659,positive
F0018660,
F0018661,walkout
F0018662,
F0018663,
F0018664,
F0018665,
F0018666,
F0018667,
F0018668,positive
F0018669,
F0018670,
F0018671,
F0018672,
F0018673,positive
F0018674,
F0018675,
F0018676,positive
F0018677,
F0018678,
F0018679,
F0018680,
F0018681,
F0018682,
F0018683,
F0018684,
F0018685,
F0018686,
F0018687,
F0018688,
F0018689,
F0018690,
F0018691,
F0018692,
F0018693,positive
F0018694,walkout
F0018695,
F0018696,
F0018697,
F0018698,
F0018699,
F0018700,
F0018701,positive
F0018702,
F0018703,walkout
F0018704,
F0018705,
F0018706,
F0018707,
F0018708,
F0018709,positive
F0018710,
F0018711,
F0018712,
F0018713,
F0018714,
F0018715,
F0018716,
F0018717,
F0018718,
F0018719,
F0018720,
F0018721,
F0018722,
F0018723,
F0018724,
F0018725,
F0018726,
F0018727,
F0018728,
F0018729,
F0018730,
F0018731,positive
F0018732,
F0018733,
F0018734,
F0018735,
F0018736,
F0018737,
F0018738,
F0018739,
F0018740,
F0018741,positive
F0018742,
F0018743,
F0018744,
F0018745,
F0018746,
F0018747,
F0018748,
F0018749,
F0018750,
F0018751,long_wait
F0018752,positive
F0018753,
F0018754,
F0018755,walkout
F0018756,
F0018757,
F0018758,positive
F0018759,walkout
F0018760,
F0018761,
F0018762,
F0018763,
F0018764,
F0018765,
F0018766,
F0018767,
F0018768,
F0018769,
F0018770,
F0018771,
F0018772,
F0018773,
F0018774,
F0018775,positive
F0018776,
F0018777,
F0018778,
F0018779,
F0018780,positive
F0018781,positive
F0018782,
F0018783,
F0018784,
F0018785,
F0018786,
F0018787,
F0018788,
F0018789,
F0018790,
F0018791,
F0018792,
F0018793,
F0018794,
F0018795,
F0018796,
F0018797,
F0018798,
F0018799,walkout
F0018800,
F0018801,
F0018802,
F0018803,
F0018804,
F0018805,
F0018806,
F0018807,positive
F0018808,
F0018809,
F0018810,
F0018811,positive
F0018812,
F0018813,
F0018814,
F0018815,positive
F0018816,positive
F0018817,
F0018818,
F0018819,positive
F0018820,
F0018821,
F0018822,
F0018823,
F0018824,
F0018825,
F0018826,
F0018827,
F0018828,
F0018829,documents
F0018830,
F0018831,
F0018832,
F0018833,
F0018834,
F0018835,
F0018836,
F0018837,
F0018838,walkout
F0018839,
F0018840,
F0018841,positive
F0018842,
F0018843,
F0018844,
F0018845,positive
F0018846,positive
F0018847,positive
F0018848,
F0018849,
F0018850,
F0018851,walkout
F0018852,
F0018853,
F0018854,
F0018855,
F0018856,positive
F0018857,
F0018858,positive
F0018859,
F0018860,positive
F0018861,
F0018862,
F0018863,positive
F0018864,
F0018865,positive
F0018866,
F0018867,
F0018868,
F0018869,positive
F0018870,positive
F0018871,
F0018872,positive
F0018873,
F0018874,
F0018875,
F0018876,
F0018877,
F0018878,walkout
F0018879,
F0018880,positive
F0018881,
F0018882,
F0018883,
F0018884,positive
F0018885,
F0018886,
F0018887,
F0018888,
F0018889,
F0018890,
F0018891,
F0018892,
F0018893,
F0018894,
F0018895,
F0018896,
F0018897,
F0018898,positive
F0018899,
F0018900,
F0018901,
F0018902,
F0018903,
F0018904,
F0018905,
F0018906,
F0018907,positive
F0018908,
F0018909,
F0018910,
F0018911,
F0018912,
F0018913,
F0018914,positive
F0018915,positive
F0018916,
F0018917,positive
F0018918,
F0018919,
F0018920,
F0018921,long_wait
F0018922,
F0018923,
F0018924,
F0018925,
F0018926,
F0018927,
F0018928,walkout
F0018929,lunch
F0018930,
F0018931,
F0018932,
F0018933,
F0018934,
F0018935,
F0018936,
F0018937,
F0018938,
F0018939,
F0018940,
F0018941,
F0018942,
F0018943,positive
F0018944,
F0018945,
F0018946,
F0018947,positive
F0018948,
F0018949,
F0018950,
F0018951,
F0018952,positive
F0018953,
F0018954,
F0018955,
F0018956,
F0018957,positive
F0018958,
F0018959,
F0018960,
F0018961,
F0018962,
F0018963,
F0018964,
F0018965,
F0018966,
F0018967,
F0018968,walkout
F0018969,
F0018970,
F0018971,
F0018972,
F0018973,
F0018974,
F0018975,
F0018976,
F0018977,positive
F0018978,positive
F0018979,
F0018980,
F0018981,
F0018982,
F0018983,
F0018984,
F0018985,
F0018986,
F0018987,
F0018988,positive
F0018989,
F0018990,
F0018991,
F0018992,
F0018993,
F0018994,positive
F0018995,
F0018996,
F0018997,
F0018998,
F0018999,
F0019000,
F0019001,
F0019002,
F0019003,
F0019004,
F0019005,
F0019006,
F0019007,
F0019008,
F0019009,
F0019010,
F0019011,
F0019012,
F0019013,
F0019014,
F0019015,
F0019016,
F0019017,positive
F0019018,
F0019019,
F0019020,
F0019021,walkout
F0019022,positive
F0019023,
F0019024,
F0019025,positive
F0019026,
F0019027,
F0019028,positive
F0019029,positive
F0019030,
F0019031,
F0019032,
F0019033,
F0019034,
F0019035,
F0019036,
F0019037,
F0019038,positive
F0019039,
F0019040,
F0019041,
F0019042,
F0019043,
F0019044,
F0019045,
F0019046,walkout
F0019047,
F0019048,
F0019049,positive
F0019050,positive
F0019051,
F0019052,
F0019053,
F0019054,walkout
F0019055,positive
F0019056,
F0019057,walkout
F0019058,
F0019059,positive
F0019060,
F0019061,walkout
F0019062,
F0019063,
F0019064,
F0019065,
F0019066,
F0019067,positive
F0019068,
F0019069,
F0019070,
F0019071,
F0019072,
F0019073,
F0019074,
F0019075,
F0019076,
F0019077,
F0019078,
F0019079,
F0019080,
F0019081,
F0019082,
F0019083,positive
F0019084,
F0019085,
F0019086,
F0019087,
F0019088,long_wait
F0019089,
F0019090,
F0019091,
F0019092,positive
F0019093,positive
F0019094,
F0019095,
F0019096,
F0019097,walkout
F0019098,
F0019099,
F0019100,
F0019101,
F0019102,
F0019103,
F0019104,
F0019105,
F0019106,
F0019107,
F0019108,
F0019109,
F0019110,
F0019111,
F0019112,
F0019113,
F0019114,walkout
F0019115,positive
F0019116,
F0019117,
F0019118,
F0019119,walkout
F0019120,
F0019121,
F0019122,
F0019123,
F0019124,walkout
F0019125,
F0019126,
F0019127,
F0019128,
F0019129,
F0019130,walkout
F0019131,
F0019132,walkout
F0019133,
F0019134,
F0019135,
F0019136,
F0019137,walkout
F0019138,
F0019139,
F0019140,
F0019141,
F0019142,
F0019143,walkout
F0019144,
F0019145,
F0019146,
F0019147,positive
F0019148,
F0019149,positive
F0019150,
F0019151,
F0019152,
F0019153,
F0019154,
F0019155,
F0019156,
F0019157,positive
F0019158,
F0019159,
F0019160,
F0019161,documents
F0019162,positive
F0019163,
F0019164,
F0019165,walkout
F0019166,
F0019167,positive
F0019168,
F0019169,
F0019170,
F0019171,
F0019172,long_wait
F0019173,
F0019174,
F0019175,
F0019176,walkout
F0019177,positive
F0019178,
F0019179,
F0019180,
F0019181,
F0019182,
F0019183,
F0019184,
F0019185,
F0019186,walkout
F0019187,
F0019188,
F0019189,
F0019190,walkout
F0019191,long_wait
F0019192,
F0019193,
F0019194,positive
F0019195,
F0019196,
F0019197,positive
F0019198,
F0019199,
F0019200,positive
F0019201,long_wait
F0019202,
F0019203,
F0019204,
F0019205,
F0019206,
F0019207,
F0019208,
F0019209,
F0019210,
F0019211,
F0019212,
F0019213,
F0019214,
F0019215,
F0019216,
F0019217,
F0019218,walkout
F0019219,
F0019220,
F0019221,walkout
F0019222,
F0019223,
F0019224,walkout
F0019225,
F0019226,
F0019227,
F0019228,
F0019229,
F0019230,positive
F0019231,long_wait
F0019232,long_wait
F0019233,
F0019234,walkout
F0019235,
F0019236,long_wait
F0019237,
F0019238,
F0019239,
F0019240,
F0019241,long_wait
F0019242,long_wait
F0019243,walkout
F0019244,positive
F0019245,walkout
F0019246,
F0019247,
F0019248,
F0019249,
F0019250,
F0019251,positive
F0019252,
F0019253,
F0019254,
F0019255,
F0019256,
F0019257,
F0019258,walkout
F0019259,
F0019260,walkout
F0019261,
F0019262,
F0019263,
F0019264,
F0019265,
F0019266,
F0019267,
F0019268,
F0019269,
F0019270,
F0019271,
F0019272,
F0019273,
F0019274,
F0019275,positive
F0019276,walkout
F0019277,
F0019278,
F0019279,
F0019280,
F0019281,
F0019282,
F0019283,positive
F0019284,
F0019285,
F0019286,
F0019287,
F0019288,
F0019289,
F0019290,walkout
F0019291,positive
F0019292,
F0019293,
F0019294,
F0019295,
F0019296,
F0019297,
F0019298,positive
F0019299,
F0019300,walkout
F0019301,
F0019302,
F0019303,
F0019304,
F0019305,
F0019306,
F0019307,
F0019308,
F0019309,walkout
F0019310,walkout
F0019311,
F0019312,
F0019313,
F0019314,positive
F0019315,
F0019316,
F0019317,
F0019318,
F0019319,
F0019320,positive
F0019321,
F0019322,
F0019323,
F0019324,
F0019325,
F0019326,positive
F0019327,
F0019328,
F0019329,
F0019330,
F0019331,
F0019332,walkout
F0019333,walkout
F0019334,
F0019335,
F0019336,
F0019337,
F0019338,
F0019339,
F0019340,
F0019341,documents
F0019342,
F0019343,positive
F0019344,
F0019345,positive
F0019346,
F0019347,
F0019348,
F0019349,
F0019350,
F0019351,positive
F0019352,positive
F0019353,
F0019354,
F0019355,
F0019356,
F0019357,
F0019358,positive
F0019359,
F0019360,
F0019361,
F0019362,positive
F0019363,positive
F0019364,
F0019365,
F0019366,
F0019367,
F0019368,
F0019369,
F0019370,
F0019371,positive
F0019372,
F0019373,
F0019374,
F0019375,
F0019376,
F0019377,
F0019378,positive
F0019379,
F0019380,
F0019381,
F0019382,positive
F0019383,
F0019384,
F0019385,
F0019386,
F0019387,
F0019388,
F0019389,
F0019390,
F0019391,
F0019392,
F0019393,positive
F0019394,
F0019395,
F0019396,
F0019397,positive
F0019398,
F0019399,
F0019400,
F0019401,
F0019402,positive
F0019403,positive
F0019404,
F0019405,
F0019406,
F0019407,
F0019408,
F0019409,positive
F0019410,
F0019411,
F0019412,
F0019413,walkout
F0019414,
F0019415,positive
F0019416,
F0019417,positive
F0019418,
F0019419,
F0019420,positive
F0019421,
F0019422,
F0019423,positive
F0019424,
F0019425,
F0019426,
F0019427,
F0019428,
F0019429,
F0019430,
F0019431,
F0019432,
F0019433,
F0019434,
F0019435,
F0019436,
F0019437,
F0019438,positive
F0019439,
F0019440,
F0019441,
F0019442,
F0019443,
F0019444,
F0019445,
F0019446,walkout
F0019447,
F0019448,
F0019449,
F0019450,
F0019451,
F0019452,
F0019453,
F0019454,long_wait
F0019455,
F0019456,
F0019457,
F0019458,
F0019459,
F0019460,
F0019461,
F0019462,positive
F0019463,
F0019464,
F0019465,
F0019466,
F0019467,
F0019468,
F0019469,positive
F0019470,
F0019471,
F0019472,
F0019473,
F0019474,
F0019475,
F0019476,
F0019477,
F0019478,
F0019479,
F0019480,positive
F0019481,
F0019482,walkout
F0019483,
F0019484,
F0019485,
F0019486,
F0019487,
F0019488,
F0019489,
F0019490,
F0019491,
F0019492,
F0019493,
F0019494,
F0019495,
F0019496,
F0019497,walkout
F0019498,
F0019499,walkout
F0019500,
F0019501,
F0019502,
F0019503,
F0019504,
F0019505,positive
F0019506,positive
F0019507,
F0019508,
F0019509,
F0019510,
F0019511,
F0019512,
F0019513,
F0019514,
F0019515,
F0019516,
F0019517,
F0019518,
F0019519,
F0019520,positive
F0019521,
F0019522,
F0019523,
F0019524,
F0019525,
F0019526,
F0019527,
F0019528,
F0019529,
F0019530,
F0019531,
F0019532,positive
F0019533,
F0019534,
F0019535,
F0019536,
F0019537,positive
F0019538,
F0019539,positive
F0019540,
F0019541,
F0019542,
F0019543,positive
F0019544,
F0019545,
F0019546,
F0019547,
F0019548,
F0019549,
F0019550,
F0019551,
F0019552,
F0019553,
F0019554,positive
F0019555,
F0019556,positive
F0019557,
F0019558,
F0019559,
F0019560,
F0019561,
F0019562,documents
F0019563,
F0019564,positive
F0019565,
F0019566,
F0019567,
F0019568,positive
F0019569,
F0019570,
F0019571,
F0019572,
F0019573,
F0019574,
F0019575,
F0019576,
F0019577,positive
F0019578,
F0019579,
F0019580,
F0019581,
F0019582,documents
F0019583,
F0019584,
F0019585,positive
F0019586,
F0019587,
F0019588,
F0019589,positive
F0019590,
F0019591,
F0019592,
F0019593,
F0019594,
F0019595,walkout
F0019596,
F0019597,
F0019598,
F0019599,
F0019600,
F0019601,
F0019602,
F0019603,
F0019604,
F0019605,
F0019606,
F0019607,
F0019608,
F0019609,
F0019610,
F0019611,
F0019612,
F0019613,
F0019614,
F0019615,
F0019616,
F0019617,
F0019618,
F0019619,walkout
F0019620,
F0019621,
F0019622,
F0019623,
F0019624,
F0019625,
F0019626,
F0019627,positive
F0019628,positive
F0019629,
F0019630,
F0019631,
F0019632,
F0019633,
F0019634,
F0019635,walkout
F0019636,seating
F0019637,
F0019638,
F0019639,positive
F0019640,
F0019641,
F0019642,
F0019643,
F0019644,
F0019645,
F0019646,
F0019647,
F0019648,
F0019649,
F0019650,
F0019651,
F0019652,
F0019653,
F0019654,
F0019655,
F0019656,
F0019657,
F0019658,positive
F0019659,lunch
F0019660,
F0019661,walkout
F0019662,
F0019663,walkout
F0019664,
F0019665,
F0019666,
F0019667,
F0019668,
F0019669,staff
F0019670,positive
F0019671,
F0019672,
F0019673,positive
F0019674,
F0019675,
F0019676,
F0019677,
F0019678,
F0019679,
F0019680,
F0019681,
F0019682,positive
F0019683,
F0019684,slow_dd
F0019685,positive
F0019686,
F0019687,
F0019688,
F0019689,long_wait
F0019690,
F0019691,positive
F0019692,
F0019693,
F0019694,
F0019695,
F0019696,
F0019697,
F0019698,
F0019699,positive
F0019700,
F0019701,
F0019702,
F0019703,
F0019704,
F0019705,
F0019706,
F0019707,positive
F0019708,
F0019709,
F0019710,
F0019711,
F0019712,
F0019713,
F0019714,
F0019715,
F0019716,
F0019717,
F0019718,
F0019719,
F0019720,
F0019721,
F0019722,
F0019723,positive
F0019724,
F0019725,
F0019726,
F0019727,
F0019728,
F0019729,walkout
F0019730,
F0019731,documents
F0019732,
F0019733,
F0019734,
F0019735,
F0019736,
F0019737,
F0019738,walkout
F0019739,
F0019740,
F0019741,
F0019742,
F0019743,
F0019744,
F0019745,
F0019746,
F0019747,
F0019748,
F0019749,
F0019750,
F0019751,
F0019752,
F0019753,
F0019754,
F0019755,
F0019756,documents
F0019757,positive
F0019758,
F0019759,
F0019760,
F0019761,
F0019762,
F0019763,
F0019764,positive
F0019765,
F0019766,
F0019767,positive
F0019768,
F0019769,
F0019770,
F0019771,
F0019772,documents
F0019773,
F0019774,
F0019775,positive
F0019776,
F0019777,
F0019778,
F0019779,
F0019780,
F0019781,
F0019782,positive
F0019783,
F0019784,
F0019785,
F0019786,
F0019787,
F0019788,
F0019789,
F0019790,
F0019791,positive
F0019792,
F0019793,
F0019794,
F0019795,
F0019796,
F0019797,
F0019798,walkout
F0019799,
F0019800,
F0019801,
F0019802,
F0019803,
F0019804,
F0019805,
F0019806,documents
F0019807,
F0019808,
F0019809,
F0019810,
F0019811,positive
F0019812,
F0019813,
F0019814,
F0019815,
F0019816,walkout
F0019817,
F0019818,
F0019819,
F0019820,
F0019821,
F0019822,
F0019823,
F0019824,
F0019825,
F0019826,positive
F0019827,
F0019828,
F0019829,
F0019830,
F0019831,
F0019832,
F0019833,
F0019834,walkout
F0019835,
F0019836,
F0019837,
F0019838,
F0019839,
F0019840,
F0019841,walkout
F0019842,
F0019843,
F0019844,positive
F0019845,
F0019846,walkout
F0019847,walkout
F0019848,
F0019849,
F0019850,
F0019851,
F0019852,
F0019853,
F0019854,
F0019855,
F0019856,
F0019857,
F0019858,walkout
F0019859,
F0019860,
F0019861,
F0019862,
F0019863,
F0019864,positive
F0019865,
F0019866,
F0019867,
F0019868,
F0019869,documents
F0019870,
F0019871,positive
F0019872,
F0019873,
F0019874,
F0019875,
F0019876,positive
F0019877,
F0019878,positive
F0019879,
F0019880,positive
F0019881,
F0019882,
F0019883,
F0019884,
F0019885,
F0019886,
F0019887,walkout
F0019888,walkout
F0019889,
F0019890,
F0019891,
F0019892,
F0019893,
F0019894,walkout
F0019895,long_wait
F0019896,long_wait
F0019897,
F0019898,
F0019899,
F0019900,positive
F0019901,
F0019902,
F0019903,
F0019904,
F0019905,
F0019906,
F0019907,
F0019908,positive
F0019909,positive
F0019910,
F0019911,
F0019912,positive
F0019913,
F0019914,
F0019915,
F0019916,
F0019917,positive
F0019918,walkout
F0019919,
F0019920,
F0019921,
F0019922,
F0019923,
F0019924,
F0019925,
F0019926,
F0019927,
F0019928,
F0019929,
F0019930,
F0019931,
F0019932,
F0019933,long_wait
F0019934,walkout
F0019935,
F0019936,
F0019937,
F0019938,
F0019939,slow_dd
F0019940,
F0019941,long_wait
F0019942,
F0019943,
F0019944,
F0019945,walkout
F0019946,
F0019947,
F0019948,
F0019949,
F0019950,
F0019951,
F0019952,positive
F0019953,
F0019954,
F0019955,positive
F0019956,
F0019957,
F0019958,positive
F0019959,
F0019960,
F0019961,
F0019962,
F0019963,
F0019964,
F0019965,
F0019966,
F0019967,
F0019968,
F0019969,
F0019970,
F0019971,walkout
F0019972,
F0019973,walkout
F0019974,
F0019975,
F0019976,
F0019977,
F0019978,
F0019979,
F0019980,
F0019981,positive
F0019982,positive
F0019983,
F0019984,
F0019985,
F0019986,positive
F0019987,
F0019988,positive
F0019989,
F0019990,
F0019991,
F0019992,
F0019993,
F0019994,
F0019995,
F0019996,
F0019997,
F0019998,
F0019999,
F0020000,
F0020001,
F0020002,positive
F0020003,
F0020004,positive
F0020005,positive
F0020006,
F0020007,positive
F0020008,
F0020009,
F0020010,
F0020011,
F0020012,walkout
F0020013,positive
F0020014,
F0020015,
F0020016,documents
F0020017,
F0020018,positive
F0020019,
F0020020,
F0020021,
F0020022,
F0020023,
F0020024,
F0020025,
F0020026,
F0020027,
F0020028,
F0020029,positive
F0020030,
F0020031,positive
F0020032,
F0020033,
F0020034,
F0020035,
F0020036,
F0020037,positive
F0020038,
F0020039,
F0020040,
F0020041,
F0020042,
F0020043,long_wait
F0020044,
F0020045,
F0020046,positive
F0020047,
F0020048,
F0020049,
F0020050,
F0020051,long_wait
F0020052,
F0020053,
F0020054,
F0020055,
F0020056,long_wait
F0020057,walkout
F0020058,positive
F0020059,walkout
F0020060,
F0020061,positive
F0020062,
F0020063,
F0020064,
F0020065,
F0020066,
F0020067,
F0020068,
F0020069,
F0020070,positive
F0020071,
F0020072,
F0020073,
F0020074,
F0020075,
F0020076,
F0020077,positive
F0020078,
F0020079,
F0020080,
F0020081,
F0020082,
F0020083,
F0020084,
F0020085,positive
F0020086,
F0020087,
F0020088,
F0020089,
F0020090,
F0020091,
F0020092,
F0020093,
F0020094,positive
F0020095,positive
F0020096,
F0020097,positive
F0020098,long_wait
F0020099,
F0020100,walkout
F0020101,
F0020102,walkout
F0020103,
F0020104,
F0020105,
F0020106,
F0020107,long_wait
F0020108,
F0020109,
F0020110,
F0020111,
F0020112,
F0020113,
F0020114,
F0020115,positive
F0020116,
F0020117,
F0020118,
F0020119,
F0020120,positive
F0020121,
F0020122,long_wait
F0020123,walkout
F0020124,
F0020125,long_wait
F0020126,
F0020127,
F0020128,
F0020129,
F0020130,
F0020131,
F0020132,
F0020133,
F0020134,
F0020135,
F0020136,
F0020137,
F0020138,
F0020139,
F0020140,
F0020141,
F0020142,
F0020143,
F0020144,
F0020145,
F0020146,
F0020147,
F0020148,
F0020149,
F0020150,
F0020151,
F0020152,
F0020153,
F0020154,
F0020155,
F0020156,
F0020157,positive
F0020158,
F0020159,
F0020160,
F0020161,
F0020162,
F0020163,long_wait
F0020164,
F0020165,
F0020166,
F0020167,walkout
F0020168,walkout
F0020169,documents
F0020170,
F0020171,
F0020172,
F0020173,positive
F0020174,
F0020175,walkout
F0020176,
F0020177,
F0020178,long_wait
F0020179,walkout
F0020180,
F0020181,
F0020182,
F0020183,
F0020184,
F0020185,
F0020186,
F0020187,
F0020188,positive
F0020189,
F0020190,
F0020191,positive
F0020192,
F0020193,positive
F0020194,
F0020195,
F0020196,positive
F0020197,
F0020198,
F0020199,positive
F0020200,positive
F0020201,
F0020202,
F0020203,
F0020204,
F0020205,
F0020206,
F0020207,positive
F0020208,
F0020209,
F0020210,
F0020211,
F0020212,
F0020213,
F0020214,
F0020215,
F0020216,
F0020217,
F0020218,
F0020219,
F0020220,
F0020221,
F0020222,positive
F0020223,
F0020224,
F0020225,
F0020226,
F0020227,
F0020228,
F0020229,staff
F0020230,
F0020231,
F0020232,
F0020233,
F0020234,
F0020235,
F0020236,positive
F0020237,
F0020238,
F0020239,
F0020240,
F0020241,
F0020242,positive
F0020243,
F0020244,
F0020245,
F0020246,
F0020247,
F0020248,
F0020249,
F0020250,
F0020251,
F0020252,documents
F0020253,
F0020254,positive
F0020255,
F0020256,
F0020257,walkout
F0020258,
F0020259,
F0020260,
F0020261,
F0020262,
F0020263,
F0020264,
F0020265,
F0020266,
F0020267,
F0020268,
F0020269,
F0020270,walkout
F0020271,
F0020272,
F0020273,
F0020274,
F0020275,
F0020276,
F0020277,
F0020278,
F0020279,
F0020280,
F0020281,positive
F0020282,positive
F0020283,positive
F0020284,positive
F0020285,
F0020286,
F0020287,positive
F0020288,
F0020289,
F0020290,
F0020291,
F0020292,
F0020293,positive
F0020294,slow_dd
F0020295,
F0020296,
F0020297,
F0020298,walkout
F0020299,
F0020300,
F0020301,
F0020302,long_wait
F0020303,
F0020304,
F0020305,walkout
F0020306,
F0020307,
F0020308,
F0020309,
F0020310,
F0020311,
F0020312,
F0020313,
F0020314,
F0020315,walkout
F0020316,
F0020317,
F0020318,
F0020319,
F0020320,
F0020321,
F0020322,
F0020323,
F0020324,
F0020325,positive
F0020326,
F0020327,
F0020328,
F0020329,positive
F0020330,slow_dd
F0020331,
F0020332,
F0020333,
F0020334,
F0020335,
F0020336,positive
F0020337,
F0020338,
F0020339,
F0020340,
F0020341,
F0020342,
F0020343,positive
F0020344,
F0020345,walkout
F0020346,
F0020347,
F0020348,walkout
F0020349,
F0020350,
F0020351,
F0020352,
F0020353,
F0020354,
F0020355,
F0020356,
F0020357,
F0020358,
F0020359,
F0020360,
F0020361,
F0020362,walkout
F0020363,
F0020364,
F0020365,
F0020366,
F0020367,
F0020368,
F0020369,
F0020370,
F0020371,
F0020372,
F0020373,
F0020374,
F0020375,
F0020376,
F0020377,
F0020378,
F0020379,
F0020380,
F0020381,
F0020382,
F0020383,
F0020384,
F0020385,
F0020386,
F0020387,
F0020388,
F0020389,
F0020390,positive
F0020391,
F0020392,
F0020393,
F0020394,
F0020395,
F0020396,
F0020397,
F0020398,walkout
F0020399,
F0020400,
F0020401,
F0020402,
F0020403,
F0020404,
F0020405,
F0020406,positive
F0020407,
F0020408,
F0020409,positive
F0020410,
F0020411,positive
F0020412,
F0020413,positive
F0020414,
F0020415,positive
F0020416,
F0020417,
F0020418,
F0020419,
F0020420,
F0020421,
F0020422,walkout
F0020423,
F0020424,
F0020425,lunch
F0020426,positive
F0020427,
F0020428,
F0020429,
F0020430,
F0020431,
F0020432,
F0020433,
F0020434,
F0020435,
F0020436,
F0020437,
F0020438,positive
F0020439,
F0020440,
F0020441,
F0020442,
F0020443,
F0020444,
F0020445,
F0020446,
F0020447,
F0020448,
F0020449,positive
F0020450,
F0020451,
F0020452,
F0020453,
F0020454,
F0020455,
F0020456,
F0020457,
F0020458,
F0020459,
F0020460,
F0020461,lunch
F0020462,
F0020463,positive
F0020464,
F0020465,positive
F0020466,
F0020467,positive
F0020468,
F0020469,
F0020470,
F0020471,
F0020472,
F0020473,
F0020474,
F0020475,
F0020476,
F0020477,
F0020478,positive
F0020479,
F0020480,
F0020481,
F0020482,
F0020483,
F0020484,positive
F0020485,
F0020486,
F0020487,
F0020488,walkout
F0020489,
F0020490,
F0020491,
F0020492,
F0020493,positive
F0020494,
F0020495,
F0020496,
F0020497,
F0020498,
F0020499,
F0020500,
F0020501,
F0020502,
F0020503,
F0020504,
F0020505,
F0020506,
F0020507,
F0020508,
F0020509,
F0020510,
F0020511,
F0020512,
F0020513,
F0020514,
F0020515,
F0020516,
F0020517,positive
F0020518,
F0020519,
F0020520,
F0020521,
F0020522,
F0020523,
F0020524,
F0020525,
F0020526,
F0020527,walkout
F0020528,
F0020529,
F0020530,
F0020531,
F0020532,
F0020533,
F0020534,
F0020535,
F0020536,
F0020537,
F0020538,long_wait
F0020539,walkout
F0020540,
F0020541,
F0020542,
F0020543,positive
F0020544,
F0020545,
F0020546,
F0020547,
F0020548,
F0020549,
F0020550,
F0020551,
F0020552,
F0020553,
F0020554,
F0020555,
F0020556,
F0020557,
F0020558,
F0020559,
F0020560,
F0020561,
F0020562,
F0020563,
F0020564,
F0020565,
F0020566,
F0020567,
F0020568,
F0020569,
F0020570,
F0020571,positive
F0020572,
F0020573,
F0020574,
F0020575,
F0020576,
F0020577,
F0020578,long_wait
F0020579,
F0020580,positive
F0020581,
F0020582,
F0020583,documents
F0020584,
F0020585,
F0020586,
F0020587,
F0020588,
F0020589,
F0020590,positive
F0020591,
F0020592,
F0020593,walkout
F0020594,
F0020595,
F0020596,
F0020597,
F0020598,
F0020599,
F0020600,
F0020601,
F0020602,
F0020603,
F0020604,
F0020605,
F0020606,positive
F0020607,
F0020608,
F0020609,
F0020610,positive
F0020611,
F0020612,
F0020613,
F0020614,positive
F0020615,
F0020616,
F0020617,
F0020618,positive
F0020619,walkout
F0020620,
F0020621,
F0020622,
F0020623,positive
F0020624,positive
F0020625,
F0020626,
F0020627,
F0020628,
F0020629,
F0020630,
F0020631,
F0020632,positive
F0020633,
F0020634,
F0020635,
F0020636,
F0020637,
F0020638,
F0020639,positive
F0020640,
F0020641,
F0020642,
F0020643,positive
F0020644,slow_dd
F0020645,
F0020646,
F0020647,
F0020648,
F0020649,
F0020650,
F0020651,
F0020652,
F0020653,
F0020654,
F0020655,
F0020656,
F0020657,
F0020658,
F0020659,
F0020660,
F0020661,
F0020662,
F0020663,
F0020664,
F0020665,
F0020666,positive
F0020667,slow_dd
F0020668,
F0020669,
F0020670,
F0020671,
F0020672,
F0020673,
F0020674,positive
F0020675,
F0020676,
F0020677,
F0020678,
F0020679,
F0020680,
F0020681,walkout
F0020682,
F0020683,
F0020684,
F0020685,
F0020686,
F0020687,
F0020688,
F0020689,
F0020690,
F0020691,
F0020692,
F0020693,positive
F0020694,
F0020695,
F0020696,positive
F0020697,
F0020698,
F0020699,
F0020700,
F0020701,
F0020702,
F0020703,
F0020704,
F0020705,positive
F0020706,
F0020707,
F0020708,
F0020709,
F0020710,
F0020711,positive
F0020712,
F0020713,
F0020714,
F0020715,
F0020716,
F0020717,
F0020718,
F0020719,
F0020720,
F0020721,
F0020722,
F0020723,
F0020724,
F0020725,
F0020726,
F0020727,positive
F0020728,
F0020729,
F0020730,
F0020731,
F0020732,
F0020733,
F0020734,
F0020735,
F0020736,
F0020737,positive
F0020738,
F0020739,
F0020740,
F0020741,
F0020742,
F0020743,
F0020744,positive
F0020745,
F0020746,
F0020747,
F0020748,positive
F0020749,
F0020750,
F0020751,
F0020752,
F0020753,
F0020754,positive
F0020755,positive
F0020756,
F0020757,
F0020758,
F0020759,
F0020760,positive
F0020761,
F0020762,
F0020763,
F0020764,
F0020765,walkout
F0020766,
F0020767,
F0020768,
F0020769,
F0020770,
F0020771,
F0020772,
F0020773,
F0020774,
F0020775,
F0020776,
F0020777,walkout
F0020778,
F0020779,positive
F0020780,
F0020781,positive
F0020782,
F0020783,
F0020784,positive
F0020785,
F0020786,positive
F0020787,positive
F0020788,
F0020789,
F0020790,
F0020791,
F0020792,
F0020793,slow_dd
F0020794,
F0020795,
F0020796,
F0020797,
F0020798,
F0020799,
F0020800,
F0020801,
F0020802,
F0020803,positive
F0020804,
F0020805,
F0020806,
F0020807,
F0020808,
F0020809,long_wait
F0020810,
F0020811,
F0020812,
F0020813,
F0020814,
F0020815,
F0020816,walkout
F0020817,
F0020818,
F0020819,walkout
F0020820,slow_dd
F0020821,
F0020822,
F0020823,
F0020824,
F0020825,walkout
F0020826,
F0020827,
F0020828,
F0020829,
F0020830,walkout
F0020831,walkout
F0020832,walkout
F0020833,walkout
F0020834,
F0020835,walkout
F0020836,
F0020837,
F0020838,
F0020839,
F0020840,
F0020841,walkout
F0020842,
F0020843,
F0020844,
F0020845,
F0020846,
F0020847,
F0020848,
F0020849,
F0020850,walkout
F0020851,walkout
F0020852,walkout
F0020853,
F0020854,walkout
F0020855,
F0020856,
F0020857,
F0020858,positive
F0020859,slow_dd
F0020860,
F0020861,positive
F0020862,
F0020863,
F0020864,
F0020865,walkout
F0020866,
F0020867,
F0020868,
F0020869,positive
F0020870,
F0020871,
F0020872,
F0020873,
F0020874,
F0020875,
F0020876,
F0020877,
F0020878,
F0020879,
F0020880,
F0020881,
F0020882,
F0020883,
F0020884,
F0020885,long_wait
F0020886,positive
F0020887,
F0020888,
F0020889,walkout
F0020890,
F0020891,
F0020892,
F0020893,
F0020894,
F0020895,
F0020896,walkout
F0020897,
F0020898,positive
F0020899,
F0020900,walkout
F0020901,
F0020902,
F0020903,
F0020904,
F0020905,documents
F0020906,
F0020907,
F0020908,
F0020909,
F0020910,
F0020911,
F0020912,
F0020913,
F0020914,
F0020915,
F0020916,
F0020917,long_wait
F0020918,
F0020919,
F0020920,
F0020921,
F0020922,
F0020923,
F0020924,
F0020925,
F0020926,
F0020927,
F0020928,
F0020929,walkout
F0020930,documents
F0020931,
F0020932,
F0020933,
F0020934,
F0020935,positive
F0020936,walkout
F0020937,
F0020938,
F0020939,
F0020940,
F0020941,
F0020942,walkout
F0020943,walkout
F0020944,
F0020945,
F0020946,
F0020947,
F0020948,walkout
F0020949,positive
F0020950,
F0020951,
F0020952,
F0020953,walkout
F0020954,
F0020955,
F0020956,
F0020957,
F0020958,
F0020959,
F0020960,
F0020961,
F0020962,walkout
F0020963,
F0020964,
F0020965,positive
F0020966,
F0020967,walkout
F0020968,
F0020969,
F0020970,
F0020971,
F0020972,
F0020973,
F0020974,
F0020975,
F0020976,walkout
F0020977,walkout
F0020978,
F0020979,
F0020980,
F0020981,
F0020982,
F0020983,
F0020984,
F0020985,positive
F0020986,positive
F0020987,
F0020988,
F0020989,positive
F0020990,positive
F0020991,walkout
F0020992,
F0020993,
F0020994,positive
F0020995,
F0020996,
F0020997,
F0020998,walkout
F0020999,
F0021000,
F0021001,
F0021002,
F0021003,walkout
F0021004,
F0021005,
F0021006,walkout
F0021007,
F0021008,
F0021009,
F0021010,positive
F0021011,positive
F0021012,
F0021013,
F0021014,positive
F0021015,positive
F0021016,
F0021017,
F0021018,
F0021019,walkout
F0021020,
F0021021,positive
F0021022,positive
F0021023,
F0021024,positive
F0021025,
F0021026,
F0021027,
F0021028,
F0021029,
F0021030,
F0021031,
F0021032,
F0021033,
F0021034,
F0021035,
F0021036,
F0021037,
F0021038,
F0021039,
F0021040,
F0021041,
F0021042,
F0021043,
F0021044,
F0021045,
F0021046,
F0021047,
F0021048,
F0021049,walkout
F0021050,
F0021051,
F0021052,
F0021053,
F0021054,
F0021055,
F0021056,
F0021057,
F0021058,lunch
F0021059,
F0021060,
F0021061,positive
F0021062,
F0021063,
F0021064,
F0021065,
F0021066,positive
F0021067,
F0021068,
F0021069,positive
F0021070,
F0021071,
F0021072,
F0021073,
F0021074,
F0021075,
F0021076,
F0021077,
F0021078,
F0021079,
F0021080,
F0021081,
F0021082,positive
F0021083,
F0021084,
F0021085,
F0021086,
F0021087,
F0021088,
F0021089,
F0021090,
F0021091,
F0021092,
F0021093,positive
F0021094,walkout
F0021095,
F0021096,
F0021097,
F0021098,
F0021099,
F0021100,
F0021101,
F0021102,
F0021103,positive
F0021104,positive
F0021105,
F0021106,walkout
F0021107,
F0021108,
F0021109,
F0021110,long_wait
F0021111,documents
F0021112,
F0021113,
F0021114,positive
F0021115,
F0021116,
F0021117,
F0021118,
F0021119,
F0021120,
F0021121,
F0021122,
F0021123,
F0021124,
F0021125,
F0021126,
F0021127,
F0021128,
F0021129,
F0021130,walkout
F0021131,
F0021132,
F0021133,
F0021134,walkout
F0021135,
F0021136,
F0021137,walkout
F0021138,
F0021139,
F0021140,
F0021141,
F0021142,walkout
F0021143,
F0021144,walkout
F0021145,
F0021146,
F0021147,
F0021148,
F0021149,
F0021150,
F0021151,walkout
F0021152,positive
F0021153,
F0021154,
F0021155,
F0021156,
F0021157,
F0021158,
F0021159,
F0021160,
F0021161,
F0021162,system_down
F0021163,
F0021164,
F0021165,walkout
F0021166,
F0021167,
F0021168,system_down
F0021169,
F0021170,
F0021171,
F0021172,
F0021173,
F0021174,
F0021175,walkout
F0021176,walkout
F0021177,
F0021178,system_down
F0021179,positive
F0021180,
F0021181,
F0021182,
F0021183,
F0021184,walkout
F0021185,walkout
F0021186,
F0021187,walkout
F0021188,
F0021189,positive
F0021190,
F0021191,walkout
F0021192,
F0021193,
F0021194,positive
F0021195,
F0021196,
F0021197,positive
F0021198,
F0021199,
F0021200,
F0021201,
F0021202,
F0021203,
F0021204,
F0021205,
F0021206,
F0021207,lunch
F0021208,
F0021209,
F0021210,
F0021211,
F0021212,
F0021213,walkout
F0021214,
F0021215,walkout
F0021216,walkout
F0021217,
F0021218,
F0021219,
F0021220,
F0021221,
F0021222,
F0021223,
F0021224,
F0021225,
F0021226,
F0021227,
F0021228,
F0021229,
F0021230,
F0021231,
F0021232,
F0021233,
F0021234,
F0021235,
F0021236,positive
F0021237,
F0021238,
F0021239,
F0021240,
F0021241,positive
F0021242,
F0021243,
F0021244,positive
F0021245,
F0021246,positive
F0021247,positive
F0021248,
F0021249,long_wait
F0021250,
F0021251,
F0021252,
F0021253,
F0021254,
F0021255,
F0021256,long_wait
F0021257,
F0021258,
F0021259,walkout
F0021260,walkout
F0021261,walkout
F0021262,
F0021263,
F0021264,
F0021265,
F0021266,long_wait
F0021267,positive
F0021268,
F0021269,
F0021270,
F0021271,
F0021272,
F0021273,walkout
F0021274,
F0021275,
F0021276,walkout
F0021277,
F0021278,
F0021279,
F0021280,
F0021281,
F0021282,
F0021283,
F0021284,
F0021285,
F0021286,
F0021287,
F0021288,
F0021289,
F0021290,
F0021291,
F0021292,
F0021293,
F0021294,
F0021295,
F0021296,positive
F0021297,positive
F0021298,
F0021299,positive
F0021300,
F0021301,
F0021302,positive
F0021303,
F0021304,
F0021305,
F0021306,
F0021307,
F0021308,
F0021309,
F0021310,
F0021311,
F0021312,
F0021313,
F0021314,
F0021315,
F0021316,walkout
F0021317,
F0021318,
F0021319,
F0021320,
F0021321,
F0021322,
F0021323,
F0021324,
F0021325,
F0021326,
F0021327,
F0021328,
F0021329,
F0021330,positive
F0021331,
F0021332,
F0021333,
F0021334,
F0021335,
F0021336,
F0021337,
F0021338,
F0021339,positive
F0021340,
F0021341,
F0021342,
F0021343,
F0021344,
F0021345,
F0021346,
F0021347,
F0021348,
F0021349,
F0021350,
F0021351,
F0021352,
F0021353,
F0021354,
F0021355,
F0021356,
F0021357,
F0021358,
F0021359,
F0021360,
F0021361,
F0021362,positive
F0021363,positive
F0021364,
F0021365,
F0021366,positive
F0021367,
F0021368,
F0021369,
F0021370,
F0021371,
F0021372,
F0021373,
F0021374,
F0021375,
F0021376,
F0021377,
F0021378,walkout
F0021379,positive
F0021380,
F0021381,
F0021382,
F0021383,
F0021384,
F0021385,
F0021386,
F0021387,
F0021388,positive
F0021389,
F0021390,
F0021391,
F0021392,
F0021393,
F0021394,
F0021395,
F0021396,positive
F0021397,
F0021398,
F0021399,
F0021400,
F0021401,
F0021402,positive
F0021403,positive
F0021404,
F0021405,
F0021406,
F0021407,
F0021408,
F0021409,
F0021410,
F0021411,
F0021412,
F0021413,
F0021414,
F0021415,
F0021416,
F0021417,
F0021418,
F0021419,
F0021420,
F0021421,positive
F0021422,
F0021423,
F0021424,
F0021425,positive
F0021426,positive
F0021427,
F0021428,
F0021429,
F0021430,
F0021431,
F0021432,positive
F0021433,
F0021434,
F0021435,
F0021436,positive
F0021437,
F0021438,
F0021439,
F0021440,documents
F0021441,positive
F0021442,
F0021443,
F0021444,
F0021445,
F0021446,positive
F0021447,
F0021448,
F0021449,
F0021450,
F0021451,
F0021452,positive
F0021453,
F0021454,
F0021455,
F0021456,positive
F0021457,
F0021458,
F0021459,
F0021460,
F0021461,
F0021462,
F0021463,positive
F0021464,
F0021465,
F0021466,
F0021467,
F0021468,positive
F0021469,
F0021470,
F0021471,
F0021472,
F0021473,
F0021474,
F0021475,
F0021476,
F0021477,
F0021478,
F0021479,
F0021480,
F0021481,
F0021482,
F0021483,
F0021484,
F0021485,
F0021486,
F0021487,
F0021488,
F0021489,
F0021490,
F0021491,
F0021492,
F0021493,
F0021494,positive
F0021495,
F0021496,
F0021497,positive
F0021498,
F0021499,
F0021500,
F0021501,
F0021502,positive
F0021503,positive
F0021504,
F0021505,
F0021506,positive
F0021507,
F0021508,
F0021509,positive
F0021510,
F0021511,
F0021512,
F0021513,
F0021514,walkout
F0021515,
F0021516,
F0021517,
F0021518,
F0021519,
F0021520,
F0021521,
F0021522,
F0021523,
F0021524,
F0021525,
F0021526,positive
F0021527,
F0021528,positive
F0021529,walkout
F0021530,
F0021531,
F0021532,
F0021533,walkout
F0021534,
F0021535,
F0021536,
F0021537,
F0021538,
F0021539,
F0021540,
F0021541,
F0021542,
F0021543,positive
F0021544,
F0021545,
F0021546,
F0021547,walkout
F0021548,
F0021549,
F0021550,
F0021551,
F0021552,
F0021553,positive
F0021554,
F0021555,positive
F0021556,
F0021557,positive
F0021558,
F0021559,
F0021560,walkout
F0021561,positive
F0021562,walkout
F0021563,positive
F0021564,
F0021565,
F0021566,
F0021567,positive
F0021568,positive
F0021569,
F0021570,
F0021571,positive
F0021572,positive
F0021573,
F0021574,
F0021575,
F0021576,
F0021577,positive
F0021578,
F0021579,
F0021580,
F0021581,
F0021582,
F0021583,positive
F0021584,
F0021585,positive
F0021586,
F0021587,
F0021588,walkout
F0021589,
F0021590,
F0021591,positive
F0021592,
F0021593,walkout
F0021594,
F0021595,
F0021596,
F0021597,
F0021598,positive
F0021599,positive
F0021600,
F0021601,
F0021602,
F0021603,
F0021604,
F0021605,
F0021606,
F0021607,
F0021608,
F0021609,
F0021610,
F0021611,walkout
F0021612,
F0021613,
F0021614,
F0021615,
F0021616,
F0021617,
F0021618,
F0021619,
F0021620,
F0021621,
F0021622,
F0021623,
F0021624,
F0021625,positive
F0021626,
F0021627,
F0021628,
F0021629,positive
F0021630,
F0021631,
F0021632,walkout
F0021633,
F0021634,
F0021635,
F0021636,walkout
F0021637,
F0021638,
F0021639,
F0021640,
F0021641,
F0021642,
F0021643,
F0021644,
F0021645,
F0021646,
F0021647,
F0021648,
F0021649,
F0021650,
F0021651,positive
F0021652,
F0021653,
F0021654,
F0021655,
F0021656,positive
F0021657,long_wait
F0021658,positive
F0021659,
F0021660,walkout
F0021661,
F0021662,
F0021663,
F0021664,
F0021665,positive
F0021666,
F0021667,
F0021668,
F0021669,
F0021670,
F0021671,walkout
F0021672,
F0021673,positive
F0021674,
F0021675,
F0021676,
F0021677,
F0021678,
F0021679,
F0021680,
F0021681,
F0021682,
F0021683,
F0021684,
F0021685,
F0021686,
F0021687,
F0021688,
F0021689,positive
F0021690,
F0021691,
F0021692,
F0021693,
F0021694,
F0021695,
F0021696,walkout
F0021697,lunch
F0021698,
F0021699,
F0021700,
F0021701,
F0021702,
F0021703,positive
F0021704,
F0021705,
F0021706,
F0021707,
F0021708,positive
F0021709,walkout
F0021710,
F0021711,
F0021712,
F0021713,
F0021714,
F0021715,
F0021716,
F0021717,
F0021718,
F0021719,
F0021720,
F0021721,
F0021722,positive
F0021723,positive
F0021724,
F0021725,
F0021726,
F0021727,
F0021728,
F0021729,positive
F0021730,positive
F0021731,
F0021732,
F0021733,
F0021734,
F0021735,
F0021736,
F0021737,
F0021738,
F0021739,walkout
F0021740,
F0021741,
F0021742,
F0021743,
F0021744,
F0021745,
F0021746,positive
F0021747,
F0021748,positive
F0021749,
F0021750,
F0021751,walkout
F0021752,
F0021753,long_wait
F0021754,
F0021755,
F0021756,slow_dd
F0021757,
F0021758,
F0021759,
F0021760,
F0021761,positive
F0021762,positive
F0021763,
F0021764,
F0021765,
F0021766,positive
F0021767,
F0021768,
F0021769,
F0021770,
F0021771,positive
F0021772,
F0021773,
F0021774,positive
F0021775,positive
F0021776,positive
F0021777,positive
F0021778,
F0021779,positive
F0021780,positive
F0021781,
F0021782,
F0021783,positive
F0021784,
F0021785,
F0021786,positive
F0021787,
F0021788,positive
F0021789,
F0021790,
F0021791,
F0021792,
F0021793,positive
F0021794,walkout
F0021795,
F0021796,
F0021797,
F0021798,
F0021799,
F0021800,
F0021801,
F0021802,
F0021803,
F0021804,
F0021805,
F0021806,walkout
F0021807,long_wait
F0021808,
F0021809,
F0021810,
F0021811,
F0021812,
F0021813,
F0021814,
F0021815,
F0021816,
F0021817,
F0021818,
F0021819,
F0021820,
F0021821,
F0021822,
F0021823,
F0021824,positive
F0021825,
F0021826,
F0021827,
F0021828,
F0021829,
F0021830,
F0021831,
F0021832,
F0021833,
F0021834,
F0021835,
F0021836,positive
F0021837,positive
F0021838,
F0021839,
F0021840,positive
F0021841,
F0021842,
F0021843,positive
F0021844,
F0021845,
F0021846,
F0021847,
F0021848,
F0021849,
F0021850,
F0021851,
F0021852,walkout
F0021853,
F0021854,
F0021855,
F0021856,
F0021857,
F0021858,
F0021859,
F0021860,
F0021861,
F0021862,
F0021863,
F0021864,
F0021865,
F0021866,
F0021867,
F0021868,
F0021869,
F0021870,walkout
F0021871,
F0021872,
F0021873,walkout
F0021874,
F0021875,
F0021876,walkout
F0021877,walkout
F0021878,
F0021879,
F0021880,positive
F0021881,
F0021882,
F0021883,long_wait
F0021884,
F0021885,
F0021886,walkout
F0021887,
F0021888,walkout
F0021889,
F0021890,
F0021891,seating
F0021892,walkout
F0021893,
F0021894,
F0021895,
F0021896,
F0021897,walkout
F0021898,
F0021899,
F0021900,
F0021901,
F0021902,
F0021903,
F0021904,
F0021905,
F0021906,walkout
F0021907,walkout
F0021908,
F0021909,
F0021910,
F0021911,
F0021912,
F0021913,walkout
F0021914,
F0021915,long_wait
F0021916,
F0021917,
F0021918,
F0021919,walkout
F0021920,walkout
F0021921,
F0021922,walkout
F0021923,
F0021924,
F0021925,walkout
F0021926,
F0021927,
F0021928,
F0021929,
F0021930,positive
F0021931,
F0021932,
F0021933,walkout
F0021934,walkout
F0021935,
F0021936,walkout
F0021937,walkout
F0021938,
F0021939,
F0021940,positive
F0021941,
F0021942,
F0021943,
F0021944,
F0021945,
F0021946,
F0021947,
F0021948,
F0021949,
F0021950,
F0021951,
F0021952,
F0021953,
F0021954,
F0021955,
F0021956,
F0021957,
F0021958,long_wait
F0021959,
F0021960,
F0021961,walkout
F0021962,
F0021963,
F0021964,documents
F0021965,
F0021966,
F0021967,positive
F0021968,
F0021969,
F0021970,walkout
F0021971,
F0021972,documents
F0021973,
F0021974,
F0021975,
F0021976,
F0021977,
F0021978,
F0021979,
F0021980,
F0021981,
F0021982,
F0021983,
F0021984,positive
F0021985,
F0021986,
F0021987,
F0021988,
F0021989,
F0021990,positive
F0021991,documents
F0021992,
F0021993,
F0021994,
F0021995,positive
F0021996,walkout
F0021997,
F0021998,
F0021999,
F0022000,
F0022001,
F0022002,walkout
F0022003,
F0022004,walkout
F0022005,
F0022006,
F0022007,
F0022008,walkout
F0022009,
F0022010,
F0022011,walkout
F0022012,
F0022013,
F0022014,walkout
F0022015,long_wait
F0022016,
F0022017,
F0022018,
F0022019,
F0022020,
F0022021,walkout
F0022022,
F0022023,
F0022024,seating
F0022025,
F0022026,long_wait
F0022027,walkout
F0022028,walkout
F0022029,
F0022030,long_wait
F0022031,
F0022032,
F0022033,walkout
F0022034,
F0022035,
F0022036,
F0022037,walkout
F0022038,
F0022039,
F0022040,
F0022041,
F0022042,long_wait
F0022043,walkout
F0022044,
F0022045,
F0022046,
F0022047,walkout
F0022048,
F0022049,walkout
F0022050,
F0022051,
F0022052,positive
F0022053,long_wait
F0022054,
F0022055,long_wait
F0022056,walkout
F0022057,
F0022058,long_wait
F0022059,walkout
F0022060,walkout
F0022061,walkout
F0022062,
F0022063,walkout
F0022064,long_wait
F0022065,
F0022066,walkout
F0022067,walkout
F0022068,
F0022069,walkout
F0022070,walkout
F0022071,
F0022072,walkout
F0022073,
F0022074,
F0022075,
F0022076,
F0022077,
F0022078,
F0022079,
F0022080,
F0022081,
F0022082,walkout
F0022083,
F0022084,walkout
F0022085,
F0022086,
F0022087,
F0022088,
F0022089,
F0022090,long_wait
F0022091,
F0022092,walkout
F0022093,
F0022094,
F0022095,long_wait
F0022096,walkout
F0022097,
F0022098,
F0022099,
F0022100,
F0022101,
F0022102,
F0022103,
F0022104,
F0022105,
F0022106,
F0022107,
F0022108,positive
F0022109,positive
F0022110,
F0022111,
F0022112,positive
F0022113,
F0022114,
F0022115,
F0022116,
F0022117,
F0022118,
F0022119,walkout
F0022120,
F0022121,
F0022122,
F0022123,
F0022124,
F0022125,
F0022126,positive
F0022127,
F0022128,
F0022129,
F0022130,
F0022131,
F0022132,walkout
F0022133,
F0022134,
F0022135,
F0022136,
F0022137,positive
F0022138,
F0022139,
F0022140,
F0022141,
F0022142,positive
F0022143,positive
F0022144,
F0022145,positive
F0022146,
F0022147,
F0022148,
F0022149,
F0022150,documents
F0022151,
F0022152,
F0022153,
F0022154,
F0022155,
F0022156,
F0022157,
F0022158,walkout
F0022159,
F0022160,positive
F0022161,walkout
F0022162,
F0022163,
F0022164,
F0022165,
F0022166,walkout
F0022167,positive
F0022168,
F0022169,
F0022170,
F0022171,walkout
F0022172,
F0022173,walkout
F0022174,
F0022175,
F0022176,
F0022177,
F0022178,walkout
F0022179,
F0022180,
F0022181,
F0022182,
F0022183,
F0022184,
F0022185,
F0022186,
F0022187,
F0022188,walkout
F0022189,positive
F0022190,
F0022191,
F0022192,
F0022193,
F0022194,
F0022195,
F0022196,
F0022197,
F0022198,
F0022199,
F0022200,
F0022201,
F0022202,
F0022203,
F0022204,
F0022205,
F0022206,positive
F0022207,
F0022208,
F0022209,
F0022210,
F0022211,
F0022212,
F0022213,
F0022214,
F0022215,documents
F0022216,
F0022217,
F0022218,
F0022219,long_wait
F0022220,
F0022221,walkout
F0022222,
F0022223,positive
F0022224,
F0022225,
F0022226,positive
F0022227,
F0022228,
F0022229,
F0022230,
F0022231,
F0022232,
F0022233,positive
F0022234,
F0022235,
F0022236,documents
F0022237,
F0022238,walkout
F0022239,
F0022240,walkout
F0022241,
F0022242,
F0022243,positive
F0022244,
F0022245,
F0022246,walkout
F0022247,
F0022248,
F0022249,
F0022250,
F0022251,
F0022252,long_wait
F0022253,
F0022254,
F0022255,
F0022256,
F0022257,
F0022258,
F0022259,positive
F0022260,
F0022261,
F0022262,
F0022263,
F0022264,positive
F0022265,
F0022266,
F0022267,
F0022268,
F0022269,
F0022270,
F0022271,
F0022272,
F0022273,positive
F0022274,
F0022275,
F0022276,
F0022277,positive
F0022278,
F0022279,
F0022280,
F0022281,
F0022282,positive
F0022283,
F0022284,positive
F0022285,documents
F0022286,
F0022287,
F0022288,
F0022289,positive
F0022290,positive
F0022291,
F0022292,
F0022293,
F0022294,
F0022295,positive
F0022296,
F0022297,positive
F0022298,
F0022299,positive
F0022300,
F0022301,
F0022302,
F0022303,
F0022304,
F0022305,positive
F0022306,
F0022307,positive
F0022308,
F0022309,
F0022310,
F0022311,
F0022312,
F0022313,walkout
F0022314,walkout
F0022315,walkout
F0022316,
F0022317,
F0022318,long_wait
F0022319,walkout
F0022320,long_wait
F0022321,
F0022322,
F0022323,
F0022324,walkout
F0022325,
F0022326,
F0022327,
F0022328,
F0022329,walkout
F0022330,positive
F0022331,
F0022332,
F0022333,
F0022334,walkout
F0022335,
F0022336,
F0022337,walkout
F0022338,
F0022339,
F0022340,
F0022341,
F0022342,
F0022343,
F0022344,walkout
F0022345,
F0022346,
F0022347,
F0022348,
F0022349,
F0022350,
F0022351,
F0022352,
F0022353,
F0022354,positive
F0022355,
F0022356,positive
F0022357,
F0022358,
F0022359,
F0022360,
F0022361,positive
F0022362,
F0022363,
F0022364,
F0022365,
F0022366,
F0022367,
F0022368,walkout
F0022369,positive
F0022370,positive
F0022371,
F0022372,
F0022373,
F0022374,positive
F0022375,
F0022376,
F0022377,
F0022378,
F0022379,
F0022380,
F0022381,positive
F0022382,
F0022383,
F0022384,
F0022385,positive
F0022386,
F0022387,positive
F0022388,
F0022389,
F0022390,
F0022391,
F0022392,
F0022393,
F0022394,
F0022395,
F0022396,
F0022397,
F0022398,
F0022399,
F0022400,positive
F0022401,
F0022402,
F0022403,
F0022404,
F0022405,positive
F0022406,
F0022407,
F0022408,
F0022409,
F0022410,
F0022411,
F0022412,positive
F0022413,
F0022414,
F0022415,
F0022416,
F0022417,
F0022418,
F0022419,
F0022420,
F0022421,
F0022422,
F0022423,positive
F0022424,
F0022425,
F0022426,
F0022427,
F0022428,
F0022429,
F0022430,
F0022431,positive
F0022432,
F0022433,
F0022434,
F0022435,
F0022436,
F0022437,
F0022438,
F0022439,
F0022440,
F0022441,
F0022442,
F0022443,
F0022444,
F0022445,
F0022446,
F0022447,
F0022448,
F0022449,
F0022450,
F0022451,
F0022452,
F0022453,
F0022454,long_wait
F0022455,
F0022456,
F0022457,
F0022458,
F0022459,
F0022460,
F0022461,
F0022462,
F0022463,
F0022464,
F0022465,
F0022466,positive
F0022467,
F0022468,positive
F0022469,
F0022470,
F0022471,
F0022472,
F0022473,
F0022474,
F0022475,
F0022476,
F0022477,
F0022478,
F0022479,
F0022480,positive
F0022481,
F0022482,
F0022483,
F0022484,
F0022485,
F0022486,
F0022487,
F0022488,positive
F0022489,
F0022490,
F0022491,
F0022492,positive
F0022493,
F0022494,
F0022495,
F0022496,
F0022497,
F0022498,
F0022499,
F0022500,
F0022501,
F0022502,
F0022503,positive
F0022504,
F0022505,
F0022506,
F0022507,positive
F0022508,
F0022509,positive
F0022510,
F0022511,
F0022512,positive
F0022513,
F0022514,
F0022515,
F0022516,
F0022517,
F0022518,
F0022519,positive
F0022520,
F0022521,
F0022522,positive
F0022523,
F0022524,
F0022525,
F0022526,
F0022527,
F0022528,
F0022529,
F0022530,
F0022531,positive
F0022532,positive
F0022533,
F0022534,
F0022535,
F0022536,
F0022537,
F0022538,
F0022539,positive
F0022540,
F0022541,
F0022542,
F0022543,
F0022544,positive
F0022545,
F0022546,
F0022547,walkout
F0022548,
F0022549,
F0022550,
F0022551,
F0022552,walkout
F0022553,positive
F0022554,
F0022555,
F0022556,
F0022557,
F0022558,
F0022559,
F0022560,
F0022561,
F0022562,
F0022563,
F0022564,
F0022565,
F0022566,
F0022567,
F0022568,
F0022569,
F0022570,
F0022571,
F0022572,
F0022573,walkout
F0022574,walkout
F0022575,
F0022576,
F0022577,walkout
F0022578,
F0022579,
F0022580,
F0022581,walkout
F0022582,
F0022583,positive
F0022584,walkout
F0022585,positive
F0022586,
F0022587,
F0022588,
F0022589,
F0022590,
F0022591,
F0022592,
F0022593,positive
F0022594,
F0022595,
F0022596,
F0022597,
F0022598,
F0022599,
F0022600,positive
F0022601,
F0022602,
F0022603,
F0022604,positive
F0022605,
F0022606,
F0022607,
F0022608,
F0022609,
F0022610,
F0022611,
F0022612,positive
F0022613,
F0022614,documents
F0022615,
F0022616,
F0022617,positive
F0022618,
F0022619,
F0022620,
F0022621,
F0022622,
F0022623,
F0022624,
F0022625,
F0022626,
F0022627,positive
F0022628,positive
F0022629,
F0022630,
F0022631,positive
F0022632,
F0022633,
F0022634,
F0022635,
F0022636,
F0022637,
F0022638,
F0022639,
F0022640,
F0022641,positive
F0022642,walkout
F0022643,positive
F0022644,
F0022645,
F0022646,walkout
F0022647,
F0022648,
F0022649,
F0022650,
F0022651,
F0022652,
F0022653,
F0022654,positive
F0022655,
F0022656,
F0022657,
F0022658,
F0022659,
F0022660,positive
F0022661,
F0022662,
F0022663,long_wait
F0022664,long_wait
F0022665,
F0022666,
F0022667,
F0022668,
F0022669,
F0022670,
F0022671,
F0022672,
F0022673,
F0022674,
F0022675,
F0022676,positive
F0022677,long_wait
F0022678,
F0022679,
F0022680,
F0022681,
F0022682,
F0022683,
F0022684,
F0022685,
F0022686,walkout
F0022687,
F0022688,
F0022689,
F0022690,
F0022691,seating
F0022692,
F0022693,
F0022694,
F0022695,
F0022696,walkout
F0022697,walkout
F0022698,
F0022699,
F0022700,
F0022701,
F0022702,positive
F0022703,
F0022704,
F0022705,
F0022706,
F0022707,
F0022708,
F0022709,
F0022710,
F0022711,
F0022712,
F0022713,
F0022714,
F0022715,
F0022716,
F0022717,
F0022718,
F0022719,
F0022720,
F0022721,positive
F0022722,
F0022723,
F0022724,
F0022725,
F0022726,
F0022727,
F0022728,positive
F0022729,
F0022730,positive
F0022731,
F0022732,
F0022733,
F0022734,
F0022735,
F0022736,
F0022737,
F0022738,
F0022739,positive
F0022740,
F0022741,
F0022742,
F0022743,positive
F0022744,
F0022745,positive
F0022746,
F0022747,
F0022748,positive
F0022749,
F0022750,positive
F0022751,
F0022752,
F0022753,
F0022754,
F0022755,positive
F0022756,
F0022757,
F0022758,
F0022759,
F0022760,
F0022761,
F0022762,
F0022763,
F0022764,
F0022765,
F0022766,
F0022767,
F0022768,
F0022769,positive
F0022770,
F0022771,
F0022772,
F0022773,
F0022774,
F0022775,
F0022776,
F0022777,
F0022778,
F0022779,
F0022780,
F0022781,
F0022782,walkout
F0022783,
F0022784,
F0022785,
F0022786,
F0022787,
F0022788,walkout
F0022789,
F0022790,
F0022791,
F0022792,
F0022793,positive
F0022794,positive
F0022795,
F0022796,
F0022797,
F0022798,
F0022799,
F0022800,
F0022801,
F0022802,
F0022803,
F0022804,
F0022805,positive
F0022806,
F0022807,
F0022808,positive
F0022809,
F0022810,
F0022811,
F0022812,walkout
F0022813,
F0022814,
F0022815,
F0022816,
F0022817,
F0022818,
F0022819,
F0022820,
F0022821,
F0022822,
F0022823,positive
F0022824,positive
F0022825,
F0022826,
F0022827,
F0022828,
F0022829,walkout
F0022830,walkout
F0022831,
F0022832,
F0022833,
F0022834,
F0022835,
F0022836,
F0022837,walkout
F0022838,positive
F0022839,positive
F0022840,positive
F0022841,
F0022842,
F0022843,
F0022844,
F0022845,positive
F0022846,
F0022847,positive
F0022848,positive
F0022849,
F0022850,
F0022851,
F0022852,
F0022853,
F0022854,
F0022855,
F0022856,
F0022857,long_wait
F0022858,
F0022859,
F0022860,walkout
F0022861,
F0022862,
F0022863,
F0022864,walkout
F0022865,
F0022866,positive
F0022867,
F0022868,
F0022869,
F0022870,
F0022871,
F0022872,
F0022873,
F0022874,
F0022875,positive
F0022876,
F0022877,
F0022878,
F0022879,
F0022880,
F0022881,
F0022882,
F0022883,walkout
F0022884,
F0022885,
F0022886,
F0022887,
F0022888,positive
F0022889,
F0022890,
F0022891,
F0022892,positive
F0022893,
F0022894,
F0022895,
F0022896,
F0022897,
F0022898,positive
F0022899,
F0022900,
F0022901,
F0022902,
F0022903,positive
F0022904,
F0022905,
F0022906,positive
F0022907,positive
F0022908,
F0022909,positive
F0022910,
F0022911,
F0022912,
F0022913,
F0022914,
F0022915,
F0022916,
F0022917,positive
F0022918,
F0022919,
F0022920,
F0022921,
F0022922,positive
F0022923,
F0022924,
F0022925,
F0022926,
F0022927,
F0022928,
F0022929,
F0022930,
F0022931,
F0022932,
F0022933,
F0022934,
F0022935,
F0022936,
F0022937,
F0022938,
F0022939,
F0022940,
F0022941,
F0022942,
F0022943,
F0022944,
F0022945,positive
F0022946,
F0022947,walkout
F0022948,
F0022949,
F0022950,
F0022951,
F0022952,
F0022953,
F0022954,
F0022955,positive
F0022956,
F0022957,
F0022958,
F0022959,
F0022960,
F0022961,positive
F0022962,
F0022963,positive
F0022964,
F0022965,
F0022966,
F0022967,
F0022968,
F0022969,
F0022970,
F0022971,positive
F0022972,
F0022973,
F0022974,
F0022975,positive
F0022976,
F0022977,
F0022978,
F0022979,
F0022980,
F0022981,
F0022982,
F0022983,
F0022984,
F0022985,
F0022986,
F0022987,
F0022988,
F0022989,positive
F0022990,positive
F0022991,
F0022992,
F0022993,positive
F0022994,
F0022995,
F0022996,
F0022997,
F0022998,positive
F0022999,
F0023000,
F0023001,
F0023002,
F0023003,positive
F0023004,
F0023005,
F0023006,
F0023007,
F0023008,
F0023009,
F0023010,
F0023011,
F0023012,
F0023013,
F0023014,
F0023015,
F0023016,
F0023017,positive
F0023018,
F0023019,
F0023020,
F0023021,
F0023022,positive
F0023023,
F0023024,
F0023025,positive
F0023026,
F0023027,walkout
F0023028,
F0023029,positive
F0023030,
F0023031,positive
F0023032,
F0023033,
F0023034,
F0023035,
F0023036,
F0023037,
F0023038,walkout
F0023039,
F0023040,
F0023041,
F0023042,
F0023043,
F0023044,
F0023045,
F0023046,
F0023047,positive
F0023048,positive
F0023049,positive
F0023050,
F0023051,
F0023052,
F0023053,
F0023054,
F0023055,walkout
F0023056,
F0023057,positive
F0023058,walkout
F0023059,positive
F0023060,
F0023061,
F0023062,
F0023063,
F0023064,
F0023065,
F0023066,
F0023067,positive
F0023068,
F0023069,positive
F0023070,positive
F0023071,
F0023072,
F0023073,positive
F0023074,
F0023075,
F0023076,
F0023077,
F0023078,
F0023079,
F0023080,
F0023081,
F0023082,
F0023083,walkout
F0023084,
F0023085,
F0023086,
F0023087,
F0023088,
F0023089,
F0023090,positive
F0023091,
F0023092,walkout
F0023093,
F0023094,
F0023095,
F0023096,
F0023097,
F0023098,
F0023099,
F0023100,
F0023101,
F0023102,walkout
F0023103,
F0023104,
F0023105,walkout
F0023106,
F0023107,
F0023108,
F0023109,
F0023110,
F0023111,
F0023112,positive
F0023113,
F0023114,
F0023115,positive
F0023116,
F0023117,
F0023118,long_wait
F0023119,
F0023120,
F0023121,
F0023122,
F0023123,
F0023124,
F0023125,
F0023126,
F0023127,
F0023128,positive
F0023129,
F0023130,
F0023131,
F0023132,
F0023133,
F0023134,
F0023135,
F0023136,
F0023137,
F0023138,
F0023139,
F0023140,
F0023141,
F0023142,
F0023143,
F0023144,
F0023145,
F0023146,
F0023147,
F0023148,
F0023149,
F0023150,
F0023151,
F0023152,
F0023153,positive
F0023154,
F0023155,
F0023156,
F0023157,walkout
F0023158,positive
F0023159,positive
F0023160,
F0023161,positive
F0023162,
F0023163,
F0023164,
F0023165,
F0023166,
F0023167,
F0023168,
F0023169,
F0023170,
F0023171,walkout
F0023172,
F0023173,
F0023174,
F0023175,
F0023176,positive
F0023177,
F0023178,
F0023179,
F0023180,
F0023181,
F0023182,
F0023183,
F0023184,
F0023185,
F0023186,positive
F0023187,
F0023188,
F0023189,
F0023190,positive
F0023191,
F0023192,walkout
F0023193,positive
F0023194,
F0023195,
F0023196,
F0023197,positive
F0023198,walkout
F0023199,
F0023200,walkout
F0023201,positive
F0023202,positive
F0023203,
F0023204,
F0023205,walkout
F0023206,positive
F0023207,positive
F0023208,
F0023209,positive
F0023210,
F0023211,
F0023212,
F0023213,
F0023214,
F0023215,
F0023216,
F0023217,
F0023218,
F0023219,
F0023220,
F0023221,
F0023222,
F0023223,
F0023224,
F0023225,
F0023226,
F0023227,
F0023228,
F0023229,
F0023230,
F0023231,
F0023232,
F0023233,positive
F0023234,
F0023235,
F0023236,positive
F0023237,
F0023238,
F0023239,
F0023240,
F0023241,
F0023242,
F0023243,walkout
F0023244,
F0023245,positive
F0023246,
F0023247,
F0023248,
F0023249,
F0023250,
F0023251,
F0023252,
F0023253,
F0023254,
F0023255,
F0023256,
F0023257,positive
F0023258,
F0023259,
F0023260,
F0023261,
F0023262,
F0023263,
F0023264,
F0023265,
F0023266,
F0023267,
F0023268,
F0023269,positive
F0023270,walkout
F0023271,
F0023272,
F0023273,
F0023274,
F0023275,
F0023276,
F0023277,
F0023278,
F0023279,positive
F0023280,
F0023281,
F0023282,
F0023283,
F0023284,
F0023285,
F0023286,
F0023287,
F0023288,
F0023289,
F0023290,
F0023291,
F0023292,
F0023293,
F0023294,
F0023295,
F0023296,
F0023297,
F0023298,
F0023299,
F0023300,positive
F0023301,
F0023302,
F0023303,
F0023304,positive
F0023305,
F0023306,
F0023307,
F0023308,
F0023309,
F0023310,positive
F0023311,
F0023312,
F0023313,
F0023314,
F0023315,
F0023316,
F0023317,
F0023318,
F0023319,positive
F0023320,
F0023321,
F0023322,
F0023323,
F0023324,
F0023325,
F0023326,
F0023327,
F0023328,
F0023329,
F0023330,
F0023331,
F0023332,
F0023333,positive
F0023334,
F0023335,
F0023336,
F0023337,
F0023338,
F0023339,
F0023340,
F0023341,
F0023342,
F0023343,
F0023344,positive
F0023345,
F0023346,
F0023347,walkout
F0023348,
F0023349,
F0023350,
F0023351,
F0023352,
F0023353,
F0023354,positive
F0023355,
F0023356,
F0023357,
F0023358,
F0023359,positive
F0023360,
F0023361,
F0023362,
F0023363,
F0023364,positive
F0023365,
F0023366,
F0023367,
F0023368,
F0023369,
F0023370,
F0023371,
F0023372,
F0023373,positive
F0023374,
F0023375,
F0023376,
F0023377,positive
F0023378,
F0023379,
F0023380,
F0023381,
F0023382,
F0023383,
F0023384,positive
F0023385,
F0023386,
F0023387,
F0023388,
F0023389,positive
F0023390,
F0023391,
F0023392,
F0023393,
F0023394,
F0023395,
F0023396,
F0023397,walkout
F0023398,
F0023399,
F0023400,
F0023401,positive
F0023402,walkout
F0023403,
F0023404,
F0023405,positive
F0023406,
F0023407,walkout
F0023408,
F0023409,positive
F0023410,
F0023411,
F0023412,
F0023413,positive
F0023414,
F0023415,
F0023416,positive
F0023417,
F0023418,walkout
F0023419,
F0023420,
F0023421,positive
F0023422,positive
F0023423,
F0023424,
F0023425,
F0023426,
F0023427,positive
F0023428,
F0023429,
F0023430,long_wait
F0023431,positive
F0023432,
F0023433,
F0023434,
F0023435,
F0023436,
F0023437,
F0023438,
F0023439,
F0023440,
F0023441,
F0023442,walkout
F0023443,positive
F0023444,
F0023445,
F0023446,
F0023447,
F0023448,
F0023449,
F0023450,
F0023451,
F0023452,
F0023453,
F0023454,positive
F0023455,
F0023456,
F0023457,
F0023458,
F0023459,walkout
F0023460,
F0023461,positive
F0023462,
F0023463,
F0023464,
F0023465,
F0023466,
F0023467,
F0023468,
F0023469,
F0023470,
F0023471,
F0023472,
F0023473,positive
F0023474,
F0023475,
F0023476,
F0023477,
F0023478,positive
F0023479,
F0023480,
F0023481,
F0023482,
F0023483,
F0023484,
F0023485,
F0023486,
F0023487,positive
F0023488,
F0023489,
F0023490,positive
F0023491,
F0023492,
F0023493,
F0023494,
F0023495,
F0023496,
F0023497,
F0023498,
F0023499,
F0023500,
F0023501,
F0023502,
F0023503,
F0023504,
F0023505,
F0023506,
F0023507,
F0023508,
F0023509,
F0023510,
F0023511,
F0023512,
F0023513,
F0023514,
F0023515,positive
F0023516,
F0023517,
F0023518,
F0023519,
F0023520,
F0023521,
F0023522,
F0023523,
F0023524,
F0023525,
F0023526,
F0023527,walkout
F0023528,
F0023529,
F0023530,
F0023531,
F0023532,
F0023533,positive
F0023534,
F0023535,
F0023536,
F0023537,
F0023538,positive
F0023539,positive
F0023540,
F0023541,
F0023542,
F0023543,
F0023544,
F0023545,walkout
F0023546,walkout
F0023547,
F0023548,
F0023549,positive
F0023550,
F0023551,positive
F0023552,positive
F0023553,
F0023554,
F0023555,
F0023556,
F0023557,
F0023558,positive
F0023559,
F0023560,
F0023561,
F0023562,
F0023563,
F0023564,positive
F0023565,
F0023566,
F0023567,
F0023568,
F0023569,
F0023570,
F0023571,
F0023572,
F0023573,
F0023574,
F0023575,
F0023576,
F0023577,
F0023578,
F0023579,
F0023580,positive
F0023581,
F0023582,
F0023583,walkout
F0023584,
F0023585,
F0023586,
F0023587,
F0023588,long_wait
F0023589,
F0023590,
F0023591,walkout
F0023592,
F0023593,
F0023594,
F0023595,
F0023596,
F0023597,
F0023598,
F0023599,
F0023600,
F0023601,
F0023602,
F0023603,
F0023604,
F0023605,
F0023606,
F0023607,
F0023608,
F0023609,positive
F0023610,
F0023611,positive
F0023612,
F0023613,positive
F0023614,
F0023615,
F0023616,
F0023617,
F0023618,long_wait
F0023619,
F0023620,
F0023621,
F0023622,
F0023623,
F0023624,positive
F0023625,
F0023626,
F0023627,
F0023628,
F0023629,
F0023630,
F0023631,
F0023632,
F0023633,
F0023634,
F0023635,
F0023636,
F0023637,
F0023638,
F0023639,positive
F0023640,
F0023641,
F0023642,
F0023643,
F0023644,
F0023645,
F0023646,
F0023647,positive
F0023648,
F0023649,
F0023650,
F0023651,
F0023652,
F0023653,
F0023654,positive
F0023655,
F0023656,
F0023657,positive
F0023658,
F0023659,
F0023660,
F0023661,
F0023662,
F0023663,
F0023664,
F0023665,
F0023666,
F0023667,
F0023668,
F0023669,
F0023670,
F0023671,
F0023672,
F0023673,
F0023674,
F0023675,
F0023676,
F0023677,positive
F0023678,walkout
F0023679,
F0023680,
F0023681,
F0023682,
F0023683,walkout
F0023684,positive
F0023685,
F0023686,
F0023687,
F0023688,
F0023689,positive
F0023690,long_wait
F0023691,
F0023692,
F0023693,positive
F0023694,
F0023695,
F0023696,
F0023697,
F0023698,
F0023699,
F0023700,
F0023701,
F0023702,
F0023703,
F0023704,
F0023705,
F0023706,
F0023707,
F0023708,
F0023709,
F0023710,
F0023711,
F0023712,
F0023713,
F0023714,
F0023715,
F0023716,
F0023717,
F0023718,documents
F0023719,
F0023720,positive
F0023721,
F0023722,
F0023723,
F0023724,
F0023725,
F0023726,walkout
F0023727,
F0023728,
F0023729,
F0023730,
F0023731,
F0023732,
F0023733,
F0023734,
F0023735,positive
F0023736,
F0023737,
F0023738,
F0023739,
F0023740,
F0023741,positive
F0023742,positive
F0023743,
F0023744,
F0023745,
F0023746,
F0023747,
F0023748,positive
F0023749,
F0023750,
F0023751,
F0023752,
F0023753,
F0023754,
F0023755,
F0023756,positive
F0023757,
F0023758,
F0023759,
F0023760,
F0023761,
F0023762,
F0023763,
F0023764,
F0023765,walkout
F0023766,
F0023767,
F0023768,long_wait
F0023769,
F0023770,
F0023771,walkout
F0023772,
F0023773,
F0023774,
F0023775,
F0023776,walkout
F0023777,
F0023778,walkout
F0023779,
F0023780,
F0023781,
F0023782,
F0023783,
F0023784,walkout
F0023785,
F0023786,positive
F0023787,
F0023788,positive
F0023789,
F0023790,
F0023791,
F0023792,
F0023793,
F0023794,
F0023795,
F0023796,
F0023797,
F0023798,
F0023799,
F0023800,
F0023801,
F0023802,
F0023803,
F0023804,
F0023805,
F0023806,
F0023807,
F0023808,
F0023809,
F0023810,
F0023811,
F0023812,
F0023813,
F0023814,
F0023815,
F0023816,
F0023817,
F0023818,
F0023819,
F0023820,
F0023821,
F0023822,
F0023823,
F0023824,
F0023825,positive
F0023826,
F0023827,
F0023828,
F0023829,
F0023830,
F0023831,
F0023832,
F0023833,
F0023834,
F0023835,
F0023836,walkout
F0023837,long_wait
F0023838,
F0023839,
F0023840,positive
F0023841,
F0023842,
F0023843,walkout
F0023844,
F0023845,
F0023846,
F0023847,positive
F0023848,
F0023849,
F0023850,
F0023851,
F0023852,positive
F0023853,
F0023854,
F0023855,
F0023856,
F0023857,
F0023858,
F0023859,
F0023860,
F0023861,
F0023862,
F0023863,positive
F0023864,
F0023865,
F0023866,
F0023867,positive
F0023868,
F0023869,
F0023870,
F0023871,
F0023872,
F0023873,
F0023874,
F0023875,
F0023876,
F0023877,
F0023878,
F0023879,
F0023880,
F0023881,
F0023882,
F0023883,
F0023884,
F0023885,
F0023886,positive
F0023887,
F0023888,
F0023889,
F0023890,
F0023891,
F0023892,
F0023893,
F0023894,
F0023895,walkout
F0023896,positive
F0023897,
F0023898,
F0023899,positive
F0023900,positive
F0023901,
F0023902,
F0023903,
F0023904,
F0023905,
F0023906,
F0023907,
F0023908,
F0023909,positive
F0023910,
F0023911,
F0023912,
F0023913,
F0023914,
F0023915,
F0023916,
F0023917,
F0023918,
F0023919,positive
F0023920,
F0023921,
F0023922,
F0023923,
F0023924,
F0023925,
F0023926,
F0023927,
F0023928,
F0023929,
F0023930,
F0023931,
F0023932,
F0023933,
F0023934,walkout
F0023935,
F0023936,
F0023937,
F0023938,
F0023939,
F0023940,
F0023941,
F0023942,
F0023943,
F0023944,
F0023945,
F0023946,
F0023947,
F0023948,
F0023949,walkout
F0023950,long_wait
F0023951,
F0023952,
F0023953,
F0023954,walkout
F0023955,
F0023956,
F0023957,
F0023958,
F0023959,
F0023960,walkout
F0023961,
F0023962,
F0023963,
F0023964,
F0023965,walkout
F0023966,long_wait
F0023967,walkout
F0023968,
F0023969,
F0023970,
F0023971,walkout
F0023972,
F0023973,
F0023974,
F0023975,walkout
F0023976,
F0023977,walkout
F0023978,long_wait
F0023979,
F0023980,
F0023981,
F0023982,
F0023983,
F0023984,
F0023985,
F0023986,
F0023987,
F0023988,
F0023989,
F0023990,
F0023991,
F0023992,
F0023993,
F0023994,
F0023995,
F0023996,
F0023997,
F0023998,
F0023999,
F0024000,
F0024001,
F0024002,
F0024003,
F0024004,
F0024005,
F0024006,
F0024007,
F0024008,
F0024009,
F0024010,
F0024011,
F0024012,walkout
F0024013,positive
F0024014,
F0024015,
F0024016,
F0024017,positive
F0024018,walkout
F0024019,
F0024020,
F0024021,positive
F0024022,
F0024023,
F0024024,
F0024025,positive
F0024026,
F0024027,
F0024028,
F0024029,
F0024030,
F0024031,positive
F0024032,
F0024033,
F0024034,walkout
F0024035,
F0024036,
F0024037,
F0024038,walkout
F0024039,
F0024040,
F0024041,
F0024042,positive
F0024043,
F0024044,
F0024045,
F0024046,
F0024047,
F0024048,
F0024049,
F0024050,positive
F0024051,
F0024052,
F0024053,
F0024054,
F0024055,
F0024056,
F0024057,
F0024058,
F0024059,
F0024060,
F0024061,
F0024062,
F0024063,
F0024064,
F0024065,
F0024066,
F0024067,
F0024068,
F0024069,
F0024070,
F0024071,
F0024072,
F0024073,
F0024074,
F0024075,
F0024076,
F0024077,
F0024078,
F0024079,documents
F0024080,
F0024081,
F0024082,
F0024083,
F0024084,
F0024085,
F0024086,
F0024087,positive
F0024088,
F0024089,walkout
F0024090,walkout
F0024091,
F0024092,
F0024093,
F0024094,
F0024095,
F0024096,
F0024097,
F0024098,
F0024099,
F0024100,
F0024101,
F0024102,
F0024103,
F0024104,positive
F0024105,
F0024106,
F0024107,
F0024108,
F0024109,
F0024110,
F0024111,
F0024112,
F0024113,
F0024114,positive
F0024115,positive
F0024116,
F0024117,
F0024118,
F0024119,
F0024120,positive
F0024121,
F0024122,positive
F0024123,
F0024124,
F0024125,
F0024126,
F0024127,
F0024128,
F0024129,positive
F0024130,walkout
F0024131,
F0024132,
F0024133,
F0024134,walkout
F0024135,
F0024136,
F0024137,
F0024138,
F0024139,
F0024140,
F0024141,
F0024142,
F0024143,
F0024144,
F0024145,
F0024146,positive
F0024147,
F0024148,
F0024149,positive
F0024150,
F0024151,
F0024152,
F0024153,positive
F0024154,
F0024155,
F0024156,
F0024157,
F0024158,
F0024159,
F0024160,
F0024161,
F0024162,
F0024163,
F0024164,
F0024165,positive
F0024166,
F0024167,
F0024168,
F0024169,
F0024170,positive
F0024171,
F0024172,
F0024173,
F0024174,
F0024175,
F0024176,
F0024177,
F0024178,
F0024179,
F0024180,
F0024181,walkout
F0024182,
F0024183,
F0024184,
F0024185,
F0024186,
F0024187,
F0024188,
F0024189,
F0024190,
F0024191,
F0024192,
F0024193,
F0024194,
F0024195,positive
F0024196,walkout
F0024197,
F0024198,
F0024199,
F0024200,
F0024201,
F0024202,
F0024203,
F0024204,
F0024205,
F0024206,
F0024207,positive
F0024208,
F0024209,
F0024210,
F0024211,
F0024212,
F0024213,
F0024214,positive
F0024215,
F0024216,
F0024217,positive
F0024218,
F0024219,positive
F0024220,
F0024221,
F0024222,
F0024223,
F0024224,positive
F0024225,
F0024226,
F0024227,
F0024228,
F0024229,
F0024230,
F0024231,
F0024232,positive
F0024233,
F0024234,
F0024235,
F0024236,
F0024237,
F0024238,
F0024239,
F0024240,
F0024241,
F0024242,
F0024243,
F0024244,
F0024245,positive
F0024246,
F0024247,
F0024248,
F0024249,
F0024250,
F0024251,
F0024252,positive
F0024253,
F0024254,
F0024255,walkout
F0024256,
F0024257,
F0024258,
F0024259,
F0024260,
F0024261,
F0024262,
F0024263,
F0024264,positive
F0024265,
F0024266,
F0024267,
F0024268,positive
F0024269,
F0024270,
F0024271,positive
F0024272,
F0024273,
F0024274,
F0024275,
F0024276,
F0024277,
F0024278,
F0024279,
F0024280,positive
F0024281,
F0024282,
F0024283,
F0024284,
F0024285,
F0024286,
F0024287,
F0024288,
F0024289,documents
F0024290,
F0024291,
F0024292,
F0024293,positive
F0024294,
F0024295,
F0024296,
F0024297,
F0024298,
F0024299,
F0024300,
F0024301,
F0024302,
F0024303,
F0024304,
F0024305,
F0024306,
F0024307,
F0024308,
F0024309,positive
F0024310,
F0024311,positive
F0024312,positive
F0024313,
F0024314,
F0024315,positive
F0024316,
F0024317,
F0024318,
F0024319,
F0024320,
F0024321,positive
F0024322,
F0024323,
F0024324,
F0024325,
F0024326,
F0024327,
F0024328,
F0024329,
F0024330,
F0024331,
F0024332,positive
F0024333,
F0024334,positive
F0024335,
F0024336,
F0024337,
F0024338,
F0024339,
F0024340,
F0024341,
F0024342,
F0024343,
F0024344,positive
F0024345,
F0024346,
F0024347,
F0024348,
F0024349,positive
F0024350,
F0024351,
F0024352,
F0024353,positive
F0024354,
F0024355,
F0024356,
F0024357,
F0024358,
F0024359,
F0024360,
F0024361,
F0024362,documents
F0024363,
F0024364,positive
F0024365,
F0024366,
F0024367,
F0024368,
F0024369,
F0024370,
F0024371,
F0024372,
F0024373,
F0024374,
F0024375,
F0024376,
F0024377,
F0024378,
F0024379,
F0024380,
F0024381,positive
F0024382,
F0024383,
F0024384,
F0024385,
F0024386,
F0024387,
F0024388,
F0024389,
F0024390,
F0024391,
F0024392,
F0024393,
F0024394,
F0024395,
F0024396,
F0024397,
F0024398,
F0024399,positive
F0024400,positive
F0024401,
F0024402,
F0024403,
F0024404,
F0024405,
F0024406,
F0024407,positive
F0024408,
F0024409,positive
F0024410,
F0024411,
F0024412,
F0024413,
F0024414,
F0024415,
F0024416,
F0024417,positive
F0024418,
F0024419,
F0024420,positive
F0024421,
F0024422,
F0024423,
F0024424,
F0024425,positive
F0024426,
F0024427,positive
F0024428,
F0024429,
F0024430,
F0024431,
F0024432,
F0024433,
F0024434,
F0024435,
F0024436,
F0024437,
F0024438,
F0024439,
F0024440,
F0024441,long_wait
F0024442,lunch
F0024443,
F0024444,
F0024445,
F0024446,
F0024447,
F0024448,
F0024449,
F0024450,
F0024451,
F0024452,
F0024453,
F0024454,
F0024455,
F0024456,
F0024457,
F0024458,positive
F0024459,long_wait
F0024460,
F0024461,
F0024462,
F0024463,
F0024464,positive
F0024465,
F0024466,
F0024467,positive
F0024468,
F0024469,
F0024470,
F0024471,documents
F0024472,
F0024473,positive
F0024474,
F0024475,
F0024476,
F0024477,
F0024478,
F0024479,
F0024480,
F0024481,positive
F0024482,
F0024483,
F0024484,
F0024485,
F0024486,
F0024487,
F0024488,
F0024489,
F0024490,
F0024491,
F0024492,
F0024493,
F0024494,
F0024495,
F0024496,
F0024497,
F0024498,
F0024499,walkout
F0024500,
F0024501,
F0024502,walkout
F0024503,
F0024504,
F0024505,
F0024506,
F0024507,
F0024508,
F0024509,
F0024510,positive
F0024511,
F0024512,
F0024513,
F0024514,
F0024515,
F0024516,
F0024517,
F0024518,
F0024519,
F0024520,positive
F0024521,walkout
F0024522,
F0024523,
F0024524,
F0024525,
F0024526,
F0024527,
F0024528,
F0024529,
F0024530,
F0024531,
F0024532,positive
F0024533,
F0024534,
F0024535,
F0024536,
F0024537,
F0024538,positive
F0024539,
F0024540,
F0024541,
F0024542,
F0024543,
F0024544,
F0024545,
F0024546,
F0024547,positive
F0024548,
F0024549,
F0024550,
F0024551,
F0024552,
F0024553,
F0024554,
F0024555,
F0024556,positive
F0024557,positive
F0024558,
F0024559,
F0024560,
F0024561,
F0024562,
F0024563,
F0024564,
F0024565,positive
F0024566,
F0024567,positive
F0024568,positive
F0024569,
F0024570,positive
F0024571,
F0024572,
F0024573,
F0024574,positive
F0024575,positive
F0024576,
F0024577,positive
F0024578,
F0024579,positive
F0024580,
F0024581,
F0024582,
F0024583,positive
F0024584,
F0024585,
F0024586,
F0024587,positive
F0024588,
F0024589,
F0024590,
F0024591,
F0024592,
F0024593,
F0024594,
F0024595,
F0024596,
F0024597,
F0024598,positive
F0024599,
F0024600,
F0024601,positive
F0024602,
F0024603,
F0024604,
F0024605,
F0024606,
F0024607,positive
F0024608,positive
F0024609,
F0024610,
F0024611,
F0024612,
F0024613,
F0024614,
F0024615,
F0024616,
F0024617,
F0024618,
F0024619,
F0024620,
F0024621,
F0024622,
F0024623,walkout
F0024624,
F0024625,
F0024626,
F0024627,
F0024628,
F0024629,positive
F0024630,walkout
F0024631,
F0024632,
F0024633,
F0024634,positive
F0024635,
F0024636,positive
F0024637,
F0024638,
F0024639,
F0024640,
F0024641,
F0024642,
F0024643,
F0024644,
F0024645,
F0024646,
F0024647,
F0024648,positive
F0024649,
F0024650,
F0024651,
F0024652,
F0024653,
F0024654,
F0024655,walkout
F0024656,
F0024657,
F0024658,long_wait
F0024659,
F0024660,
F0024661,
F0024662,
F0024663,positive
F0024664,
F0024665,walkout
F0024666,
F0024667,
F0024668,
F0024669,
F0024670,
F0024671,
F0024672,
F0024673,
F0024674,
F0024675,positive
F0024676,
F0024677,positive
F0024678,
F0024679,
F0024680,
F0024681,
F0024682,
F0024683,
F0024684,
F0024685,
F0024686,
F0024687,
F0024688,
F0024689,
F0024690,
F0024691,
F0024692,positive
F0024693,
F0024694,positive
F0024695,walkout
F0024696,
F0024697,
F0024698,positive
F0024699,
F0024700,
F0024701,
F0024702,
F0024703,
F0024704,walkout
F0024705,
F0024706,
F0024707,
F0024708,
F0024709,
F0024710,
F0024711,
F0024712,
F0024713,
F0024714,
F0024715,
F0024716,walkout
F0024717,
F0024718,positive
F0024719,
F0024720,
F0024721,
F0024722,
F0024723,
F0024724,slow_dd
F0024725,
F0024726,
F0024727,walkout
F0024728,
F0024729,
F0024730,walkout
F0024731,
F0024732,walkout
F0024733,long_wait
F0024734,
F0024735,
F0024736,
F0024737,
F0024738,walkout
F0024739,
F0024740,
F0024741,
F0024742,
F0024743,
F0024744,positive
F0024745,
F0024746,
F0024747,
F0024748,
F0024749,
F0024750,
F0024751,
F0024752,
F0024753,
F0024754,
F0024755,
F0024756,positive
F0024757,walkout
F0024758,
F0024759,
F0024760,
F0024761,positive
F0024762,
F0024763,
F0024764,
F0024765,positive
F0024766,
F0024767,
F0024768,
F0024769,
F0024770,positive
F0024771,
F0024772,
F0024773,
F0024774,positive
F0024775,
F0024776,
F0024777,
F0024778,
F0024779,
F0024780,
F0024781,
F0024782,
F0024783,
F0024784,
F0024785,
F0024786,
F0024787,
F0024788,positive
F0024789,
F0024790,
F0024791,positive
F0024792,positive
F0024793,positive
F0024794,long_wait
F0024795,
F0024796,long_wait
F0024797,
F0024798,
F0024799,
F0024800,
F0024801,
F0024802,
F0024803,
F0024804,
F0024805,walkout
F0024806,
F0024807,
F0024808,walkout
F0024809,
F0024810,
F0024811,
F0024812,positive
F0024813,
F0024814,
F0024815,
F0024816,
F0024817,long_wait
F0024818,
F0024819,positive
F0024820,
F0024821,
F0024822,
F0024823,
F0024824,
F0024825,
F0024826,
F0024827,
F0024828,
F0024829,
F0024830,
F0024831,
F0024832,
F0024833,positive
F0024834,positive
F0024835,
F0024836,
F0024837,
F0024838,
F0024839,
F0024840,positive
F0024841,walkout
F0024842,
F0024843,
F0024844,walkout
F0024845,
F0024846,
F0024847,
F0024848,positive
F0024849,positive
F0024850,
F0024851,
F0024852,
F0024853,positive
F0024854,
F0024855,
F0024856,
F0024857,
F0024858,positive
F0024859,
F0024860,positive
F0024861,
F0024862,
F0024863,
F0024864,
F0024865,
F0024866,walkout
F0024867,
F0024868,
F0024869,
F0024870,walkout
F0024871,
F0024872,walkout
F0024873,
F0024874,
F0024875,
F0024876,
F0024877,
F0024878,
F0024879,
F0024880,
F0024881,
F0024882,
F0024883,
F0024884,long_wait
F0024885,
F0024886,
F0024887,
F0024888,
F0024889,
F0024890,
F0024891,
F0024892,
F0024893,
F0024894,positive
F0024895,
F0024896,
F0024897,
F0024898,
F0024899,
F0024900,positive
F0024901,staff
F0024902,
F0024903,
F0024904,positive
F0024905,
F0024906,
F0024907,
F0024908,
F0024909,
F0024910,
F0024911,
F0024912,
F0024913,
F0024914,
F0024915,
F0024916,
F0024917,
F0024918,
F0024919,
F0024920,
F0024921,
F0024922,
F0024923,
F0024924,
F0024925,
F0024926,
F0024927,
F0024928,
F0024929,
F0024930,
F0024931,
F0024932,positive
F0024933,positive
F0024934,
F0024935,positive
F0024936,
F0024937,
F0024938,walkout
F0024939,
F0024940,
F0024941,positive
F0024942,
F0024943,positive
F0024944,positive
F0024945,
F0024946,
F0024947,
F0024948,
F0024949,
F0024950,positive
F0024951,
F0024952,walkout
F0024953,
F0024954,
F0024955,
F0024956,
F0024957,
F0024958,
F0024959,
F0024960,walkout
F0024961,positive
F0024962,walkout
F0024963,
F0024964,positive
F0024965,
F0024966,
F0024967,
F0024968,
F0024969,
F0024970,
F0024971,
F0024972,
F0024973,
F0024974,
F0024975,documents
F0024976,
F0024977,
F0024978,
F0024979,positive
F0024980,
F0024981,
F0024982,positive
F0024983,
F0024984,
F0024985,
F0024986,
F0024987,
F0024988,
F0024989,
F0024990,seating
F0024991,
F0024992,walkout
F0024993,
F0024994,walkout
F0024995,
F0024996,walkout
F0024997,
F0024998,
F0024999,
F0025000,walkout
F0025001,positive
F0025002,
F0025003,
F0025004,
F0025005,walkout
F0025006,
F0025007,
F0025008,
F0025009,
F0025010,
F0025011,
F0025012,walkout
F0025013,
F0025014,
F0025015,
F0025016,
F0025017,
F0025018,positive
F0025019,positive
F0025020,positive
F0025021,
F0025022,
F0025023,
F0025024,
F0025025,
F0025026,
F0025027,
F0025028,
F0025029,
F0025030,
F0025031,
F0025032,positive
F0025033,
F0025034,
F0025035,
F0025036,
F0025037,walkout
F0025038,
F0025039,
F0025040,
F0025041,positive
F0025042,
F0025043,
F0025044,
F0025045,
F0025046,
F0025047,
F0025048,walkout
F0025049,
F0025050,
F0025051,
F0025052,walkout
F0025053,
F0025054,
F0025055,positive
F0025056,
F0025057,
F0025058,
F0025059,
F0025060,positive
F0025061,
F0025062,
F0025063,walkout
F0025064,walkout
F0025065,seating
F0025066,
F0025067,
F0025068,positive
F0025069,
F0025070,
F0025071,
F0025072,walkout
F0025073,
F0025074,long_wait
F0025075,
F0025076,
F0025077,walkout
F0025078,
F0025079,walkout
F0025080,
F0025081,
F0025082,
F0025083,
F0025084,
F0025085,
F0025086,
F0025087,
F0025088,positive
F0025089,
F0025090,
F0025091,
F0025092,walkout
F0025093,
F0025094,positive
F0025095,
F0025096,
F0025097,
F0025098,
F0025099,
F0025100,
F0025101,positive
F0025102,
F0025103,positive
F0025104,
F0025105,
F0025106,positive
F0025107,positive
F0025108,
F0025109,
F0025110,
F0025111,
F0025112,
F0025113,
F0025114,positive
F0025115,
F0025116,
F0025117,
F0025118,
F0025119,positive
F0025120,
F0025121,positive
F0025122,positive
F0025123,
F0025124,
F0025125,walkout
F0025126,
F0025127,
F0025128,
F0025129,positive
F0025130,positive
F0025131,
F0025132,
F0025133,
F0025134,
F0025135,positive
F0025136,
F0025137,
F0025138,
F0025139,
F0025140,positive
F0025141,
F0025142,
F0025143,
F0025144,
F0025145,
F0025146,positive
F0025147,
F0025148,
F0025149,
F0025150,positive
F0025151,walkout
F0025152,
F0025153,
F0025154,
F0025155,positive
F0025156,
F0025157,
F0025158,
F0025159,
F0025160,
F0025161,
F0025162,
F0025163,
F0025164,
F0025165,
F0025166,
F0025167,
F0025168,positive
F0025169,
F0025170,
F0025171,
F0025172,
F0025173,
F0025174,
F0025175,
F0025176,positive
F0025177,positive
F0025178,positive
F0025179,
F0025180,
F0025181,
F0025182,
F0025183,
F0025184,positive
F0025185,
F0025186,positive
F0025187,positive
F0025188,
F0025189,
F0025190,
F0025191,documents
F0025192,positive
F0025193,
F0025194,
F0025195,
F0025196,
F0025197,
F0025198,
F0025199,
F0025200,
F0025201,
F0025202,
F0025203,
F0025204,
F0025205,
F0025206,
F0025207,long_wait
F0025208,
F0025209,
F0025210,positive
F0025211,
F0025212,
F0025213,
F0025214,
F0025215,
F0025216,walkout
F0025217,
F0025218,
F0025219,
F0025220,
F0025221,positive
F0025222,
F0025223,
F0025224,
F0025225,positive
F0025226,
F0025227,
F0025228,
F0025229,positive
F0025230,walkout
F0025231,
F0025232,
F0025233,
F0025234,
F0025235,
F0025236,
F0025237,
F0025238,
F0025239,
F0025240,
F0025241,
F0025242,
F0025243,positive
F0025244,
F0025245,
F0025246,
F0025247,
F0025248,
F0025249,
F0025250,
F0025251,
F0025252,
F0025253,
F0025254,
F0025255,
F0025256,
F0025257,
F0025258,
F0025259,
F0025260,walkout
F0025261,
F0025262,
F0025263,
F0025264,
F0025265,
F0025266,
F0025267,
F0025268,
F0025269,walkout
F0025270,
F0025271,
F0025272,positive
F0025273,
F0025274,
F0025275,
F0025276,
F0025277,
F0025278,
F0025279,positive
F0025280,positive
F0025281,
F0025282,
F0025283,positive
F0025284,
F0025285,
F0025286,
F0025287,
F0025288,
F0025289,
F0025290,
F0025291,positive
F0025292,walkout
F0025293,
F0025294,
F0025295,
F0025296,
F0025297,
F0025298,
F0025299,
F0025300,
F0025301,
F0025302,
F0025303,
F0025304,
F0025305,
F0025306,positive
F0025307,
F0025308,positive
F0025309,positive
F0025310,
F0025311,
F0025312,
F0025313,positive
F0025314,
F0025315,
F0025316,slow_dd
F0025317,
F0025318,
F0025319,positive
F0025320,
F0025321,
F0025322,walkout
F0025323,
F0025324,
F0025325,system_down
F0025326,
F0025327,
F0025328,
F0025329,long_wait
F0025330,
F0025331,
F0025332,
F0025333,
F0025334,positive
F0025335,positive
F0025336,
F0025337,positive
F0025338,
F0025339,
F0025340,
F0025341,
F0025342,documents
F0025343,positive
F0025344,
F0025345,
F0025346,positive
F0025347,positive
F0025348,positive
F0025349,
F0025350,
F0025351,
F0025352,positive
F0025353,
F0025354,
F0025355,
F0025356,
F0025357,positive
F0025358,
F0025359,positive
F0025360,
F0025361,
F0025362,
F0025363,positive
F0025364,positive
F0025365,
F0025366,
F0025367,
F0025368,
F0025369,
F0025370,
F0025371,
F0025372,
F0025373,
F0025374,
F0025375,
F0025376,positive
F0025377,
F0025378,
F0025379,
F0025380,
F0025381,
F0025382,
F0025383,
F0025384,
F0025385,
F0025386,
F0025387,
F0025388,positive
F0025389,
F0025390,positive
F0025391,
F0025392,
F0025393,
F0025394,
F0025395,
F0025396,positive
F0025397,
F0025398,
F0025399,
F0025400,
F0025401,
F0025402,
F0025403,
F0025404,
F0025405,
F0025406,
F0025407,
F0025408,
F0025409,positive
F0025410,
F0025411,
F0025412,
F0025413,positive
F0025414,
F0025415,positive
F0025416,
F0025417,
F0025418,
F0025419,positive
F0025420,
F0025421,
F0025422,
F0025423,
F0025424,
F0025425,
F0025426,
F0025427,walkout
F0025428,
F0025429,
F0025430,
F0025431,
F0025432,
F0025433,
F0025434,
F0025435,
F0025436,
F0025437,
F0025438,
F0025439,
F0025440,walkout
F0025441,walkout
F0025442,walkout
F0025443,
F0025444,lunch
F0025445,
F0025446,
F0025447,
F0025448,
F0025449,positive
F0025450,positive
F0025451,
F0025452,positive
F0025453,
F0025454,
F0025455,
F0025456,
F0025457,
F0025458,
F0025459,positive
F0025460,
F0025461,
F0025462,
F0025463,
F0025464,
F0025465,
F0025466,
F0025467,
F0025468,
F0025469,
F0025470,
F0025471,
F0025472,
F0025473,
F0025474,
F0025475,positive
F0025476,
F0025477,positive
F0025478,
F0025479,walkout
F0025480,
F0025481,
F0025482,
F0025483,
F0025484,
F0025485,
F0025486,
F0025487,
F0025488,
F0025489,
F0025490,
F0025491,
F0025492,
F0025493,
F0025494,
F0025495,
F0025496,
F0025497,
F0025498,positive
F0025499,
F0025500,
F0025501,
F0025502,
F0025503,
F0025504,
F0025505,
F0025506,positive
F0025507,
F0025508,
F0025509,
F0025510,
F0025511,positive
F0025512,
F0025513,lunch
F0025514,positive
F0025515,positive
F0025516,
F0025517,
F0025518,
F0025519,
F0025520,
F0025521,
F0025522,
F0025523,
F0025524,
F0025525,
F0025526,
F0025527,
F0025528,
F0025529,
F0025530,positive
F0025531,positive
F0025532,
F0025533,
F0025534,
F0025535,
F0025536,
F0025537,
F0025538,
F0025539,
F0025540,
F0025541,
F0025542,
F0025543,
F0025544,
F0025545,
F0025546,walkout
F0025547,
F0025548,
F0025549,
F0025550,
F0025551,
F0025552,
F0025553,
F0025554,
F0025555,
F0025556,
F0025557,
F0025558,
F0025559,positive
F0025560,
F0025561,
F0025562,positive
F0025563,
F0025564,positive
F0025565,
F0025566,
F0025567,
F0025568,
F0025569,
F0025570,
F0025571,
F0025572,
F0025573,
F0025574,
F0025575,
F0025576,
F0025577,
F0025578,
F0025579,positive
F0025580,long_wait
F0025581,walkout
F0025582,
F0025583,
F0025584,
F0025585,
F0025586,
F0025587,
F0025588,
F0025589,
F0025590,
F0025591,
F0025592,
F0025593,
F0025594,positive
F0025595,
F0025596,
F0025597,
F0025598,
F0025599,
F0025600,
F0025601,
F0025602,
F0025603,walkout
F0025604,
F0025605,
F0025606,
F0025607,
F0025608,positive
F0025609,
F0025610,
F0025611,
F0025612,
F0025613,positive
F0025614,
F0025615,
F0025616,
F0025617,
F0025618,
F0025619,
F0025620,
F0025621,
F0025622,positive
F0025623,
F0025624,
F0025625,
F0025626,walkout
F0025627,
F0025628,
F0025629,walkout
F0025630,
F0025631,
F0025632,
F0025633,
F0025634,
F0025635,
F0025636,
F0025637,
F0025638,
F0025639,
F0025640,
F0025641,
F0025642,positive
F0025643,
F0025644,
F0025645,walkout
F0025646,
F0025647,
F0025648,
F0025649,
F0025650,
F0025651,
F0025652,
F0025653,
F0025654,
F0025655,positive
F0025656,
F0025657,
F0025658,
F0025659,
F0025660,
F0025661,
F0025662,
F0025663,
F0025664,
F0025665,
F0025666,
F0025667,
F0025668,
F0025669,long_wait
F0025670,positive
F0025671,
F0025672,
F0025673,walkout
F0025674,walkout
F0025675,
F0025676,
F0025677,
F0025678,
F0025679,
F0025680,
F0025681,walkout
F0025682,
F0025683,walkout
F0025684,
F0025685,
F0025686,
F0025687,
F0025688,
F0025689,positive
F0025690,
F0025691,
F0025692,
F0025693,
F0025694,
F0025695,
F0025696,walkout
F0025697,
F0025698,positive
F0025699,positive
F0025700,
F0025701,
F0025702,
F0025703,
F0025704,
F0025705,walkout
F0025706,
F0025707,
F0025708,walkout
F0025709,positive
F0025710,positive
F0025711,
F0025712,
F0025713,
F0025714,walkout
F0025715,
F0025716,
F0025717,
F0025718,positive
F0025719,
F0025720,
F0025721,
F0025722,
F0025723,
F0025724,positive
F0025725,
F0025726,long_wait
F0025727,
F0025728,positive
F0025729,
F0025730,
F0025731,
F0025732,
F0025733,positive
F0025734,
F0025735,
F0025736,
F0025737,
F0025738,
F0025739,
F0025740,positive
F0025741,walkout
F0025742,
F0025743,
F0025744,
F0025745,positive
F0025746,
F0025747,
F0025748,
F0025749,
F0025750,
F0025751,
F0025752,
F0025753,
F0025754,
F0025755,
F0025756,positive
F0025757,
F0025758,
F0025759,
F0025760,
F0025761,
F0025762,
F0025763,
F0025764,
F0025765,documents
F0025766,positive
F0025767,positive
F0025768,
F0025769,
F0025770,
F0025771,walkout
F0025772,
F0025773,
F0025774,positive
F0025775,
F0025776,
F0025777,
F0025778,
F0025779,
F0025780,
F0025781,
F0025782,
F0025783,
F0025784,
F0025785,walkout
F0025786,
F0025787,
F0025788,
F0025789,
F0025790,
F0025791,
F0025792,
F0025793,
F0025794,
F0025795,
F0025796,
F0025797,
F0025798,
F0025799,
F0025800,
F0025801,
F0025802,
F0025803,
F0025804,
F0025805,
F0025806,
F0025807,
F0025808,
F0025809,
F0025810,
F0025811,
F0025812,walkout
F0025813,
F0025814,
F0025815,positive
F0025816,
F0025817,
F0025818,
F0025819,positive
F0025820,
F0025821,walkout
F0025822,
F0025823,
F0025824,
F0025825,walkout
F0025826,walkout
F0025827,
F0025828,
F0025829,
F0025830,walkout
F0025831,
F0025832,
F0025833,
F0025834,positive
F0025835,positive
F0025836,
F0025837,
F0025838,
F0025839,
F0025840,
F0025841,
F0025842,
F0025843,positive
F0025844,positive
F0025845,
F0025846,
F0025847,
F0025848,
F0025849,
F0025850,
F0025851,
F0025852,
F0025853,
F0025854,
F0025855,
F0025856,positive
F0025857,
F0025858,
F0025859,
F0025860,positive
F0025861,
F0025862,walkout
F0025863,
F0025864,
F0025865,
F0025866,slow_dd
F0025867,
F0025868,
F0025869,positive
F0025870,positive
F0025871,positive
F0025872,
F0025873,
F0025874,positive
F0025875,
F0025876,
F0025877,
F0025878,
F0025879,positive
F0025880,
F0025881,walkout
F0025882,walkout
F0025883,
F0025884,
F0025885,walkout
F0025886,
F0025887,walkout
F0025888,walkout
F0025889,
F0025890,long_wait
F0025891,walkout
F0025892,
F0025893,
F0025894,
F0025895,
F0025896,
F0025897,
F0025898,
F0025899,walkout
F0025900,
F0025901,
F0025902,
F0025903,walkout
F0025904,walkout
F0025905,positive
F0025906,positive
F0025907,
F0025908,
F0025909,
F0025910,
F0025911,
F0025912,
F0025913,lunch
F0025914,
F0025915,
F0025916,walkout
F0025917,walkout
F0025918,
F0025919,long_wait
F0025920,
F0025921,
F0025922,
F0025923,
F0025924,walkout
F0025925,
F0025926,
F0025927,
F0025928,
F0025929,
F0025930,walkout
F0025931,
F0025932,
F0025933,
F0025934,walkout
F0025935,
F0025936,
F0025937,positive
F0025938,positive
F0025939,
F0025940,
F0025941,
F0025942,
F0025943,
F0025944,
F0025945,
F0025946,
F0025947,
F0025948,
F0025949,positive
F0025950,
F0025951,
F0025952,
F0025953,
F0025954,
F0025955,positive
F0025956,positive
F0025957,
F0025958,
F0025959,
F0025960,
F0025961,
F0025962,
F0025963,
F0025964,
F0025965,
F0025966,
F0025967,
F0025968,
F0025969,
F0025970,positive
F0025971,
F0025972,
F0025973,
F0025974,
F0025975,
F0025976,
F0025977,
F0025978,
F0025979,
F0025980,walkout
F0025981,
F0025982,
F0025983,long_wait
F0025984,
F0025985,
F0025986,positive
F0025987,
F0025988,
F0025989,
F0025990,
F0025991,
F0025992,
F0025993,
F0025994,
F0025995,
F0025996,
F0025997,
F0025998,
F0025999,
F0026000,
F0026001,
F0026002,
F0026003,
F0026004,positive
F0026005,
F0026006,walkout
F0026007,
F0026008,
F0026009,
F0026010,
F0026011,
F0026012,walkout
F0026013,walkout
F0026014,
F0026015,
F0026016,positive
F0026017,
F0026018,
F0026019,
F0026020,
F0026021,walkout
F0026022,
F0026023,positive
F0026024,
F0026025,walkout
F0026026,
F0026027,
F0026028,
F0026029,positive
F0026030,positive
F0026031,
F0026032,
F0026033,
F0026034,
F0026035,positive
F0026036,
F0026037,
F0026038,
F0026039,
F0026040,
F0026041,
F0026042,
F0026043,
F0026044,
F0026045,
F0026046,
F0026047,
F0026048,
F0026049,
F0026050,
F0026051,
F0026052,positive
F0026053,
F0026054,
F0026055,walkout
F0026056,
F0026057,
F0026058,
F0026059,
F0026060,walkout
F0026061,
F0026062,
F0026063,
F0026064,
F0026065,
F0026066,
F0026067,
F0026068,
F0026069,
F0026070,
F0026071,
F0026072,
F0026073,
F0026074,
F0026075,
F0026076,walkout
F0026077,
F0026078,
F0026079,
F0026080,
F0026081,
F0026082,
F0026083,
F0026084,
F0026085,
F0026086,
F0026087,
F0026088,positive
F0026089,
F0026090,
F0026091,
F0026092,
F0026093,walkout
F0026094,positive
F0026095,
F0026096,
F0026097,
F0026098,
F0026099,positive
F0026100,
F0026101,positive
F0026102,
F0026103,walkout
F0026104,
F0026105,
F0026106,
F0026107,walkout
F0026108,
F0026109,
F0026110,
F0026111,
F0026112,
F0026113,
F0026114,
F0026115,
F0026116,
F0026117,
F0026118,
F0026119,
F0026120,
F0026121,
F0026122,
F0026123,
F0026124,positive
F0026125,
F0026126,
F0026127,
F0026128,walkout
F0026129,
F0026130,
F0026131,positive
F0026132,
F0026133,
F0026134,
F0026135,walkout
F0026136,
F0026137,
F0026138,
F0026139,
F0026140,
F0026141,
F0026142,
F0026143,
F0026144,system_down
F0026145,
F0026146,
F0026147,long_wait
F0026148,walkout
F0026149,walkout
F0026150,system_down
F0026151,
F0026152,walkout
F0026153,
F0026154,walkout
F0026155,
F0026156,
F0026157,
F0026158,
F0026159,
F0026160,
F0026161,
F0026162,
F0026163,
F0026164,positive
F0026165,positive
F0026166,
F0026167,positive
F0026168,
F0026169,
F0026170,
F0026171,
F0026172,
F0026173,
F0026174,
F0026175,
F0026176,
F0026177,
F0026178,
F0026179,positive
F0026180,
F0026181,
F0026182,
F0026183,positive
F0026184,positive
F0026185,positive
F0026186,
F0026187,
F0026188,
F0026189,
F0026190,staff
F0026191,walkout
F0026192,
F0026193,walkout
F0026194,
F0026195,
F0026196,
F0026197,
F0026198,
F0026199,
F0026200,
F0026201,walkout
F0026202,long_wait
F0026203,positive
F0026204,
F0026205,long_wait
F0026206,walkout
F0026207,
F0026208,
F0026209,
F0026210,positive
F0026211,
F0026212,
F0026213,
F0026214,
F0026215,
F0026216,
F0026217,
F0026218,
F0026219,positive
F0026220,
F0026221,
F0026222,
F0026223,
F0026224,positive
F0026225,
F0026226,
F0026227,
F0026228,
F0026229,
F0026230,positive
F0026231,walkout
F0026232,
F0026233,
F0026234,
F0026235,
F0026236,
F0026237,
F0026238,
F0026239,
F0026240,
F0026241,
F0026242,
F0026243,
F0026244,walkout
F0026245,long_wait
F0026246,
F0026247,
F0026248,
F0026249,
F0026250,positive
F0026251,positive
F0026252,positive
F0026253,walkout
F0026254,slow_dd
F0026255,walkout
F0026256,
F0026257,positive
F0026258,
F0026259,
F0026260,
F0026261,positive
F0026262,
F0026263,positive
F0026264,
F0026265,
F0026266,walkout
F0026267,
F0026268,
F0026269,
F0026270,positive
F0026271,
F0026272,
F0026273,walkout
F0026274,
F0026275,slow_dd
F0026276,
F0026277,long_wait
F0026278,walkout
F0026279,
F0026280,
F0026281,
F0026282,
F0026283,
F0026284,walkout
F0026285,
F0026286,walkout
F0026287,
F0026288,walkout
F0026289,
F0026290,
F0026291,
F0026292,
F0026293,
F0026294,long_wait
F0026295,
F0026296,
F0026297,
F0026298,
F0026299,
F0026300,positive
F0026301,
F0026302,long_wait
F0026303,walkout
F0026304,
F0026305,
F0026306,positive
F0026307,positive
F0026308,positive
F0026309,
F0026310,
F0026311,
F0026312,
F0026313,
F0026314,
F0026315,
F0026316,
F0026317,
F0026318,
F0026319,
F0026320,positive
F0026321,
F0026322,
F0026323,
F0026324,
F0026325,walkout
F0026326,
F0026327,
F0026328,
F0026329,
F0026330,positive
F0026331,
F0026332,
F0026333,
F0026334,
F0026335,
F0026336,
F0026337,
F0026338,
F0026339,
F0026340,
F0026341,
F0026342,positive
F0026343,
F0026344,long_wait
F0026345,walkout
F0026346,
F0026347,
F0026348,
F0026349,
F0026350,
F0026351,
F0026352,walkout
F0026353,
F0026354,walkout
F0026355,walkout
F0026356,
F0026357,seating
F0026358,long_wait
F0026359,
F0026360,
F0026361,walkout
F0026362,
F0026363,
F0026364,
F0026365,
F0026366,
F0026367,walkout
F0026368,long_wait
F0026369,
F0026370,
F0026371,
F0026372,
F0026373,walkout
F0026374,
F0026375,
F0026376,long_wait
F0026377,walkout
F0026378,
F0026379,seating
F0026380,
F0026381,walkout
F0026382,
F0026383,walkout
F0026384,walkout
F0026385,walkout
F0026386,walkout
F0026387,
F0026388,
F0026389,
F0026390,walkout
F0026391,
F0026392,
F0026393,
F0026394,
F0026395,
F0026396,walkout
F0026397,
F0026398,walkout
F0026399,
F0026400,
F0026401,
F0026402,
F0026403,long_wait
F0026404,
F0026405,
F0026406,
F0026407,walkout
F0026408,walkout
F0026409,
F0026410,walkout
F0026411,walkout
F0026412,long_wait
F0026413,
F0026414,
F0026415,
F0026416,walkout
F0026417,
F0026418,walkout
F0026419,walkout
F0026420,
F0026421,
F0026422,
F0026423,walkout
F0026424,long_wait
F0026425,
F0026426,
F0026427,walkout
F0026428,walkout
F0026429,documents
F0026430,
F0026431,long_wait
F0026432,
F0026433,
F0026434,
F0026435,
F0026436,
F0026437,walkout
F0026438,
F0026439,long_wait
F0026440,walkout
F0026441,
F0026442,
F0026443,
F0026444,
F0026445,walkout
F0026446,positive
F0026447,
F0026448,walkout
F0026449,positive
F0026450,
F0026451,
F0026452,
F0026453,
F0026454,walkout
F0026455,
F0026456,positive
F0026457,
F0026458,
F0026459,
F0026460,positive
F0026461,
F0026462,
F0026463,
F0026464,
F0026465,
F0026466,walkout
F0026467,positive
F0026468,
F0026469,
F0026470,
F0026471,
F0026472,positive
F0026473,
F0026474,
F0026475,
F0026476,
F0026477,
F0026478,walkout
F0026479,positive
F0026480,
F0026481,
F0026482,
F0026483,long_wait
F0026484,
F0026485,
F0026486,positive
F0026487,
F0026488,
F0026489,long_wait
F0026490,
F0026491,
F0026492,positive
F0026493,
F0026494,
F0026495,positive
F0026496,
F0026497,
F0026498,
F0026499,
F0026500,
F0026501,
F0026502,
F0026503,seating
F0026504,
F0026505,long_wait
F0026506,walkout
F0026507,walkout
F0026508,
F0026509,
F0026510,long_wait
F0026511,
F0026512,positive
F0026513,
F0026514,walkout
F0026515,
F0026516,walkout
F0026517,walkout
F0026518,
F0026519,walkout
F0026520,walkout
F0026521,
F0026522,
F0026523,walkout
F0026524,walkout
F0026525,
F0026526,
F0026527,
F0026528,
F0026529,
F0026530,
F0026531,walkout
F0026532,
F0026533,walkout
F0026534,positive
F0026535,
F0026536,walkout
F0026537,
F0026538,
F0026539,
F0026540,walkout
F0026541,
F0026542,
F0026543,walkout
F0026544,walkout
F0026545,walkout
F0026546,walkout
F0026547,
F0026548,walkout
F0026549,
F0026550,walkout
F0026551,walkout
F0026552,
F0026553,walkout
F0026554,walkout
F0026555,
F0026556,walkout
F0026557,
F0026558,walkout
F0026559,seating
F0026560,walkout
F0026561,
F0026562,
F0026563,
F0026564,
F0026565,
F0026566,walkout
F0026567,
F0026568,walkout
F0026569,seating
F0026570,
F0026571,
F0026572,
F0026573,
F0026574,
F0026575,
F0026576,
F0026577,
F0026578,
F0026579,
F0026580,walkout
F0026581,long_wait
F0026582,walkout
F0026583,walkout
F0026584,
F0026585,walkout
F0026586,walkout
F0026587,walkout
F0026588,
F0026589,
F0026590,walkout
F0026591,
F0026592,walkout
F0026593,long_wait
F0026594,walkout
F0026595,walkout
F0026596,
F0026597,
F0026598,
F0026599,
F0026600,
F0026601,
F0026602,
F0026603,walkout
F0026604,
F0026605,walkout
F0026606,
F0026607,
F0026608,
F0026609,positive
F0026610,walkout
F0026611,
F0026612,walkout
F0026613,
F0026614,
F0026615,
F0026616,
F0026617,
F0026618,walkout
F0026619,
F0026620,long_wait
F0026621,
F0026622,
F0026623,walkout
F0026624,
F0026625,
F0026626,
F0026627,walkout
F0026628,
F0026629,walkout
F0026630,walkout
F0026631,
F0026632,
F0026633,
F0026634,
F0026635,
F0026636,
F0026637,
F0026638,walkout
F0026639,
F0026640,
F0026641,
F0026642,
F0026643,
F0026644,
F0026645,walkout
F0026646,
F0026647,
F0026648,walkout
F0026649,
F0026650,
F0026651,
F0026652,
F0026653,
F0026654,
F0026655,
F0026656,
F0026657,long_wait
F0026658,walkout
F0026659,positive
F0026660,
F0026661,
F0026662,
F0026663,
F0026664,
F0026665,
F0026666,
F0026667,walkout
F0026668,
F0026669,
F0026670,
F0026671,
F0026672,
F0026673,
F0026674,
F0026675,long_wait
F0026676,
F0026677,
F0026678,walkout
F0026679,
F0026680,walkout
F0026681,
F0026682,
F0026683,walkout
F0026684,
F0026685,
F0026686,walkout
F0026687,walkout
F0026688,walkout
F0026689,walkout
F0026690,walkout
F0026691,system_down
F0026692,
F0026693,
F0026694,
F0026695,
F0026696,
F0026697,walkout
F0026698,walkout
F0026699,
F0026700,
F0026701,
F0026702,
F0026703,
F0026704,
F0026705,
F0026706,
F0026707,
F0026708,walkout
F0026709,
F0026710,
F0026711,walkout
F0026712,
F0026713,long_wait
F0026714,
F0026715,
F0026716,
F0026717,
F0026718,positive
F0026719,
F0026720,
F0026721,
F0026722,
F0026723,
F0026724,
F0026725,
F0026726,positive
F0026727,walkout
F0026728,
F0026729,walkout
F0026730,walkout
F0026731,
F0026732,
F0026733,
F0026734,
F0026735,
F0026736,
F0026737,
F0026738,
F0026739,positive
F0026740,
F0026741,
F0026742,positive
F0026743,
F0026744,
F0026745,walkout
F0026746,
F0026747,
F0026748,
F0026749,
F0026750,
F0026751,positive
F0026752,
F0026753,seating
F0026754,
F0026755,
F0026756,
F0026757,
F0026758,documents
F0026759,
F0026760,
F0026761,
F0026762,
F0026763,
F0026764,
F0026765,
F0026766,
F0026767,
F0026768,
F0026769,
F0026770,
F0026771,
F0026772,
F0026773,
F0026774,
F0026775,walkout
F0026776,
F0026777,positive
F0026778,
F0026779,positive
F0026780,
F0026781,
F0026782,
F0026783,positive
F0026784,
F0026785,
F0026786,
F0026787,
F0026788,positive
F0026789,
F0026790,
F0026791,
F0026792,
F0026793,
F0026794,positive
F0026795,walkout
F0026796,walkout
F0026797,
F0026798,
F0026799,
F0026800,
F0026801,
F0026802,positive
F0026803,
F0026804,
F0026805,positive
F0026806,
F0026807,
F0026808,
F0026809,
F0026810,
F0026811,
F0026812,
F0026813,
F0026814,
F0026815,
F0026816,
F0026817,long_wait
F0026818,
F0026819,
F0026820,
F0026821,
F0026822,positive
F0026823,
F0026824,
F0026825,
F0026826,walkout
F0026827,
F0026828,walkout
F0026829,long_wait
F0026830,
F0026831,positive
F0026832,
F0026833,
F0026834,positive
F0026835,walkout
F0026836,
F0026837,
F0026838,
F0026839,
F0026840,positive
F0026841,
F0026842,
F0026843,
F0026844,long_wait
F0026845,
F0026846,walkout
F0026847,
F0026848,
F0026849,positive
F0026850,walkout
F0026851,
F0026852,
F0026853,
F0026854,
F0026855,
F0026856,walkout
F0026857,
F0026858,
F0026859,
F0026860,
F0026861,
F0026862,
F0026863,seating
F0026864,
F0026865,
F0026866,lunch
F0026867,
F0026868,
F0026869,
F0026870,
F0026871,
F0026872,
F0026873,walkout
F0026874,
F0026875,
F0026876,walkout
F0026877,
F0026878,
F0026879,
F0026880,
F0026881,
F0026882,
F0026883,
F0026884,
F0026885,
F0026886,long_wait
F0026887,
F0026888,
F0026889,
F0026890,walkout
F0026891,
F0026892,
F0026893,
F0026894,
F0026895,positive
F0026896,positive
F0026897,
F0026898,positive
F0026899,
F0026900,
F0026901,
F0026902,positive
F0026903,
F0026904,
F0026905,
F0026906,
F0026907,
F0026908,
F0026909,walkout
F0026910,
F0026911,
F0026912,walkout
F0026913,
F0026914,walkout
F0026915,long_wait
F0026916,walkout
F0026917,walkout
F0026918,
F0026919,positive
F0026920,
F0026921,
F0026922,
F0026923,
F0026924,lunch
F0026925,
F0026926,
F0026927,
F0026928,
F0026929,
F0026930,
F0026931,
F0026932,
F0026933,
F0026934,long_wait
F0026935,long_wait
F0026936,
F0026937,
F0026938,
F0026939,walkout
F0026940,
F0026941,
F0026942,
F0026943,
F0026944,walkout
F0026945,
F0026946,walkout
F0026947,
F0026948,walkout
F0026949,positive
F0026950,
F0026951,
F0026952,
F0026953,positive
F0026954,
F0026955,
F0026956,
F0026957,
F0026958,walkout
F0026959,
F0026960,
F0026961,
F0026962,walkout
F0026963,
F0026964,
F0026965,
F0026966,
F0026967,
F0026968,walkout
F0026969,
F0026970,
F0026971,walkout
F0026972,
F0026973,walkout
F0026974,
F0026975,
F0026976,
F0026977,
F0026978,walkout
F0026979,
F0026980,
F0026981,
F0026982,walkout
F0026983,
F0026984,walkout
F0026985,
F0026986,
F0026987,
F0026988,
F0026989,
F0026990,walkout
F0026991,
F0026992,walkout
F0026993,
F0026994,
F0026995,positive
F0026996,
F0026997,
F0026998,
F0026999,
F0027000,
F0027001,positive
F0027002,
F0027003,positive
F0027004,
F0027005,
F0027006,
F0027007,
F0027008,
F0027009,
F0027010,
F0027011,positive
F0027012,
F0027013,positive
F0027014,
F0027015,
F0027016,
F0027017,
F0027018,
F0027019,
F0027020,positive
F0027021,
F0027022,
F0027023,
F0027024,walkout
F0027025,
F0027026,
F0027027,positive
F0027028,
F0027029,positive
F0027030,
F0027031,
F0027032,
F0027033,
F0027034,positive
F0027035,
F0027036,positive
F0027037,
F0027038,
F0027039,
F0027040,
F0027041,
F0027042,
F0027043,
F0027044,
F0027045,
F0027046,
F0027047,
F0027048,
F0027049,
F0027050,
F0027051,
F0027052,positive
F0027053,walkout
F0027054,
F0027055,
F0027056,walkout
F0027057,
F0027058,
F0027059,walkout
F0027060,
F0027061,walkout
F0027062,walkout
F0027063,walkout
F0027064,
F0027065,walkout
F0027066,
F0027067,
F0027068,
F0027069,
F0027070,walkout
F0027071,
F0027072,walkout
F0027073,
F0027074,
F0027075,
F0027076,walkout
F0027077,
F0027078,
F0027079,
F0027080,walkout
F0027081,long_wait
F0027082,
F0027083,walkout
F0027084,
F0027085,
F0027086,
F0027087,
F0027088,
F0027089,
F0027090,
F0027091,
F0027092,
F0027093,
F0027094,
F0027095,walkout
F0027096,
F0027097,
F0027098,
F0027099,
F0027100,
F0027101,
F0027102,
F0027103,
F0027104,
F0027105,walkout
F0027106,
F0027107,walkout
F0027108,walkout
F0027109,
F0027110,
F0027111,walkout
F0027112,
F0027113,
F0027114,
F0027115,walkout
F0027116,
F0027117,
F0027118,
F0027119,walkout
F0027120,
F0027121,walkout
F0027122,
F0027123,
F0027124,walkout
F0027125,
F0027126,
F0027127,positive
F0027128,
F0027129,
F0027130,
F0027131,
F0027132,positive
F0027133,
F0027134,
F0027135,positive
F0027136,
F0027137,
F0027138,
F0027139,
F0027140,
F0027141,
F0027142,
F0027143,
F0027144,walkout
F0027145,
F0027146,
F0027147,walkout
F0027148,
F0027149,
F0027150,
F0027151,
F0027152,walkout
F0027153,
F0027154,
F0027155,
F0027156,
F0027157,
F0027158,walkout
F0027159,
F0027160,walkout
F0027161,
F0027162,
F0027163,
F0027164,
F0027165,
F0027166,
F0027167,
F0027168,walkout
F0027169,
F0027170,
F0027171,walkout
F0027172,walkout
F0027173,
F0027174,
F0027175,
F0027176,
F0027177,walkout
F0027178,lunch
F0027179,
F0027180,positive
F0027181,
F0027182,walkout
F0027183,
F0027184,walkout
F0027185,
F0027186,walkout
F0027187,
F0027188,positive
F0027189,
F0027190,
F0027191,
F0027192,long_wait
F0027193,
F0027194,walkout
F0027195,
F0027196,
F0027197,walkout
F0027198,
F0027199,
F0027200,walkout
F0027201,
F0027202,
F0027203,positive
F0027204,
F0027205,
F0027206,
F0027207,
F0027208,walkout
F0027209,walkout
F0027210,
F0027211,walkout
F0027212,walkout
F0027213,
F0027214,
F0027215,
F0027216,
F0027217,
F0027218,
F0027219,
F0027220,walkout
F0027221,
F0027222,
F0027223,long_wait
F0027224,walkout
F0027225,
F0027226,
F0027227,
F0027228,walkout
F0027229,
F0027230,
F0027231,
F0027232,
F0027233,walkout
F0027234,
F0027235,
F0027236,
F0027237,
F0027238,
F0027239,
F0027240,
F0027241,
F0027242,positive
F0027243,
F0027244,
F0027245,
F0027246,
F0027247,
F0027248,
F0027249,documents
F0027250,
F0027251,
F0027252,positive
F0027253,
F0027254,
F0027255,
F0027256,
F0027257,
F0027258,
F0027259,
F0027260,
F0027261,
F0027262,
F0027263,
F0027264,
F0027265,
F0027266,
F0027267,positive
F0027268,
F0027269,
F0027270,
F0027271,
F0027272,
F0027273,positive
F0027274,positive
F0027275,
F0027276,
F0027277,
F0027278,positive
F0027279,
F0027280,positive
F0027281,
F0027282,positive
F0027283,
F0027284,
F0027285,
F0027286,
F0027287,
F0027288,
F0027289,
F0027290,
F0027291,walkout
F0027292,
F0027293,walkout
F0027294,
F0027295,
F0027296,
F0027297,walkout
F0027298,
F0027299,
F0027300,
F0027301,
F0027302,positive
F0027303,
F0027304,
F0027305,
F0027306,
F0027307,
F0027308,
F0027309,walkout
F0027310,
F0027311,
F0027312,positive
F0027313,positive
F0027314,
F0027315,walkout
F0027316,
F0027317,
F0027318,
F0027319,
F0027320,
F0027321,walkout
F0027322,
F0027323,
F0027324,
F0027325,
F0027326,
F0027327,
F0027328,
F0027329,
F0027330,positive
F0027331,
F0027332,
F0027333,
F0027334,
F0027335,
F0027336,
F0027337,
F0027338,
F0027339,
F0027340,
F0027341,positive
F0027342,
F0027343,
F0027344,positive
F0027345,
F0027346,
F0027347,
F0027348,
F0027349,
F0027350,
F0027351,walkout
F0027352,positive
F0027353,
F0027354,
F0027355,
F0027356,
F0027357,
F0027358,
F0027359,
F0027360,
F0027361,
F0027362,
F0027363,
F0027364,
F0027365,
F0027366,
F0027367,
F0027368,
F0027369,positive
F0027370,
F0027371,
F0027372,
F0027373,positive
F0027374,
F0027375,
F0027376,positive
F0027377,
F0027378,
F0027379,
F0027380,
F0027381,
F0027382,
F0027383,
F0027384,
F0027385,
F0027386,
F0027387,
F0027388,
F0027389,positive
F0027390,
F0027391,positive
F0027392,positive
F0027393,
F0027394,
F0027395,positive
F0027396,
F0027397,positive
F0027398,
F0027399,
F0027400,
F0027401,
F0027402,
F0027403,positive
F0027404,
F0027405,
F0027406,
F0027407,
F0027408,
F0027409,
F0027410,
F0027411,
F0027412,
F0027413,
F0027414,positive
F0027415,
F0027416,
F0027417,
F0027418,
F0027419,walkout
F0027420,
F0027421,
F0027422,
F0027423,
F0027424,
F0027425,
F0027426,
F0027427,
F0027428,
F0027429,
F0027430,positive
F0027431,
F0027432,
F0027433,positive
F0027434,
F0027435,
F0027436,
F0027437,
F0027438,
F0027439,
F0027440,
F0027441,
F0027442,
F0027443,
F0027444,
F0027445,positive
F0027446,
F0027447,
F0027448,positive
F0027449,
F0027450,positive
F0027451,
F0027452,
F0027453,
F0027454,walkout
F0027455,
F0027456,
F0027457,
F0027458,
F0027459,
F0027460,walkout
F0027461,positive
F0027462,positive
F0027463,
F0027464,
F0027465,
F0027466,long_wait
F0027467,walkout
F0027468,walkout
F0027469,positive
F0027470,
F0027471,
F0027472,walkout
F0027473,
F0027474,walkout
F0027475,
F0027476,
F0027477,
F0027478,
F0027479,
F0027480,
F0027481,
F0027482,
F0027483,
F0027484,
F0027485,
F0027486,
F0027487,walkout
F0027488,
F0027489,
F0027490,
F0027491,
F0027492,
F0027493,
F0027494,
F0027495,
F0027496,
F0027497,walkout
F0027498,
F0027499,
F0027500,
F0027501,
F0027502,
F0027503,long_wait
F0027504,positive
F0027505,
F0027506,positive
F0027507,
F0027508,
F0027509,documents
F0027510,
F0027511,
F0027512,
F0027513,
F0027514,positive
F0027515,
F0027516,
F0027517,walkout
F0027518,
F0027519,
F0027520,
F0027521,
F0027522,walkout
F0027523,positive
F0027524,
F0027525,documents
F0027526,
F0027527,
F0027528,
F0027529,
F0027530,
F0027531,
F0027532,
F0027533,positive
F0027534,
F0027535,
F0027536,
F0027537,
F0027538,
F0027539,
F0027540,
F0027541,
F0027542,positive
F0027543,positive
F0027544,positive
F0027545,walkout
F0027546,
F0027547,
F0027548,
F0027549,
F0027550,
F0027551,
F0027552,
F0027553,
F0027554,
F0027555,
F0027556,
F0027557,
F0027558,
F0027559,
F0027560,
F0027561,
F0027562,
F0027563,
F0027564,
F0027565,
F0027566,
F0027567,
F0027568,walkout
F0027569,
F0027570,walkout
F0027571,
F0027572,
F0027573,positive
F0027574,walkout
F0027575,
F0027576,
F0027577,
F0027578,
F0027579,
F0027580,walkout
F0027581,
F0027582,
F0027583,long_wait
F0027584,lunch
F0027585,
F0027586,walkout
F0027587,
F0027588,
F0027589,
F0027590,
F0027591,walkout
F0027592,
F0027593,
F0027594,
F0027595,
F0027596,positive
F0027597,
F0027598,positive
F0027599,
F0027600,
F0027601,
F0027602,positive
F0027603,
F0027604,positive
F0027605,
F0027606,
F0027607,
F0027608,
F0027609,
F0027610,
F0027611,
F0027612,positive
F0027613,
F0027614,
F0027615,
F0027616,
F0027617,
F0027618,
F0027619,walkout
F0027620,
F0027621,
F0027622,
F0027623,positive
F0027624,positive
F0027625,positive
F0027626,positive
F0027627,
F0027628,positive
F0027629,
F0027630,
F0027631,
F0027632,
F0027633,
F0027634,
F0027635,
F0027636,positive
F0027637,
F0027638,
F0027639,
F0027640,
F0027641,
F0027642,positive
F0027643,positive
F0027644,
F0027645,
F0027646,positive
F0027647,positive
F0027648,
F0027649,
F0027650,
F0027651,
F0027652,
F0027653,
F0027654,
F0027655,
F0027656,
F0027657,
F0027658,
F0027659,
F0027660,walkout
F0027661,
F0027662,
F0027663,walkout
F0027664,
F0027665,long_wait
F0027666,
F0027667,long_wait
F0027668,walkout
F0027669,
F0027670,
F0027671,positive
F0027672,
F0027673,
F0027674,
F0027675,
F0027676,
F0027677,
F0027678,
F0027679,walkout
F0027680,
F0027681,positive
F0027682,
F0027683,positive
F0027684,
F0027685,walkout
F0027686,
F0027687,
F0027688,
F0027689,
F0027690,walkout
F0027691,walkout
F0027692,
F0027693,
F0027694,seating
F0027695,positive
F0027696,walkout
F0027697,
F0027698,
F0027699,
F0027700,positive
F0027701,
F0027702,
F0027703,
F0027704,
F0027705,long_wait
F0027706,
F0027707,walkout
F0027708,
F0027709,
F0027710,long_wait
F0027711,
F0027712,
F0027713,walkout
F0027714,walkout
F0027715,
F0027716,walkout
F0027717,
F0027718,
F0027719,
F0027720,
F0027721,
F0027722,
F0027723,walkout
F0027724,walkout
F0027725,walkout
F0027726,positive
F0027727,
F0027728,
F0027729,
F0027730,
F0027731,walkout
F0027732,
F0027733,walkout
F0027734,walkout
F0027735,
F0027736,
F0027737,
F0027738,walkout
F0027739,walkout
F0027740,
F0027741,
F0027742,positive
F0027743,
F0027744,
F0027745,
F0027746,
F0027747,
F0027748,
F0027749,
F0027750,
F0027751,
F0027752,
F0027753,
F0027754,walkout
F0027755,
F0027756,
F0027757,
F0027758,
F0027759,
F0027760,
F0027761,
F0027762,
F0027763,
F0027764,long_wait
F0027765,
F0027766,
F0027767,
F0027768,
F0027769,
F0027770,
F0027771,
F0027772,
F0027773,positive
F0027774,
F0027775,
F0027776,walkout
F0027777,positive
F0027778,
F0027779,
F0027780,
F0027781,positive
F0027782,
F0027783,positive
F0027784,
F0027785,
F0027786,
F0027787,positive
F0027788,
F0027789,
F0027790,
F0027791,
F0027792,
F0027793,positive
F0027794,
F0027795,
F0027796,
F0027797,positive
F0027798,
F0027799,
F0027800,walkout
F0027801,long_wait
F0027802,
F0027803,
F0027804,
F0027805,
F0027806,
F0027807,positive
F0027808,walkout
F0027809,positive
F0027810,seating
F0027811,positive
F0027812,
F0027813,
F0027814,
F0027815,
F0027816,
F0027817,positive
F0027818,positive
F0027819,
F0027820,
F0027821,
F0027822,long_wait
F0027823,
F0027824,walkout
F0027825,positive
F0027826,
F0027827,
F0027828,
F0027829,positive
F0027830,long_wait
F0027831,positive
F0027832,
F0027833,
F0027834,
F0027835,
F0027836,
F0027837,
F0027838,
F0027839,
F0027840,
F0027841,
F0027842,
F0027843,positive
F0027844,
F0027845,long_wait
F0027846,long_wait
F0027847,
F0027848,
F0027849,
F0027850,walkout
F0027851,
F0027852,
F0027853,positive
F0027854,
F0027855,
F0027856,
F0027857,
F0027858,
F0027859,
F0027860,
F0027861,
F0027862,positive
F0027863,
F0027864,
F0027865,
F0027866,positive
F0027867,
F0027868,
F0027869,
F0027870,long_wait
F0027871,
F0027872,long_wait
F0027873,positive
F0027874,
F0027875,
F0027876,
F0027877,
F0027878,documents
F0027879,
F0027880,
F0027881,
F0027882,
F0027883,
F0027884,walkout
F0027885,positive
F0027886,
F0027887,
F0027888,
F0027889,
F0027890,
F0027891,
F0027892,
F0027893,
F0027894,
F0027895,documents
F0027896,
F0027897,
F0027898,walkout
F0027899,
F0027900,
F0027901,
F0027902,
F0027903,walkout
F0027904,
F0027905,walkout
F0027906,
F0027907,walkout
F0027908,walkout
F0027909,walkout
F0027910,
F0027911,
F0027912,
F0027913,
F0027914,
F0027915,
F0027916,
F0027917,
F0027918,walkout
F0027919,
F0027920,walkout
F0027921,long_wait
F0027922,
F0027923,seating
F0027924,walkout
F0027925,
F0027926,
F0027927,
F0027928,
F0027929,
F0027930,
F0027931,
F0027932,walkout
F0027933,
F0027934,walkout
F0027935,
F0027936,
F0027937,
F0027938,
F0027939,
F0027940,
F0027941,
F0027942,
F0027943,
F0027944,
F0027945,
F0027946,
F0027947,
F0027948,long_wait
F0027949,
F0027950,walkout
F0027951,
F0027952,walkout
F0027953,
F0027954,walkout
F0027955,walkout
F0027956,
F0027957,
F0027958,
F0027959,
F0027960,positive
F0027961,
F0027962,
F0027963,positive
F0027964,
F0027965,
F0027966,
F0027967,
F0027968,
F0027969,
F0027970,
F0027971,walkout
F0027972,
F0027973,
F0027974,
F0027975,walkout
F0027976,
F0027977,
F0027978,
F0027979,
F0027980,walkout
F0027981,positive
F0027982,walkout
F0027983,
F0027984,
F0027985,
F0027986,walkout
F0027987,
F0027988,
F0027989,walkout
F0027990,
F0027991,
F0027992,
F0027993,
F0027994,
F0027995,positive
F0027996,
F0027997,
F0027998,
F0027999,
F0028000,
F0028001,walkout
F0028002,walkout
F0028003,long_wait
F0028004,walkout
F0028005,
F0028006,walkout
F0028007,walkout
F0028008,positive
F0028009,
F0028010,walkout
F0028011,
F0028012,
F0028013,walkout
F0028014,
F0028015,
F0028016,
F0028017,
F0028018,
F0028019,
F0028020,
F0028021,
F0028022,
F0028023,positive
F0028024,walkout
F0028025,seating
F0028026,walkout
F0028027,
F0028028,
F0028029,
F0028030,walkout
F0028031,
F0028032,positive
F0028033,
F0028034,walkout
F0028035,
F0028036,
F0028037,
F0028038,
F0028039,
F0028040,
F0028041,
F0028042,
F0028043,
F0028044,walkout
F0028045,walkout
F0028046,
F0028047,
F0028048,
F0028049,positive
F0028050,
F0028051,
F0028052,
F0028053,
F0028054,
F0028055,
F0028056,walkout
F0028057,
F0028058,
F0028059,
F0028060,long_wait
F0028061,
F0028062,
F0028063,
F0028064,
F0028065,walkout
F0028066,
F0028067,
F0028068,
F0028069,
F0028070,
F0028071,
F0028072,positive
F0028073,
F0028074,walkout
F0028075,walkout
F0028076,
F0028077,
F0028078,
F0028079,
F0028080,
F0028081,
F0028082,
F0028083,
F0028084,
F0028085,walkout
F0028086,
F0028087,positive
F0028088,
F0028089,
F0028090,
F0028091,
F0028092,
F0028093,
F0028094,
F0028095,
F0028096,
F0028097,
F0028098,
F0028099,
F0028100,
F0028101,
F0028102,
F0028103,
F0028104,positive
F0028105,
F0028106,
F0028107,
F0028108,
F0028109,
F0028110,
F0028111,
F0028112,
F0028113,
F0028114,
F0028115,
F0028116,
F0028117,
F0028118,
F0028119,
F0028120,positive
F0028121,
F0028122,positive
F0028123,
F0028124,
F0028125,
F0028126,
F0028127,positive
F0028128,positive
F0028129,
F0028130,
F0028131,
F0028132,positive
F0028133,
F0028134,positive
F0028135,
F0028136,
F0028137,
F0028138,
F0028139,
F0028140,
F0028141,
F0028142,
F0028143,
F0028144,
F0028145,
F0028146,
F0028147,
F0028148,
F0028149,
F0028150,positive
F0028151,
F0028152,positive
F0028153,
F0028154,
F0028155,
F0028156,
F0028157,positive
F0028158,positive
F0028159,
F0028160,
F0028161,
F0028162,
F0028163,
F0028164,
F0028165,
F0028166,
F0028167,positive
F0028168,
F0028169,
F0028170,
F0028171,
F0028172,positive
F0028173,
F0028174,
F0028175,
F0028176,
F0028177,
F0028178,
F0028179,
F0028180,
F0028181,
F0028182,positive
F0028183,
F0028184,
F0028185,
F0028186,
F0028187,
F0028188,
F0028189,
F0028190,walkout
F0028191,positive
F0028192,
F0028193,
F0028194,walkout
F0028195,
F0028196,
F0028197,
F0028198,
F0028199,
F0028200,
F0028201,positive
F0028202,
F0028203,
F0028204,
F0028205,
F0028206,
F0028207,
F0028208,
F0028209,
F0028210,
F0028211,
F0028212,
F0028213,
F0028214,
F0028215,
F0028216,
F0028217,
F0028218,walkout
F0028219,
F0028220,
F0028221,
F0028222,
F0028223,
F0028224,positive
F0028225,
F0028226,
F0028227,walkout
F0028228,
F0028229,
F0028230,
F0028231,walkout
F0028232,
F0028233,
F0028234,
F0028235,
F0028236,
F0028237,
F0028238,
F0028239,
F0028240,positive
F0028241,
F0028242,
F0028243,walkout
F0028244,
F0028245,
F0028246,walkout
F0028247,
F0028248,positive
F0028249,
F0028250,
F0028251,
F0028252,
F0028253,
F0028254,
F0028255,
F0028256,positive
F0028257,positive
F0028258,positive
F0028259,
F0028260,
F0028261,
F0028262,
F0028263,
F0028264,
F0028265,
F0028266,
F0028267,
F0028268,positive
F0028269,
F0028270,
F0028271,
F0028272,
F0028273,
F0028274,
F0028275,
F0028276,
F0028277,
F0028278,
F0028279,
F0028280,
F0028281,
F0028282,
F0028283,
F0028284,
F0028285,positive
F0028286,
F0028287,
F0028288,
F0028289,
F0028290,
F0028291,
F0028292,
F0028293,
F0028294,positive
F0028295,
F0028296,
F0028297,
F0028298,
F0028299,
F0028300,positive
F0028301,
F0028302,
F0028303,
F0028304,long_wait
F0028305,walkout
F0028306,
F0028307,
F0028308,
F0028309,
F0028310,
F0028311,
F0028312,
F0028313,
F0028314,
F0028315,
F0028316,
F0028317,
F0028318,
F0028319,
F0028320,
F0028321,
F0028322,positive
F0028323,walkout
F0028324,walkout
F0028325,
F0028326,walkout
F0028327,
F0028328,walkout
F0028329,
F0028330,long_wait
F0028331,
F0028332,
F0028333,
F0028334,positive
F0028335,positive
F0028336,
F0028337,
F0028338,
F0028339,positive
F0028340,
F0028341,positive
F0028342,
F0028343,
F0028344,
F0028345,
F0028346,
F0028347,
F0028348,
F0028349,
F0028350,
F0028351,
F0028352,
F0028353,
F0028354,
F0028355,
F0028356,
F0028357,
F0028358,positive
F0028359,
F0028360,
F0028361,
F0028362,
F0028363,
F0028364,
F0028365,
F0028366,positive
F0028367,
F0028368,
F0028369,positive
F0028370,positive
F0028371,
F0028372,walkout
F0028373,
F0028374,
F0028375,documents
F0028376,
F0028377,
F0028378,
F0028379,positive
F0028380,
F0028381,
F0028382,
F0028383,
F0028384,
F0028385,walkout
F0028386,
F0028387,walkout
F0028388,
F0028389,
F0028390,
F0028391,
F0028392,
F0028393,
F0028394,
F0028395,
F0028396,positive
F0028397,
F0028398,
F0028399,walkout
F0028400,
F0028401,
F0028402,walkout
F0028403,
F0028404,
F0028405,
F0028406,
F0028407,
F0028408,
F0028409,walkout
F0028410,walkout
F0028411,
F0028412,walkout
F0028413,
F0028414,walkout
F0028415,long_wait
F0028416,
F0028417,
F0028418,
F0028419,
F0028420,
F0028421,
F0028422,positive
F0028423,
F0028424,
F0028425,
F0028426,walkout
F0028427,
F0028428,
F0028429,
F0028430,
F0028431,walkout
F0028432,walkout
F0028433,
F0028434,
F0028435,
F0028436,
F0028437,
F0028438,walkout
F0028439,
F0028440,
F0028441,
F0028442,
F0028443,
F0028444,
F0028445,
F0028446,walkout
F0028447,
F0028448,
F0028449,
F0028450,
F0028451,
F0028452,walkout
F0028453,
F0028454,
F0028455,
F0028456,
F0028457,
F0028458,walkout
F0028459,walkout
F0028460,walkout
F0028461,
F0028462,
F0028463,
F0028464,
F0028465,
F0028466,positive
F0028467,
F0028468,positive
F0028469,
F0028470,
F0028471,
F0028472,
F0028473,walkout
F0028474,
F0028475,
F0028476,positive
F0028477,
F0028478,
F0028479,
F0028480,
F0028481,
F0028482,positive
F0028483,walkout
F0028484,
F0028485,
F0028486,walkout
F0028487,
F0028488,
F0028489,long_wait
F0028490,walkout
F0028491,long_wait
F0028492,positive
F0028493,
F0028494,
F0028495,
F0028496,
F0028497,
F0028498,
F0028499,
F0028500,positive
F0028501,positive
F0028502,
F0028503,
F0028504,
F0028505,
F0028506,
F0028507,
F0028508,
F0028509,
F0028510,
F0028511,
F0028512,
F0028513,
F0028514,
F0028515,
F0028516,
F0028517,
F0028518,walkout
F0028519,long_wait
F0028520,
F0028521,
F0028522,
F0028523,
F0028524,
F0028525,
F0028526,
F0028527,
F0028528,
F0028529,
F0028530,
F0028531,
F0028532,
F0028533,
F0028534,
F0028535,
F0028536,positive
F0028537,
F0028538,
F0028539,
F0028540,
F0028541,
F0028542,
F0028543,
F0028544,
F0028545,walkout
F0028546,
F0028547,walkout
F0028548,
F0028549,
F0028550,
F0028551,positive
F0028552,
F0028553,
F0028554,
F0028555,
F0028556,walkout
F0028557,walkout
F0028558,
F0028559,
F0028560,positive
F0028561,
F0028562,
F0028563,
F0028564,
F0028565,
F0028566,
F0028567,
F0028568,
F0028569,
F0028570,
F0028571,
F0028572,
F0028573,
F0028574,
F0028575,positive
F0028576,positive
F0028577,
F0028578,positive
F0028579,positive
F0028580,
F0028581,
F0028582,
F0028583,
F0028584,
F0028585,
F0028586,
F0028587,
F0028588,positive
F0028589,
F0028590,
F0028591,
F0028592,
F0028593,positive
F0028594,
F0028595,
F0028596,
F0028597,positive
F0028598,
F0028599,positive
F0028600,
F0028601,
F0028602,walkout
F0028603,
F0028604,
F0028605,
F0028606,positive
F0028607,
F0028608,
F0028609,
F0028610,
F0028611,
F0028612,
F0028613,
F0028614,
F0028615,
F0028616,
F0028617,
F0028618,
F0028619,
F0028620,positive
F0028621,
F0028622,
F0028623,
F0028624,
F0028625,
F0028626,
F0028627,
F0028628,
F0028629,positive
F0028630,long_wait
F0028631,walkout
F0028632,
F0028633,walkout
F0028634,
F0028635,
F0028636,
F0028637,
F0028638,
F0028639,
F0028640,
F0028641,
F0028642,
F0028643,
F0028644,
F0028645,long_wait
F0028646,
F0028647,
F0028648,
F0028649,
F0028650,
F0028651,
F0028652,documents
F0028653,
F0028654,positive
F0028655,
F0028656,
F0028657,
F0028658,
F0028659,positive
F0028660,positive
F0028661,
F0028662,
F0028663,
F0028664,
F0028665,
F0028666,
F0028667,positive
F0028668,
F0028669,
F0028670,
F0028671,
F0028672,
F0028673,
F0028674,
F0028675,positive
F0028676,positive
F0028677,
F0028678,positive
F0028679,
F0028680,
F0028681,
F0028682,
F0028683,
F0028684,positive
F0028685,
F0028686,
F0028687,
F0028688,positive
F0028689,
F0028690,
F0028691,
F0028692,positive
F0028693,
F0028694,
F0028695,
F0028696,positive
F0028697,
F0028698,positive
F0028699,
F0028700,
F0028701,
F0028702,positive
F0028703,
F0028704,
F0028705,
F0028706,
F0028707,
F0028708,
F0028709,
F0028710,
F0028711,
F0028712,positive
F0028713,
F0028714,
F0028715,positive
F0028716,
F0028717,
F0028718,
F0028719,positive
F0028720,positive
F0028721,positive
F0028722,
F0028723,
F0028724,
F0028725,
F0028726,
F0028727,positive
F0028728,
F0028729,
F0028730,
F0028731,
F0028732,
F0028733,
F0028734,
F0028735,positive
F0028736,
F0028737,
F0028738,
F0028739,
F0028740,
F0028741,
F0028742,
F0028743,
F0028744,
F0028745,
F0028746,
F0028747,
F0028748,
F0028749,
F0028750,
F0028751,
F0028752,
F0028753,positive
F0028754,positive
F0028755,
F0028756,positive
F0028757,
F0028758,positive
F0028759,
F0028760,
F0028761,
F0028762,
F0028763,
F0028764,
F0028765,
F0028766,
F0028767,
F0028768,
F0028769,
F0028770,
F0028771,walkout
F0028772,
F0028773,
F0028774,
F0028775,
F0028776,
F0028777,
F0028778,positive
F0028779,positive
F0028780,
F0028781,
F0028782,
F0028783,
F0028784,
F0028785,positive
F0028786,
F0028787,
F0028788,
F0028789,
F0028790,
F0028791,
F0028792,walkout
F0028793,long_wait
F0028794,
F0028795,
F0028796,
F0028797,walkout
F0028798,
F0028799,
F0028800,
F0028801,
F0028802,
F0028803,
F0028804,
F0028805,
F0028806,documents
F0028807,
F0028808,
F0028809,
F0028810,
F0028811,
F0028812,
F0028813,
F0028814,
F0028815,
F0028816,positive
F0028817,
F0028818,
F0028819,
F0028820,positive
F0028821,
F0028822,
F0028823,
F0028824,
F0028825,positive
F0028826,
F0028827,
F0028828,
F0028829,
F0028830,
F0028831,
F0028832,
F0028833,
F0028834,
F0028835,walkout
F0028836,
F0028837,
F0028838,walkout
F0028839,
F0028840,
F0028841,
F0028842,
F0028843,
F0028844,
F0028845,walkout
F0028846,walkout
F0028847,
F0028848,
F0028849,
F0028850,
F0028851,walkout
F0028852,walkout
F0028853,positive
F0028854,walkout
F0028855,
F0028856,
F0028857,
F0028858,walkout
F0028859,
F0028860,
F0028861,
F0028862,
F0028863,
F0028864,
F0028865,positive
F0028866,walkout
F0028867,
F0028868,
F0028869,long_wait
F0028870,walkout
F0028871,
F0028872,
F0028873,
F0028874,
F0028875,walkout
F0028876,
F0028877,
F0028878,
F0028879,
F0028880,
F0028881,walkout
F0028882,
F0028883,
F0028884,
F0028885,positive
F0028886,
F0028887,positive
F0028888,
F0028889,positive
F0028890,
F0028891,
F0028892,
F0028893,
F0028894,
F0028895,positive
F0028896,
F0028897,
F0028898,positive
F0028899,
F0028900,
F0028901,
F0028902,
F0028903,
F0028904,
F0028905,
F0028906,
F0028907,
F0028908,
F0028909,
F0028910,
F0028911,
F0028912,
F0028913,
F0028914,
F0028915,
F0028916,
F0028917,
F0028918,walkout
F0028919,
F0028920,
F0028921,
F0028922,walkout
F0028923,
F0028924,
F0028925,
F0028926,
F0028927,
F0028928,slow_dd
F0028929,
F0028930,
F0028931,walkout
F0028932,
F0028933,
F0028934,
F0028935,
F0028936,positive
F0028937,
F0028938,positive
F0028939,
F0028940,
F0028941,
F0028942,
F0028943,
F0028944,
F0028945,
F0028946,
F0028947,
F0028948,
F0028949,positive
F0028950,
F0028951,
F0028952,
F0028953,
F0028954,
F0028955,
F0028956,
F0028957,
F0028958,
F0028959,positive
F0028960,
F0028961,
F0028962,
F0028963,
F0028964,
F0028965,
F0028966,
F0028967,
F0028968,positive
F0028969,
F0028970,
F0028971,
F0028972,
F0028973,positive
F0028974,
F0028975,
F0028976,
F0028977,
F0028978,
F0028979,
F0028980,
F0028981,
F0028982,
F0028983,
F0028984,
F0028985,positive
F0028986,
F0028987,positive
F0028988,
F0028989,
F0028990,
F0028991,
F0028992,
F0028993,positive
F0028994,
F0028995,
F0028996,
F0028997,
F0028998,positive
F0028999,
F0029000,
F0029001,
F0029002,
F0029003,
F0029004,
F0029005,
F0029006,walkout
F0029007,
F0029008,
F0029009,
F0029010,
F0029011,positive
F0029012,
F0029013,
F0029014,
F0029015,positive
F0029016,
F0029017,
F0029018,
F0029019,
F0029020,
F0029021,
F0029022,
F0029023,
F0029024,
F0029025,
F0029026,
F0029027,
F0029028,
F0029029,walkout
F0029030,
F0029031,
F0029032,
F0029033,
F0029034,
F0029035,
F0029036,
F0029037,
F0029038,
F0029039,
F0029040,walkout
F0029041,
F0029042,
F0029043,
F0029044,
F0029045,walkout
F0029046,
F0029047,
F0029048,
F0029049,walkout
F0029050,
F0029051,documents
F0029052,
F0029053,walkout
F0029054,
F0029055,walkout
F0029056,
F0029057,
F0029058,
F0029059,walkout
F0029060,
F0029061,
F0029062,
F0029063,
F0029064,walkout
F0029065,
F0029066,walkout
F0029067,
F0029068,walkout
F0029069,walkout
F0029070,
F0029071,walkout
F0029072,walkout
F0029073,walkout
F0029074,
F0029075,
F0029076,
F0029077,
F0029078,positive
F0029079,
F0029080,
F0029081,long_wait
F0029082,
F0029083,
F0029084,positive
F0029085,walkout
F0029086,long_wait
F0029087,
F0029088,walkout
F0029089,
F0029090,
F0029091,
F0029092,
F0029093,
F0029094,long_wait
F0029095,
F0029096,
F0029097,
F0029098,
F0029099,walkout
F0029100,walkout
F0029101,
F0029102,
F0029103,
F0029104,walkout
F0029105,walkout
F0029106,walkout
F0029107,
F0029108,
F0029109,positive
F0029110,
F0029111,
F0029112,
F0029113,lunch
F0029114,
F0029115,walkout
F0029116,
F0029117,walkout
F0029118,
F0029119,
F0029120,
F0029121,
F0029122,
F0029123,
F0029124,
F0029125,
F0029126,positive
F0029127,
F0029128,
F0029129,
F0029130,
F0029131,
F0029132,
F0029133,walkout
F0029134,
F0029135,
F0029136,documents
F0029137,walkout
F0029138,
F0029139,
F0029140,
F0029141,
F0029142,
F0029143,
F0029144,
F0029145,walkout
F0029146,walkout
F0029147,
F0029148,
F0029149,
F0029150,
F0029151,
F0029152,walkout
F0029153,
F0029154,
F0029155,
F0029156,
F0029157,
F0029158,walkout
F0029159,seating
F0029160,
F0029161,long_wait
F0029162,walkout
F0029163,
F0029164,
F0029165,
F0029166,
F0029167,
F0029168,
F0029169,
F0029170,
F0029171,
F0029172,
F0029173,
F0029174,
F0029175,
F0029176,
F0029177,documents
F0029178,walkout
F0029179,
F0029180,
F0029181,
F0029182,positive
F0029183,
F0029184,
F0029185,
F0029186,
F0029187,
F0029188,
F0029189,
F0029190,
F0029191,
F0029192,
F0029193,
F0029194,
F0029195,
F0029196,
F0029197,positive
F0029198,positive
F0029199,
F0029200,
F0029201,walkout
F0029202,
F0029203,
F0029204,
F0029205,positive
F0029206,
F0029207,
F0029208,positive
F0029209,
F0029210,positive
F0029211,walkout
F0029212,walkout
F0029213,
F0029214,
F0029215,
F0029216,
F0029217,
F0029218,
F0029219,positive
F0029220,positive
F0029221,
F0029222,
F0029223,positive
F0029224,
F0029225,
F0029226,walkout
F0029227,
F0029228,positive
F0029229,
F0029230,positive
F0029231,
F0029232,
F0029233,positive
F0029234,
F0029235,positive
F0029236,
F0029237,
F0029238,
F0029239,
F0029240,
F0029241,walkout
F0029242,
F0029243,
F0029244,walkout
F0029245,
F0029246,long_wait
F0029247,walkout
F0029248,
F0029249,
F0029250,
F0029251,
F0029252,walkout
F0029253,
F0029254,
F0029255,
F0029256,walkout
F0029257,
F0029258,walkout
F0029259,
F0029260,
F0029261,
F0029262,walkout
F0029263,
F0029264,
F0029265,
F0029266,
F0029267,
F0029268,
F0029269,walkout
F0029270,
F0029271,
F0029272,
F0029273,
F0029274,
F0029275,walkout
F0029276,
F0029277,
F0029278,
F0029279,walkout
F0029280,
F0029281,
F0029282,
F0029283,
F0029284,
F0029285,
F0029286,
F0029287,
F0029288,
F0029289,
F0029290,walkout
F0029291,
F0029292,
F0029293,
F0029294,
F0029295,walkout
F0029296,
F0029297,walkout
F0029298,
F0029299,
F0029300,walkout
F0029301,
F0029302,
F0029303,
F0029304,
F0029305,
F0029306,
F0029307,
F0029308,
F0029309,
F0029310,
F0029311,
F0029312,
F0029313,
F0029314,
F0029315,
F0029316,walkout
F0029317,
F0029318,
F0029319,
F0029320,positive
F0029321,
F0029322,
F0029323,
F0029324,
F0029325,
F0029326,
F0029327,positive
F0029328,
F0029329,
F0029330,
F0029331,
F0029332,
F0029333,
F0029334,walkout
F0029335,
F0029336,walkout
F0029337,
F0029338,
F0029339,
F0029340,
F0029341,
F0029342,positive
F0029343,
F0029344,positive
F0029345,
F0029346,
F0029347,
F0029348,positive
F0029349,
F0029350,
F0029351,
F0029352,
F0029353,
F0029354,
F0029355,
F0029356,
F0029357,
F0029358,
F0029359,long_wait
F0029360,
F0029361,
F0029362,
F0029363,walkout
F0029364,walkout
F0029365,
F0029366,walkout
F0029367,
F0029368,
F0029369,
F0029370,long_wait
F0029371,
F0029372,
F0029373,
F0029374,
F0029375,walkout
F0029376,long_wait
F0029377,
F0029378,walkout
F0029379,
F0029380,
F0029381,
F0029382,positive
F0029383,
F0029384,
F0029385,
F0029386,
F0029387,walkout
F0029388,walkout
F0029389,walkout
F0029390,
F0029391,
F0029392,
F0029393,
F0029394,walkout
F0029395,
F0029396,walkout
F0029397,
F0029398,
F0029399,walkout
F0029400,
F0029401,
F0029402,
F0029403,walkout
F0029404,walkout
F0029405,walkout
F0029406,
F0029407,walkout
F0029408,
F0029409,
F0029410,walkout
F0029411,walkout
F0029412,
F0029413,walkout
F0029414,long_wait
F0029415,
F0029416,
F0029417,
F0029418,long_wait
F0029419,
F0029420,
F0029421,
F0029422,walkout
F0029423,walkout
F0029424,
F0029425,
F0029426,seating
F0029427,walkout
F0029428,
F0029429,
F0029430,
F0029431,walkout
F0029432,
F0029433,
F0029434,
F0029435,
F0029436,
F0029437,
F0029438,
F0029439,walkout
F0029440,walkout
F0029441,
F0029442,
F0029443,positive
F0029444,long_wait
F0029445,walkout
F0029446,
F0029447,
F0029448,walkout
F0029449,
F0029450,
F0029451,seating
F0029452,walkout
F0029453,positive
F0029454,positive
F0029455,positive
F0029456,
F0029457,
F0029458,
F0029459,
F0029460,
F0029461,
F0029462,positive
F0029463,
F0029464,
F0029465,
F0029466,
F0029467,
F0029468,positive
F0029469,
F0029470,
F0029471,
F0029472,
F0029473,
F0029474,
F0029475,
F0029476,
F0029477,
F0029478,
F0029479,
F0029480,
F0029481,
F0029482,
F0029483,
F0029484,
F0029485,
F0029486,
F0029487,
F0029488,
F0029489,
F0029490,
F0029491,walkout
F0029492,
F0029493,
F0029494,positive
F0029495,
F0029496,positive
F0029497,
F0029498,
F0029499,
F0029500,
F0029501,
F0029502,positive
F0029503,
F0029504,
F0029505,
F0029506,
F0029507,
F0029508,
F0029509,positive
F0029510,positive
F0029511,
F0029512,
F0029513,
F0029514,
F0029515,
F0029516,
F0029517,
F0029518,
F0029519,
F0029520,
F0029521,
F0029522,positive
F0029523,
F0029524,
F0029525,
F0029526,
F0029527,long_wait
F0029528,positive
F0029529,
F0029530,positive
F0029531,long_wait
F0029532,positive
F0029533,
F0029534,
F0029535,
F0029536,positive
F0029537,positive
F0029538,
F0029539,
F0029540,
F0029541,
F0029542,walkout
F0029543,
F0029544,
F0029545,
F0029546,
F0029547,positive
F0029548,
F0029549,
F0029550,
F0029551,
F0029552,
F0029553,
F0029554,
F0029555,
F0029556,
F0029557,
F0029558,
F0029559,
F0029560,long_wait
F0029561,
F0029562,
F0029563,
F0029564,
F0029565,walkout
F0029566,
F0029567,
F0029568,
F0029569,
F0029570,
F0029571,
F0029572,
F0029573,positive
F0029574,
F0029575,
F0029576,positive
F0029577,
F0029578,
F0029579,
F0029580,
F0029581,
F0029582,
F0029583,
F0029584,walkout
F0029585,
F0029586,
F0029587,
F0029588,
F0029589,
F0029590,
F0029591,
F0029592,documents
F0029593,
F0029594,positive
F0029595,
F0029596,positive
F0029597,
F0029598,positive
F0029599,positive
F0029600,
F0029601,
F0029602,
F0029603,
F0029604,
F0029605,
F0029606,
F0029607,
F0029608,positive
F0029609,
F0029610,
F0029611,
F0029612,
F0029613,
F0029614,
F0029615,
F0029616,
F0029617,
F0029618,
F0029619,
F0029620,
F0029621,positive
F0029622,positive
F0029623,staff
F0029624,
F0029625,
F0029626,
F0029627,
F0029628,
F0029629,
F0029630,positive
F0029631,
F0029632,
F0029633,
F0029634,
F0029635,
F0029636,positive
F0029637,
F0029638,
F0029639,
F0029640,
F0029641,
F0029642,
F0029643,
F0029644,
F0029645,
F0029646,
F0029647,
F0029648,
F0029649,walkout
F0029650,slow_dd
F0029651,
F0029652,
F0029653,walkout
F0029654,positive
F0029655,positive
F0029656,
F0029657,
F0029658,
F0029659,
F0029660,
F0029661,
F0029662,walkout
F0029663,walkout
F0029664,
F0029665,
F0029666,
F0029667,walkout
F0029668,
F0029669,lunch
F0029670,walkout
F0029671,
F0029672,
F0029673,
F0029674,
F0029675,lunch
F0029676,
F0029677,
F0029678,
F0029679,
F0029680,positive
F0029681,
F0029682,
F0029683,
F0029684,
F0029685,
F0029686,
F0029687,
F0029688,
F0029689,
F0029690,
F0029691,
F0029692,
F0029693,positive
F0029694,
F0029695,positive
F0029696,
F0029697,
F0029698,
F0029699,
F0029700,
F0029701,
F0029702,
F0029703,positive
F0029704,positive
F0029705,
F0029706,
F0029707,
F0029708,positive
F0029709,
F0029710,walkout
F0029711,
F0029712,
F0029713,
F0029714,
F0029715,
F0029716,
F0029717,
F0029718,
F0029719,walkout
F0029720,
F0029721,
F0029722,
F0029723,positive
F0029724,
F0029725,
F0029726,
F0029727,positive
F0029728,
F0029729,
F0029730,
F0029731,
F0029732,
F0029733,
F0029734,
F0029735,
F0029736,
F0029737,walkout
F0029738,positive
F0029739,
F0029740,walkout
F0029741,
F0029742,
F0029743,
F0029744,
F0029745,
F0029746,
F0029747,
F0029748,
F0029749,
F0029750,
F0029751,
F0029752,
F0029753,
F0029754,
F0029755,
F0029756,
F0029757,
F0029758,
F0029759,
F0029760,positive
F0029761,
F0029762,
F0029763,
F0029764,
F0029765,positive
F0029766,
F0029767,
F0029768,
F0029769,
F0029770,
F0029771,
F0029772,
F0029773,
F0029774,
F0029775,
F0029776,
F0029777,
F0029778,
F0029779,
F0029780,
F0029781,
F0029782,
F0029783,positive
F0029784,
F0029785,
F0029786,
F0029787,positive
F0029788,
F0029789,
F0029790,
F0029791,
F0029792,positive
F0029793,positive
F0029794,
F0029795,
F0029796,
F0029797,
F0029798,
F0029799,
F0029800,
F0029801,
F0029802,positive
F0029803,
F0029804,
F0029805,
F0029806,positive
F0029807,
F0029808,
F0029809,
F0029810,positive
F0029811,
F0029812,
F0029813,positive
F0029814,
F0029815,
F0029816,
F0029817,
F0029818,
F0029819,walkout
F0029820,
F0029821,
F0029822,
F0029823,
F0029824,
F0029825,
F0029826,
F0029827,
F0029828,walkout
F0029829,
F0029830,
F0029831,
F0029832,
F0029833,
F0029834,
F0029835,
F0029836,
F0029837,long_wait
F0029838,walkout
F0029839,
F0029840,
F0029841,
F0029842,walkout
F0029843,
F0029844,positive
F0029845,long_wait
F0029846,
F0029847,
F0029848,
F0029849,
F0029850,walkout
F0029851,
F0029852,walkout
F0029853,walkout
F0029854,
F0029855,
F0029856,
F0029857,walkout
F0029858,
F0029859,
F0029860,
F0029861,walkout
F0029862,walkout
F0029863,
F0029864,
F0029865,
F0029866,
F0029867,
F0029868,
F0029869,
F0029870,
F0029871,
F0029872,
F0029873,
F0029874,
F0029875,
F0029876,
F0029877,
F0029878,
F0029879,
F0029880,
F0029881,
F0029882,
F0029883,
F0029884,walkout
F0029885,
F0029886,
F0029887,
F0029888,walkout
F0029889,
F0029890,
F0029891,positive
F0029892,
F0029893,
F0029894,long_wait
F0029895,
F0029896,
F0029897,
F0029898,
F0029899,walkout
F0029900,
F0029901,
F0029902,walkout
F0029903,
F0029904,walkout
F0029905,
F0029906,walkout
F0029907,system_down
F0029908,
F0029909,walkout
F0029910,
F0029911,
F0029912,walkout
F0029913,
F0029914,
F0029915,walkout
F0029916,walkout
F0029917,
F0029918,
F0029919,long_wait
F0029920,walkout
F0029921,walkout
F0029922,walkout
F0029923,
F0029924,
F0029925,
F0029926,
F0029927,long_wait
F0029928,positive
F0029929,
F0029930,
F0029931,
F0029932,
F0029933,
F0029934,long_wait
F0029935,
F0029936,
F0029937,walkout
F0029938,
F0029939,walkout
F0029940,long_wait
F0029941,walkout
F0029942,
F0029943,
F0029944,
F0029945,
F0029946,positive
F0029947,
F0029948,
F0029949,
F0029950,
F0029951,
F0029952,
F0029953,
F0029954,positive
F0029955,
F0029956,
F0029957,
F0029958,positive
F0029959,
F0029960,
F0029961,
F0029962,
F0029963,
F0029964,
F0029965,
F0029966,
F0029967,
F0029968,
F0029969,
F0029970,
F0029971,
F0029972,
F0029973,
F0029974,
F0029975,positive
F0029976,
F0029977,positive
F0029978,
F0029979,
F0029980,
F0029981,positive
F0029982,
F0029983,
F0029984,
F0029985,
F0029986,
F0029987,
F0029988,
F0029989,positive
F0029990,
F0029991,
F0029992,
F0029993,
F0029994,positive
F0029995,
F0029996,
F0029997,
F0029998,
F0029999,
F0030000,
F0030001,
F0030002,
F0030003,
F0030004,positive
F0030005,
F0030006,positive
F0030007,
F0030008,
F0030009,
F0030010,
F0030011,positive
F0030012,walkout
F0030013,positive
F0030014,
F0030015,
F0030016,
F0030017,
F0030018,
F0030019,
F0030020,
F0030021,
F0030022,
F0030023,
F0030024,
F0030025,positive
F0030026,
F0030027,
F0030028,
F0030029,
F0030030,
F0030031,walkout
F0030032,
F0030033,
F0030034,
F0030035,
F0030036,
F0030037,long_wait
F0030038,
F0030039,
F0030040,walkout
F0030041,
F0030042,positive
F0030043,
F0030044,
F0030045,
F0030046,
F0030047,
F0030048,walkout
F0030049,walkout
F0030050,
F0030051,
F0030052,
F0030053,
F0030054,
F0030055,
F0030056,
F0030057,
F0030058,
F0030059,walkout
F0030060,
F0030061,
F0030062,walkout
F0030063,
F0030064,
F0030065,walkout
F0030066,
F0030067,walkout
F0030068,
F0030069,
F0030070,
F0030071,
F0030072,
F0030073,
F0030074,
F0030075,
F0030076,
F0030077,
F0030078,
F0030079,
F0030080,
F0030081,
F0030082,
F0030083,
F0030084,
F0030085,
F0030086,
F0030087,
F0030088,
F0030089,
F0030090,
F0030091,
F0030092,
F0030093,
F0030094,
F0030095,
F0030096,
F0030097,
F0030098,
F0030099,
F0030100,
F0030101,long_wait
F0030102,
F0030103,
F0030104,
F0030105,
F0030106,
F0030107,
F0030108,
F0030109,
F0030110,
F0030111,
F0030112,
F0030113,
F0030114,
F0030115,positive
F0030116,
F0030117,
F0030118,positive
F0030119,
F0030120,
F0030121,
F0030122,
F0030123,
F0030124,walkout
F0030125,
F0030126,
F0030127,
F0030128,
F0030129,
F0030130,
F0030131,positive
F0030132,
F0030133,walkout
F0030134,
F0030135,
F0030136,walkout
F0030137,
F0030138,positive
F0030139,
F0030140,
F0030141,
F0030142,long_wait
F0030143,
F0030144,
F0030145,walkout
F0030146,
F0030147,
F0030148,walkout
F0030149,
F0030150,
F0030151,
F0030152,
F0030153,positive
F0030154,
F0030155,
F0030156,
F0030157,positive
F0030158,
F0030159,
F0030160,
F0030161,
F0030162,
F0030163,
F0030164,positive
F0030165,documents
F0030166,
F0030167,
F0030168,
F0030169,walkout
F0030170,
F0030171,
F0030172,
F0030173,walkout
F0030174,walkout
F0030175,
F0030176,
F0030177,
F0030178,
F0030179,positive
F0030180,
F0030181,
F0030182,
F0030183,positive
F0030184,
F0030185,
F0030186,
F0030187,
F0030188,positive
F0030189,
F0030190,
F0030191,
F0030192,
F0030193,
F0030194,positive
F0030195,
F0030196,
F0030197,
F0030198,
F0030199,
F0030200,
F0030201,
F0030202,positive
F0030203,
F0030204,
F0030205,positive
F0030206,
F0030207,
F0030208,
F0030209,
F0030210,
F0030211,positive
F0030212,walkout
F0030213,walkout
F0030214,walkout
F0030215,walkout
F0030216,walkout
F0030217,
F0030218,positive
F0030219,
F0030220,
F0030221,positive
F0030222,positive
F0030223,
F0030224,
F0030225,
F0030226,positive
F0030227,
F0030228,
F0030229,
F0030230,
F0030231,
F0030232,
F0030233,
F0030234,
F0030235,
F0030236,
F0030237,
F0030238,
F0030239,long_wait
F0030240,
F0030241,
F0030242,
F0030243,
F0030244,
F0030245,long_wait
F0030246,walkout
F0030247,walkout
F0030248,
F0030249,
F0030250,walkout
F0030251,
F0030252,
F0030253,
F0030254,
F0030255,
F0030256,
F0030257,positive
F0030258,positive
F0030259,
F0030260,positive
F0030261,
F0030262,
F0030263,positive
F0030264,
F0030265,
F0030266,
F0030267,
F0030268,positive
F0030269,walkout
F0030270,
F0030271,
F0030272,
F0030273,
F0030274,
F0030275,
F0030276,
F0030277,
F0030278,
F0030279,
F0030280,
F0030281,
F0030282,
F0030283,
F0030284,
F0030285,
F0030286,
F0030287,
F0030288,
F0030289,positive
F0030290,positive
F0030291,
F0030292,
F0030293,
F0030294,
F0030295,
F0030296,
F0030297,
F0030298,positive
F0030299,
F0030300,
F0030301,
F0030302,walkout
F0030303,
F0030304,positive
F0030305,
F0030306,
F0030307,
F0030308,
F0030309,
F0030310,
F0030311,
F0030312,
F0030313,
F0030314,positive
F0030315,
F0030316,
F0030317,
F0030318,
F0030319,
F0030320,positive
F0030321,
F0030322,
F0030323,
F0030324,
F0030325,positive
F0030326,walkout
F0030327,
F0030328,
F0030329,
F0030330,
F0030331,
F0030332,positive
F0030333,
F0030334,
F0030335,positive
F0030336,
F0030337,positive
F0030338,
F0030339,
F0030340,
F0030341,
F0030342,
F0030343,positive
F0030344,
F0030345,
F0030346,
F0030347,
F0030348,
F0030349,positive
F0030350,
F0030351,
F0030352,
F0030353,positive
F0030354,
F0030355,
F0030356,
F0030357,
F0030358,
F0030359,
F0030360,
F0030361,
F0030362,
F0030363,positive
F0030364,
F0030365,
F0030366,
F0030367,
F0030368,positive
F0030369,
F0030370,
F0030371,
F0030372,
F0030373,
F0030374,
F0030375,lunch
F0030376,
F0030377,
F0030378,
F0030379,
F0030380,
F0030381,
F0030382,positive
F0030383,
F0030384,
F0030385,
F0030386,
F0030387,
F0030388,
F0030389,
F0030390,
F0030391,
F0030392,long_wait
F0030393,
F0030394,
F0030395,
F0030396,positive
F0030397,
F0030398,
F0030399,positive
F0030400,
F0030401,
F0030402,
F0030403,
F0030404,
F0030405,
F0030406,
F0030407,
F0030408,
F0030409,positive
F0030410,
F0030411,walkout
F0030412,
F0030413,
F0030414,
F0030415,
F0030416,
F0030417,
F0030418,
F0030419,
F0030420,walkout
F0030421,
F0030422,positive
F0030423,
F0030424,
F0030425,positive
F0030426,
F0030427,
F0030428,
F0030429,walkout
F0030430,
F0030431,
F0030432,
F0030433,
F0030434,
F0030435,positive
F0030436,walkout
F0030437,
F0030438,
F0030439,
F0030440,
F0030441,
F0030442,
F0030443,
F0030444,walkout
F0030445,walkout
F0030446,
F0030447,
F0030448,positive
F0030449,
F0030450,walkout
F0030451,
F0030452,
F0030453,
F0030454,
F0030455,
F0030456,
F0030457,
F0030458,
F0030459,
F0030460,positive
F0030461,
F0030462,
F0030463,
F0030464,
F0030465,
F0030466,
F0030467,positive
F0030468,
F0030469,walkout
F0030470,walkout
F0030471,
F0030472,
F0030473,
F0030474,positive
F0030475,
F0030476,
F0030477,positive
F0030478,
F0030479,
F0030480,positive
F0030481,
F0030482,positive
F0030483,
F0030484,
F0030485,
F0030486,
F0030487,
F0030488,
F0030489,
F0030490,positive
F0030491,
F0030492,
F0030493,
F0030494,positive
F0030495,
F0030496,
F0030497,
F0030498,
F0030499,
F0030500,
F0030501,
F0030502,positive
F0030503,
F0030504,
F0030505,
F0030506,positive
F0030507,
F0030508,positive
F0030509,
F0030510,
F0030511,
F0030512,
F0030513,
F0030514,
F0030515,
F0030516,
F0030517,
F0030518,
F0030519,
F0030520,
F0030521,
F0030522,
F0030523,
F0030524,
F0030525,
F0030526,
F0030527,
F0030528,
F0030529,positive
F0030530,
F0030531,positive
F0030532,documents
F0030533,
F0030534,slow_dd
F0030535,
F0030536,
F0030537,walkout
F0030538,
F0030539,positive
F0030540,
F0030541,
F0030542,
F0030543,
F0030544,
F0030545,
F0030546,
F0030547,
F0030548,positive
F0030549,
F0030550,
F0030551,
F0030552,
F0030553,
F0030554,positive
F0030555,positive
F0030556,positive
F0030557,
F0030558,positive
F0030559,
F0030560,
F0030561,
F0030562,
F0030563,
F0030564,
F0030565,
F0030566,
F0030567,
F0030568,
F0030569,
F0030570,
F0030571,
F0030572,
F0030573,
F0030574,positive
F0030575,walkout
F0030576,positive
F0030577,positive
F0030578,
F0030579,long_wait
F0030580,positive
F0030581,
F0030582,
F0030583,positive
F0030584,positive
F0030585,
F0030586,
F0030587,
F0030588,positive
F0030589,
F0030590,
F0030591,walkout
F0030592,
F0030593,
F0030594,
F0030595,positive
F0030596,
F0030597,
F0030598,
F0030599,
F0030600,
F0030601,
F0030602,
F0030603,positive
F0030604,
F0030605,
F0030606,
F0030607,
F0030608,
F0030609,positive
F0030610,
F0030611,
F0030612,
F0030613,
F0030614,
F0030615,positive
F0030616,positive
F0030617,
F0030618,
F0030619,
F0030620,
F0030621,walkout
F0030622,
F0030623,
F0030624,
F0030625,
F0030626,
F0030627,
F0030628,
F0030629,
F0030630,
F0030631,positive
F0030632,
F0030633,
F0030634,
F0030635,
F0030636,positive
F0030637,
F0030638,
F0030639,
F0030640,
F0030641,
F0030642,walkout
F0030643,
F0030644,
F0030645,walkout
F0030646,positive
F0030647,
F0030648,positive
F0030649,walkout
F0030650,lunch
F0030651,
F0030652,
F0030653,positive
F0030654,
F0030655,
F0030656,
F0030657,
F0030658,positive
F0030659,
F0030660,
F0030661,
F0030662,
F0030663,
F0030664,
F0030665,
F0030666,
F0030667,
F0030668,
F0030669,positive
F0030670,
F0030671,
F0030672,
F0030673,
F0030674,
F0030675,
F0030676,
F0030677,walkout
F0030678,
F0030679,walkout
F0030680,
F0030681,
F0030682,
F0030683,long_wait
F0030684,
F0030685,
F0030686,
F0030687,
F0030688,
F0030689,
F0030690,
F0030691,
F0030692,
F0030693,
F0030694,
F0030695,
F0030696,
F0030697,
F0030698,walkout
F0030699,walkout
F0030700,walkout
F0030701,
F0030702,
F0030703,
F0030704,
F0030705,
F0030706,
F0030707,
F0030708,
F0030709,
F0030710,walkout
F0030711,
F0030712,
F0030713,
F0030714,slow_dd
F0030715,
F0030716,
F0030717,
F0030718,
F0030719,
F0030720,
F0030721,
F0030722,
F0030723,
F0030724,
F0030725,
F0030726,
F0030727,
F0030728,
F0030729,walkout
F0030730,
F0030731,
F0030732,
F0030733,
F0030734,positive
F0030735,walkout
F0030736,
F0030737,
F0030738,
F0030739,positive
F0030740,
F0030741,
F0030742,
F0030743,
F0030744,positive
F0030745,
F0030746,
F0030747,
F0030748,
F0030749,
F0030750,
F0030751,
F0030752,
F0030753,
F0030754,
F0030755,
F0030756,positive
F0030757,positive
F0030758,
F0030759,positive
F0030760,
F0030761,
F0030762,
F0030763,
F0030764,
F0030765,walkout
F0030766,
F0030767,walkout
F0030768,
F0030769,walkout
F0030770,
F0030771,
F0030772,
F0030773,
F0030774,
F0030775,
F0030776,
F0030777,
F0030778,
F0030779,
F0030780,walkout
F0030781,
F0030782,
F0030783,
F0030784,
F0030785,
F0030786,long_wait
F0030787,
F0030788,
F0030789,
F0030790,
F0030791,
F0030792,
F0030793,positive
F0030794,
F0030795,
F0030796,
F0030797,
F0030798,
F0030799,lunch
F0030800,
F0030801,
F0030802,
F0030803,
F0030804,
F0030805,
F0030806,
F0030807,
F0030808,
F0030809,
F0030810,
F0030811,walkout
F0030812,
F0030813,
F0030814,
F0030815,
F0030816,positive
F0030817,
F0030818,walkout
F0030819,
F0030820,
F0030821,walkout
F0030822,
F0030823,walkout
F0030824,positive
F0030825,
F0030826,documents
F0030827,walkout
F0030828,
F0030829,
F0030830,
F0030831,
F0030832,
F0030833,
F0030834,
F0030835,
F0030836,
F0030837,
F0030838,
F0030839,
F0030840,
F0030841,long_wait
F0030842,
F0030843,walkout
F0030844,
F0030845,
F0030846,
F0030847,
F0030848,walkout
F0030849,
F0030850,walkout
F0030851,
F0030852,long_wait
F0030853,
F0030854,
F0030855,
F0030856,
F0030857,
F0030858,
F0030859,positive
F0030860,
F0030861,positive
F0030862,
F0030863,
F0030864,
F0030865,
F0030866,
F0030867,
F0030868,
F0030869,
F0030870,
F0030871,
F0030872,
F0030873,
F0030874,
F0030875,
F0030876,
F0030877,
F0030878,positive
F0030879,
F0030880,positive
F0030881,
F0030882,
F0030883,
F0030884,
F0030885,
F0030886,
F0030887,
F0030888,long_wait
F0030889,
F0030890,
F0030891,
F0030892,walkout
F0030893,walkout
F0030894,walkout
F0030895,
F0030896,
F0030897,
F0030898,
F0030899,
F0030900,
F0030901,walkout
F0030902,
F0030903,
F0030904,
F0030905,
F0030906,
F0030907,
F0030908,
F0030909,
F0030910,
F0030911,walkout
F0030912,walkout
F0030913,walkout
F0030914,
F0030915,walkout
F0030916,walkout
F0030917,
F0030918,walkout
F0030919,
F0030920,walkout
F0030921,walkout
F0030922,walkout
F0030923,
F0030924,walkout
F0030925,
F0030926,
F0030927,
F0030928,
F0030929,
F0030930,walkout
F0030931,walkout
F0030932,long_wait
F0030933,
F0030934,
F0030935,walkout
F0030936,
F0030937,walkout
F0030938,
F0030939,walkout
F0030940,
F0030941,
F0030942,long_wait
F0030943,walkout
F0030944,
F0030945,walkout
F0030946,walkout
F0030947,walkout
F0030948,
F0030949,
F0030950,
F0030951,
F0030952,
F0030953,walkout
F0030954,
F0030955,
F0030956,
F0030957,
F0030958,walkout
F0030959,walkout
F0030960,
F0030961,
F0030962,
F0030963,walkout
F0030964,
F0030965,walkout
F0030966,
F0030967,walkout
F0030968,walkout
F0030969,walkout
F0030970,walkout
F0030971,
F0030972,
F0030973,walkout
F0030974,
F0030975,
F0030976,walkout
F0030977,
F0030978,
F0030979,
F0030980,walkout
F0030981,
F0030982,
F0030983,
F0030984,
F0030985,seating
F0030986,
F0030987,
F0030988,walkout
F0030989,walkout
F0030990,walkout
F0030991,
F0030992,
F0030993,
F0030994,walkout
F0030995,walkout
F0030996,walkout
F0030997,walkout
F0030998,walkout
F0030999,
F0031000,walkout
F0031001,walkout
F0031002,
F0031003,
F0031004,
F0031005,
F0031006,walkout
F0031007,
F0031008,
F0031009,positive
F0031010,
F0031011,
F0031012,walkout
F0031013,slow_dd
F0031014,
F0031015,
F0031016,
F0031017,walkout
F0031018,
F0031019,walkout
F0031020,walkout
F0031021,walkout
F0031022,
F0031023,
F0031024,walkout
F0031025,
F0031026,
F0031027,
F0031028,
F0031029,
F0031030,
F0031031,walkout
F0031032,
F0031033,walkout
F0031034,long_wait
F0031035,
F0031036,walkout
F0031037,
F0031038,walkout
F0031039,
F0031040,walkout
F0031041,
F0031042,walkout
F0031043,walkout
F0031044,
F0031045,
F0031046,walkout
F0031047,walkout
F0031048,walkout
F0031049,
F0031050,walkout
F0031051,
F0031052,
F0031053,long_wait
F0031054,
F0031055,
F0031056,walkout
F0031057,walkout
F0031058,walkout
F0031059,
F0031060,
F0031061,
F0031062,
F0031063,
F0031064,walkout
F0031065,
F0031066,
F0031067,
F0031068,
F0031069,
F0031070,walkout
F0031071,
F0031072,
F0031073,lunch
F0031074,
F0031075,
F0031076,
F0031077,
F0031078,
F0031079,
F0031080,walkout
F0031081,walkout
F0031082,
F0031083,
F0031084,
F0031085,walkout
F0031086,lunch
F0031087,
F0031088,
F0031089,walkout
F0031090,
F0031091,
F0031092,walkout
F0031093,
F0031094,walkout
F0031095,
F0031096,
F0031097,
F0031098,
F0031099,
F0031100,
F0031101,
F0031102,walkout
F0031103,
F0031104,positive
F0031105,
F0031106,walkout
F0031107,
F0031108,
F0031109,
F0031110,walkout
F0031111,seating
F0031112,
F0031113,
F0031114,walkout
F0031115,
F0031116,
F0031117,
F0031118,
F0031119,positive
F0031120,
F0031121,
F0031122,
F0031123,positive
F0031124,
F0031125,
F0031126,walkout
F0031127,
F0031128,
F0031129,
F0031130,walkout
F0031131,
F0031132,
F0031133,
F0031134,
F0031135,walkout
F0031136,walkout
F0031137,
F0031138,
F0031139,
F0031140,
F0031141,
F0031142,
F0031143,
F0031144,
F0031145,
F0031146,positive
F0031147,
F0031148,
F0031149,
F0031150,long_wait
F0031151,
F0031152,
F0031153,
F0031154,
F0031155,
F0031156,
F0031157,
F0031158,
F0031159,
F0031160,
F0031161,
F0031162,long_wait
F0031163,walkout
F0031164,
F0031165,long_wait
F0031166,positive
F0031167,
F0031168,
F0031169,
F0031170,
F0031171,
F0031172,
F0031173,
F0031174,walkout
F0031175,
F0031176,
F0031177,
F0031178,positive
F0031179,
F0031180,
F0031181,
F0031182,positive
F0031183,
F0031184,
F0031185,
F0031186,
F0031187,
F0031188,
F0031189,
F0031190,
F0031191,long_wait
F0031192,
F0031193,
F0031194,
F0031195,walkout
F0031196,walkout
F0031197,walkout
F0031198,
F0031199,
F0031200,walkout
F0031201,walkout
F0031202,
F0031203,
F0031204,walkout
F0031205,
F0031206,
F0031207,walkout
F0031208,
F0031209,
F0031210,seating
F0031211,long_wait
F0031212,walkout
F0031213,walkout
F0031214,walkout
F0031215,
F0031216,walkout
F0031217,
F0031218,long_wait
F0031219,
F0031220,walkout
F0031221,
F0031222,walkout
F0031223,
F0031224,positive
F0031225,walkout
F0031226,
F0031227,
F0031228,
F0031229,
F0031230,
F0031231,
F0031232,walkout
F0031233,seating
F0031234,
F0031235,walkout
F0031236,
F0031237,
F0031238,
F0031239,
F0031240,walkout
F0031241,walkout
F0031242,
F0031243,walkout
F0031244,
F0031245,walkout
F0031246,
F0031247,walkout
F0031248,
F0031249,
F0031250,walkout
F0031251,walkout
F0031252,
F0031253,walkout
F0031254,
F0031255,
F0031256,
F0031257,walkout
F0031258,walkout
F0031259,
F0031260,
F0031261,walkout
F0031262,
F0031263,walkout
F0031264,
F0031265,walkout
F0031266,walkout
F0031267,
F0031268,
F0031269,
F0031270,walkout
F0031271,
F0031272,
F0031273,walkout
F0031274,
F0031275,
F0031276,
F0031277,
F0031278,walkout
F0031279,
F0031280,walkout
F0031281,
F0031282,
F0031283,
F0031284,
F0031285,
F0031286,
F0031287,walkout
F0031288,
F0031289,walkout
F0031290,walkout
F0031291,
F0031292,walkout
F0031293,
F0031294,
F0031295,walkout
F0031296,walkout
F0031297,
F0031298,
F0031299,walkout
F0031300,
F0031301,
F0031302,walkout
F0031303,
F0031304,walkout
F0031305,walkout
F0031306,
F0031307,walkout
F0031308,
F0031309,walkout
F0031310,
F0031311,lunch
F0031312,
F0031313,
F0031314,
F0031315,
F0031316,walkout
F0031317,
F0031318,
F0031319,
F0031320,
F0031321,walkout
F0031322,
F0031323,
F0031324,walkout
F0031325,walkout
F0031326,
F0031327,walkout
F0031328,walkout
F0031329,
F0031330,seating
F0031331,walkout
F0031332,
F0031333,
F0031334,
F0031335,
F0031336,
F0031337,
F0031338,
F0031339,
F0031340,long_wait
F0031341,
F0031342,
F0031343,
F0031344,walkout
F0031345,
F0031346,walkout
F0031347,walkout
F0031348,
F0031349,walkout
F0031350,
F0031351,long_wait
F0031352,
F0031353,
F0031354,
F0031355,long_wait
F0031356,long_wait
F0031357,
F0031358,positive
F0031359,
F0031360,
F0031361,walkout
F0031362,
F0031363,
F0031364,long_wait
F0031365,walkout
F0031366,long_wait
F0031367,walkout
F0031368,walkout
F0031369,
F0031370,walkout
F0031371,
F0031372,
F0031373,
F0031374,
F0031375,
F0031376,
F0031377,walkout
F0031378,
F0031379,
F0031380,walkout
F0031381,
F0031382,walkout
F0031383,positive
F0031384,walkout
F0031385,
F0031386,
F0031387,
F0031388,
F0031389,
F0031390,walkout
F0031391,walkout
F0031392,
F0031393,
F0031394,
F0031395,lunch
F0031396,seating
F0031397,
F0031398,
F0031399,
F0031400,
F0031401,
F0031402,
F0031403,
F0031404,walkout
F0031405,walkout
F0031406,
F0031407,
F0031408,positive
F0031409,
F0031410,
F0031411,
F0031412,walkout
F0031413,
F0031414,walkout
F0031415,
F0031416,
F0031417,walkout
F0031418,walkout
F0031419,
F0031420,walkout
F0031421,walkout
F0031422,
F0031423,walkout
F0031424,seating
F0031425,walkout
F0031426,
F0031427,
F0031428,walkout
F0031429,walkout
F0031430,walkout
F0031431,walkout
F0031432,
F0031433,
F0031434,long_wait
F0031435,walkout
F0031436,
F0031437,walkout
F0031438,
F0031439,walkout
F0031440,walkout
F0031441,walkout
F0031442,
F0031443,walkout
F0031444,
F0031445,
F0031446,
F0031447,walkout
F0031448,
F0031449,
F0031450,
F0031451,
F0031452,
F0031453,
F0031454,walkout
F0031455,walkout
F0031456,walkout
F0031457,walkout
F0031458,walkout
F0031459,
F0031460,
F0031461,
F0031462,
F0031463,walkout
F0031464,
F0031465,
F0031466,
F0031467,walkout
F0031468,
F0031469,long_wait
F0031470,
F0031471,
F0031472,
F0031473,walkout
F0031474,
F0031475,
F0031476,walkout
F0031477,
F0031478,walkout
F0031479,
F0031480,walkout
F0031481,walkout
F0031482,
F0031483,
F0031484,
F0031485,
F0031486,
F0031487,
F0031488,walkout
F0031489,long_wait
F0031490,
F0031491,long_wait
F0031492,
F0031493,walkout
F0031494,positive
F0031495,positive
F0031496,
F0031497,
F0031498,positive
F0031499,
F0031500,positive
F0031501,
F0031502,
F0031503,walkout
F0031504,
F0031505,
F0031506,walkout
F0031507,
F0031508,walkout
F0031509,
F0031510,
F0031511,
F0031512,
F0031513,
F0031514,long_wait
F0031515,documents
F0031516,walkout
F0031517,walkout
F0031518,
F0031519,
F0031520,positive
F0031521,
F0031522,walkout
F0031523,
F0031524,positive
F0031525,
F0031526,
F0031527,
F0031528,
F0031529,walkout
F0031530,
F0031531,walkout
F0031532,
F0031533,
F0031534,
F0031535,
F0031536,seating
F0031537,
F0031538,
F0031539,
F0031540,positive
F0031541,walkout
F0031542,
F0031543,seating
F0031544,
F0031545,long_wait
F0031546,walkout
F0031547,
F0031548,walkout
F0031549,positive
F0031550,
F0031551,
F0031552,
F0031553,
F0031554,
F0031555,walkout
F0031556,
F0031557,walkout
F0031558,
F0031559,
F0031560,
F0031561,
F0031562,walkout
F0031563,
F0031564,
F0031565,
F0031566,
F0031567,walkout
F0031568,
F0031569,
F0031570,
F0031571,
F0031572,walkout
F0031573,walkout
F0031574,
F0031575,
F0031576,
F0031577,
F0031578,walkout
F0031579,
F0031580,
F0031581,
F0031582,walkout
F0031583,
F0031584,
F0031585,
F0031586,
F0031587,
F0031588,
F0031589,
F0031590,
F0031591,
F0031592,
F0031593,
F0031594,
F0031595,
F0031596,
F0031597,
F0031598,positive
F0031599,
F0031600,
F0031601,
F0031602,
F0031603,
F0031604,
F0031605,
F0031606,positive
F0031607,
F0031608,
F0031609,
F0031610,positive
F0031611,
F0031612,
F0031613,
F0031614,
F0031615,
F0031616,long_wait
F0031617,positive
F0031618,
F0031619,
F0031620,
F0031621,
F0031622,positive
F0031623,
F0031624,
F0031625,
F0031626,long_wait
F0031627,
F0031628,
F0031629,
F0031630,
F0031631,
F0031632,walkout
F0031633,
F0031634,
F0031635,walkout
F0031636,
F0031637,documents
F0031638,
F0031639,
F0031640,
F0031641,positive
F0031642,
F0031643,
F0031644,
F0031645,
F0031646,
F0031647,
F0031648,
F0031649,
F0031650,
F0031651,
F0031652,
F0031653,
F0031654,
F0031655,walkout
F0031656,
F0031657,walkout
F0031658,walkout
F0031659,
F0031660,
F0031661,
F0031662,
F0031663,walkout
F0031664,
F0031665,long_wait
F0031666,
F0031667,
F0031668,
F0031669,
F0031670,
F0031671,walkout
F0031672,
F0031673,
F0031674,
F0031675,
F0031676,
F0031677,
F0031678,positive
F0031679,walkout
F0031680,walkout
F0031681,walkout
F0031682,walkout
F0031683,
F0031684,walkout
F0031685,positive
F0031686,
F0031687,positive
F0031688,
F0031689,positive
F0031690,
F0031691,seating
F0031692,walkout
F0031693,walkout
F0031694,
F0031695,
F0031696,
F0031697,walkout
F0031698,
F0031699,walkout
F0031700,walkout
F0031701,
F0031702,
F0031703,
F0031704,long_wait
F0031705,walkout
F0031706,
F0031707,
F0031708,seating
F0031709,
F0031710,
F0031711,
F0031712,
F0031713,walkout
F0031714,
F0031715,walkout
F0031716,
F0031717,
F0031718,
F0031719,walkout
F0031720,
F0031721,walkout
F0031722,positive
F0031723,walkout
F0031724,walkout
F0031725,
F0031726,
F0031727,
F0031728,walkout
F0031729,walkout
F0031730,
F0031731,
F0031732,walkout
F0031733,
F0031734,walkout
F0031735,walkout
F0031736,positive
F0031737,
F0031738,
F0031739,
F0031740,walkout
F0031741,
F0031742,walkout
F0031743,
F0031744,positive
F0031745,
F0031746,walkout
F0031747,
F0031748,walkout
F0031749,
F0031750,
F0031751,walkout
F0031752,
F0031753,
F0031754,walkout
F0031755,walkout
F0031756,
F0031757,
F0031758,walkout
F0031759,
F0031760,walkout
F0031761,
F0031762,long_wait
F0031763,
F0031764,
F0031765,
F0031766,
F0031767,
F0031768,
F0031769,positive
F0031770,walkout
F0031771,
F0031772,
F0031773,
F0031774,
F0031775,
F0031776,
F0031777,
F0031778,positive
F0031779,
F0031780,
F0031781,walkout
F0031782,
F0031783,
F0031784,positive
F0031785,
F0031786,
F0031787,
F0031788,
F0031789,
F0031790,
F0031791,
F0031792,
F0031793,
F0031794,
F0031795,
F0031796,walkout
F0031797,walkout
F0031798,walkout
F0031799,
F0031800,walkout
F0031801,walkout
F0031802,
F0031803,
F0031804,walkout
F0031805,walkout
F0031806,walkout
F0031807,walkout
F0031808,walkout
F0031809,
F0031810,walkout
F0031811,walkout
F0031812,
F0031813,
F0031814,walkout
F0031815,
F0031816,long_wait
F0031817,walkout
F0031818,walkout
F0031819,
F0031820,
F0031821,
F0031822,
F0031823,walkout
F0031824,
F0031825,
F0031826,
F0031827,long_wait
F0031828,walkout
F0031829,
F0031830,positive
F0031831,
F0031832,
F0031833,
F0031834,walkout
F0031835,walkout
F0031836,walkout
F0031837,
F0031838,walkout
F0031839,
F0031840,walkout
F0031841,
F0031842,
F0031843,
F0031844,documents
F0031845,
F0031846,
F0031847,
F0031848,
F0031849,walkout
F0031850,
F0031851,
F0031852,long_wait
F0031853,
F0031854,walkout
F0031855,
F0031856,
F0031857,
F0031858,walkout
F0031859,walkout
F0031860,
F0031861,
F0031862,walkout
F0031863,walkout
F0031864,
F0031865,walkout
F0031866,walkout
F0031867,
F0031868,walkout
F0031869,
F0031870,
F0031871,
F0031872,positive
F0031873,long_wait
F0031874,documents
F0031875,
F0031876,
F0031877,
F0031878,
F0031879,long_wait
F0031880,
F0031881,
F0031882,
F0031883,
F0031884,
F0031885,
F0031886,
F0031887,
F0031888,
F0031889,
F0031890,
F0031891,walkout
F0031892,
F0031893,
F0031894,walkout
F0031895,
F0031896,
F0031897,walkout
F0031898,
F0031899,
F0031900,
F0031901,
F0031902,positive
F0031903,
F0031904,
F0031905,
F0031906,positive
F0031907,
F0031908,
F0031909,
F0031910,
F0031911,
F0031912,positive
F0031913,
F0031914,
F0031915,
F0031916,
F0031917,
F0031918,positive
F0031919,positive
F0031920,
F0031921,
F0031922,
F0031923,
F0031924,
F0031925,positive
F0031926,
F0031927,
F0031928,
F0031929,
F0031930,
F0031931,positive
F0031932,
F0031933,
F0031934,positive
F0031935,positive
F0031936,
F0031937,
F0031938,walkout
F0031939,
F0031940,
F0031941,
F0031942,walkout
F0031943,
F0031944,walkout
F0031945,
F0031946,walkout
F0031947,walkout
F0031948,
F0031949,
F0031950,
F0031951,walkout
F0031952,walkout
F0031953,
F0031954,
F0031955,walkout
F0031956,walkout
F0031957,
F0031958,long_wait
F0031959,
F0031960,
F0031961,
F0031962,
F0031963,walkout
F0031964,walkout
F0031965,
F0031966,walkout
F0031967,
F0031968,
F0031969,walkout
F0031970,
F0031971,
F0031972,
F0031973,walkout
F0031974,
F0031975,walkout
F0031976,walkout
F0031977,walkout
F0031978,walkout
F0031979,walkout
F0031980,
F0031981,
F0031982,walkout
F0031983,
F0031984,long_wait
F0031985,walkout
F0031986,
F0031987,
F0031988,
F0031989,walkout
F0031990,positive
F0031991,
F0031992,walkout
F0031993,walkout
F0031994,
F0031995,
F0031996,walkout
F0031997,walkout
F0031998,
F0031999,
F0032000,walkout
F0032001,
F0032002,
F0032003,
F0032004,walkout
F0032005,
F0032006,
F0032007,
F0032008,
F0032009,
F0032010,positive
F0032011,walkout
F0032012,
F0032013,
F0032014,
F0032015,
F0032016,
F0032017,
F0032018,
F0032019,
F0032020,
F0032021,
F0032022,walkout
F0032023,
F0032024,
F0032025,
F0032026,
F0032027,
F0032028,
F0032029,
F0032030,long_wait
F0032031,positive
F0032032,
F0032033,positive
F0032034,positive
F0032035,
F0032036,
F0032037,walkout
F0032038,
F0032039,
F0032040,positive
F0032041,
F0032042,
F0032043,
F0032044,
F0032045,
F0032046,
F0032047,
F0032048,
F0032049,
F0032050,
F0032051,
F0032052,
F0032053,
F0032054,
F0032055,
F0032056,
F0032057,
F0032058,
F0032059,
F0032060,
F0032061,
F0032062,
F0032063,
F0032064,
F0032065,walkout
F0032066,
F0032067,positive
F0032068,
F0032069,positive
F0032070,
F0032071,
F0032072,
F0032073,
F0032074,
F0032075,
F0032076,
F0032077,
F0032078,
F0032079,
F0032080,
F0032081,
F0032082,
F0032083,
F0032084,
F0032085,
F0032086,positive
F0032087,
F0032088,
F0032089,seating
F0032090,walkout
F0032091,
F0032092,positive
F0032093,walkout
F0032094,
F0032095,
F0032096,walkout
F0032097,
F0032098,positive
F0032099,
F0032100,
F0032101,
F0032102,
F0032103,
F0032104,
F0032105,long_wait
F0032106,
F0032107,
F0032108,
F0032109,
F0032110,
F0032111,
F0032112,walkout
F0032113,walkout
F0032114,long_wait
F0032115,
F0032116,
F0032117,
F0032118,
F0032119,
F0032120,
F0032121,
F0032122,walkout
F0032123,
F0032124,
F0032125,
F0032126,positive
F0032127,
F0032128,
F0032129,
F0032130,
F0032131,
F0032132,
F0032133,positive
F0032134,
F0032135,
F0032136,
F0032137,
F0032138,
F0032139,
F0032140,positive
F0032141,
F0032142,positive
F0032143,
F0032144,positive
F0032145,
F0032146,
F0032147,positive
F0032148,
F0032149,
F0032150,
F0032151,positive
F0032152,
F0032153,positive
F0032154,
F0032155,
F0032156,
F0032157,
F0032158,
F0032159,walkout
F0032160,
F0032161,
F0032162,
F0032163,
F0032164,
F0032165,
F0032166,
F0032167,long_wait
F0032168,
F0032169,
F0032170,
F0032171,
F0032172,positive
F0032173,
F0032174,walkout
F0032175,
F0032176,
F0032177,
F0032178,
F0032179,
F0032180,
F0032181,positive
F0032182,positive
F0032183,
F0032184,
F0032185,
F0032186,
F0032187,
F0032188,
F0032189,
F0032190,
F0032191,
F0032192,
F0032193,
F0032194,
F0032195,
F0032196,
F0032197,
F0032198,
F0032199,positive
F0032200,
F0032201,
F0032202,
F0032203,
F0032204,
F0032205,
F0032206,
F0032207,
F0032208,
F0032209,
F0032210,
F0032211,
F0032212,
F0032213,positive
F0032214,
F0032215,
F0032216,
F0032217,
F0032218,
F0032219,
F0032220,
F0032221,
F0032222,
F0032223,
F0032224,walkout
F0032225,
F0032226,
F0032227,walkout
F0032228,
F0032229,
F0032230,
F0032231,
F0032232,
F0032233,walkout
F0032234,
F0032235,
F0032236,walkout
F0032237,
F0032238,
F0032239,
F0032240,walkout
F0032241,walkout
F0032242,
F0032243,
F0032244,
F0032245,
F0032246,
F0032247,documents
F0032248,
F0032249,positive
F0032250,
F0032251,
F0032252,
F0032253,walkout
F0032254,
F0032255,
F0032256,
F0032257,
F0032258,
F0032259,
F0032260,
F0032261,
F0032262,
F0032263,
F0032264,
F0032265,
F0032266,
F0032267,
F0032268,
F0032269,positive
F0032270,
F0032271,
F0032272,
F0032273,
F0032274,positive
F0032275,
F0032276,
F0032277,
F0032278,
F0032279,positive
F0032280,
F0032281,
F0032282,
F0032283,
F0032284,
F0032285,
F0032286,
F0032287,
F0032288,
F0032289,walkout
F0032290,
F0032291,
F0032292,
F0032293,positive
F0032294,
F0032295,
F0032296,
F0032297,documents
F0032298,walkout
F0032299,
F0032300,
F0032301,
F0032302,
F0032303,
F0032304,
F0032305,
F0032306,walkout
F0032307,
F0032308,
F0032309,
F0032310,
F0032311,
F0032312,
F0032313,
F0032314,
F0032315,
F0032316,walkout
F0032317,
F0032318,
F0032319,
F0032320,walkout
F0032321,
F0032322,seating
F0032323,positive
F0032324,walkout
F0032325,
F0032326,
F0032327,walkout
F0032328,positive
F0032329,
F0032330,walkout
F0032331,
F0032332,
F0032333,long_wait
F0032334,positive
F0032335,
F0032336,
F0032337,
F0032338,
F0032339,
F0032340,
F0032341,
F0032342,
F0032343,
F0032344,
F0032345,
F0032346,
F0032347,
F0032348,
F0032349,walkout
F0032350,
F0032351,
F0032352,
F0032353,walkout
F0032354,
F0032355,
F0032356,
F0032357,
F0032358,
F0032359,walkout
F0032360,
F0032361,walkout
F0032362,
F0032363,
F0032364,
F0032365,
F0032366,walkout
F0032367,
F0032368,lunch
F0032369,
F0032370,positive
F0032371,
F0032372,
F0032373,
F0032374,positive
F0032375,positive
F0032376,
F0032377,
F0032378,
F0032379,positive
F0032380,
F0032381,positive
F0032382,positive
F0032383,positive
F0032384,
F0032385,positive
F0032386,
F0032387,
F0032388,
F0032389,
F0032390,
F0032391,
F0032392,
F0032393,positive
F0032394,
F0032395,
F0032396,walkout
F0032397,positive
F0032398,
F0032399,positive
F0032400,
F0032401,
F0032402,
F0032403,
F0032404,walkout
F0032405,
F0032406,
F0032407,
F0032408,
F0032409,positive
F0032410,
F0032411,
F0032412,positive
F0032413,
F0032414,
F0032415,walkout
F0032416,
F0032417,
F0032418,
F0032419,
F0032420,positive
F0032421,
F0032422,
F0032423,walkout
F0032424,
F0032425,
F0032426,
F0032427,
F0032428,
F0032429,
F0032430,
F0032431,
F0032432,
F0032433,
F0032434,
F0032435,
F0032436,
F0032437,
F0032438,
F0032439,
F0032440,
F0032441,
F0032442,
F0032443,
F0032444,walkout
F0032445,positive
F0032446,
F0032447,
F0032448,
F0032449,
F0032450,
F0032451,
F0032452,
F0032453,
F0032454,
F0032455,
F0032456,walkout
F0032457,
F0032458,
F0032459,
F0032460,
F0032461,long_wait
F0032462,
F0032463,
F0032464,
F0032465,
F0032466,
F0032467,walkout
F0032468,
F0032469,
F0032470,
F0032471,
F0032472,walkout
F0032473,walkout
F0032474,
F0032475,
F0032476,walkout
F0032477,positive
F0032478,
F0032479,
F0032480,
F0032481,
F0032482,long_wait
F0032483,walkout
F0032484,
F0032485,
F0032486,
F0032487,
F0032488,
F0032489,
F0032490,
F0032491,
F0032492,
F0032493,
F0032494,
F0032495,
F0032496,
F0032497,
F0032498,positive
F0032499,
F0032500,
F0032501,
F0032502,positive
F0032503,positive
F0032504,long_wait
F0032505,
F0032506,
F0032507,
F0032508,
F0032509,
F0032510,
F0032511,
F0032512,walkout
F0032513,
F0032514,
F0032515,
F0032516,positive
F0032517,
F0032518,walkout
F0032519,
F0032520,
F0032521,
F0032522,walkout
F0032523,
F0032524,walkout
F0032525,positive
F0032526,
F0032527,
F0032528,
F0032529,positive
F0032530,
F0032531,
F0032532,
F0032533,
F0032534,
F0032535,
F0032536,
F0032537,
F0032538,
F0032539,positive
F0032540,
F0032541,
F0032542,walkout
F0032543,walkout
F0032544,positive
F0032545,positive
F0032546,
F0032547,
F0032548,positive
F0032549,
F0032550,
F0032551,
F0032552,
F0032553,
F0032554,
F0032555,
F0032556,walkout
F0032557,
F0032558,walkout
F0032559,
F0032560,positive
F0032561,
F0032562,
F0032563,
F0032564,
F0032565,
F0032566,
F0032567,walkout
F0032568,walkout
F0032569,
F0032570,walkout
F0032571,
F0032572,
F0032573,positive
F0032574,
F0032575,
F0032576,
F0032577,
F0032578,
F0032579,long_wait
F0032580,
F0032581,
F0032582,
F0032583,
F0032584,walkout
F0032585,
F0032586,
F0032587,positive
F0032588,
F0032589,positive
F0032590,
F0032591,
F0032592,
F0032593,
F0032594,
F0032595,
F0032596,positive
F0032597,
F0032598,positive
F0032599,
F0032600,walkout
F0032601,walkout
F0032602,walkout
F0032603,
F0032604,walkout
F0032605,
F0032606,
F0032607,
F0032608,
F0032609,walkout
F0032610,long_wait
F0032611,positive
F0032612,walkout
F0032613,
F0032614,
F0032615,walkout
F0032616,positive
F0032617,seating
F0032618,
F0032619,seating
F0032620,walkout
F0032621,walkout
F0032622,walkout
F0032623,
F0032624,seating
F0032625,
F0032626,walkout
F0032627,walkout
F0032628,walkout
F0032629,
F0032630,
F0032631,
F0032632,
F0032633,walkout
F0032634,
F0032635,walkout
F0032636,
F0032637,walkout
F0032638,
F0032639,positive
F0032640,
F0032641,walkout
F0032642,
F0032643,
F0032644,walkout
F0032645,
F0032646,
F0032647,positive
F0032648,walkout
F0032649,
F0032650,
F0032651,
F0032652,
F0032653,
F0032654,
F0032655,
F0032656,
F0032657,walkout
F0032658,
F0032659,
F0032660,
F0032661,
F0032662,
F0032663,
F0032664,
F0032665,walkout
F0032666,
F0032667,
F0032668,
F0032669,
F0032670,
F0032671,
F0032672,
F0032673,seating
F0032674,
F0032675,
F0032676,walkout
F0032677,walkout
F0032678,
F0032679,
F0032680,
F0032681,
F0032682,
F0032683,positive
F0032684,
F0032685,
F0032686,
F0032687,
F0032688,
F0032689,
F0032690,
F0032691,positive
F0032692,
F0032693,positive
F0032694,
F0032695,positive
F0032696,
F0032697,
F0032698,
F0032699,
F0032700,
F0032701,positive
F0032702,
F0032703,
F0032704,
F0032705,
F0032706,
F0032707,lunch
F0032708,
F0032709,positive
F0032710,walkout
F0032711,
F0032712,
F0032713,
F0032714,positive
F0032715,
F0032716,
F0032717,
F0032718,
F0032719,
F0032720,
F0032721,
F0032722,
F0032723,
F0032724,positive
F0032725,
F0032726,
F0032727,
F0032728,
F0032729,walkout
F0032730,
F0032731,long_wait
F0032732,staff
F0032733,
F0032734,
F0032735,
F0032736,
F0032737,
F0032738,
F0032739,walkout
F0032740,
F0032741,
F0032742,
F0032743,
F0032744,
F0032745,
F0032746,
F0032747,
F0032748,
F0032749,
F0032750,walkout
F0032751,
F0032752,
F0032753,slow_dd
F0032754,
F0032755,walkout
F0032756,
F0032757,walkout
F0032758,
F0032759,walkout
F0032760,
F0032761,walkout
F0032762,
F0032763,
F0032764,
F0032765,walkout
F0032766,
F0032767,walkout
F0032768,
F0032769,
F0032770,
F0032771,
F0032772,walkout
F0032773,long_wait
F0032774,
F0032775,positive
F0032776,positive
F0032777,
F0032778,walkout
F0032779,
F0032780,
F0032781,walkout
F0032782,
F0032783,
F0032784,
F0032785,seating
F0032786,positive
F0032787,
F0032788,
F0032789,
F0032790,
F0032791,
F0032792,
F0032793,
F0032794,
F0032795,
F0032796,
F0032797,walkout
F0032798,
F0032799,walkout
F0032800,
F0032801,
F0032802,
F0032803,
F0032804,walkout
F0032805,
F0032806,
F0032807,
F0032808,
F0032809,positive
F0032810,
F0032811,positive
F0032812,
F0032813,
F0032814,
F0032815,
F0032816,walkout
F0032817,
F0032818,
F0032819,
F0032820,long_wait
F0032821,walkout
F0032822,
F0032823,
F0032824,
F0032825,
F0032826,
F0032827,
F0032828,walkout
F0032829,
F0032830,
F0032831,
F0032832,
F0032833,
F0032834,
F0032835,
F0032836,
F0032837,
F0032838,walkout
F0032839,walkout
F0032840,
F0032841,
F0032842,long_wait
F0032843,
F0032844,walkout
F0032845,
F0032846,walkout
F0032847,
F0032848,
F0032849,
F0032850,
F0032851,
F0032852,
F0032853,
F0032854,
F0032855,
F0032856,
F0032857,
F0032858,
F0032859,walkout
F0032860,
F0032861,
F0032862,
F0032863,walkout
F0032864,seating
F0032865,walkout
F0032866,walkout
F0032867,walkout
F0032868,walkout
F0032869,
F0032870,
F0032871,
F0032872,walkout
F0032873,
F0032874,
F0032875,walkout
F0032876,positive
F0032877,
F0032878,
F0032879,walkout
F0032880,
F0032881,
F0032882,
F0032883,positive
F0032884,
F0032885,
F0032886,
F0032887,
F0032888,
F0032889,positive
F0032890,
F0032891,
F0032892,
F0032893,
F0032894,
F0032895,
F0032896,
F0032897,
F0032898,
F0032899,
F0032900,
F0032901,
F0032902,
F0032903,
F0032904,
F0032905,
F0032906,walkout
F0032907,walkout
F0032908,
F0032909,
F0032910,
F0032911,positive
F0032912,
F0032913,positive
F0032914,
F0032915,
F0032916,walkout
F0032917,long_wait
F0032918,
F0032919,walkout
F0032920,
F0032921,walkout
F0032922,
F0032923,walkout
F0032924,positive
F0032925,
F0032926,positive
F0032927,
F0032928,
F0032929,
F0032930,positive
F0032931,
F0032932,
F0032933,
F0032934,
F0032935,
F0032936,
F0032937,
F0032938,positive
F0032939,
F0032940,
F0032941,
F0032942,
F0032943,
F0032944,
F0032945,
F0032946,
F0032947,
F0032948,
F0032949,
F0032950,walkout
F0032951,
F0032952,walkout
F0032953,
F0032954,long_wait
F0032955,
F0032956,long_wait
F0032957,positive
F0032958,
F0032959,
F0032960,
F0032961,
F0032962,positive
F0032963,
F0032964,positive
F0032965,
F0032966,
F0032967,positive
F0032968,
F0032969,
F0032970,
F0032971,
F0032972,
F0032973,
F0032974,
F0032975,walkout
F0032976,
F0032977,
F0032978,
F0032979,
F0032980,walkout
F0032981,walkout
F0032982,
F0032983,
F0032984,
F0032985,walkout
F0032986,
F0032987,
F0032988,long_wait
F0032989,long_wait
F0032990,
F0032991,
F0032992,
F0032993,
F0032994,
F0032995,
F0032996,
F0032997,
F0032998,walkout
F0032999,positive
F0033000,
F0033001,walkout
F0033002,walkout
F0033003,walkout
F0033004,
F0033005,
F0033006,
F0033007,
F0033008,
F0033009,walkout
F0033010,
F0033011,
F0033012,
F0033013,documents
F0033014,
F0033015,long_wait
F0033016,walkout
F0033017,
F0033018,walkout
F0033019,
F0033020,
F0033021,
F0033022,positive
F0033023,walkout
F0033024,
F0033025,
F0033026,
F0033027,
F0033028,walkout
F0033029,
F0033030,
F0033031,
F0033032,
F0033033,positive
F0033034,
F0033035,
F0033036,
F0033037,
F0033038,
F0033039,
F0033040,
F0033041,
F0033042,
F0033043,
F0033044,
F0033045,
F0033046,
F0033047,positive
F0033048,walkout
F0033049,
F0033050,
F0033051,
F0033052,
F0033053,
F0033054,
F0033055,
F0033056,
F0033057,positive
F0033058,
F0033059,
F0033060,
F0033061,
F0033062,positive
F0033063,
F0033064,
F0033065,
F0033066,
F0033067,
F0033068,
F0033069,
F0033070,positive
F0033071,
F0033072,
F0033073,
F0033074,
F0033075,seating
F0033076,long_wait
F0033077,
F0033078,
F0033079,
F0033080,
F0033081,
F0033082,
F0033083,
F0033084,
F0033085,
F0033086,
F0033087,
F0033088,
F0033089,
F0033090,
F0033091,
F0033092,positive
F0033093,
F0033094,positive
F0033095,positive
F0033096,
F0033097,
F0033098,
F0033099,
F0033100,
F0033101,
F0033102,positive
F0033103,
F0033104,
F0033105,positive
F0033106,
F0033107,
F0033108,
F0033109,
F0033110,
F0033111,
F0033112,
F0033113,
F0033114,
F0033115,
F0033116,positive
F0033117,
F0033118,
F0033119,
F0033120,
F0033121,
F0033122,
F0033123,
F0033124,
F0033125,walkout
F0033126,lunch
F0033127,
F0033128,
F0033129,
F0033130,
F0033131,
F0033132,
F0033133,walkout
F0033134,
F0033135,
F0033136,
F0033137,
F0033138,positive
F0033139,
F0033140,
F0033141,
F0033142,
F0033143,
F0033144,
F0033145,
F0033146,
F0033147,
F0033148,
F0033149,
F0033150,
F0033151,
F0033152,
F0033153,
F0033154,walkout
F0033155,positive
F0033156,
F0033157,
F0033158,positive
F0033159,
F0033160,
F0033161,
F0033162,walkout
F0033163,
F0033164,
F0033165,
F0033166,walkout
F0033167,
F0033168,walkout
F0033169,
F0033170,
F0033171,
F0033172,
F0033173,long_wait
F0033174,walkout
F0033175,
F0033176,
F0033177,walkout
F0033178,walkout
F0033179,
F0033180,long_wait
F0033181,
F0033182,walkout
F0033183,walkout
F0033184,walkout
F0033185,walkout
F0033186,walkout
F0033187,
F0033188,
F0033189,
F0033190,
F0033191,walkout
F0033192,documents
F0033193,
F0033194,walkout
F0033195,walkout
F0033196,
F0033197,
F0033198,
F0033199,
F0033200,
F0033201,
F0033202,
F0033203,walkout
F0033204,
F0033205,
F0033206,
F0033207,lunch
F0033208,
F0033209,walkout
F0033210,walkout
F0033211,
F0033212,
F0033213,
F0033214,
F0033215,
F0033216,
F0033217,walkout
F0033218,
F0033219,
F0033220,walkout
F0033221,walkout
F0033222,
F0033223,positive
F0033224,
F0033225,
F0033226,walkout
F0033227,
F0033228,
F0033229,
F0033230,long_wait
F0033231,
F0033232,
F0033233,
F0033234,
F0033235,
F0033236,
F0033237,positive
F0033238,
F0033239,
F0033240,
F0033241,
F0033242,
F0033243,
F0033244,
F0033245,
F0033246,
F0033247,
F0033248,
F0033249,
F0033250,positive
F0033251,positive
F0033252,
F0033253,
F0033254,
F0033255,
F0033256,
F0033257,
F0033258,
F0033259,
F0033260,
F0033261,
F0033262,
F0033263,
F0033264,
F0033265,
F0033266,
F0033267,
F0033268,
F0033269,
F0033270,positive
F0033271,walkout
F0033272,
F0033273,
F0033274,
F0033275,
F0033276,
F0033277,
F0033278,
F0033279,
F0033280,
F0033281,
F0033282,
F0033283,
F0033284,
F0033285,
F0033286,
F0033287,
F0033288,
F0033289,
F0033290,
F0033291,
F0033292,
F0033293,walkout
F0033294,
F0033295,walkout
F0033296,
F0033297,
F0033298,walkout
F0033299,walkout
F0033300,
F0033301,walkout
F0033302,
F0033303,walkout
F0033304,
F0033305,
F0033306,walkout
F0033307,
F0033308,
F0033309,
F0033310,
F0033311,
F0033312,
F0033313,
F0033314,
F0033315,
F0033316,
F0033317,positive
F0033318,
F0033319,
F0033320,positive
F0033321,
F0033322,
F0033323,
F0033324,
F0033325,
F0033326,positive
F0033327,
F0033328,
F0033329,
F0033330,
F0033331,
F0033332,
F0033333,positive
F0033334,
F0033335,staff
F0033336,
F0033337,
F0033338,
F0033339,
F0033340,positive
F0033341,
F0033342,walkout
F0033343,
F0033344,
F0033345,
F0033346,positive
F0033347,positive
F0033348,
F0033349,positive
F0033350,long_wait
F0033351,
F0033352,
F0033353,walkout
F0033354,
F0033355,
F0033356,
F0033357,positive
F0033358,
F0033359,walkout
F0033360,
F0033361,lunch
F0033362,
F0033363,
F0033364,
F0033365,
F0033366,positive
F0033367,
F0033368,
F0033369,positive
F0033370,
F0033371,positive
F0033372,
F0033373,
F0033374,
F0033375,
F0033376,
F0033377,
F0033378,
F0033379,
F0033380,
F0033381,
F0033382,
F0033383,positive
F0033384,
F0033385,
F0033386,
F0033387,
F0033388,
F0033389,
F0033390,
F0033391,
F0033392,positive
F0033393,positive
F0033394,
F0033395,
F0033396,
F0033397,positive
F0033398,
F0033399,positive
F0033400,
F0033401,
F0033402,
F0033403,
F0033404,
F0033405,
F0033406,
F0033407,
F0033408,
F0033409,
F0033410,
F0033411,
F0033412,
F0033413,
F0033414,
F0033415,
F0033416,
F0033417,positive
F0033418,
F0033419,
F0033420,
F0033421,
F0033422,positive
F0033423,
F0033424,
F0033425,
F0033426,
F0033427,long_wait
F0033428,walkout
F0033429,
F0033430,
F0033431,
F0033432,
F0033433,
F0033434,
F0033435,
F0033436,walkout
F0033437,
F0033438,walkout
F0033439,long_wait
F0033440,walkout
F0033441,
F0033442,walkout
F0033443,
F0033444,walkout
F0033445,
F0033446,
F0033447,walkout
F0033448,
F0033449,
F0033450,
F0033451,walkout
F0033452,
F0033453,
F0033454,
F0033455,seating
F0033456,
F0033457,
F0033458,
F0033459,
F0033460,
F0033461,
F0033462,
F0033463,
F0033464,
F0033465,
F0033466,
F0033467,
F0033468,
F0033469,
F0033470,
F0033471,
F0033472,
F0033473,
F0033474,
F0033475,
F0033476,walkout
F0033477,
F0033478,
F0033479,
F0033480,
F0033481,long_wait
F0033482,
F0033483,positive
F0033484,
F0033485,walkout
F0033486,
F0033487,positive
F0033488,
F0033489,
F0033490,
F0033491,
F0033492,
F0033493,
F0033494,
F0033495,long_wait
F0033496,
F0033497,
F0033498,positive
F0033499,positive
F0033500,walkout
F0033501,
F0033502,
F0033503,
F0033504,
F0033505,long_wait
F0033506,walkout
F0033507,
F0033508,
F0033509,positive
F0033510,walkout
F0033511,
F0033512,
F0033513,
F0033514,
F0033515,
F0033516,
F0033517,
F0033518,
F0033519,
F0033520,
F0033521,walkout
F0033522,
F0033523,
F0033524,
F0033525,
F0033526,
F0033527,
F0033528,
F0033529,positive
F0033530,
F0033531,
F0033532,
F0033533,
F0033534,
F0033535,positive
F0033536,
F0033537,
F0033538,positive
F0033539,
F0033540,
F0033541,
F0033542,
F0033543,
F0033544,
F0033545,
F0033546,walkout
F0033547,
F0033548,walkout
F0033549,
F0033550,
F0033551,
F0033552,
F0033553,
F0033554,
F0033555,seating
F0033556,
F0033557,
F0033558,long_wait
F0033559,
F0033560,
F0033561,
F0033562,
F0033563,seating
F0033564,
F0033565,
F0033566,
F0033567,
F0033568,
F0033569,walkout
F0033570,
F0033571,walkout
F0033572,
F0033573,walkout
F0033574,
F0033575,
F0033576,
F0033577,long_wait
F0033578,
F0033579,
F0033580,
F0033581,walkout
F0033582,
F0033583,
F0033584,
F0033585,
F0033586,walkout
F0033587,walkout
F0033588,
F0033589,
F0033590,
F0033591,
F0033592,walkout
F0033593,walkout
F0033594,walkout
F0033595,walkout
F0033596,walkout
F0033597,
F0033598,
F0033599,
F0033600,walkout
F0033601,
F0033602,
F0033603,
F0033604,
F0033605,
F0033606,
F0033607,positive
F0033608,walkout
F0033609,
F0033610,
F0033611,long_wait
F0033612,
F0033613,
F0033614,
F0033615,
F0033616,lunch
F0033617,walkout
F0033618,walkout
F0033619,
F0033620,
F0033621,
F0033622,walkout
F0033623,
F0033624,seating
F0033625,
F0033626,walkout
F0033627,walkout
F0033628,
F0033629,
F0033630,
F0033631,
F0033632,positive
F0033633,
F0033634,
F0033635,
F0033636,long_wait
F0033637,
F0033638,
F0033639,
F0033640,positive
F0033641,
F0033642,
F0033643,
F0033644,
F0033645,
F0033646,
F0033647,
F0033648,
F0033649,
F0033650,
F0033651,
F0033652,
F0033653,
F0033654,
F0033655,
F0033656,
F0033657,
F0033658,
F0033659,
F0033660,
F0033661,
F0033662,
F0033663,
F0033664,positive
F0033665,
F0033666,
F0033667,
F0033668,
F0033669,
F0033670,
F0033671,walkout
F0033672,
F0033673,
F0033674,
F0033675,
F0033676,
F0033677,
F0033678,walkout
F0033679,walkout
F0033680,long_wait
F0033681,
F0033682,walkout
F0033683,walkout
F0033684,
F0033685,
F0033686,
F0033687,
F0033688,
F0033689,walkout
F0033690,
F0033691,
F0033692,
F0033693,
F0033694,walkout
F0033695,
F0033696,
F0033697,
F0033698,
F0033699,
F0033700,walkout
F0033701,
F0033702,long_wait
F0033703,long_wait
F0033704,
F0033705,walkout
F0033706,walkout
F0033707,
F0033708,
F0033709,
F0033710,
F0033711,
F0033712,
F0033713,
F0033714,positive
F0033715,
F0033716,walkout
F0033717,
F0033718,
F0033719,
F0033720,
F0033721,
F0033722,
F0033723,
F0033724,
F0033725,
F0033726,walkout
F0033727,positive
F0033728,positive
F0033729,
F0033730,
F0033731,
F0033732,
F0033733,
F0033734,positive
F0033735,
F0033736,
F0033737,seating
F0033738,
F0033739,
F0033740,
F0033741,positive
F0033742,
F0033743,walkout
F0033744,
F0033745,
F0033746,
F0033747,
F0033748,
F0033749,
F0033750,positive
F0033751,
F0033752,walkout
F0033753,
F0033754,
F0033755,
F0033756,
F0033757,
F0033758,
F0033759,
F0033760,positive
F0033761,long_wait
F0033762,
F0033763,positive
F0033764,
F0033765,
F0033766,
F0033767,
F0033768,
F0033769,
F0033770,walkout
F0033771,
F0033772,long_wait
F0033773,walkout
F0033774,
F0033775,positive
F0033776,walkout
F0033777,walkout
F0033778,
F0033779,
F0033780,
F0033781,
F0033782,positive
F0033783,
F0033784,
F0033785,
F0033786,
F0033787,
F0033788,positive
F0033789,
F0033790,
F0033791,walkout
F0033792,
F0033793,
F0033794,
F0033795,
F0033796,positive
F0033797,
F0033798,
F0033799,
F0033800,
F0033801,
F0033802,
F0033803,
F0033804,
F0033805,
F0033806,
F0033807,
F0033808,long_wait
F0033809,
F0033810,
F0033811,
F0033812,
F0033813,walkout
F0033814,
F0033815,
F0033816,
F0033817,
F0033818,
F0033819,walkout
F0033820,walkout
F0033821,
F0033822,positive
F0033823,
F0033824,
F0033825,
F0033826,
F0033827,
F0033828,
F0033829,
F0033830,
F0033831,
F0033832,
F0033833,
F0033834,positive
F0033835,positive
F0033836,positive
F0033837,
F0033838,
F0033839,
F0033840,
F0033841,
F0033842,
F0033843,
F0033844,
F0033845,
F0033846,
F0033847,
F0033848,
F0033849,
F0033850,
F0033851,positive
F0033852,positive
F0033853,positive
F0033854,positive
F0033855,
F0033856,
F0033857,
F0033858,
F0033859,positive
F0033860,
F0033861,positive
F0033862,positive
F0033863,
F0033864,positive
F0033865,long_wait
F0033866,
F0033867,
F0033868,
F0033869,positive
F0033870,
F0033871,
F0033872,walkout
F0033873,walkout
F0033874,
F0033875,
F0033876,
F0033877,
F0033878,walkout
F0033879,
F0033880,
F0033881,positive
F0033882,
F0033883,walkout
F0033884,
F0033885,
F0033886,
F0033887,slow_dd
F0033888,
F0033889,
F0033890,
F0033891,
F0033892,walkout
F0033893,
F0033894,
F0033895,
F0033896,
F0033897,walkout
F0033898,
F0033899,
F0033900,
F0033901,positive
F0033902,
F0033903,
F0033904,walkout
F0033905,
F0033906,walkout
F0033907,
F0033908,positive
F0033909,
F0033910,seating
F0033911,walkout
F0033912,
F0033913,
F0033914,
F0033915,
F0033916,
F0033917,
F0033918,walkout
F0033919,walkout
F0033920,walkout
F0033921,walkout
F0033922,
F0033923,walkout
F0033924,
F0033925,walkout
F0033926,walkout
F0033927,
F0033928,
F0033929,
F0033930,
F0033931,documents
F0033932,
F0033933,
F0033934,
F0033935,positive
F0033936,
F0033937,
F0033938,
F0033939,positive
F0033940,
F0033941,
F0033942,
F0033943,documents
F0033944,
F0033945,
F0033946,
F0033947,
F0033948,
F0033949,
F0033950,
F0033951,
F0033952,
F0033953,
F0033954,
F0033955,positive
F0033956,
F0033957,
F0033958,
F0033959,walkout
F0033960,
F0033961,
F0033962,
F0033963,lunch
F0033964,
F0033965,walkout
F0033966,
F0033967,
F0033968,
F0033969,
F0033970,
F0033971,positive
F0033972,positive
F0033973,positive
F0033974,
F0033975,
F0033976,
F0033977,
F0033978,
F0033979,
F0033980,walkout
F0033981,
F0033982,positive
F0033983,long_wait
F0033984,walkout
F0033985,walkout
F0033986,
F0033987,
F0033988,
F0033989,
F0033990,long_wait
F0033991,
F0033992,
F0033993,positive
F0033994,positive
F0033995,
F0033996,
F0033997,walkout
F0033998,
F0033999,
F0034000,
F0034001,walkout
F0034002,lunch
F0034003,
F0034004,
F0034005,walkout
F0034006,
F0034007,walkout
F0034008,
F0034009,lunch
F0034010,walkout
F0034011,long_wait
F0034012,
F0034013,walkout
F0034014,
F0034015,
F0034016,
F0034017,
F0034018,walkout
F0034019,walkout
F0034020,
F0034021,
F0034022,
F0034023,
F0034024,positive
F0034025,
F0034026,walkout
F0034027,
F0034028,
F0034029,walkout
F0034030,walkout
F0034031,
F0034032,positive
F0034033,
F0034034,
F0034035,
F0034036,
F0034037,
F0034038,
F0034039,
F0034040,
F0034041,positive
F0034042,
F0034043,
F0034044,
F0034045,walkout
F0034046,
F0034047,walkout
F0034048,
F0034049,
F0034050,
F0034051,
F0034052,
F0034053,walkout
F0034054,
F0034055,
F0034056,walkout
F0034057,
F0034058,
F0034059,long_wait
F0034060,
F0034061,walkout
F0034062,positive
F0034063,
F0034064,walkout
F0034065,
F0034066,
F0034067,
F0034068,walkout
F0034069,
F0034070,
F0034071,
F0034072,
F0034073,
F0034074,
F0034075,walkout
F0034076,
F0034077,
F0034078,walkout
F0034079,positive
F0034080,
F0034081,
F0034082,
F0034083,walkout
F0034084,
F0034085,
F0034086,walkout
F0034087,walkout
F0034088,
F0034089,
F0034090,
F0034091,walkout
F0034092,
F0034093,
F0034094,
F0034095,walkout
F0034096,walkout
F0034097,
F0034098,walkout
F0034099,
F0034100,walkout
F0034101,
F0034102,
F0034103,seating
F0034104,lunch
F0034105,walkout
F0034106,
F0034107,
F0034108,walkout
F0034109,walkout
F0034110,
F0034111,walkout
F0034112,walkout
F0034113,
F0034114,
F0034115,
F0034116,
F0034117,
F0034118,
F0034119,
F0034120,
F0034121,positive
F0034122,
F0034123,positive
F0034124,
F0034125,
F0034126,
F0034127,
F0034128,
F0034129,
F0034130,
F0034131,
F0034132,
F0034133,
F0034134,
F0034135,
F0034136,
F0034137,positive
F0034138,
F0034139,
F0034140,
F0034141,
F0034142,
F0034143,
F0034144,
F0034145,
F0034146,
F0034147,positive
F0034148,walkout
F0034149,positive
F0034150,
F0034151,
F0034152,
F0034153,
F0034154,
F0034155,
F0034156,
F0034157,
F0034158,
F0034159,positive
F0034160,
F0034161,
F0034162,
F0034163,
F0034164,
F0034165,
F0034166,
F0034167,
F0034168,
F0034169,
F0034170,positive
F0034171,long_wait
F0034172,walkout
F0034173,
F0034174,walkout
F0034175,
F0034176,walkout
F0034177,
F0034178,
F0034179,
F0034180,seating
F0034181,
F0034182,
F0034183,
F0034184,long_wait
F0034185,
F0034186,
F0034187,
F0034188,
F0034189,walkout
F0034190,walkout
F0034191,
F0034192,
F0034193,
F0034194,walkout
F0034195,seating
F0034196,
F0034197,
F0034198,
F0034199,
F0034200,
F0034201,
F0034202,walkout
F0034203,
F0034204,walkout
F0034205,
F0034206,
F0034207,
F0034208,walkout
F0034209,
F0034210,
F0034211,walkout
F0034212,
F0034213,
F0034214,
F0034215,
F0034216,
F0034217,walkout
F0034218,walkout
F0034219,long_wait
F0034220,walkout
F0034221,
F0034222,walkout
F0034223,
F0034224,walkout
F0034225,
F0034226,
F0034227,
F0034228,
F0034229,
F0034230,
F0034231,walkout
F0034232,
F0034233,positive
F0034234,
F0034235,
F0034236,positive
F0034237,
F0034238,
F0034239,
F0034240,
F0034241,
F0034242,
F0034243,
F0034244,
F0034245,
F0034246,
F0034247,
F0034248,
F0034249,walkout
F0034250,
F0034251,
F0034252,walkout
F0034253,
F0034254,
F0034255,positive
F0034256,
F0034257,
F0034258,
F0034259,
F0034260,
F0034261,walkout
F0034262,
F0034263,
F0034264,
F0034265,
F0034266,walkout
F0034267,walkout
F0034268,
F0034269,
F0034270,long_wait
F0034271,
F0034272,
F0034273,
F0034274,
F0034275,
F0034276,
F0034277,
F0034278,
F0034279,
F0034280,
F0034281,
F0034282,
F0034283,positive
F0034284,positive
F0034285,
F0034286,
F0034287,positive
F0034288,
F0034289,
F0034290,walkout
F0034291,
F0034292,
F0034293,walkout
F0034294,
F0034295,walkout
F0034296,seating
F0034297,
F0034298,positive
F0034299,
F0034300,
F0034301,long_wait
F0034302,
F0034303,
F0034304,
F0034305,
F0034306,
F0034307,walkout
F0034308,
F0034309,
F0034310,
F0034311,
F0034312,walkout
F0034313,
F0034314,
F0034315,walkout
F0034316,
F0034317,
F0034318,
F0034319,positive
F0034320,
F0034321,
F0034322,
F0034323,
F0034324,walkout
F0034325,walkout
F0034326,walkout
F0034327,walkout
F0034328,
F0034329,walkout
F0034330,walkout
F0034331,
F0034332,
F0034333,
F0034334,walkout
F0034335,long_wait
F0034336,
F0034337,positive
F0034338,long_wait
F0034339,walkout
F0034340,
F0034341,
F0034342,
F0034343,walkout
F0034344,walkout
F0034345,
F0034346,
F0034347,positive
F0034348,positive
F0034349,
F0034350,positive
F0034351,
F0034352,
F0034353,
F0034354,
F0034355,
F0034356,
F0034357,
F0034358,
F0034359,
F0034360,seating
F0034361,walkout
F0034362,
F0034363,
F0034364,
F0034365,
F0034366,
F0034367,walkout
F0034368,
F0034369,
F0034370,
F0034371,
F0034372,
F0034373,
F0034374,
F0034375,
F0034376,walkout
F0034377,walkout
F0034378,
F0034379,
F0034380,positive
F0034381,
F0034382,walkout
F0034383,
F0034384,
F0034385,walkout
F0034386,
F0034387,
F0034388,walkout
F0034389,
F0034390,
F0034391,
F0034392,
F0034393,
F0034394,
F0034395,
F0034396,
F0034397,
F0034398,documents
F0034399,
F0034400,
F0034401,
F0034402,
F0034403,
F0034404,
F0034405,
F0034406,
F0034407,positive
F0034408,
F0034409,
F0034410,positive
F0034411,
F0034412,
F0034413,
F0034414,positive
F0034415,
F0034416,
F0034417,positive
F0034418,
F0034419,positive
F0034420,
F0034421,
F0034422,long_wait
F0034423,
F0034424,
F0034425,
F0034426,
F0034427,
F0034428,
F0034429,
F0034430,positive
F0034431,
F0034432,
F0034433,
F0034434,
F0034435,long_wait
F0034436,
F0034437,positive
F0034438,positive
F0034439,
F0034440,
F0034441,walkout
F0034442,walkout
F0034443,
F0034444,walkout
F0034445,
F0034446,
F0034447,
F0034448,
F0034449,
F0034450,
F0034451,walkout
F0034452,
F0034453,
F0034454,
F0034455,
F0034456,
F0034457,
F0034458,walkout
F0034459,
F0034460,
F0034461,
F0034462,
F0034463,
F0034464,
F0034465,walkout
F0034466,
F0034467,seating
F0034468,
F0034469,
F0034470,
F0034471,walkout
F0034472,positive
F0034473,
F0034474,positive
F0034475,
F0034476,long_wait
F0034477,
F0034478,
F0034479,
F0034480,walkout
F0034481,
F0034482,
F0034483,
F0034484,walkout
F0034485,
F0034486,walkout
F0034487,
F0034488,seating
F0034489,
F0034490,
F0034491,
F0034492,
F0034493,
F0034494,
F0034495,
F0034496,
F0034497,walkout
F0034498,
F0034499,
F0034500,
F0034501,
F0034502,
F0034503,walkout
F0034504,
F0034505,
F0034506,
F0034507,
F0034508,
F0034509,
F0034510,
F0034511,
F0034512,
F0034513,
F0034514,positive
F0034515,
F0034516,
F0034517,
F0034518,
F0034519,
F0034520,
F0034521,
F0034522,
F0034523,
F0034524,
F0034525,
F0034526,
F0034527,walkout
F0034528,
F0034529,
F0034530,walkout
F0034531,
F0034532,
F0034533,
F0034534,positive
F0034535,
F0034536,walkout
F0034537,
F0034538,
F0034539,
F0034540,
F0034541,
F0034542,
F0034543,
F0034544,
F0034545,
F0034546,
F0034547,walkout
F0034548,
F0034549,positive
F0034550,
F0034551,
F0034552,
F0034553,
F0034554,
F0034555,
F0034556,
F0034557,
F0034558,positive
F0034559,positive
F0034560,
F0034561,
F0034562,
F0034563,
F0034564,
F0034565,positive
F0034566,
F0034567,positive
F0034568,
F0034569,
F0034570,
F0034571,
F0034572,
F0034573,
F0034574,
F0034575,
F0034576,
F0034577,
F0034578,
F0034579,
F0034580,positive
F0034581,
F0034582,
F0034583,
F0034584,
F0034585,
F0034586,
F0034587,positive
F0034588,walkout
F0034589,
F0034590,
F0034591,
F0034592,
F0034593,walkout
F0034594,
F0034595,
F0034596,
F0034597,
F0034598,
F0034599,walkout
F0034600,
F0034601,
F0034602,
F0034603,
F0034604,
F0034605,
F0034606,
F0034607,
F0034608,walkout
F0034609,
F0034610,
F0034611,
F0034612,
F0034613,positive
F0034614,
F0034615,
F0034616,positive
F0034617,
F0034618,positive
F0034619,walkout
F0034620,
F0034621,
F0034622,
F0034623,
F0034624,
F0034625,walkout
F0034626,
F0034627,
F0034628,
F0034629,
F0034630,
F0034631,
F0034632,
F0034633,
F0034634,
F0034635,positive
F0034636,positive
F0034637,
F0034638,
F0034639,
F0034640,
F0034641,
F0034642,
F0034643,
F0034644,
F0034645,
F0034646,positive
F0034647,
F0034648,
F0034649,positive
F0034650,
F0034651,
F0034652,
F0034653,
F0034654,
F0034655,
F0034656,
F0034657,
F0034658,
F0034659,
F0034660,
F0034661,
F0034662,positive
F0034663,
F0034664,
F0034665,
F0034666,
F0034667,
F0034668,positive
F0034669,
F0034670,long_wait
F0034671,
F0034672,long_wait
F0034673,
F0034674,
F0034675,
F0034676,
F0034677,
F0034678,
F0034679,
F0034680,
F0034681,walkout
F0034682,
F0034683,
F0034684,walkout
F0034685,
F0034686,
F0034687,walkout
F0034688,long_wait
F0034689,
F0034690,
F0034691,
F0034692,walkout
F0034693,
F0034694,
F0034695,
F0034696,
F0034697,
F0034698,
F0034699,
F0034700,positive
F0034701,
F0034702,positive
F0034703,
F0034704,
F0034705,
F0034706,
F0034707,
F0034708,walkout
F0034709,documents
F0034710,
F0034711,
F0034712,
F0034713,positive
F0034714,
F0034715,
F0034716,
F0034717,
F0034718,positive
F0034719,
F0034720,
F0034721,
F0034722,
F0034723,
F0034724,
F0034725,positive
F0034726,
F0034727,
F0034728,
F0034729,
F0034730,
F0034731,
F0034732,
F0034733,
F0034734,walkout
F0034735,
F0034736,
F0034737,
F0034738,walkout
F0034739,walkout
F0034740,
F0034741,walkout
F0034742,
F0034743,walkout
F0034744,walkout
F0034745,
F0034746,
F0034747,
F0034748,
F0034749,
F0034750,
F0034751,walkout
F0034752,
F0034753,walkout
F0034754,
F0034755,
F0034756,
F0034757,
F0034758,
F0034759,walkout
F0034760,
F0034761,
F0034762,
F0034763,
F0034764,
F0034765,
F0034766,positive
F0034767,
F0034768,walkout
F0034769,
F0034770,
F0034771,
F0034772,
F0034773,
F0034774,
F0034775,
F0034776,
F0034777,positive
F0034778,walkout
F0034779,
F0034780,
F0034781,
F0034782,
F0034783,walkout
F0034784,walkout
F0034785,
F0034786,
F0034787,
F0034788,
F0034789,
F0034790,positive
F0034791,
F0034792,
F0034793,
F0034794,
F0034795,
F0034796,
F0034797,documents
F0034798,positive
F0034799,
F0034800,
F0034801,positive
F0034802,
F0034803,lunch
F0034804,
F0034805,positive
F0034806,walkout
F0034807,
F0034808,
F0034809,
F0034810,
F0034811,
F0034812,
F0034813,
F0034814,
F0034815,
F0034816,
F0034817,
F0034818,positive
F0034819,
F0034820,
F0034821,
F0034822,
F0034823,
F0034824,positive
F0034825,
F0034826,
F0034827,
F0034828,
F0034829,
F0034830,
F0034831,
F0034832,
F0034833,
F0034834,
F0034835,
F0034836,
F0034837,
F0034838,
F0034839,
F0034840,
F0034841,positive
F0034842,
F0034843,
F0034844,
F0034845,
F0034846,positive
F0034847,
F0034848,
F0034849,
F0034850,
F0034851,
F0034852,positive
F0034853,
F0034854,
F0034855,
F0034856,walkout
F0034857,long_wait
F0034858,
F0034859,
F0034860,
F0034861,
F0034862,walkout
F0034863,positive
F0034864,
F0034865,
F0034866,
F0034867,
F0034868,walkout
F0034869,walkout
F0034870,positive
F0034871,
F0034872,
F0034873,
F0034874,
F0034875,
F0034876,
F0034877,walkout
F0034878,positive
F0034879,walkout
F0034880,walkout
F0034881,
F0034882,
F0034883,
F0034884,
F0034885,
F0034886,walkout
F0034887,
F0034888,
F0034889,
F0034890,
F0034891,
F0034892,
F0034893,
F0034894,
F0034895,
F0034896,
F0034897,
F0034898,walkout
F0034899,
F0034900,
F0034901,
F0034902,positive
F0034903,
F0034904,
F0034905,
F0034906,walkout
F0034907,
F0034908,
F0034909,positive
F0034910,positive
F0034911,
F0034912,positive
F0034913,
F0034914,long_wait
F0034915,long_wait
F0034916,
F0034917,positive
F0034918,
F0034919,
F0034920,
F0034921,
F0034922,
F0034923,
F0034924,walkout
F0034925,
F0034926,
F0034927,
F0034928,
F0034929,
F0034930,
F0034931,
F0034932,
F0034933,
F0034934,positive
F0034935,
F0034936,
F0034937,
F0034938,
F0034939,
F0034940,
F0034941,
F0034942,
F0034943,walkout
F0034944,walkout
F0034945,
F0034946,
F0034947,
F0034948,
F0034949,
F0034950,
F0034951,
F0034952,slow_dd
F0034953,
F0034954,positive
F0034955,
F0034956,
F0034957,
F0034958,positive
F0034959,
F0034960,
F0034961,walkout
F0034962,
F0034963,
F0034964,
F0034965,
F0034966,
F0034967,
F0034968,
F0034969,
F0034970,walkout
F0034971,
F0034972,
F0034973,
F0034974,positive
F0034975,
F0034976,
F0034977,
F0034978,
F0034979,
F0034980,
F0034981,
F0034982,
F0034983,
F0034984,
F0034985,
F0034986,
F0034987,
F0034988,walkout
F0034989,
F0034990,
F0034991,
F0034992,
F0034993,
F0034994,
F0034995,
F0034996,
F0034997,
F0034998,walkout
F0034999,
F0035000,
F0035001,
F0035002,
F0035003,
F0035004,walkout
F0035005,walkout
F0035006,
F0035007,long_wait
F0035008,
F0035009,
F0035010,walkout
F0035011,
F0035012,
F0035013,walkout
F0035014,walkout
F0035015,
F0035016,walkout
F0035017,walkout
F0035018,
F0035019,
F0035020,walkout
F0035021,
F0035022,
F0035023,walkout
F0035024,
F0035025,lunch
F0035026,walkout
F0035027,
F0035028,walkout
F0035029,
F0035030,
F0035031,
F0035032,
F0035033,
F0035034,
F0035035,walkout
F0035036,
F0035037,
F0035038,
F0035039,
F0035040,positive
F0035041,
F0035042,walkout
F0035043,
F0035044,
F0035045,
F0035046,
F0035047,
F0035048,
F0035049,walkout
F0035050,
F0035051,positive
F0035052,
F0035053,
F0035054,
F0035055,
F0035056,walkout
F0035057,
F0035058,
F0035059,
F0035060,positive
F0035061,
F0035062,
F0035063,
F0035064,
F0035065,walkout
F0035066,positive
F0035067,
F0035068,
F0035069,walkout
F0035070,
F0035071,positive
F0035072,positive
F0035073,
F0035074,positive
F0035075,
F0035076,
F0035077,
F0035078,
F0035079,positive
F0035080,
F0035081,
F0035082,
F0035083,
F0035084,
F0035085,
F0035086,
F0035087,walkout
F0035088,
F0035089,
F0035090,
F0035091,walkout
F0035092,
F0035093,
F0035094,walkout
F0035095,walkout
F0035096,
F0035097,
F0035098,walkout
F0035099,
F0035100,
F0035101,
F0035102,
F0035103,
F0035104,
F0035105,walkout
F0035106,walkout
F0035107,
F0035108,
F0035109,
F0035110,
F0035111,walkout
F0035112,
F0035113,walkout
F0035114,
F0035115,
F0035116,walkout
F0035117,walkout
F0035118,
F0035119,
F0035120,
F0035121,
F0035122,
F0035123,
F0035124,
F0035125,
F0035126,
F0035127,
F0035128,
F0035129,
F0035130,
F0035131,walkout
F0035132,
F0035133,walkout
F0035134,
F0035135,
F0035136,walkout
F0035137,
F0035138,walkout
F0035139,
F0035140,walkout
F0035141,
F0035142,
F0035143,
F0035144,
F0035145,
F0035146,
F0035147,
F0035148,
F0035149,
F0035150,walkout
F0035151,
F0035152,
F0035153,
F0035154,seating
F0035155,
F0035156,
F0035157,
F0035158,
F0035159,walkout
F0035160,long_wait
F0035161,walkout
F0035162,
F0035163,
F0035164,positive
F0035165,
F0035166,
F0035167,
F0035168,
F0035169,walkout
F0035170,
F0035171,walkout
F0035172,
F0035173,
F0035174,
F0035175,
F0035176,
F0035177,
F0035178,
F0035179,
F0035180,
F0035181,
F0035182,walkout
F0035183,walkout
F0035184,
F0035185,
F0035186,
F0035187,positive
F0035188,
F0035189,
F0035190,
F0035191,
F0035192,
F0035193,
F0035194,
F0035195,
F0035196,
F0035197,
F0035198,
F0035199,
F0035200,walkout
F0035201,walkout
F0035202,
F0035203,
F0035204,
F0035205,
F0035206,
F0035207,
F0035208,
F0035209,
F0035210,
F0035211,
F0035212,
F0035213,
F0035214,
F0035215,
F0035216,
F0035217,
F0035218,
F0035219,
F0035220,
F0035221,
F0035222,walkout
F0035223,
F0035224,
F0035225,
F0035226,
F0035227,walkout
F0035228,
F0035229,walkout
F0035230,
F0035231,
F0035232,walkout
F0035233,
F0035234,positive
F0035235,
F0035236,
F0035237,
F0035238,
F0035239,
F0035240,
F0035241,
F0035242,
F0035243,
F0035244,
F0035245,
F0035246,
F0035247,
F0035248,
F0035249,
F0035250,
F0035251,walkout
F0035252,long_wait
F0035253,positive
F0035254,walkout
F0035255,
F0035256,positive
F0035257,
F0035258,
F0035259,
F0035260,
F0035261,walkout
F0035262,
F0035263,positive
F0035264,
F0035265,
F0035266,
F0035267,walkout
F0035268,
F0035269,
F0035270,
F0035271,
F0035272,
F0035273,walkout
F0035274,positive
F0035275,
F0035276,
F0035277,
F0035278,
F0035279,
F0035280,long_wait
F0035281,
F0035282,positive
F0035283,
F0035284,
F0035285,
F0035286,walkout
F0035287,
F0035288,
F0035289,
F0035290,
F0035291,walkout
F0035292,
F0035293,
F0035294,
F0035295,
F0035296,walkout
F0035297,
F0035298,positive
F0035299,
F0035300,
F0035301,
F0035302,walkout
F0035303,
F0035304,
F0035305,
F0035306,
F0035307,
F0035308,
F0035309,
F0035310,walkout
F0035311,
F0035312,
F0035313,walkout
F0035314,
F0035315,walkout
F0035316,
F0035317,
F0035318,
F0035319,
F0035320,
F0035321,
F0035322,positive
F0035323,walkout
F0035324,walkout
F0035325,
F0035326,
F0035327,
F0035328,
F0035329,long_wait
F0035330,walkout
F0035331,
F0035332,
F0035333,walkout
F0035334,
F0035335,
F0035336,
F0035337,
F0035338,
F0035339,
F0035340,
F0035341,
F0035342,
F0035343,
F0035344,
F0035345,
F0035346,positive
F0035347,walkout
F0035348,walkout
F0035349,
F0035350,
F0035351,
F0035352,
F0035353,
F0035354,
F0035355,
F0035356,
F0035357,positive
F0035358,walkout
F0035359,walkout
F0035360,
F0035361,positive
F0035362,
F0035363,
F0035364,positive
F0035365,
F0035366,
F0035367,
F0035368,positive
F0035369,
F0035370,
F0035371,
F0035372,
F0035373,
F0035374,
F0035375,walkout
F0035376,
F0035377,
F0035378,
F0035379,
F0035380,
F0035381,
F0035382,
F0035383,
F0035384,positive
F0035385,
F0035386,
F0035387,
F0035388,
F0035389,
F0035390,
F0035391,
F0035392,
F0035393,positive
F0035394,
F0035395,positive
F0035396,
F0035397,
F0035398,
F0035399,positive
F0035400,
F0035401,
F0035402,
F0035403,
F0035404,
F0035405,long_wait
F0035406,
F0035407,walkout
F0035408,
F0035409,
F0035410,walkout
F0035411,
F0035412,
F0035413,
F0035414,
F0035415,
F0035416,walkout
F0035417,
F0035418,positive
F0035419,walkout
F0035420,
F0035421,walkout
F0035422,
F0035423,
F0035424,documents
F0035425,walkout
F0035426,
F0035427,
F0035428,
F0035429,
F0035430,
F0035431,walkout
F0035432,
F0035433,
F0035434,
F0035435,walkout
F0035436,walkout
F0035437,
F0035438,
F0035439,
F0035440,
F0035441,walkout
F0035442,
F0035443,
F0035444,walkout
F0035445,
F0035446,
F0035447,
F0035448,
F0035449,walkout
F0035450,
F0035451,
F0035452,
F0035453,
F0035454,
F0035455,
F0035456,long_wait
F0035457,
F0035458,
F0035459,
F0035460,
F0035461,
F0035462,
F0035463,
F0035464,
F0035465,
F0035466,
F0035467,
F0035468,
F0035469,
F0035470,
F0035471,walkout
F0035472,walkout
F0035473,
F0035474,
F0035475,
F0035476,
F0035477,walkout
F0035478,
F0035479,
F0035480,
F0035481,
F0035482,
F0035483,
F0035484,
F0035485,
F0035486,
F0035487,
F0035488,walkout
F0035489,walkout
F0035490,walkout
F0035491,
F0035492,
F0035493,
F0035494,
F0035495,
F0035496,
F0035497,positive
F0035498,
F0035499,
F0035500,walkout
F0035501,
F0035502,positive
F0035503,
F0035504,
F0035505,walkout
F0035506,
F0035507,walkout
F0035508,walkout
F0035509,
F0035510,
F0035511,
F0035512,
F0035513,
F0035514,long_wait
F0035515,walkout
F0035516,
F0035517,
F0035518,walkout
F0035519,
F0035520,
F0035521,
F0035522,
F0035523,
F0035524,
F0035525,walkout
F0035526,
F0035527,
F0035528,long_wait
F0035529,walkout
F0035530,
F0035531,
F0035532,
F0035533,
F0035534,walkout
F0035535,
F0035536,walkout
F0035537,
F0035538,
F0035539,
F0035540,
F0035541,walkout
F0035542,
F0035543,
F0035544,
F0035545,walkout
F0035546,
F0035547,positive
F0035548,walkout
F0035549,walkout
F0035550,
F0035551,slow_dd
F0035552,
F0035553,
F0035554,
F0035555,
F0035556,
F0035557,
F0035558,
F0035559,
F0035560,
F0035561,walkout
F0035562,
F0035563,long_wait
F0035564,walkout
F0035565,
F0035566,
F0035567,
F0035568,
F0035569,
F0035570,
F0035571,walkout
F0035572,
F0035573,walkout
F0035574,
F0035575,
F0035576,
F0035577,
F0035578,
F0035579,walkout
F0035580,
F0035581,
F0035582,walkout
F0035583,
F0035584,walkout
F0035585,
F0035586,
F0035587,
F0035588,
F0035589,
F0035590,
F0035591,positive
F0035592,positive
F0035593,
F0035594,walkout
F0035595,
F0035596,
F0035597,
F0035598,
F0035599,
F0035600,positive
F0035601,
F0035602,
F0035603,
F0035604,
F0035605,
F0035606,
F0035607,walkout
F0035608,
F0035609,walkout
F0035610,positive
F0035611,
F0035612,
F0035613,positive
F0035614,
F0035615,
F0035616,
F0035617,positive
F0035618,
F0035619,positive
F0035620,
F0035621,
F0035622,positive
F0035623,positive
F0035624,
F0035625,
F0035626,positive
F0035627,
F0035628,
F0035629,
F0035630,
F0035631,
F0035632,walkout
F0035633,
F0035634,
F0035635,
F0035636,walkout
F0035637,walkout
F0035638,
F0035639,
F0035640,
F0035641,
F0035642,
F0035643,
F0035644,walkout
F0035645,walkout
F0035646,
F0035647,
F0035648,walkout
F0035649,
F0035650,
F0035651,walkout
F0035652,
F0035653,
F0035654,
F0035655,
F0035656,
F0035657,
F0035658,
F0035659,
F0035660,
F0035661,positive
F0035662,
F0035663,
F0035664,
F0035665,
F0035666,
F0035667,
F0035668,
F0035669,positive
F0035670,
F0035671,
F0035672,
F0035673,positive
F0035674,
F0035675,
F0035676,positive
F0035677,
F0035678,
F0035679,
F0035680,
F0035681,
F0035682,positive
F0035683,
F0035684,slow_dd
F0035685,
F0035686,
F0035687,walkout
F0035688,positive
F0035689,
F0035690,walkout
F0035691,
F0035692,
F0035693,positive
F0035694,
F0035695,walkout
F0035696,
F0035697,
F0035698,
F0035699,
F0035700,walkout
F0035701,walkout
F0035702,
F0035703,
F0035704,
F0035705,
F0035706,
F0035707,
F0035708,
F0035709,
F0035710,
F0035711,
F0035712,
F0035713,
F0035714,
F0035715,
F0035716,
F0035717,
F0035718,
F0035719,long_wait
F0035720,
F0035721,
F0035722,
F0035723,positive
F0035724,walkout
F0035725,
F0035726,
F0035727,
F0035728,
F0035729,walkout
F0035730,
F0035731,
F0035732,walkout
F0035733,walkout
F0035734,long_wait
F0035735,walkout
F0035736,
F0035737,
F0035738,
F0035739,walkout
F0035740,
F0035741,
F0035742,walkout
F0035743,
F0035744,walkout
F0035745,
F0035746,
F0035747,long_wait
F0035748,
F0035749,positive
F0035750,
F0035751,
F0035752,
F0035753,
F0035754,
F0035755,positive
F0035756,
F0035757,
F0035758,
F0035759,
F0035760,
F0035761,positive
F0035762,
F0035763,
F0035764,
F0035765,
F0035766,
F0035767,
F0035768,
F0035769,
F0035770,
F0035771,
F0035772,
F0035773,
F0035774,
F0035775,
F0035776,walkout
F0035777,walkout
F0035778,
F0035779,
F0035780,
F0035781,
F0035782,
F0035783,
F0035784,
F0035785,
F0035786,
F0035787,
F0035788,
F0035789,
F0035790,
F0035791,
F0035792,
F0035793,
F0035794,positive
F0035795,
F0035796,
F0035797,
F0035798,
F0035799,
F0035800,
F0035801,
F0035802,
F0035803,
F0035804,
F0035805,positive
F0035806,walkout
F0035807,walkout
F0035808,
F0035809,
F0035810,
F0035811,
F0035812,walkout
F0035813,
F0035814,
F0035815,
F0035816,
F0035817,
F0035818,
F0035819,
F0035820,
F0035821,
F0035822,positive
F0035823,
F0035824,
F0035825,walkout
F0035826,
F0035827,
F0035828,walkout
F0035829,
F0035830,
F0035831,
F0035832,positive
F0035833,
F0035834,
F0035835,
F0035836,
F0035837,walkout
F0035838,
F0035839,
F0035840,
F0035841,
F0035842,
F0035843,walkout
F0035844,long_wait
F0035845,
F0035846,
F0035847,
F0035848,
F0035849,
F0035850,
F0035851,
F0035852,
F0035853,walkout
F0035854,
F0035855,walkout
F0035856,
F0035857,
F0035858,
F0035859,
F0035860,
F0035861,
F0035862,long_wait
F0035863,long_wait
F0035864,
F0035865,
F0035866,walkout
F0035867,walkout
F0035868,
F0035869,
F0035870,
F0035871,
F0035872,
F0035873,
F0035874,
F0035875,
F0035876,
F0035877,
F0035878,
F0035879,
F0035880,walkout
F0035881,
F0035882,
F0035883,
F0035884,
F0035885,
F0035886,
F0035887,
F0035888,
F0035889,
F0035890,
F0035891,positive
F0035892,
F0035893,
F0035894,
F0035895,
F0035896,
F0035897,walkout
F0035898,long_wait
F0035899,
F0035900,
F0035901,
F0035902,
F0035903,
F0035904,
F0035905,
F0035906,
F0035907,
F0035908,
F0035909,
F0035910,
F0035911,
F0035912,
F0035913,
F0035914,
F0035915,
F0035916,walkout
F0035917,walkout
F0035918,
F0035919,
F0035920,
F0035921,
F0035922,
F0035923,
F0035924,
F0035925,
F0035926,
F0035927,positive
F0035928,
F0035929,
F0035930,positive
F0035931,
F0035932,
F0035933,
F0035934,
F0035935,
F0035936,
F0035937,
F0035938,positive
F0035939,positive
F0035940,positive
F0035941,
F0035942,
F0035943,long_wait
F0035944,
F0035945,
F0035946,positive
F0035947,
F0035948,
F0035949,
F0035950,
F0035951,
F0035952,
F0035953,
F0035954,positive
F0035955,
F0035956,
F0035957,
F0035958,
F0035959,
F0035960,
F0035961,
F0035962,positive
F0035963,positive
F0035964,
F0035965,walkout
F0035966,
F0035967,
F0035968,positive
F0035969,
F0035970,
F0035971,
F0035972,
F0035973,
F0035974,
F0035975,
F0035976,
F0035977,positive
F0035978,walkout
F0035979,
F0035980,walkout
F0035981,walkout
F0035982,
F0035983,walkout
F0035984,
F0035985,walkout
F0035986,
F0035987,documents
F0035988,
F0035989,
F0035990,
F0035991,
F0035992,
F0035993,
F0035994,
F0035995,walkout
F0035996,
F0035997,
F0035998,
F0035999,
F0036000,
F0036001,
F0036002,
F0036003,
F0036004,
F0036005,
F0036006,
F0036007,
F0036008,
F0036009,
F0036010,walkout
F0036011,
F0036012,walkout
F0036013,
F0036014,
F0036015,walkout
F0036016,long_wait
F0036017,positive
F0036018,
F0036019,positive
F0036020,
F0036021,
F0036022,
F0036023,
F0036024,
F0036025,
F0036026,positive
F0036027,
F0036028,
F0036029,
F0036030,
F0036031,
F0036032,positive
F0036033,
F0036034,
F0036035,
F0036036,positive
F0036037,
F0036038,
F0036039,
F0036040,
F0036041,
F0036042,
F0036043,
F0036044,
F0036045,positive
F0036046,positive
F0036047,
F0036048,
F0036049,positive
F0036050,
F0036051,positive
F0036052,
F0036053,
F0036054,walkout
F0036055,
F0036056,
F0036057,
F0036058,
F0036059,positive
F0036060,
F0036061,
F0036062,positive
F0036063,
F0036064,
F0036065,long_wait
F0036066,
F0036067,
F0036068,
F0036069,
F0036070,
F0036071,
F0036072,
F0036073,
F0036074,
F0036075,
F0036076,long_wait
F0036077,
F0036078,
F0036079,
F0036080,walkout
F0036081,
F0036082,
F0036083,walkout
F0036084,walkout
F0036085,
F0036086,
F0036087,walkout
F0036088,
F0036089,
F0036090,
F0036091,
F0036092,
F0036093,
F0036094,
F0036095,walkout
F0036096,
F0036097,
F0036098,
F0036099,positive
F0036100,
F0036101,positive
F0036102,positive
F0036103,
F0036104,positive
F0036105,
F0036106,
F0036107,
F0036108,
F0036109,walkout
F0036110,
F0036111,
F0036112,
F0036113,
F0036114,
F0036115,
F0036116,
F0036117,
F0036118,
F0036119,walkout
F0036120,
F0036121,
F0036122,walkout
F0036123,
F0036124,
F0036125,positive
F0036126,positive
F0036127,positive
F0036128,
F0036129,
F0036130,
F0036131,
F0036132,positive
F0036133,
F0036134,
F0036135,
F0036136,
F0036137,
F0036138,
F0036139,
F0036140,long_wait
F0036141,
F0036142,
F0036143,
F0036144,
F0036145,
F0036146,
F0036147,
F0036148,
F0036149,
F0036150,
F0036151,
F0036152,
F0036153,positive
F0036154,
F0036155,positive
F0036156,
F0036157,
F0036158,
F0036159,
F0036160,
F0036161,
F0036162,
F0036163,
F0036164,
F0036165,
F0036166,
F0036167,
F0036168,positive
F0036169,
F0036170,
F0036171,positive
F0036172,
F0036173,positive
F0036174,
F0036175,
F0036176,positive
F0036177,
F0036178,positive
F0036179,
F0036180,
F0036181,
F0036182,
F0036183,positive
F0036184,
F0036185,
F0036186,positive
F0036187,
F0036188,
F0036189,
F0036190,positive
F0036191,
F0036192,
F0036193,
F0036194,
F0036195,
F0036196,walkout
F0036197,
F0036198,walkout
F0036199,
F0036200,
F0036201,
F0036202,
F0036203,long_wait
F0036204,
F0036205,walkout
F0036206,walkout
F0036207,walkout
F0036208,
F0036209,
F0036210,
F0036211,
F0036212,
F0036213,
F0036214,
F0036215,
F0036216,
F0036217,
F0036218,walkout
F0036219,
F0036220,
F0036221,walkout
F0036222,long_wait
F0036223,walkout
F0036224,
F0036225,walkout
F0036226,positive
F0036227,
F0036228,
F0036229,
F0036230,
F0036231,walkout
F0036232,
F0036233,
F0036234,
F0036235,
F0036236,
F0036237,positive
F0036238,walkout
F0036239,positive
F0036240,
F0036241,long_wait
F0036242,
F0036243,walkout
F0036244,positive
F0036245,long_wait
F0036246,
F0036247,positive
F0036248,
F0036249,walkout
F0036250,
F0036251,
F0036252,
F0036253,positive
F0036254,
F0036255,
F0036256,
F0036257,
F0036258,
F0036259,
F0036260,
F0036261,
F0036262,
F0036263,
F0036264,
F0036265,
F0036266,
F0036267,
F0036268,walkout
F0036269,
F0036270,
F0036271,positive
F0036272,
F0036273,walkout
F0036274,
F0036275,
F0036276,
F0036277,
F0036278,positive
F0036279,
F0036280,walkout
F0036281,positive
F0036282,
F0036283,
F0036284,
F0036285,
F0036286,
F0036287,
F0036288,
F0036289,
F0036290,positive
F0036291,
F0036292,
F0036293,
F0036294,positive
F0036295,
F0036296,
F0036297,
F0036298,
F0036299,positive
F0036300,
F0036301,
F0036302,
F0036303,
F0036304,
F0036305,
F0036306,
F0036307,walkout
F0036308,
F0036309,
F0036310,
F0036311,walkout
F0036312,walkout
F0036313,
F0036314,walkout
F0036315,
F0036316,
F0036317,
F0036318,positive
F0036319,
F0036320,
F0036321,
F0036322,walkout
F0036323,
F0036324,positive
F0036325,
F0036326,
F0036327,
F0036328,
F0036329,walkout
F0036330,
F0036331,
F0036332,
F0036333,
F0036334,
F0036335,
F0036336,
F0036337,
F0036338,
F0036339,
F0036340,walkout
F0036341,walkout
F0036342,
F0036343,long_wait
F0036344,
F0036345,walkout
F0036346,
F0036347,
F0036348,walkout
F0036349,
F0036350,
F0036351,long_wait
F0036352,
F0036353,
F0036354,
F0036355,
F0036356,
F0036357,
F0036358,
F0036359,
F0036360,walkout
F0036361,walkout
F0036362,
F0036363,
F0036364,positive
F0036365,
F0036366,
F0036367,
F0036368,
F0036369,
F0036370,
F0036371,
F0036372,positive
F0036373,
F0036374,walkout
F0036375,
F0036376,
F0036377,
F0036378,
F0036379,walkout
F0036380,
F0036381,
F0036382,
F0036383,
F0036384,walkout
F0036385,
F0036386,walkout
F0036387,
F0036388,
F0036389,
F0036390,long_wait
F0036391,walkout
F0036392,walkout
F0036393,walkout
F0036394,
F0036395,
F0036396,walkout
F0036397,
F0036398,
F0036399,
F0036400,
F0036401,
F0036402,
F0036403,
F0036404,
F0036405,
F0036406,
F0036407,
F0036408,
F0036409,
F0036410,
F0036411,
F0036412,positive
F0036413,
F0036414,
F0036415,positive
F0036416,documents
F0036417,documents
F0036418,
F0036419,
F0036420,
F0036421,positive
F0036422,
F0036423,positive
F0036424,
F0036425,positive
F0036426,
F0036427,walkout
F0036428,
F0036429,
F0036430,
F0036431,
F0036432,
F0036433,positive
F0036434,
F0036435,
F0036436,positive
F0036437,
F0036438,
F0036439,
F0036440,
F0036441,
F0036442,
F0036443,
F0036444,
F0036445,long_wait
F0036446,
F0036447,
F0036448,walkout
F0036449,
F0036450,
F0036451,
F0036452,
F0036453,walkout
F0036454,
F0036455,
F0036456,
F0036457,
F0036458,walkout
F0036459,
F0036460,
F0036461,
F0036462,walkout
F0036463,
F0036464,walkout
F0036465,
F0036466,
F0036467,walkout
F0036468,
F0036469,
F0036470,
F0036471,
F0036472,walkout
F0036473,
F0036474,
F0036475,
F0036476,
F0036477,walkout
F0036478,
F0036479,
F0036480,positive
F0036481,
F0036482,
F0036483,
F0036484,
F0036485,
F0036486,walkout
F0036487,walkout
F0036488,
F0036489,walkout
F0036490,positive
F0036491,
F0036492,
F0036493,
F0036494,
F0036495,
F0036496,
F0036497,
F0036498,walkout
F0036499,walkout
F0036500,positive
F0036501,walkout
F0036502,
F0036503,positive
F0036504,lunch
F0036505,
F0036506,
F0036507,
F0036508,
F0036509,
F0036510,walkout
F0036511,
F0036512,positive
F0036513,
F0036514,
F0036515,
F0036516,positive
F0036517,walkout
F0036518,
F0036519,
F0036520,
F0036521,
F0036522,
F0036523,
F0036524,
F0036525,
F0036526,
F0036527,positive
F0036528,
F0036529,walkout
F0036530,
F0036531,
F0036532,
F0036533,
F0036534,
F0036535,
F0036536,
F0036537,walkout
F0036538,documents
F0036539,
F0036540,
F0036541,
F0036542,
F0036543,
F0036544,
F0036545,
F0036546,
F0036547,
F0036548,
F0036549,
F0036550,
F0036551,
F0036552,
F0036553,
F0036554,positive
F0036555,
F0036556,
F0036557,
F0036558,
F0036559,
F0036560,
F0036561,
F0036562,
F0036563,
F0036564,
F0036565,
F0036566,
F0036567,
F0036568,
F0036569,positive
F0036570,
F0036571,walkout
F0036572,
F0036573,
F0036574,
F0036575,
F0036576,
F0036577,
F0036578,
F0036579,
F0036580,
F0036581,
F0036582,long_wait
F0036583,
F0036584,
F0036585,
F0036586,
F0036587,
F0036588,
F0036589,
F0036590,
F0036591,
F0036592,
F0036593,
F0036594,positive
F0036595,positive
F0036596,
F0036597,positive
F0036598,positive
F0036599,
F0036600,
F0036601,positive
F0036602,
F0036603,
F0036604,
F0036605,positive
F0036606,
F0036607,
F0036608,
F0036609,
F0036610,
F0036611,
F0036612,
F0036613,positive
F0036614,
F0036615,
F0036616,positive
F0036617,
F0036618,
F0036619,
F0036620,
F0036621,
F0036622,
F0036623,positive
F0036624,
F0036625,
F0036626,
F0036627,
F0036628,positive
F0036629,
F0036630,
F0036631,
F0036632,
F0036633,
F0036634,
F0036635,
F0036636,
F0036637,
F0036638,positive
F0036639,
F0036640,
F0036641,
F0036642,
F0036643,
F0036644,
F0036645,
F0036646,
F0036647,
F0036648,positive
F0036649,
F0036650,
F0036651,
F0036652,positive
F0036653,
F0036654,
F0036655,positive
F0036656,
F0036657,walkout
F0036658,
F0036659,positive
F0036660,positive
F0036661,
F0036662,
F0036663,
F0036664,
F0036665,
F0036666,
F0036667,positive
F0036668,
F0036669,
F0036670,
F0036671,walkout
F0036672,long_wait
F0036673,
F0036674,
F0036675,
F0036676,
F0036677,
F0036678,
F0036679,positive
F0036680,
F0036681,
F0036682,
F0036683,
F0036684,positive
F0036685,
F0036686,walkout
F0036687,
F0036688,
F0036689,
F0036690,
F0036691,
F0036692,
F0036693,
F0036694,lunch
F0036695,
F0036696,
F0036697,
F0036698,
F0036699,
F0036700,
F0036701,
F0036702,walkout
F0036703,
F0036704,
F0036705,positive
F0036706,
F0036707,positive
F0036708,
F0036709,
F0036710,
F0036711,
F0036712,
F0036713,
F0036714,
F0036715,
F0036716,positive
F0036717,
F0036718,
F0036719,
F0036720,positive
F0036721,
F0036722,
F0036723,
F0036724,
F0036725,
F0036726,
F0036727,
F0036728,
F0036729,
F0036730,
F0036731,
F0036732,
F0036733,
F0036734,positive
F0036735,
F0036736,
F0036737,
F0036738,positive
F0036739,
F0036740,
F0036741,
F0036742,
F0036743,
F0036744,walkout
F0036745,
F0036746,walkout
F0036747,positive
F0036748,
F0036749,
F0036750,
F0036751,
F0036752,
F0036753,positive
F0036754,
F0036755,
F0036756,
F0036757,
F0036758,
F0036759,
F0036760,
F0036761,
F0036762,
F0036763,
F0036764,walkout
F0036765,walkout
F0036766,
F0036767,
F0036768,
F0036769,positive
F0036770,
F0036771,
F0036772,positive
F0036773,
F0036774,
F0036775,
F0036776,
F0036777,
F0036778,positive
F0036779,
F0036780,
F0036781,
F0036782,
F0036783,walkout
F0036784,walkout
F0036785,
F0036786,
F0036787,
F0036788,
F0036789,walkout
F0036790,walkout
F0036791,
F0036792,walkout
F0036793,
F0036794,
F0036795,
F0036796,
F0036797,
F0036798,
F0036799,
F0036800,long_wait
F0036801,positive
F0036802,
F0036803,
F0036804,
F0036805,
F0036806,
F0036807,
F0036808,
F0036809,
F0036810,long_wait
F0036811,walkout
F0036812,
F0036813,walkout
F0036814,
F0036815,
F0036816,
F0036817,
F0036818,
F0036819,
F0036820,
F0036821,walkout
F0036822,walkout
F0036823,
F0036824,
F0036825,walkout
F0036826,
F0036827,positive
F0036828,
F0036829,
F0036830,
F0036831,
F0036832,
F0036833,
F0036834,
F0036835,positive
F0036836,
F0036837,
F0036838,walkout
F0036839,
F0036840,
F0036841,positive
F0036842,
F0036843,
F0036844,
F0036845,
F0036846,
F0036847,
F0036848,
F0036849,
F0036850,
F0036851,
F0036852,
F0036853,
F0036854,
F0036855,
F0036856,
F0036857,
F0036858,
F0036859,
F0036860,positive
F0036861,
F0036862,
F0036863,positive
F0036864,walkout
F0036865,
F0036866,
F0036867,
F0036868,
F0036869,
F0036870,
F0036871,
F0036872,
F0036873,
F0036874,
F0036875,
F0036876,walkout
F0036877,
F0036878,
F0036879,
F0036880,
F0036881,
F0036882,
F0036883,
F0036884,
F0036885,
F0036886,
F0036887,
F0036888,
F0036889,
F0036890,
F0036891,
F0036892,
F0036893,walkout
F0036894,lunch
F0036895,
F0036896,
F0036897,
F0036898,
F0036899,
F0036900,
F0036901,
F0036902,
F0036903,
F0036904,
F0036905,
F0036906,positive
F0036907,
F0036908,documents
F0036909,
F0036910,
F0036911,
F0036912,
F0036913,
F0036914,
F0036915,
F0036916,long_wait
F0036917,
F0036918,long_wait
F0036919,walkout
F0036920,
F0036921,walkout
F0036922,walkout
F0036923,walkout
F0036924,
F0036925,walkout
F0036926,walkout
F0036927,
F0036928,
F0036929,
F0036930,
F0036931,
F0036932,
F0036933,
F0036934,
F0036935,
F0036936,walkout
F0036937,
F0036938,
F0036939,
F0036940,walkout
F0036941,positive
F0036942,
F0036943,
F0036944,
F0036945,
F0036946,
F0036947,
F0036948,walkout
F0036949,seating
F0036950,long_wait
F0036951,
F0036952,
F0036953,
F0036954,
F0036955,
F0036956,
F0036957,
F0036958,
F0036959,
F0036960,
F0036961,
F0036962,
F0036963,walkout
F0036964,
F0036965,
F0036966,
F0036967,
F0036968,walkout
F0036969,walkout
F0036970,
F0036971,walkout
F0036972,
F0036973,walkout
F0036974,walkout
F0036975,
F0036976,walkout
F0036977,walkout
F0036978,
F0036979,
F0036980,
F0036981,walkout
F0036982,
F0036983,
F0036984,
F0036985,
F0036986,
F0036987,
F0036988,
F0036989,
F0036990,
F0036991,
F0036992,
F0036993,
F0036994,
F0036995,
F0036996,
F0036997,
F0036998,
F0036999,
F0037000,
F0037001,
F0037002,
F0037003,walkout
F0037004,
F0037005,
F0037006,
F0037007,
F0037008,
F0037009,walkout
F0037010,
F0037011,
F0037012,
F0037013,positive
F0037014,
F0037015,
F0037016,
F0037017,
F0037018,
F0037019,
F0037020,
F0037021,
F0037022,
F0037023,
F0037024,
F0037025,positive
F0037026,
F0037027,
F0037028,
F0037029,
F0037030,
F0037031,
F0037032,
F0037033,
F0037034,
F0037035,
F0037036,
F0037037,
F0037038,
F0037039,
F0037040,
F0037041,
F0037042,
F0037043,
F0037044,
F0037045,positive
F0037046,walkout
F0037047,
F0037048,
F0037049,positive
F0037050,
F0037051,
F0037052,
F0037053,walkout
F0037054,walkout
F0037055,
F0037056,
F0037057,
F0037058,long_wait
F0037059,walkout
F0037060,
F0037061,walkout
F0037062,
F0037063,walkout
F0037064,walkout
F0037065,
F0037066,long_wait
F0037067,positive
F0037068,
F0037069,walkout
F0037070,
F0037071,
F0037072,
F0037073,
F0037074,
F0037075,
F0037076,
F0037077,
F0037078,
F0037079,
F0037080,
F0037081,walkout
F0037082,
F0037083,
F0037084,
F0037085,
F0037086,
F0037087,
F0037088,positive
F0037089,
F0037090,
F0037091,
F0037092,
F0037093,
F0037094,
F0037095,positive
F0037096,
F0037097,
F0037098,
F0037099,
F0037100,positive
F0037101,
F0037102,
F0037103,
F0037104,positive
F0037105,
F0037106,
F0037107,
F0037108,
F0037109,walkout
F0037110,
F0037111,walkout
F0037112,
F0037113,positive
F0037114,
F0037115,
F0037116,
F0037117,
F0037118,
F0037119,
F0037120,
F0037121,
F0037122,
F0037123,walkout
F0037124,
F0037125,slow_dd
F0037126,
F0037127,positive
F0037128,
F0037129,
F0037130,
F0037131,
F0037132,
F0037133,
F0037134,
F0037135,positive
F0037136,
F0037137,
F0037138,
F0037139,
F0037140,positive
F0037141,
F0037142,
F0037143,
F0037144,
F0037145,walkout
F0037146,
F0037147,
F0037148,positive
F0037149,positive
F0037150,
F0037151,
F0037152,
F0037153,
F0037154,
F0037155,
F0037156,
F0037157,walkout
F0037158,
F0037159,positive
F0037160,
F0037161,
F0037162,
F0037163,positive
F0037164,
F0037165,positive
F0037166,
F0037167,
F0037168,
F0037169,
F0037170,
F0037171,
F0037172,
F0037173,
F0037174,
F0037175,
F0037176,
F0037177,
F0037178,
F0037179,
F0037180,
F0037181,
F0037182,positive
F0037183,
F0037184,
F0037185,
F0037186,
F0037187,
F0037188,
F0037189,
F0037190,walkout
F0037191,positive
F0037192,positive
F0037193,
F0037194,positive
F0037195,
F0037196,
F0037197,positive
F0037198,
F0037199,
F0037200,
F0037201,
F0037202,
F0037203,
F0037204,walkout
F0037205,
F0037206,
F0037207,
F0037208,
F0037209,
F0037210,
F0037211,
F0037212,
F0037213,
F0037214,
F0037215,
F0037216,
F0037217,
F0037218,positive
F0037219,
F0037220,
F0037221,
F0037222,
F0037223,
F0037224,walkout
F0037225,
F0037226,
F0037227,
F0037228,
F0037229,positive
F0037230,
F0037231,positive
F0037232,
F0037233,
F0037234,
F0037235,positive
F0037236,
F0037237,
F0037238,walkout
F0037239,
F0037240,
F0037241,
F0037242,
F0037243,
F0037244,
F0037245,walkout
F0037246,
F0037247,
F0037248,
F0037249,
F0037250,
F0037251,walkout
F0037252,long_wait
F0037253,walkout
F0037254,
F0037255,long_wait
F0037256,
F0037257,
F0037258,
F0037259,
F0037260,
F0037261,
F0037262,
F0037263,
F0037264,
F0037265,
F0037266,
F0037267,
F0037268,
F0037269,
F0037270,
F0037271,
F0037272,
F0037273,
F0037274,
F0037275,
F0037276,
F0037277,positive
F0037278,
F0037279,
F0037280,
F0037281,
F0037282,
F0037283,
F0037284,
F0037285,
F0037286,
F0037287,
F0037288,
F0037289,
F0037290,
F0037291,
F0037292,
F0037293,positive
F0037294,
F0037295,
F0037296,
F0037297,
F0037298,
F0037299,
F0037300,
F0037301,walkout
F0037302,
F0037303,
F0037304,positive
F0037305,
F0037306,
F0037307,
F0037308,
F0037309,
F0037310,
F0037311,
F0037312,
F0037313,
F0037314,
F0037315,
F0037316,positive
F0037317,
F0037318,
F0037319,
F0037320,
F0037321,
F0037322,
F0037323,positive
F0037324,
F0037325,positive
F0037326,
F0037327,
F0037328,
F0037329,
F0037330,positive
F0037331,
F0037332,
F0037333,
F0037334,
F0037335,
F0037336,
F0037337,
F0037338,
F0037339,
F0037340,
F0037341,
F0037342,positive
F0037343,
F0037344,
F0037345,
F0037346,
F0037347,
F0037348,
F0037349,positive
F0037350,positive
F0037351,
F0037352,
F0037353,walkout
F0037354,walkout
F0037355,
F0037356,walkout
F0037357,
F0037358,
F0037359,
F0037360,walkout
F0037361,
F0037362,
F0037363,
F0037364,
F0037365,
F0037366,
F0037367,walkout
F0037368,
F0037369,
F0037370,
F0037371,
F0037372,walkout
F0037373,
F0037374,walkout
F0037375,
F0037376,positive
F0037377,
F0037378,
F0037379,
F0037380,
F0037381,
F0037382,
F0037383,walkout
F0037384,walkout
F0037385,
F0037386,lunch
F0037387,
F0037388,
F0037389,
F0037390,
F0037391,
F0037392,positive
F0037393,
F0037394,
F0037395,walkout
F0037396,
F0037397,
F0037398,
F0037399,
F0037400,
F0037401,
F0037402,
F0037403,
F0037404,positive
F0037405,
F0037406,
F0037407,
F0037408,
F0037409,
F0037410,
F0037411,
F0037412,positive
F0037413,
F0037414,
F0037415,positive
F0037416,
F0037417,
F0037418,
F0037419,
F0037420,
F0037421,
F0037422,
F0037423,positive
F0037424,
F0037425,
F0037426,
F0037427,
F0037428,
F0037429,
F0037430,walkout
F0037431,
F0037432,walkout
F0037433,
F0037434,
F0037435,
F0037436,seating
F0037437,walkout
F0037438,
F0037439,positive
F0037440,
F0037441,walkout
F0037442,
F0037443,
F0037444,
F0037445,
F0037446,
F0037447,
F0037448,
F0037449,
F0037450,
F0037451,
F0037452,
F0037453,positive
F0037454,
F0037455,
F0037456,
F0037457,positive
F0037458,
F0037459,
F0037460,
F0037461,
F0037462,positive
F0037463,
F0037464,
F0037465,
F0037466,
F0037467,positive
F0037468,positive
F0037469,documents
F0037470,positive
F0037471,
F0037472,
F0037473,
F0037474,
F0037475,
F0037476,positive
F0037477,
F0037478,
F0037479,
F0037480,
F0037481,documents
F0037482,
F0037483,
F0037484,
F0037485,
F0037486,positive
F0037487,
F0037488,
F0037489,positive
F0037490,
F0037491,
F0037492,
F0037493,
F0037494,
F0037495,
F0037496,
F0037497,
F0037498,
F0037499,
F0037500,positive
F0037501,
F0037502,
F0037503,
F0037504,
F0037505,positive
F0037506,
F0037507,
F0037508,
F0037509,positive
F0037510,long_wait
F0037511,positive
F0037512,
F0037513,walkout
F0037514,positive
F0037515,
F0037516,
F0037517,
F0037518,positive
F0037519,
F0037520,
F0037521,
F0037522,positive
F0037523,positive
F0037524,
F0037525,
F0037526,
F0037527,
F0037528,
F0037529,
F0037530,
F0037531,
F0037532,
F0037533,
F0037534,positive
F0037535,
F0037536,
F0037537,positive
F0037538,walkout
F0037539,
F0037540,
F0037541,
F0037542,walkout
F0037543,
F0037544,
F0037545,
F0037546,
F0037547,
F0037548,
F0037549,positive
F0037550,
F0037551,
F0037552,positive
F0037553,
F0037554,positive
F0037555,
F0037556,
F0037557,
F0037558,
F0037559,
F0037560,
F0037561,positive
F0037562,
F0037563,
F0037564,
F0037565,
F0037566,
F0037567,
F0037568,
F0037569,
F0037570,
F0037571,
F0037572,
F0037573,
F0037574,
F0037575,positive
F0037576,
F0037577,
F0037578,
F0037579,
F0037580,
F0037581,
F0037582,
F0037583,positive
F0037584,
F0037585,
F0037586,
F0037587,
F0037588,
F0037589,
F0037590,
F0037591,
F0037592,
F0037593,
F0037594,
F0037595,
F0037596,
F0037597,
F0037598,walkout
F0037599,
F0037600,
F0037601,
F0037602,
F0037603,
F0037604,
F0037605,positive
F0037606,positive
F0037607,
F0037608,
F0037609,positive
F0037610,positive
F0037611,
F0037612,
F0037613,
F0037614,
F0037615,positive
F0037616,
F0037617,
F0037618,
F0037619,
F0037620,positive
F0037621,
F0037622,
F0037623,
F0037624,
F0037625,
F0037626,
F0037627,
F0037628,
F0037629,
F0037630,
F0037631,
F0037632,
F0037633,positive
F0037634,
F0037635,
F0037636,
F0037637,
F0037638,
F0037639,
F0037640,
F0037641,positive
F0037642,positive
F0037643,positive
F0037644,
F0037645,positive
F0037646,
F0037647,
F0037648,
F0037649,
F0037650,
F0037651,
F0037652,
F0037653,
F0037654,positive
F0037655,
F0037656,positive
F0037657,
F0037658,
F0037659,positive
F0037660,
F0037661,
F0037662,
F0037663,
F0037664,positive
F0037665,
F0037666,
F0037667,
F0037668,positive
F0037669,
F0037670,positive
F0037671,
F0037672,
F0037673,
F0037674,
F0037675,
F0037676,
F0037677,
F0037678,
F0037679,
F0037680,
F0037681,
F0037682,
F0037683,
F0037684,positive
F0037685,
F0037686,walkout
F0037687,
F0037688,
F0037689,
F0037690,positive
F0037691,
F0037692,
F0037693,
F0037694,
F0037695,
F0037696,
F0037697,
F0037698,
F0037699,
F0037700,
F0037701,
F0037702,
F0037703,
F0037704,
F0037705,
F0037706,
F0037707,positive
F0037708,
F0037709,
F0037710,positive
F0037711,positive
F0037712,positive
F0037713,
F0037714,
F0037715,walkout
F0037716,walkout
F0037717,
F0037718,
F0037719,
F0037720,
F0037721,
F0037722,
F0037723,
F0037724,
F0037725,
F0037726,
F0037727,
F0037728,
F0037729,
F0037730,
F0037731,
F0037732,
F0037733,positive
F0037734,positive
F0037735,
F0037736,
F0037737,
F0037738,
F0037739,positive
F0037740,positive
F0037741,
F0037742,
F0037743,
F0037744,
F0037745,
F0037746,
F0037747,positive
F0037748,
F0037749,
F0037750,
F0037751,positive
F0037752,
F0037753,
F0037754,
F0037755,
F0037756,
F0037757,
F0037758,
F0037759,
F0037760,
F0037761,documents
F0037762,
F0037763,walkout
F0037764,
F0037765,
F0037766,
F0037767,
F0037768,
F0037769,positive
F0037770,
F0037771,
F0037772,
F0037773,
F0037774,
F0037775,
F0037776,
F0037777,positive
F0037778,
F0037779,
F0037780,positive
F0037781,
F0037782,
F0037783,
F0037784,long_wait
F0037785,
F0037786,
F0037787,
F0037788,
F0037789,positive
F0037790,positive
F0037791,
F0037792,
F0037793,positive
F0037794,
F0037795,
F0037796,
F0037797,
F0037798,
F0037799,
F0037800,
F0037801,walkout
F0037802,
F0037803,
F0037804,positive
F0037805,
F0037806,
F0037807,
F0037808,positive
F0037809,
F0037810,walkout
F0037811,
F0037812,positive
F0037813,
F0037814,
F0037815,
F0037816,
F0037817,walkout
F0037818,
F0037819,
F0037820,positive
F0037821,
F0037822,positive
F0037823,
F0037824,
F0037825,
F0037826,
F0037827,
F0037828,
F0037829,
F0037830,
F0037831,positive
F0037832,
F0037833,
F0037834,
F0037835,
F0037836,
F0037837,
F0037838,
F0037839,
F0037840,
F0037841,
F0037842,
F0037843,
F0037844,
F0037845,
F0037846,
F0037847,
F0037848,
F0037849,positive
F0037850,positive
F0037851,
F0037852,
F0037853,
F0037854,
F0037855,
F0037856,
F0037857,
F0037858,
F0037859,
F0037860,
F0037861,
F0037862,
F0037863,
F0037864,positive
F0037865,
F0037866,
F0037867,
F0037868,
F0037869,
F0037870,positive
F0037871,
F0037872,
F0037873,
F0037874,
F0037875,
F0037876,positive
F0037877,
F0037878,positive
F0037879,
F0037880,
F0037881,
F0037882,positive
F0037883,
F0037884,
F0037885,
F0037886,
F0037887,positive
F0037888,
F0037889,
F0037890,
F0037891,
F0037892,
F0037893,positive
F0037894,
F0037895,
F0037896,
F0037897,
F0037898,
F0037899,long_wait
F0037900,walkout
F0037901,walkout
F0037902,
F0037903,walkout
F0037904,
F0037905,seating
F0037906,
F0037907,
F0037908,
F0037909,positive
F0037910,
F0037911,
F0037912,
F0037913,
F0037914,
F0037915,positive
F0037916,positive
F0037917,positive
F0037918,
F0037919,
F0037920,
F0037921,
F0037922,
F0037923,
F0037924,
F0037925,
F0037926,
F0037927,positive
F0037928,
F0037929,
F0037930,
F0037931,
F0037932,
F0037933,
F0037934,
F0037935,
F0037936,
F0037937,
F0037938,
F0037939,walkout
F0037940,
F0037941,
F0037942,
F0037943,positive
F0037944,
F0037945,
F0037946,
F0037947,
F0037948,positive
F0037949,
F0037950,
F0037951,
F0037952,
F0037953,walkout
F0037954,positive
F0037955,
F0037956,
F0037957,
F0037958,
F0037959,
F0037960,positive
F0037961,
F0037962,long_wait
F0037963,
F0037964,
F0037965,
F0037966,walkout
F0037967,positive
F0037968,
F0037969,
F0037970,
F0037971,
F0037972,
F0037973,
F0037974,
F0037975,
F0037976,
F0037977,
F0037978,
F0037979,
F0037980,
F0037981,
F0037982,
F0037983,
F0037984,
F0037985,
F0037986,
F0037987,positive
F0037988,
F0037989,
F0037990,
F0037991,
F0037992,
F0037993,
F0037994,
F0037995,
F0037996,walkout
F0037997,
F0037998,
F0037999,
F0038000,
F0038001,positive
F0038002,
F0038003,
F0038004,
F0038005,
F0038006,
F0038007,
F0038008,
F0038009,
F0038010,
F0038011,
F0038012,
F0038013,
F0038014,
F0038015,
F0038016,
F0038017,
F0038018,
F0038019,
F0038020,
F0038021,
F0038022,
F0038023,
F0038024,walkout
F0038025,
F0038026,
F0038027,
F0038028,positive
F0038029,
F0038030,
F0038031,
F0038032,
F0038033,positive
F0038034,
F0038035,
F0038036,
F0038037,positive
F0038038,positive
F0038039,
F0038040,
F0038041,positive
F0038042,positive
F0038043,
F0038044,
F0038045,
F0038046,long_wait
F0038047,
F0038048,
F0038049,walkout
F0038050,
F0038051,
F0038052,
F0038053,
F0038054,walkout
F0038055,
F0038056,
F0038057,positive
F0038058,walkout
F0038059,walkout
F0038060,
F0038061,walkout
F0038062,
F0038063,
F0038064,
F0038065,
F0038066,long_wait
F0038067,
F0038068,
F0038069,walkout
F0038070,
F0038071,
F0038072,
F0038073,long_wait
F0038074,
F0038075,walkout
F0038076,
F0038077,
F0038078,
F0038079,
F0038080,
F0038081,
F0038082,
F0038083,
F0038084,
F0038085,
F0038086,walkout
F0038087,
F0038088,
F0038089,
F0038090,
F0038091,walkout
F0038092,walkout
F0038093,
F0038094,
F0038095,
F0038096,
F0038097,walkout
F0038098,
F0038099,walkout
F0038100,
F0038101,
F0038102,
F0038103,
F0038104,positive
F0038105,
F0038106,
F0038107,
F0038108,
F0038109,
F0038110,
F0038111,
F0038112,
F0038113,
F0038114,
F0038115,
F0038116,
F0038117,
F0038118,
F0038119,
F0038120,
F0038121,
F0038122,
F0038123,
F0038124,
F0038125,
F0038126,
F0038127,
F0038128,
F0038129,long_wait
F0038130,
F0038131,
F0038132,positive
F0038133,
F0038134,
F0038135,
F0038136,
F0038137,
F0038138,
F0038139,
F0038140,
F0038141,
F0038142,
F0038143,
F0038144,positive
F0038145,positive
F0038146,
F0038147,
F0038148,
F0038149,
F0038150,
F0038151,
F0038152,positive
F0038153,
F0038154,
F0038155,
F0038156,
F0038157,
F0038158,
F0038159,
F0038160,
F0038161,
F0038162,
F0038163,
F0038164,
F0038165,
F0038166,
F0038167,
F0038168,
F0038169,
F0038170,
F0038171,
F0038172,
F0038173,
F0038174,
F0038175,
F0038176,
F0038177,
F0038178,
F0038179,
F0038180,
F0038181,
F0038182,
F0038183,
F0038184,
F0038185,
F0038186,
F0038187,
F0038188,
F0038189,positive
F0038190,
F0038191,
F0038192,
F0038193,
F0038194,
F0038195,
F0038196,
F0038197,
F0038198,
F0038199,
F0038200,
F0038201,
F0038202,
F0038203,
F0038204,
F0038205,
F0038206,positive
F0038207,
F0038208,
F0038209,
F0038210,
F0038211,
F0038212,
F0038213,
F0038214,
F0038215,positive
F0038216,walkout
F0038217,positive
F0038218,
F0038219,
F0038220,
F0038221,positive
F0038222,
F0038223,
F0038224,
F0038225,
F0038226,
F0038227,
F0038228,
F0038229,
F0038230,
F0038231,
F0038232,
F0038233,
F0038234,
F0038235,
F0038236,
F0038237,
F0038238,
F0038239,positive
F0038240,
F0038241,
F0038242,
F0038243,
F0038244,
F0038245,
F0038246,positive
F0038247,positive
F0038248,
F0038249,
F0038250,
F0038251,positive
F0038252,
F0038253,
F0038254,
F0038255,positive
F0038256,
F0038257,positive
F0038258,
F0038259,positive
F0038260,
F0038261,positive
F0038262,
F0038263,positive
F0038264,long_wait
F0038265,
F0038266,
F0038267,
F0038268,
F0038269,
F0038270,
F0038271,positive
F0038272,positive
F0038273,
F0038274,
F0038275,positive
F0038276,
F0038277,
F0038278,positive
F0038279,
F0038280,
F0038281,
F0038282,
F0038283,
F0038284,
F0038285,
F0038286,
F0038287,
F0038288,
F0038289,positive
F0038290,positive
F0038291,
F0038292,
F0038293,
F0038294,positive
F0038295,
F0038296,
F0038297,
F0038298,
F0038299,
F0038300,
F0038301,
F0038302,
F0038303,
F0038304,
F0038305,
F0038306,
F0038307,
F0038308,
F0038309,
F0038310,
F0038311,
F0038312,walkout
F0038313,
F0038314,walkout
F0038315,
F0038316,
F0038317,
F0038318,
F0038319,
F0038320,
F0038321,
F0038322,long_wait
F0038323,
F0038324,
F0038325,
F0038326,
F0038327,
F0038328,
F0038329,
F0038330,
F0038331,
F0038332,positive
F0038333,
F0038334,
F0038335,
F0038336,
F0038337,
F0038338,
F0038339,
F0038340,
F0038341,
F0038342,walkout
F0038343,
F0038344,
F0038345,
F0038346,
F0038347,
F0038348,positive
F0038349,
F0038350,
F0038351,
F0038352,
F0038353,
F0038354,positive
F0038355,
F0038356,walkout
F0038357,
F0038358,walkout
F0038359,
F0038360,positive
F0038361,walkout
F0038362,
F0038363,
F0038364,
F0038365,
F0038366,
F0038367,
F0038368,long_wait
F0038369,walkout
F0038370,
F0038371,
F0038372,
F0038373,
F0038374,
F0038375,walkout
F0038376,
F0038377,
F0038378,walkout
F0038379,
F0038380,
F0038381,
F0038382,
F0038383,
F0038384,
F0038385,
F0038386,
F0038387,
F0038388,
F0038389,
F0038390,
F0038391,
F0038392,walkout
F0038393,
F0038394,
F0038395,
F0038396,
F0038397,
F0038398,
F0038399,walkout
F0038400,
F0038401,
F0038402,documents
F0038403,
F0038404,
F0038405,
F0038406,
F0038407,
F0038408,
F0038409,
F0038410,walkout
F0038411,
F0038412,
F0038413,
F0038414,
F0038415,
F0038416,system_down
F0038417,
F0038418,
F0038419,
F0038420,
F0038421,
F0038422,walkout
F0038423,
F0038424,
F0038425,
F0038426,
F0038427,positive
F0038428,
F0038429,
F0038430,
F0038431,positive
F0038432,
F0038433,
F0038434,
F0038435,walkout
F0038436,
F0038437,positive
F0038438,
F0038439,
F0038440,
F0038441,
F0038442,
F0038443,
F0038444,positive
F0038445,
F0038446,
F0038447,
F0038448,
F0038449,
F0038450,positive
F0038451,positive
F0038452,
F0038453,
F0038454,positive
F0038455,
F0038456,
F0038457,positive
F0038458,positive
F0038459,
F0038460,
F0038461,
F0038462,
F0038463,
F0038464,positive
F0038465,
F0038466,
F0038467,
F0038468,
F0038469,
F0038470,
F0038471,
F0038472,
F0038473,
F0038474,lunch
F0038475,
F0038476,
F0038477,
F0038478,
F0038479,
F0038480,
F0038481,
F0038482,
F0038483,
F0038484,
F0038485,
F0038486,
F0038487,
F0038488,
F0038489,positive
F0038490,
F0038491,
F0038492,
F0038493,
F0038494,
F0038495,
F0038496,
F0038497,
F0038498,
F0038499,positive
F0038500,
F0038501,
F0038502,
F0038503,
F0038504,
F0038505,
F0038506,
F0038507,
F0038508,
F0038509,
F0038510,positive
F0038511,
F0038512,
F0038513,
F0038514,
F0038515,positive
F0038516,
F0038517,
F0038518,
F0038519,positive
F0038520,
F0038521,
F0038522,
F0038523,
F0038524,
F0038525,positive
F0038526,
F0038527,
F0038528,
F0038529,
F0038530,
F0038531,
F0038532,
F0038533,positive
F0038534,
F0038535,
F0038536,
F0038537,walkout
F0038538,
F0038539,
F0038540,
F0038541,
F0038542,
F0038543,
F0038544,
F0038545,
F0038546,
F0038547,
F0038548,
F0038549,
F0038550,
F0038551,positive
F0038552,
F0038553,
F0038554,
F0038555,
F0038556,
F0038557,
F0038558,
F0038559,
F0038560,
F0038561,positive
F0038562,positive
F0038563,
F0038564,
F0038565,
F0038566,
F0038567,
F0038568,walkout
F0038569,
F0038570,positive
F0038571,
F0038572,walkout
F0038573,positive
F0038574,
F0038575,
F0038576,positive
F0038577,
F0038578,
F0038579,
F0038580,
F0038581,
F0038582,
F0038583,
F0038584,
F0038585,
F0038586,
F0038587,
F0038588,
F0038589,long_wait
F0038590,
F0038591,
F0038592,
F0038593,
F0038594,walkout
F0038595,
F0038596,positive
F0038597,
F0038598,
F0038599,
F0038600,
F0038601,
F0038602,
F0038603,
F0038604,positive
F0038605,
F0038606,
F0038607,positive
F0038608,
F0038609,
F0038610,
F0038611,
F0038612,slow_dd
F0038613,
F0038614,
F0038615,
F0038616,
F0038617,
F0038618,
F0038619,
F0038620,
F0038621,
F0038622,
F0038623,
F0038624,
F0038625,positive
F0038626,
F0038627,
F0038628,
F0038629,
F0038630,
F0038631,
F0038632,walkout
F0038633,
F0038634,
F0038635,
F0038636,
F0038637,
F0038638,
F0038639,
F0038640,
F0038641,
F0038642,
F0038643,
F0038644,walkout
F0038645,
F0038646,
F0038647,
F0038648,
F0038649,
F0038650,
F0038651,
F0038652,
F0038653,
F0038654,
F0038655,positive
F0038656,
F0038657,
F0038658,
F0038659,
F0038660,
F0038661,
F0038662,
F0038663,
F0038664,
F0038665,
F0038666,
F0038667,
F0038668,positive
F0038669,
F0038670,
F0038671,
F0038672,positive
F0038673,
F0038674,
F0038675,
F0038676,
F0038677,
F0038678,
F0038679,positive
F0038680,positive
F0038681,
F0038682,
F0038683,walkout
F0038684,
F0038685,
F0038686,positive
F0038687,
F0038688,
F0038689,
F0038690,walkout
F0038691,
F0038692,
F0038693,positive
F0038694,
F0038695,
F0038696,
F0038697,walkout
F0038698,
F0038699,
F0038700,
F0038701,
F0038702,
F0038703,
F0038704,
F0038705,
F0038706,
F0038707,
F0038708,
F0038709,walkout
F0038710,
F0038711,
F0038712,
F0038713,
F0038714,
F0038715,
F0038716,
F0038717,
F0038718,positive
F0038719,
F0038720,positive
F0038721,
F0038722,
F0038723,
F0038724,
F0038725,positive
F0038726,
F0038727,
F0038728,
F0038729,positive
F0038730,
F0038731,positive
F0038732,
F0038733,
F0038734,long_wait
F0038735,
F0038736,
F0038737,
F0038738,
F0038739,positive
F0038740,positive
F0038741,
F0038742,
F0038743,positive
F0038744,long_wait
F0038745,
F0038746,
F0038747,
F0038748,
F0038749,
F0038750,
F0038751,
F0038752,
F0038753,
F0038754,
F0038755,positive
F0038756,
F0038757,
F0038758,
F0038759,
F0038760,
F0038761,
F0038762,
F0038763,
F0038764,positive
F0038765,positive
F0038766,
F0038767,
F0038768,
F0038769,
F0038770,
F0038771,
F0038772,
F0038773,
F0038774,
F0038775,
F0038776,
F0038777,
F0038778,
F0038779,
F0038780,long_wait
F0038781,
F0038782,
F0038783,
F0038784,walkout
F0038785,
F0038786,
F0038787,
F0038788,
F0038789,
F0038790,
F0038791,positive
F0038792,
F0038793,slow_dd
F0038794,
F0038795,positive
F0038796,
F0038797,
F0038798,
F0038799,positive
F0038800,positive
F0038801,
F0038802,
F0038803,
F0038804,walkout
F0038805,positive
F0038806,
F0038807,
F0038808,
F0038809,
F0038810,
F0038811,
F0038812,
F0038813,positive
F0038814,
F0038815,
F0038816,
F0038817,
F0038818,
F0038819,walkout
F0038820,
F0038821,
F0038822,
F0038823,
F0038824,
F0038825,
F0038826,walkout
F0038827,
F0038828,walkout
F0038829,
F0038830,
F0038831,
F0038832,
F0038833,
F0038834,
F0038835,
F0038836,
F0038837,
F0038838,
F0038839,positive
F0038840,
F0038841,
F0038842,
F0038843,walkout
F0038844,
F0038845,
F0038846,
F0038847,
F0038848,
F0038849,
F0038850,walkout
F0038851,
F0038852,
F0038853,walkout
F0038854,
F0038855,
F0038856,
F0038857,
F0038858,
F0038859,
F0038860,
F0038861,
F0038862,positive
F0038863,walkout
F0038864,
F0038865,walkout
F0038866,
F0038867,positive
F0038868,
F0038869,
F0038870,positive
F0038871,positive
F0038872,
F0038873,
F0038874,
F0038875,
F0038876,positive
F0038877,
F0038878,long_wait
F0038879,
F0038880,
F0038881,
F0038882,
F0038883,
F0038884,
F0038885,
F0038886,
F0038887,positive
F0038888,positive
F0038889,
F0038890,positive
F0038891,
F0038892,
F0038893,
F0038894,
F0038895,positive
F0038896,
F0038897,
F0038898,
F0038899,
F0038900,long_wait
F0038901,
F0038902,
F0038903,
F0038904,
F0038905,
F0038906,
F0038907,positive
F0038908,positive
F0038909,positive
F0038910,
F0038911,
F0038912,
F0038913,
F0038914,
F0038915,positive
F0038916,
F0038917,
F0038918,
F0038919,
F0038920,
F0038921,
F0038922,walkout
F0038923,
F0038924,
F0038925,walkout
F0038926,
F0038927,walkout
F0038928,
F0038929,
F0038930,
F0038931,
F0038932,walkout
F0038933,walkout
F0038934,
F0038935,
F0038936,
F0038937,
F0038938,
F0038939,
F0038940,
F0038941,walkout
F0038942,walkout
F0038943,
F0038944,
F0038945,
F0038946,long_wait
F0038947,
F0038948,
F0038949,
F0038950,positive
F0038951,
F0038952,
F0038953,
F0038954,
F0038955,walkout
F0038956,
F0038957,
F0038958,positive
F0038959,
F0038960,
F0038961,
F0038962,
F0038963,
F0038964,
F0038965,
F0038966,
F0038967,
F0038968,
F0038969,
F0038970,
F0038971,
F0038972,
F0038973,
F0038974,
F0038975,
F0038976,
F0038977,positive
F0038978,positive
F0038979,
F0038980,
F0038981,
F0038982,
F0038983,
F0038984,
F0038985,
F0038986,
F0038987,
F0038988,
F0038989,
F0038990,seating
F0038991,
F0038992,positive
F0038993,
F0038994,positive
F0038995,walkout
F0038996,walkout
F0038997,
F0038998,
F0038999,
F0039000,
F0039001,walkout
F0039002,long_wait
F0039003,long_wait
F0039004,long_wait
F0039005,
F0039006,long_wait
F0039007,lunch
F0039008,walkout
F0039009,
F0039010,walkout
F0039011,walkout
F0039012,
F0039013,lunch
F0039014,
F0039015,walkout
F0039016,
F0039017,walkout
F0039018,
F0039019,
F0039020,
F0039021,
F0039022,
F0039023,
F0039024,
F0039025,
F0039026,
F0039027,
F0039028,
F0039029,
F0039030,
F0039031,
F0039032,
F0039033,
F0039034,
F0039035,
F0039036,
F0039037,
F0039038,
F0039039,positive
F0039040,positive
F0039041,
F0039042,
F0039043,positive
F0039044,
F0039045,
F0039046,walkout
F0039047,
F0039048,
F0039049,positive
F0039050,
F0039051,
F0039052,
F0039053,
F0039054,
F0039055,positive
F0039056,
F0039057,
F0039058,
F0039059,
F0039060,
F0039061,
F0039062,
F0039063,
F0039064,
F0039065,positive
F0039066,positive
F0039067,
F0039068,
F0039069,
F0039070,
F0039071,
F0039072,
F0039073,
F0039074,
F0039075,
F0039076,positive
F0039077,
F0039078,
F0039079,
F0039080,
F0039081,
F0039082,
F0039083,
F0039084,positive
F0039085,
F0039086,
F0039087,
F0039088,
F0039089,
F0039090,
F0039091,positive
F0039092,
F0039093,
F0039094,documents
F0039095,
F0039096,
F0039097,
F0039098,walkout
F0039099,
F0039100,
F0039101,
F0039102,
F0039103,
F0039104,positive
F0039105,walkout
F0039106,
F0039107,walkout
F0039108,
F0039109,walkout
F0039110,
F0039111,
F0039112,
F0039113,
F0039114,
F0039115,
F0039116,
F0039117,
F0039118,
F0039119,positive
F0039120,
F0039121,positive
F0039122,
F0039123,positive
F0039124,
F0039125,
F0039126,
F0039127,
F0039128,
F0039129,
F0039130,
F0039131,positive
F0039132,positive
F0039133,positive
F0039134,
F0039135,
F0039136,
F0039137,positive
F0039138,positive
F0039139,positive
F0039140,
F0039141,
F0039142,
F0039143,
F0039144,positive
F0039145,
F0039146,
F0039147,
F0039148,positive
F0039149,positive
F0039150,walkout
F0039151,
F0039152,
F0039153,
F0039154,
F0039155,
F0039156,
F0039157,positive
F0039158,
F0039159,
F0039160,
F0039161,
F0039162,
F0039163,
F0039164,
F0039165,positive
F0039166,positive
F0039167,
F0039168,
F0039169,
F0039170,
F0039171,
F0039172,
F0039173,
F0039174,positive
F0039175,
F0039176,
F0039177,walkout
F0039178,
F0039179,
F0039180,
F0039181,
F0039182,
F0039183,
F0039184,positive
F0039185,
F0039186,positive
F0039187,
F0039188,
F0039189,
F0039190,
F0039191,documents
F0039192,
F0039193,
F0039194,
F0039195,
F0039196,
F0039197,
F0039198,documents
F0039199,
F0039200,
F0039201,
F0039202,
F0039203,
F0039204,
F0039205,
F0039206,
F0039207,
F0039208,
F0039209,
F0039210,positive
F0039211,positive
F0039212,
F0039213,
F0039214,
F0039215,
F0039216,
F0039217,
F0039218,
F0039219,
F0039220,
F0039221,walkout
F0039222,
F0039223,walkout
F0039224,positive
F0039225,positive
F0039226,
F0039227,
F0039228,
F0039229,
F0039230,
F0039231,
F0039232,
F0039233,
F0039234,positive
F0039235,
F0039236,positive
F0039237,
F0039238,positive
F0039239,
F0039240,
F0039241,
F0039242,positive
F0039243,
F0039244,
F0039245,
F0039246,
F0039247,
F0039248,
F0039249,
F0039250,
F0039251,
F0039252,
F0039253,walkout
F0039254,
F0039255,positive
F0039256,
F0039257,positive
F0039258,positive
F0039259,
F0039260,
F0039261,
F0039262,
F0039263,
F0039264,
F0039265,
F0039266,
F0039267,long_wait
F0039268,
F0039269,
F0039270,
F0039271,
F0039272,
F0039273,
F0039274,
F0039275,
F0039276,
F0039277,
F0039278,
F0039279,
F0039280,
F0039281,
F0039282,
F0039283,
F0039284,positive
F0039285,
F0039286,
F0039287,
F0039288,positive
F0039289,
F0039290,
F0039291,
F0039292,
F0039293,
F0039294,
F0039295,
F0039296,
F0039297,
F0039298,
F0039299,
F0039300,
F0039301,
F0039302,positive
F0039303,positive
F0039304,
F0039305,positive
F0039306,positive
F0039307,
F0039308,
F0039309,
F0039310,
F0039311,
F0039312,
F0039313,
F0039314,
F0039315,
F0039316,positive
F0039317,
F0039318,
F0039319,
F0039320,
F0039321,
F0039322,
F0039323,
F0039324,
F0039325,positive
F0039326,
F0039327,
F0039328,
F0039329,
F0039330,
F0039331,
F0039332,
F0039333,
F0039334,
F0039335,documents
F0039336,
F0039337,
F0039338,
F0039339,
F0039340,
F0039341,
F0039342,positive
F0039343,
F0039344,
F0039345,
F0039346,positive
F0039347,
F0039348,
F0039349,
F0039350,
F0039351,
F0039352,
F0039353,
F0039354,
F0039355,
F0039356,walkout
F0039357,positive
F0039358,
F0039359,
F0039360,
F0039361,positive
F0039362,
F0039363,positive
F0039364,
F0039365,
F0039366,
F0039367,positive
F0039368,
F0039369,walkout
F0039370,
F0039371,
F0039372,long_wait
F0039373,
F0039374,
F0039375,
F0039376,
F0039377,
F0039378,walkout
F0039379,
F0039380,
F0039381,positive
F0039382,
F0039383,
F0039384,
F0039385,
F0039386,
F0039387,positive
F0039388,
F0039389,positive
F0039390,positive
F0039391,
F0039392,
F0039393,
F0039394,
F0039395,
F0039396,
F0039397,
F0039398,
F0039399,
F0039400,positive
F0039401,positive
F0039402,
F0039403,
F0039404,
F0039405,
F0039406,
F0039407,
F0039408,
F0039409,
F0039410,
F0039411,
F0039412,
F0039413,
F0039414,walkout
F0039415,
F0039416,
F0039417,
F0039418,
F0039419,
F0039420,
F0039421,
F0039422,
F0039423,
F0039424,
F0039425,
F0039426,
F0039427,
F0039428,
F0039429,
F0039430,
F0039431,
F0039432,
F0039433,
F0039434,
F0039435,
F0039436,
F0039437,
F0039438,
F0039439,walkout
F0039440,positive
F0039441,
F0039442,
F0039443,
F0039444,
F0039445,
F0039446,
F0039447,
F0039448,
F0039449,
F0039450,
F0039451,
F0039452,positive
F0039453,
F0039454,
F0039455,
F0039456,
F0039457,
F0039458,
F0039459,
F0039460,
F0039461,
F0039462,
F0039463,
F0039464,positive
F0039465,
F0039466,
F0039467,
F0039468,positive
F0039469,
F0039470,
F0039471,positive
F0039472,
F0039473,
F0039474,
F0039475,
F0039476,
F0039477,
F0039478,positive
F0039479,
F0039480,
F0039481,
F0039482,
F0039483,
F0039484,
F0039485,
F0039486,
F0039487,
F0039488,
F0039489,
F0039490,
F0039491,
F0039492,
F0039493,
F0039494,
F0039495,positive
F0039496,
F0039497,
F0039498,
F0039499,
F0039500,positive
F0039501,
F0039502,
F0039503,
F0039504,
F0039505,long_wait
F0039506,
F0039507,
F0039508,
F0039509,
F0039510,
F0039511,
F0039512,
F0039513,
F0039514,
F0039515,
F0039516,slow_dd
F0039517,
F0039518,
F0039519,positive
F0039520,
F0039521,
F0039522,
F0039523,
F0039524,
F0039525,
F0039526,
F0039527,
F0039528,
F0039529,
F0039530,
F0039531,
F0039532,
F0039533,positive
F0039534,
F0039535,
F0039536,
F0039537,
F0039538,
F0039539,positive
F0039540,positive
F0039541,
F0039542,
F0039543,
F0039544,
F0039545,positive
F0039546,positive
F0039547,positive
F0039548,
F0039549,
F0039550,positive
F0039551,
F0039552,
F0039553,
F0039554,
F0039555,
F0039556,
F0039557,
F0039558,
F0039559,positive
F0039560,
F0039561,
F0039562,
F0039563,
F0039564,
F0039565,
F0039566,
F0039567,
F0039568,
F0039569,
F0039570,positive
F0039571,positive
F0039572,
F0039573,
F0039574,walkout
F0039575,positive
F0039576,
F0039577,positive
F0039578,
F0039579,
F0039580,positive
F0039581,
F0039582,
F0039583,
F0039584,
F0039585,
F0039586,
F0039587,
F0039588,
F0039589,
F0039590,
F0039591,
F0039592,positive
F0039593,
F0039594,
F0039595,
F0039596,
F0039597,
F0039598,walkout
F0039599,walkout
F0039600,
F0039601,
F0039602,
F0039603,
F0039604,walkout
F0039605,
F0039606,
F0039607,
F0039608,
F0039609,
F0039610,
F0039611,
F0039612,lunch
F0039613,positive
F0039614,
F0039615,
F0039616,
F0039617,
F0039618,positive
F0039619,
F0039620,
F0039621,
F0039622,
F0039623,
F0039624,
F0039625,
F0039626,
F0039627,
F0039628,
F0039629,
F0039630,
F0039631,
F0039632,walkout
F0039633,
F0039634,
F0039635,
F0039636,
F0039637,
F0039638,
F0039639,positive
F0039640,
F0039641,
F0039642,
F0039643,
F0039644,
F0039645,
F0039646,
F0039647,
F0039648,
F0039649,
F0039650,
F0039651,
F0039652,
F0039653,
F0039654,
F0039655,lunch
F0039656,
F0039657,walkout
F0039658,
F0039659,
F0039660,
F0039661,
F0039662,
F0039663,
F0039664,
F0039665,
F0039666,
F0039667,
F0039668,positive
F0039669,
F0039670,
F0039671,positive
F0039672,
F0039673,walkout
F0039674,
F0039675,
F0039676,
F0039677,positive
F0039678,
F0039679,walkout
F0039680,
F0039681,
F0039682,
F0039683,positive
F0039684,system_down
F0039685,
F0039686,
F0039687,documents
F0039688,
F0039689,walkout
F0039690,
F0039691,
F0039692,walkout
F0039693,walkout
F0039694,walkout
F0039695,walkout
F0039696,
F0039697,walkout
F0039698,
F0039699,walkout
F0039700,
F0039701,
F0039702,walkout
F0039703,
F0039704,
F0039705,walkout
F0039706,
F0039707,
F0039708,
F0039709,
F0039710,walkout
F0039711,
F0039712,
F0039713,walkout
F0039714,
F0039715,
F0039716,lunch
F0039717,
F0039718,
F0039719,positive
F0039720,
F0039721,walkout
F0039722,
F0039723,
F0039724,
F0039725,
F0039726,
F0039727,
F0039728,
F0039729,
F0039730,
F0039731,
F0039732,positive
F0039733,walkout
F0039734,
F0039735,
F0039736,walkout
F0039737,walkout
F0039738,
F0039739,positive
F0039740,
F0039741,
F0039742,
F0039743,positive
F0039744,
F0039745,
F0039746,
F0039747,positive
F0039748,
F0039749,
F0039750,
F0039751,positive
F0039752,
F0039753,
F0039754,
F0039755,
F0039756,
F0039757,
F0039758,positive
F0039759,
F0039760,
F0039761,
F0039762,
F0039763,
F0039764,
F0039765,
F0039766,
F0039767,
F0039768,
F0039769,
F0039770,
F0039771,walkout
F0039772,walkout
F0039773,
F0039774,positive
F0039775,
F0039776,
F0039777,
F0039778,
F0039779,documents
F0039780,positive
F0039781,
F0039782,
F0039783,
F0039784,
F0039785,
F0039786,
F0039787,
F0039788,
F0039789,
F0039790,
F0039791,documents
F0039792,
F0039793,
F0039794,walkout
F0039795,
F0039796,
F0039797,
F0039798,
F0039799,
F0039800,
F0039801,
F0039802,
F0039803,
F0039804,
F0039805,
F0039806,positive
F0039807,
F0039808,
F0039809,positive
F0039810,
F0039811,
F0039812,
F0039813,
F0039814,positive
F0039815,
F0039816,
F0039817,
F0039818,
F0039819,
F0039820,positive
F0039821,
F0039822,
F0039823,
F0039824,positive
F0039825,
F0039826,
F0039827,
F0039828,
F0039829,positive
F0039830,positive
F0039831,
F0039832,
F0039833,
F0039834,
F0039835,
F0039836,
F0039837,
F0039838,
F0039839,
F0039840,
F0039841,
F0039842,
F0039843,positive
F0039844,
F0039845,
F0039846,
F0039847,positive
F0039848,
F0039849,
F0039850,
F0039851,
F0039852,
F0039853,
F0039854,
F0039855,
F0039856,
F0039857,
F0039858,
F0039859,
F0039860,
F0039861,
F0039862,
F0039863,positive
F0039864,
F0039865,positive
F0039866,
F0039867,
F0039868,
F0039869,positive
F0039870,
F0039871,
F0039872,positive
F0039873,
F0039874,
F0039875,
F0039876,positive
F0039877,
F0039878,
F0039879,
F0039880,
F0039881,
F0039882,
F0039883,
F0039884,
F0039885,
F0039886,
F0039887,
F0039888,
F0039889,
F0039890,
F0039891,walkout
F0039892,
F0039893,
F0039894,long_wait
F0039895,
F0039896,
F0039897,
F0039898,
F0039899,
F0039900,positive
F0039901,
F0039902,
F0039903,walkout
F0039904,
F0039905,
F0039906,
F0039907,
F0039908,
F0039909,
F0039910,
F0039911,
F0039912,
F0039913,
F0039914,
F0039915,
F0039916,
F0039917,
F0039918,
F0039919,
F0039920,
F0039921,
F0039922,
F0039923,
F0039924,positive
F0039925,
F0039926,
F0039927,
F0039928,
F0039929,
F0039930,positive
F0039931,positive
F0039932,
F0039933,
F0039934,
F0039935,
F0039936,
F0039937,
F0039938,
F0039939,
F0039940,
F0039941,
F0039942,
F0039943,
F0039944,
F0039945,
F0039946,
F0039947,walkout
F0039948,
F0039949,positive
F0039950,walkout
F0039951,
F0039952,
F0039953,
F0039954,
F0039955,
F0039956,
F0039957,
F0039958,
F0039959,
F0039960,
F0039961,
F0039962,positive
F0039963,
F0039964,positive
F0039965,
F0039966,positive
F0039967,
F0039968,
F0039969,
F0039970,positive
F0039971,
F0039972,positive
F0039973,
F0039974,
F0039975,
F0039976,
F0039977,
F0039978,
F0039979,
F0039980,
F0039981,
F0039982,
F0039983,
F0039984,walkout
F0039985,positive
F0039986,long_wait
F0039987,
F0039988,
F0039989,
F0039990,
F0039991,positive
F0039992,
F0039993,
F0039994,
F0039995,
F0039996,
F0039997,documents
F0039998,
F0039999,
F0040000,
F0040001,positive
F0040002,positive
F0040003,positive
F0040004,
F0040005,
F0040006,
F0040007,
F0040008,
F0040009,
F0040010,positive
F0040011,
F0040012,
F0040013,
F0040014,
F0040015,
F0040016,
F0040017,
F0040018,
F0040019,
F0040020,
F0040021,
F0040022,
F0040023,
F0040024,
F0040025,
F0040026,
F0040027,
F0040028,
F0040029,positive
F0040030,positive
F0040031,positive
F0040032,positive
F0040033,
F0040034,
F0040035,
F0040036,
F0040037,
F0040038,
F0040039,walkout
F0040040,
F0040041,
F0040042,positive
F0040043,
F0040044,
F0040045,
F0040046,
F0040047,
F0040048,walkout
F0040049,
F0040050,walkout
F0040051,
F0040052,
F0040053,
F0040054,
F0040055,
F0040056,positive
F0040057,
F0040058,
F0040059,
F0040060,positive
F0040061,positive
F0040062,
F0040063,
F0040064,
F0040065,
F0040066,
F0040067,
F0040068,
F0040069,
F0040070,
F0040071,
F0040072,walkout
F0040073,
F0040074,
F0040075,
F0040076,
F0040077,positive
F0040078,
F0040079,
F0040080,
F0040081,
F0040082,
F0040083,
F0040084,
F0040085,walkout
F0040086,
F0040087,
F0040088,walkout
F0040089,
F0040090,walkout
F0040091,
F0040092,
F0040093,
F0040094,
F0040095,
F0040096,
F0040097,
F0040098,
F0040099,walkout
F0040100,long_wait
F0040101,walkout
F0040102,
F0040103,walkout
F0040104,
F0040105,
F0040106,
F0040107,
F0040108,
F0040109,walkout
F0040110,
F0040111,walkout
F0040112,positive
F0040113,
F0040114,
F0040115,
F0040116,
F0040117,positive
F0040118,
F0040119,
F0040120,
F0040121,
F0040122,walkout
F0040123,
F0040124,
F0040125,
F0040126,walkout
F0040127,walkout
F0040128,
F0040129,
F0040130,
F0040131,
F0040132,
F0040133,
F0040134,
F0040135,
F0040136,
F0040137,
F0040138,
F0040139,walkout
F0040140,
F0040141,
F0040142,
F0040143,
F0040144,positive
F0040145,
F0040146,positive
F0040147,
F0040148,
F0040149,
F0040150,
F0040151,
F0040152,
F0040153,
F0040154,positive
F0040155,
F0040156,
F0040157,
F0040158,
F0040159,
F0040160,
F0040161,
F0040162,positive
F0040163,
F0040164,
F0040165,
F0040166,
F0040167,
F0040168,
F0040169,
F0040170,
F0040171,positive
F0040172,
F0040173,
F0040174,
F0040175,
F0040176,
F0040177,
F0040178,
F0040179,
F0040180,
F0040181,
F0040182,
F0040183,
F0040184,positive
F0040185,
F0040186,
F0040187,
F0040188,
F0040189,
F0040190,
F0040191,
F0040192,
F0040193,
F0040194,
F0040195,
F0040196,lunch
F0040197,
F0040198,
F0040199,
F0040200,
F0040201,walkout
F0040202,
F0040203,walkout
F0040204,
F0040205,
F0040206,
F0040207,
F0040208,
F0040209,
F0040210,
F0040211,
F0040212,
F0040213,
F0040214,positive
F0040215,documents
F0040216,
F0040217,
F0040218,positive
F0040219,
F0040220,
F0040221,positive
F0040222,
F0040223,
F0040224,
F0040225,
F0040226,
F0040227,
F0040228,
F0040229,
F0040230,
F0040231,
F0040232,
F0040233,positive
F0040234,
F0040235,
F0040236,
F0040237,
F0040238,
F0040239,
F0040240,
F0040241,
F0040242,
F0040243,
F0040244,
F0040245,
F0040246,
F0040247,
F0040248,
F0040249,
F0040250,
F0040251,walkout
F0040252,
F0040253,
F0040254,positive
F0040255,
F0040256,
F0040257,
F0040258,
F0040259,
F0040260,
F0040261,
F0040262,positive
F0040263,
F0040264,positive
F0040265,positive
F0040266,
F0040267,
F0040268,
F0040269,positive
F0040270,
F0040271,
F0040272,
F0040273,
F0040274,positive
F0040275,
F0040276,
F0040277,
F0040278,
F0040279,slow_dd
F0040280,
F0040281,
F0040282,
F0040283,
F0040284,
F0040285,positive
F0040286,
F0040287,
F0040288,
F0040289,
F0040290,
F0040291,
F0040292,
F0040293,
F0040294,
F0040295,
F0040296,
F0040297,
F0040298,
F0040299,
F0040300,
F0040301,
F0040302,walkout
F0040303,
F0040304,positive
F0040305,positive
F0040306,
F0040307,
F0040308,
F0040309,
F0040310,
F0040311,positive
F0040312,
F0040313,
F0040314,
F0040315,
F0040316,
F0040317,
F0040318,
F0040319,
F0040320,
F0040321,positive
F0040322,
F0040323,
F0040324,
F0040325,
F0040326,
F0040327,
F0040328,
F0040329,
F0040330,
F0040331,
F0040332,
F0040333,
F0040334,
F0040335,
F0040336,
F0040337,
F0040338,
F0040339,
F0040340,
F0040341,positive
F0040342,
F0040343,
F0040344,walkout
F0040345,
F0040346,positive
F0040347,
F0040348,
F0040349,
F0040350,positive
F0040351,
F0040352,
F0040353,
F0040354,positive
F0040355,
F0040356,
F0040357,
F0040358,
F0040359,
F0040360,
F0040361,positive
F0040362,
F0040363,
F0040364,
F0040365,
F0040366,
F0040367,
F0040368,
F0040369,
F0040370,
F0040371,
F0040372,long_wait
F0040373,
F0040374,
F0040375,positive
F0040376,
F0040377,
F0040378,
F0040379,
F0040380,
F0040381,
F0040382,
F0040383,
F0040384,
F0040385,walkout
F0040386,
F0040387,positive
F0040388,
F0040389,
F0040390,
F0040391,
F0040392,
F0040393,
F0040394,
F0040395,long_wait
F0040396,
F0040397,
F0040398,
F0040399,
F0040400,walkout
F0040401,
F0040402,
F0040403,
F0040404,
F0040405,
F0040406,
F0040407,
F0040408,
F0040409,
F0040410,
F0040411,
F0040412,positive
F0040413,
F0040414,
F0040415,
F0040416,
F0040417,
F0040418,
F0040419,
F0040420,
F0040421,
F0040422,
F0040423,
F0040424,
F0040425,
F0040426,
F0040427,
F0040428,
F0040429,slow_dd
F0040430,
F0040431,positive
F0040432,
F0040433,
F0040434,
F0040435,
F0040436,
F0040437,
F0040438,
F0040439,
F0040440,
F0040441,
F0040442,positive
F0040443,
F0040444,positive
F0040445,
F0040446,positive
F0040447,positive
F0040448,
F0040449,
F0040450,positive
F0040451,
F0040452,walkout
F0040453,
F0040454,
F0040455,walkout
F0040456,
F0040457,
F0040458,positive
F0040459,
F0040460,positive
F0040461,walkout
F0040462,
F0040463,positive
F0040464,
F0040465,
F0040466,
F0040467,
F0040468,
F0040469,positive
F0040470,
F0040471,
F0040472,
F0040473,
F0040474,
F0040475,walkout
F0040476,
F0040477,long_wait
F0040478,walkout
F0040479,
F0040480,
F0040481,
F0040482,walkout
F0040483,positive
F0040484,walkout
F0040485,
F0040486,long_wait
F0040487,positive
F0040488,
F0040489,
F0040490,
F0040491,
F0040492,positive
F0040493,
F0040494,
F0040495,
F0040496,
F0040497,
F0040498,slow_dd
F0040499,
F0040500,
F0040501,
F0040502,
F0040503,
F0040504,
F0040505,
F0040506,
F0040507,
F0040508,
F0040509,
F0040510,
F0040511,
F0040512,
F0040513,walkout
F0040514,
F0040515,
F0040516,
F0040517,
F0040518,
F0040519,
F0040520,
F0040521,walkout
F0040522,positive
F0040523,
F0040524,
F0040525,
F0040526,
F0040527,
F0040528,
F0040529,
F0040530,
F0040531,
F0040532,
F0040533,
F0040534,
F0040535,
F0040536,
F0040537,
F0040538,
F0040539,
F0040540,positive
F0040541,
F0040542,
F0040543,
F0040544,
F0040545,
F0040546,walkout
F0040547,
F0040548,
F0040549,
F0040550,positive
F0040551,
F0040552,
F0040553,
F0040554,
F0040555,walkout
F0040556,
F0040557,
F0040558,positive
F0040559,walkout
F0040560,
F0040561,
F0040562,long_wait
F0040563,positive
F0040564,
F0040565,
F0040566,
F0040567,
F0040568,walkout
F0040569,
F0040570,
F0040571,
F0040572,
F0040573,walkout
F0040574,
F0040575,
F0040576,
F0040577,
F0040578,
F0040579,
F0040580,
F0040581,
F0040582,
F0040583,
F0040584,
F0040585,
F0040586,walkout
F0040587,
F0040588,
F0040589,
F0040590,
F0040591,
F0040592,
F0040593,
F0040594,positive
F0040595,
F0040596,
F0040597,
F0040598,
F0040599,
F0040600,
F0040601,
F0040602,
F0040603,
F0040604,
F0040605,
F0040606,
F0040607,
F0040608,
F0040609,
F0040610,positive
F0040611,
F0040612,
F0040613,
F0040614,
F0040615,
F0040616,
F0040617,
F0040618,
F0040619,
F0040620,
F0040621,positive
F0040622,
F0040623,
F0040624,
F0040625,
F0040626,
F0040627,positive
F0040628,walkout
F0040629,
F0040630,
F0040631,
F0040632,
F0040633,
F0040634,
F0040635,
F0040636,
F0040637,
F0040638,
F0040639,
F0040640,
F0040641,
F0040642,
F0040643,
F0040644,
F0040645,
F0040646,
F0040647,
F0040648,
F0040649,
F0040650,
F0040651,
F0040652,
F0040653,
F0040654,positive
F0040655,
F0040656,
F0040657,
F0040658,
F0040659,
F0040660,
F0040661,
F0040662,
F0040663,
F0040664,
F0040665,
F0040666,
F0040667,
F0040668,
F0040669,
F0040670,
F0040671,
F0040672,
F0040673,
F0040674,positive
F0040675,
F0040676,
F0040677,
F0040678,positive
F0040679,
F0040680,
F0040681,walkout
F0040682,
F0040683,
F0040684,
F0040685,
F0040686,
F0040687,
F0040688,
F0040689,
F0040690,
F0040691,positive
F0040692,
F0040693,long_wait
F0040694,
F0040695,
F0040696,
F0040697,
F0040698,
F0040699,
F0040700,positive
F0040701,
F0040702,walkout
F0040703,
F0040704,
F0040705,
F0040706,positive
F0040707,
F0040708,
F0040709,
F0040710,
F0040711,
F0040712,
F0040713,
F0040714,positive
F0040715,
F0040716,
F0040717,
F0040718,
F0040719,
F0040720,
F0040721,positive
F0040722,
F0040723,positive
F0040724,
F0040725,
F0040726,
F0040727,
F0040728,
F0040729,
F0040730,
F0040731,
F0040732,positive
F0040733,
F0040734,
F0040735,
F0040736,
F0040737,
F0040738,
F0040739,positive
F0040740,
F0040741,
F0040742,
F0040743,
F0040744,
F0040745,
F0040746,
F0040747,walkout
F0040748,
F0040749,
F0040750,
F0040751,documents
F0040752,
F0040753,
F0040754,
F0040755,
F0040756,
F0040757,
F0040758,
F0040759,
F0040760,
F0040761,
F0040762,
F0040763,
F0040764,
F0040765,
F0040766,
F0040767,
F0040768,walkout
F0040769,
F0040770,
F0040771,
F0040772,
F0040773,
F0040774,
F0040775,walkout
F0040776,
F0040777,
F0040778,walkout
F0040779,
F0040780,
F0040781,
F0040782,
F0040783,walkout
F0040784,long_wait
F0040785,walkout
F0040786,
F0040787,
F0040788,
F0040789,
F0040790,
F0040791,
F0040792,
F0040793,
F0040794,positive
F0040795,
F0040796,
F0040797,walkout
F0040798,
F0040799,walkout
F0040800,walkout
F0040801,
F0040802,
F0040803,
F0040804,walkout
F0040805,
F0040806,walkout
F0040807,
F0040808,
F0040809,walkout
F0040810,
F0040811,
F0040812,
F0040813,
F0040814,
F0040815,positive
F0040816,long_wait
F0040817,
F0040818,
F0040819,
F0040820,
F0040821,
F0040822,
F0040823,
F0040824,
F0040825,
F0040826,
F0040827,
F0040828,positive
F0040829,walkout
F0040830,
F0040831,
F0040832,
F0040833,positive
F0040834,positive
F0040835,
F0040836,
F0040837,
F0040838,
F0040839,
F0040840,
F0040841,long_wait
F0040842,
F0040843,
F0040844,
F0040845,positive
F0040846,walkout
F0040847,long_wait
F0040848,positive
F0040849,
F0040850,
F0040851,walkout
F0040852,
F0040853,
F0040854,
F0040855,
F0040856,positive
F0040857,long_wait
F0040858,
F0040859,
F0040860,
F0040861,positive
F0040862,
F0040863,
F0040864,
F0040865,
F0040866,
F0040867,
F0040868,positive
F0040869,
F0040870,
F0040871,
F0040872,
F0040873,
F0040874,
F0040875,
F0040876,
F0040877,
F0040878,
F0040879,
F0040880,
F0040881,
F0040882,
F0040883,
F0040884,
F0040885,
F0040886,
F0040887,
F0040888,
F0040889,
F0040890,
F0040891,
F0040892,long_wait
F0040893,positive
F0040894,
F0040895,
F0040896,
F0040897,
F0040898,
F0040899,
F0040900,
F0040901,positive
F0040902,
F0040903,
F0040904,
F0040905,
F0040906,
F0040907,positive
F0040908,
F0040909,positive
F0040910,
F0040911,
F0040912,
F0040913,positive
F0040914,
F0040915,
F0040916,walkout
F0040917,positive
F0040918,
F0040919,
F0040920,
F0040921,positive
F0040922,
F0040923,
F0040924,
F0040925,
F0040926,
F0040927,
F0040928,
F0040929,
F0040930,
F0040931,
F0040932,walkout
F0040933,
F0040934,
F0040935,
F0040936,
F0040937,
F0040938,walkout
F0040939,positive
F0040940,walkout
F0040941,
F0040942,
F0040943,
F0040944,
F0040945,
F0040946,
F0040947,
F0040948,positive
F0040949,
F0040950,
F0040951,positive
F0040952,
F0040953,
F0040954,
F0040955,
F0040956,
F0040957,
F0040958,
F0040959,
F0040960,
F0040961,
F0040962,
F0040963,
F0040964,
F0040965,
F0040966,walkout
F0040967,positive
F0040968,walkout
F0040969,
F0040970,
F0040971,
F0040972,
F0040973,
F0040974,lunch
F0040975,
F0040976,
F0040977,walkout
F0040978,walkout
F0040979,positive
F0040980,
F0040981,
F0040982,
F0040983,positive
F0040984,
F0040985,
F0040986,
F0040987,
F0040988,
F0040989,
F0040990,
F0040991,
F0040992,
F0040993,
F0040994,
F0040995,
F0040996,long_wait
F0040997,
F0040998,
F0040999,walkout
F0041000,
F0041001,
F0041002,
F0041003,walkout
F0041004,walkout
F0041005,
F0041006,
F0041007,
F0041008,
F0041009,positive
F0041010,
F0041011,walkout
F0041012,
F0041013,walkout
F0041014,
F0041015,walkout
F0041016,
F0041017,walkout
F0041018,
F0041019,
F0041020,
F0041021,
F0041022,walkout
F0041023,
F0041024,
F0041025,
F0041026,
F0041027,
F0041028,walkout
F0041029,
F0041030,
F0041031,
F0041032,
F0041033,walkout
F0041034,
F0041035,
F0041036,
F0041037,
F0041038,
F0041039,
F0041040,
F0041041,
F0041042,
F0041043,
F0041044,
F0041045,positive
F0041046,
F0041047,
F0041048,
F0041049,
F0041050,
F0041051,
F0041052,long_wait
F0041053,
F0041054,
F0041055,
F0041056,
F0041057,
F0041058,
F0041059,
F0041060,
F0041061,
F0041062,
F0041063,
F0041064,
F0041065,
F0041066,positive
F0041067,positive
F0041068,
F0041069,
F0041070,
F0041071,
F0041072,
F0041073,
F0041074,
F0041075,
F0041076,positive
F0041077,
F0041078,
F0041079,
F0041080,
F0041081,
F0041082,
F0041083,
F0041084,
F0041085,
F0041086,
F0041087,
F0041088,
F0041089,
F0041090,long_wait
F0041091,
F0041092,
F0041093,
F0041094,
F0041095,
F0041096,
F0041097,
F0041098,
F0041099,
F0041100,walkout
F0041101,
F0041102,
F0041103,
F0041104,
F0041105,
F0041106,
F0041107,
F0041108,positive
F0041109,
F0041110,
F0041111,
F0041112,
F0041113,positive
F0041114,
F0041115,
F0041116,
F0041117,
F0041118,
F0041119,positive
F0041120,
F0041121,
F0041122,
F0041123,
F0041124,
F0041125,
F0041126,
F0041127,
F0041128,
F0041129,
F0041130,
F0041131,
F0041132,
F0041133,positive
F0041134,
F0041135,
F0041136,
F0041137,
F0041138,
F0041139,
F0041140,
F0041141,positive
F0041142,
F0041143,positive
F0041144,positive
F0041145,
F0041146,walkout
F0041147,
F0041148,
F0041149,
F0041150,
F0041151,
F0041152,
F0041153,positive
F0041154,
F0041155,
F0041156,
F0041157,positive
F0041158,
F0041159,
F0041160,
F0041161,
F0041162,
F0041163,
F0041164,
F0041165,
F0041166,
F0041167,
F0041168,
F0041169,
F0041170,
F0041171,
F0041172,
F0041173,
F0041174,positive
F0041175,
F0041176,positive
F0041177,
F0041178,
F0041179,
F0041180,
F0041181,
F0041182,positive
F0041183,positive
F0041184,
F0041185,
F0041186,
F0041187,
F0041188,
F0041189,
F0041190,
F0041191,
F0041192,walkout
F0041193,
F0041194,
F0041195,
F0041196,
F0041197,positive
F0041198,
F0041199,positive
F0041200,
F0041201,
F0041202,walkout
F0041203,walkout
F0041204,positive
F0041205,
F0041206,positive
F0041207,
F0041208,
F0041209,
F0041210,
F0041211,positive
F0041212,walkout
F0041213,
F0041214,
F0041215,
F0041216,
F0041217,
F0041218,
F0041219,
F0041220,
F0041221,
F0041222,
F0041223,
F0041224,
F0041225,
F0041226,
F0041227,
F0041228,
F0041229,positive
F0041230,walkout
F0041231,
F0041232,positive
F0041233,
F0041234,
F0041235,
F0041236,
F0041237,
F0041238,
F0041239,
F0041240,
F0041241,
F0041242,
F0041243,
F0041244,
F0041245,
F0041246,
F0041247,
F0041248,
F0041249,
F0041250,walkout
F0041251,
F0041252,
F0041253,positive
F0041254,
F0041255,
F0041256,
F0041257,positive
F0041258,walkout
F0041259,
F0041260,walkout
F0041261,
F0041262,
F0041263,
F0041264,
F0041265,positive
F0041266,
F0041267,
F0041268,
F0041269,
F0041270,
F0041271,
F0041272,
F0041273,
F0041274,
F0041275,positive
F0041276,positive
F0041277,positive
F0041278,
F0041279,
F0041280,
F0041281,positive
F0041282,
F0041283,
F0041284,
F0041285,
F0041286,
F0041287,
F0041288,
F0041289,
F0041290,
F0041291,
F0041292,positive
F0041293,
F0041294,
F0041295,
F0041296,
F0041297,
F0041298,
F0041299,positive
F0041300,
F0041301,
F0041302,
F0041303,
F0041304,
F0041305,positive
F0041306,
F0041307,
F0041308,
F0041309,
F0041310,
F0041311,
F0041312,
F0041313,
F0041314,
F0041315,positive
F0041316,
F0041317,
F0041318,
F0041319,
F0041320,
F0041321,
F0041322,
F0041323,
F0041324,
F0041325,
F0041326,
F0041327,positive
F0041328,
F0041329,
F0041330,
F0041331,
F0041332,
F0041333,
F0041334,
F0041335,
F0041336,
F0041337,
F0041338,
F0041339,
F0041340,
F0041341,
F0041342,
F0041343,
F0041344,
F0041345,
F0041346,
F0041347,
F0041348,
F0041349,
F0041350,
F0041351,
F0041352,
F0041353,
F0041354,
F0041355,
F0041356,
F0041357,
F0041358,
F0041359,
F0041360,
F0041361,
F0041362,positive
F0041363,
F0041364,
F0041365,positive
F0041366,positive
F0041367,
F0041368,positive
F0041369,
F0041370,
F0041371,
F0041372,
F0041373,
F0041374,
F0041375,
F0041376,
F0041377,walkout
F0041378,
F0041379,
F0041380,
F0041381,
F0041382,
F0041383,
F0041384,
F0041385,
F0041386,
F0041387,walkout
F0041388,
F0041389,
F0041390,
F0041391,
F0041392,long_wait
F0041393,
F0041394,
F0041395,
F0041396,
F0041397,walkout
F0041398,
F0041399,walkout
F0041400,
F0041401,
F0041402,
F0041403,
F0041404,walkout
F0041405,
F0041406,positive
F0041407,positive
F0041408,
F0041409,
F0041410,positive
F0041411,
F0041412,
F0041413,
F0041414,walkout
F0041415,
F0041416,
F0041417,
F0041418,
F0041419,positive
F0041420,
F0041421,
F0041422,
F0041423,positive
F0041424,
F0041425,
F0041426,
F0041427,
F0041428,
F0041429,
F0041430,positive
F0041431,
F0041432,
F0041433,
F0041434,
F0041435,positive
F0041436,
F0041437,
F0041438,
F0041439,long_wait
F0041440,
F0041441,
F0041442,
F0041443,
F0041444,
F0041445,lunch
F0041446,positive
F0041447,
F0041448,
F0041449,
F0041450,
F0041451,
F0041452,
F0041453,
F0041454,
F0041455,
F0041456,
F0041457,
F0041458,
F0041459,
F0041460,
F0041461,
F0041462,
F0041463,
F0041464,
F0041465,positive
F0041466,
F0041467,
F0041468,
F0041469,walkout
F0041470,
F0041471,
F0041472,
F0041473,
F0041474,long_wait
F0041475,
F0041476,
F0041477,
F0041478,walkout
F0041479,
F0041480,
F0041481,
F0041482,
F0041483,
F0041484,walkout
F0041485,
F0041486,
F0041487,positive
F0041488,
F0041489,positive
F0041490,
F0041491,
F0041492,
F0041493,
F0041494,
F0041495,
F0041496,
F0041497,
F0041498,
F0041499,
F0041500,
F0041501,
F0041502,
F0041503,
F0041504,
F0041505,
F0041506,
F0041507,walkout
F0041508,seating
F0041509,
F0041510,
F0041511,
F0041512,
F0041513,
F0041514,
F0041515,
F0041516,
F0041517,
F0041518,
F0041519,
F0041520,
F0041521,
F0041522,
F0041523,
F0041524,
F0041525,
F0041526,walkout
F0041527,
F0041528,positive
F0041529,walkout
F0041530,
F0041531,walkout
F0041532,
F0041533,
F0041534,
F0041535,positive
F0041536,
F0041537,positive
F0041538,walkout
F0041539,walkout
F0041540,
F0041541,walkout
F0041542,documents
F0041543,
F0041544,
F0041545,
F0041546,
F0041547,positive
F0041548,long_wait
F0041549,
F0041550,positive
F0041551,
F0041552,
F0041553,
F0041554,
F0041555,positive
F0041556,walkout
F0041557,
F0041558,
F0041559,
F0041560,
F0041561,
F0041562,
F0041563,
F0041564,
F0041565,
F0041566,walkout
F0041567,
F0041568,
F0041569,walkout
F0041570,
F0041571,
F0041572,
F0041573,
F0041574,
F0041575,
F0041576,
F0041577,
F0041578,
F0041579,
F0041580,
F0041581,positive
F0041582,
F0041583,
F0041584,
F0041585,walkout
F0041586,
F0041587,
F0041588,
F0041589,
F0041590,
F0041591,
F0041592,
F0041593,
F0041594,walkout
F0041595,walkout
F0041596,
F0041597,
F0041598,
F0041599,
F0041600,
F0041601,
F0041602,
F0041603,walkout
F0041604,
F0041605,
F0041606,
F0041607,
F0041608,
F0041609,positive
F0041610,
F0041611,positive
F0041612,
F0041613,
F0041614,
F0041615,
F0041616,
F0041617,
F0041618,
F0041619,positive
F0041620,positive
F0041621,
F0041622,
F0041623,
F0041624,
F0041625,
F0041626,
F0041627,walkout
F0041628,
F0041629,
F0041630,positive
F0041631,
F0041632,
F0041633,system_down
F0041634,
F0041635,
F0041636,system_down
F0041637,
F0041638,long_wait
F0041639,
F0041640,
F0041641,
F0041642,
F0041643,
F0041644,
F0041645,positive
F0041646,positive
F0041647,
F0041648,
F0041649,
F0041650,
F0041651,
F0041652,
F0041653,positive
F0041654,
F0041655,walkout
F0041656,
F0041657,
F0041658,
F0041659,
F0041660,
F0041661,positive
F0041662,
F0041663,
F0041664,
F0041665,
F0041666,
F0041667,
F0041668,positive
F0041669,positive
F0041670,
F0041671,
F0041672,long_wait
F0041673,
F0041674,
F0041675,
F0041676,
F0041677,
F0041678,
F0041679,
F0041680,
F0041681,positive
F0041682,
F0041683,
F0041684,
F0041685,
F0041686,walkout
F0041687,lunch
F0041688,walkout
F0041689,
F0041690,walkout
F0041691,walkout
F0041692,long_wait
F0041693,
F0041694,positive
F0041695,
F0041696,
F0041697,
F0041698,long_wait
F0041699,
F0041700,
F0041701,positive
F0041702,
F0041703,
F0041704,
F0041705,
F0041706,
F0041707,
F0041708,
F0041709,
F0041710,
F0041711,positive
F0041712,
F0041713,positive
F0041714,
F0041715,walkout
F0041716,
F0041717,
F0041718,
F0041719,walkout
F0041720,
F0041721,
F0041722,
F0041723,
F0041724,
F0041725,
F0041726,
F0041727,slow_dd
F0041728,
F0041729,
F0041730,
F0041731,
F0041732,
F0041733,
F0041734,
F0041735,positive
F0041736,
F0041737,positive
F0041738,
F0041739,
F0041740,
F0041741,positive
F0041742,
F0041743,
F0041744,long_wait
F0041745,
F0041746,
F0041747,
F0041748,
F0041749,
F0041750,
F0041751,positive
F0041752,
F0041753,
F0041754,
F0041755,
F0041756,
F0041757,
F0041758,
F0041759,positive
F0041760,
F0041761,
F0041762,
F0041763,
F0041764,
F0041765,
F0041766,
F0041767,
F0041768,
F0041769,
F0041770,
F0041771,walkout
F0041772,
F0041773,
F0041774,walkout
F0041775,
F0041776,
F0041777,
F0041778,
F0041779,
F0041780,
F0041781,
F0041782,
F0041783,
F0041784,walkout
F0041785,
F0041786,
F0041787,walkout
F0041788,
F0041789,
F0041790,
F0041791,
F0041792,
F0041793,
F0041794,positive
F0041795,
F0041796,
F0041797,
F0041798,positive
F0041799,
F0041800,
F0041801,
F0041802,
F0041803,
F0041804,
F0041805,
F0041806,
F0041807,walkout
F0041808,
F0041809,
F0041810,
F0041811,walkout
F0041812,
F0041813,
F0041814,
F0041815,
F0041816,
F0041817,
F0041818,
F0041819,
F0041820,
F0041821,
F0041822,
F0041823,
F0041824,
F0041825,
F0041826,
F0041827,positive
F0041828,
F0041829,
F0041830,
F0041831,
F0041832,
F0041833,
F0041834,
F0041835,
F0041836,
F0041837,
F0041838,
F0041839,positive
F0041840,
F0041841,
F0041842,
F0041843,
F0041844,
F0041845,
F0041846,
F0041847,
F0041848,
F0041849,walkout
F0041850,
F0041851,
F0041852,positive
F0041853,
F0041854,positive
F0041855,positive
F0041856,
F0041857,
F0041858,
F0041859,
F0041860,
F0041861,
F0041862,
F0041863,
F0041864,
F0041865,
F0041866,
F0041867,positive
F0041868,
F0041869,positive
F0041870,
F0041871,positive
F0041872,
F0041873,
F0041874,
F0041875,
F0041876,
F0041877,
F0041878,
F0041879,positive
F0041880,
F0041881,
F0041882,
F0041883,
F0041884,
F0041885,
F0041886,positive
F0041887,
F0041888,
F0041889,
F0041890,
F0041891,walkout
F0041892,
F0041893,
F0041894,
F0041895,
F0041896,
F0041897,
F0041898,positive
F0041899,
F0041900,positive
F0041901,positive
F0041902,
F0041903,
F0041904,
F0041905,
F0041906,
F0041907,
F0041908,
F0041909,walkout
F0041910,walkout
F0041911,
F0041912,positive
F0041913,
F0041914,
F0041915,
F0041916,
F0041917,
F0041918,
F0041919,
F0041920,positive
F0041921,
F0041922,
F0041923,
F0041924,
F0041925,walkout
F0041926,positive
F0041927,
F0041928,walkout
F0041929,
F0041930,
F0041931,
F0041932,
F0041933,
F0041934,positive
F0041935,positive
F0041936,
F0041937,
F0041938,
F0041939,
F0041940,
F0041941,walkout
F0041942,positive
F0041943,
F0041944,
F0041945,
F0041946,positive
F0041947,walkout
F0041948,
F0041949,positive
F0041950,
F0041951,
F0041952,walkout
F0041953,walkout
F0041954,
F0041955,
F0041956,walkout
F0041957,
F0041958,positive
F0041959,
F0041960,positive
F0041961,
F0041962,
F0041963,
F0041964,
F0041965,
F0041966,
F0041967,
F0041968,
F0041969,
F0041970,
F0041971,
F0041972,
F0041973,
F0041974,
F0041975,walkout
F0041976,
F0041977,
F0041978,
F0041979,positive
F0041980,
F0041981,
F0041982,
F0041983,positive
F0041984,
F0041985,
F0041986,
F0041987,
F0041988,
F0041989,
F0041990,
F0041991,
F0041992,
F0041993,walkout
F0041994,
F0041995,
F0041996,walkout
F0041997,
F0041998,
F0041999,
F0042000,
F0042001,
F0042002,
F0042003,
F0042004,
F0042005,
F0042006,
F0042007,
F0042008,
F0042009,
F0042010,positive
F0042011,walkout
F0042012,
F0042013,
F0042014,
F0042015,
F0042016,
F0042017,
F0042018,
F0042019,positive
F0042020,
F0042021,
F0042022,
F0042023,
F0042024,
F0042025,
F0042026,walkout
F0042027,
F0042028,positive
F0042029,positive
F0042030,positive
F0042031,
F0042032,
F0042033,
F0042034,
F0042035,
F0042036,
F0042037,
F0042038,
F0042039,
F0042040,
F0042041,positive
F0042042,
F0042043,
F0042044,
F0042045,
F0042046,
F0042047,documents
F0042048,walkout
F0042049,positive
F0042050,positive
F0042051,
F0042052,
F0042053,
F0042054,
F0042055,
F0042056,walkout
F0042057,walkout
F0042058,long_wait
F0042059,
F0042060,
F0042061,
F0042062,walkout
F0042063,
F0042064,
F0042065,
F0042066,
F0042067,
F0042068,
F0042069,
F0042070,
F0042071,
F0042072,
F0042073,
F0042074,positive
F0042075,
F0042076,
F0042077,
F0042078,
F0042079,positive
F0042080,
F0042081,positive
F0042082,
F0042083,walkout
F0042084,positive
F0042085,positive
F0042086,
F0042087,walkout
F0042088,
F0042089,
F0042090,
F0042091,
F0042092,
F0042093,
F0042094,documents
F0042095,walkout
F0042096,
F0042097,
F0042098,
F0042099,
F0042100,positive
F0042101,
F0042102,
F0042103,
F0042104,
F0042105,
F0042106,
F0042107,
F0042108,
F0042109,
F0042110,
F0042111,
F0042112,
F0042113,
F0042114,
F0042115,
F0042116,
F0042117,positive
F0042118,
F0042119,
F0042120,
F0042121,
F0042122,
F0042123,
F0042124,
F0042125,
F0042126,
F0042127,
F0042128,
F0042129,positive
F0042130,
F0042131,
F0042132,positive
F0042133,
F0042134,
F0042135,
F0042136,
F0042137,
F0042138,
F0042139,
F0042140,positive
F0042141,
F0042142,
F0042143,
F0042144,
F0042145,
F0042146,
F0042147,
F0042148,
F0042149,positive
F0042150,positive
F0042151,
F0042152,
F0042153,
F0042154,
F0042155,
F0042156,
F0042157,
F0042158,
F0042159,
F0042160,
F0042161,
F0042162,
F0042163,positive
F0042164,
F0042165,
F0042166,
F0042167,
F0042168,
F0042169,
F0042170,positive
F0042171,
F0042172,
F0042173,positive
F0042174,
F0042175,
F0042176,positive
F0042177,
F0042178,positive
F0042179,
F0042180,
F0042181,
F0042182,
F0042183,
F0042184,positive
F0042185,
F0042186,
F0042187,
F0042188,walkout
F0042189,
F0042190,
F0042191,positive
F0042192,
F0042193,
F0042194,
F0042195,walkout
F0042196,
F0042197,
F0042198,
F0042199,
F0042200,
F0042201,positive
F0042202,positive
F0042203,long_wait
F0042204,
F0042205,
F0042206,
F0042207,
F0042208,
F0042209,
F0042210,
F0042211,
F0042212,
F0042213,
F0042214,
F0042215,
F0042216,
F0042217,walkout
F0042218,walkout
F0042219,
F0042220,
F0042221,
F0042222,
F0042223,
F0042224,
F0042225,
F0042226,positive
F0042227,positive
F0042228,
F0042229,
F0042230,
F0042231,
F0042232,
F0042233,
F0042234,positive
F0042235,
F0042236,
F0042237,
F0042238,
F0042239,
F0042240,
F0042241,positive
F0042242,positive
F0042243,
F0042244,
F0042245,
F0042246,
F0042247,
F0042248,
F0042249,positive
F0042250,
F0042251,
F0042252,
F0042253,
F0042254,
F0042255,
F0042256,
F0042257,
F0042258,
F0042259,lunch
F0042260,lunch
F0042261,
F0042262,
F0042263,
F0042264,
F0042265,
F0042266,
F0042267,
F0042268,
F0042269,
F0042270,positive
F0042271,
F0042272,
F0042273,
F0042274,positive
F0042275,
F0042276,
F0042277,positive
F0042278,
F0042279,positive
F0042280,
F0042281,walkout
F0042282,
F0042283,
F0042284,
F0042285,
F0042286,walkout
F0042287,
F0042288,
F0042289,
F0042290,positive
F0042291,
F0042292,
F0042293,
F0042294,
F0042295,
F0042296,
F0042297,documents
F0042298,walkout
F0042299,
F0042300,
F0042301,positive
F0042302,
F0042303,walkout
F0042304,
F0042305,
F0042306,
F0042307,
F0042308,
F0042309,
F0042310,
F0042311,
F0042312,
F0042313,walkout
F0042314,
F0042315,
F0042316,walkout
F0042317,
F0042318,
F0042319,walkout
F0042320,
F0042321,
F0042322,
F0042323,
F0042324,
F0042325,
F0042326,
F0042327,
F0042328,
F0042329,
F0042330,walkout
F0042331,
F0042332,
F0042333,
F0042334,walkout
F0042335,
F0042336,
F0042337,
F0042338,long_wait
F0042339,
F0042340,
F0042341,
F0042342,
F0042343,
F0042344,
F0042345,
F0042346,
F0042347,
F0042348,
F0042349,
F0042350,
F0042351,
F0042352,
F0042353,
F0042354,
F0042355,
F0042356,
F0042357,
F0042358,
F0042359,
F0042360,positive
F0042361,
F0042362,
F0042363,
F0042364,
F0042365,
F0042366,
F0042367,
F0042368,positive
F0042369,positive
F0042370,
F0042371,
F0042372,
F0042373,
F0042374,
F0042375,positive
F0042376,
F0042377,
F0042378,walkout
F0042379,walkout
F0042380,
F0042381,
F0042382,
F0042383,
F0042384,
F0042385,
F0042386,
F0042387,
F0042388,
F0042389,
F0042390,
F0042391,
F0042392,walkout
F0042393,
F0042394,
F0042395,
F0042396,positive
F0042397,
F0042398,
F0042399,
F0042400,
F0042401,
F0042402,
F0042403,
F0042404,documents
F0042405,
F0042406,
F0042407,
F0042408,
F0042409,
F0042410,
F0042411,
F0042412,
F0042413,
F0042414,
F0042415,
F0042416,
F0042417,
F0042418,
F0042419,
F0042420,
F0042421,
F0042422,positive
F0042423,
F0042424,positive
F0042425,
F0042426,
F0042427,
F0042428,
F0042429,
F0042430,
F0042431,
F0042432,
F0042433,
F0042434,positive
F0042435,
F0042436,
F0042437,
F0042438,
F0042439,documents
F0042440,walkout
F0042441,
F0042442,
F0042443,
F0042444,
F0042445,
F0042446,
F0042447,
F0042448,documents
F0042449,
F0042450,
F0042451,
F0042452,positive
F0042453,
F0042454,
F0042455,positive
F0042456,
F0042457,
F0042458,
F0042459,
F0042460,
F0042461,
F0042462,
F0042463,
F0042464,
F0042465,
F0042466,
F0042467,long_wait
F0042468,
F0042469,
F0042470,
F0042471,
F0042472,
F0042473,
F0042474,positive
F0042475,
F0042476,
F0042477,
F0042478,
F0042479,
F0042480,positive
F0042481,
F0042482,
F0042483,
F0042484,
F0042485,
F0042486,
F0042487,
F0042488,positive
F0042489,
F0042490,
F0042491,
F0042492,
F0042493,positive
F0042494,
F0042495,
F0042496,
F0042497,
F0042498,
F0042499,positive
F0042500,
F0042501,
F0042502,positive
F0042503,
F0042504,
F0042505,
F0042506,positive
F0042507,seating
F0042508,
F0042509,
F0042510,walkout
F0042511,
F0042512,walkout
F0042513,
F0042514,
F0042515,
F0042516,
F0042517,
F0042518,
F0042519,
F0042520,positive
F0042521,
F0042522,
F0042523,
F0042524,
F0042525,
F0042526,
F0042527,positive
F0042528,
F0042529,
F0042530,
F0042531,
F0042532,
F0042533,walkout
F0042534,
F0042535,
F0042536,
F0042537,
F0042538,walkout
F0042539,positive
F0042540,
F0042541,
F0042542,
F0042543,
F0042544,positive
F0042545,
F0042546,positive
F0042547,
F0042548,
F0042549,
F0042550,
F0042551,
F0042552,
F0042553,
F0042554,long_wait
F0042555,
F0042556,
F0042557,
F0042558,
F0042559,
F0042560,
F0042561,
F0042562,
F0042563,
F0042564,positive
F0042565,
F0042566,
F0042567,positive
F0042568,
F0042569,
F0042570,positive
F0042571,positive
F0042572,
F0042573,
F0042574,positive
F0042575,
F0042576,positive
F0042577,
F0042578,
F0042579,
F0042580,walkout
F0042581,
F0042582,
F0042583,
F0042584,
F0042585,
F0042586,
F0042587,
F0042588,
F0042589,
F0042590,
F0042591,
F0042592,
F0042593,
F0042594,
F0042595,
F0042596,
F0042597,
F0042598,positive
F0042599,
F0042600,
F0042601,
F0042602,
F0042603,
F0042604,
F0042605,
F0042606,
F0042607,
F0042608,positive
F0042609,positive
F0042610,positive
F0042611,
F0042612,
F0042613,
F0042614,
F0042615,
F0042616,
F0042617,
F0042618,positive
F0042619,
F0042620,
F0042621,
F0042622,
F0042623,
F0042624,
F0042625,
F0042626,
F0042627,
F0042628,positive
F0042629,positive
F0042630,
F0042631,
F0042632,positive
F0042633,
F0042634,positive
F0042635,positive
F0042636,
F0042637,
F0042638,
F0042639,positive
F0042640,
F0042641,
F0042642,
F0042643,positive
F0042644,
F0042645,positive
F0042646,
F0042647,
F0042648,
F0042649,
F0042650,positive
F0042651,
F0042652,
F0042653,
F0042654,
F0042655,
F0042656,
F0042657,
F0042658,
F0042659,
F0042660,
F0042661,
F0042662,
F0042663,
F0042664,positive
F0042665,
F0042666,
F0042667,
F0042668,
F0042669,
F0042670,
F0042671,
F0042672,
F0042673,
F0042674,
F0042675,
F0042676,
F0042677,positive
F0042678,
F0042679,
F0042680,walkout
F0042681,
F0042682,
F0042683,
F0042684,
F0042685,
F0042686,
F0042687,walkout
F0042688,
F0042689,
F0042690,long_wait
F0042691,
F0042692,
F0042693,walkout
F0042694,positive
F0042695,
F0042696,
F0042697,positive
F0042698,
F0042699,
F0042700,
F0042701,
F0042702,positive
F0042703,
F0042704,
F0042705,positive
F0042706,
F0042707,positive
F0042708,
F0042709,
F0042710,
F0042711,
F0042712,walkout
F0042713,
F0042714,
F0042715,
F0042716,positive
F0042717,
F0042718,walkout
F0042719,
F0042720,walkout
F0042721,
F0042722,
F0042723,
F0042724,positive
F0042725,
F0042726,walkout
F0042727,
F0042728,
F0042729,
F0042730,walkout
F0042731,
F0042732,
F0042733,long_wait
F0042734,
F0042735,
F0042736,
F0042737,
F0042738,
F0042739,
F0042740,
F0042741,walkout
F0042742,slow_dd
F0042743,
F0042744,
F0042745,
F0042746,
F0042747,long_wait
F0042748,
F0042749,
F0042750,
F0042751,seating
F0042752,
F0042753,
F0042754,
F0042755,
F0042756,long_wait
F0042757,
F0042758,walkout
F0042759,walkout
F0042760,
F0042761,
F0042762,walkout
F0042763,long_wait
F0042764,
F0042765,
F0042766,
F0042767,walkout
F0042768,
F0042769,
F0042770,
F0042771,
F0042772,walkout
F0042773,
F0042774,
F0042775,
F0042776,
F0042777,
F0042778,
F0042779,
F0042780,
F0042781,positive
F0042782,
F0042783,
F0042784,
F0042785,positive
F0042786,positive
F0042787,
F0042788,
F0042789,
F0042790,
F0042791,
F0042792,walkout
F0042793,
F0042794,
F0042795,
F0042796,positive
F0042797,positive
F0042798,walkout
F0042799,walkout
F0042800,
F0042801,
F0042802,
F0042803,
F0042804,
F0042805,walkout
F0042806,positive
F0042807,
F0042808,
F0042809,
F0042810,
F0042811,walkout
F0042812,
F0042813,walkout
F0042814,walkout
F0042815,positive
F0042816,
F0042817,
F0042818,
F0042819,
F0042820,
F0042821,
F0042822,
F0042823,
F0042824,
F0042825,
F0042826,
F0042827,
F0042828,
F0042829,
F0042830,
F0042831,positive
F0042832,
F0042833,
F0042834,
F0042835,
F0042836,
F0042837,
F0042838,
F0042839,
F0042840,
F0042841,
F0042842,walkout
F0042843,
F0042844,
F0042845,
F0042846,
F0042847,
F0042848,
F0042849,
F0042850,
F0042851,
F0042852,walkout
F0042853,
F0042854,
F0042855,
F0042856,
F0042857,
F0042858,
F0042859,walkout
F0042860,lunch
F0042861,walkout
F0042862,lunch
F0042863,
F0042864,
F0042865,
F0042866,
F0042867,
F0042868,positive
F0042869,
F0042870,
F0042871,positive
F0042872,
F0042873,
F0042874,
F0042875,
F0042876,
F0042877,
F0042878,
F0042879,
F0042880,
F0042881,positive
F0042882,
F0042883,
F0042884,
F0042885,
F0042886,positive
F0042887,
F0042888,
F0042889,
F0042890,
F0042891,
F0042892,
F0042893,
F0042894,
F0042895,
F0042896,walkout
F0042897,
F0042898,
F0042899,
F0042900,
F0042901,
F0042902,
F0042903,
F0042904,
F0042905,positive
F0042906,positive
F0042907,
F0042908,
F0042909,positive
F0042910,
F0042911,positive
F0042912,
F0042913,
F0042914,
F0042915,
F0042916,
F0042917,
F0042918,walkout
F0042919,
F0042920,
F0042921,walkout
F0042922,
F0042923,
F0042924,
F0042925,
F0042926,
F0042927,
F0042928,
F0042929,
F0042930,
F0042931,
F0042932,
F0042933,
F0042934,positive
F0042935,documents
F0042936,
F0042937,
F0042938,
F0042939,long_wait
F0042940,
F0042941,
F0042942,positive
F0042943,
F0042944,
F0042945,long_wait
F0042946,
F0042947,
F0042948,
F0042949,
F0042950,long_wait
F0042951,
F0042952,
F0042953,positive
F0042954,
F0042955,walkout
F0042956,
F0042957,
F0042958,
F0042959,
F0042960,walkout
F0042961,long_wait
F0042962,
F0042963,walkout
F0042964,
F0042965,
F0042966,long_wait
F0042967,
F0042968,
F0042969,walkout
F0042970,
F0042971,
F0042972,
F0042973,
F0042974,
F0042975,
F0042976,walkout
F0042977,
F0042978,
F0042979,
F0042980,
F0042981,
F0042982,walkout
F0042983,
F0042984,
F0042985,
F0042986,
F0042987,
F0042988,
F0042989,
F0042990,
F0042991,
F0042992,positive
F0042993,
F0042994,
F0042995,
F0042996,
F0042997,
F0042998,
F0042999,
F0043000,
F0043001,
F0043002,
F0043003,
F0043004,
F0043005,
F0043006,
F0043007,
F0043008,positive
F0043009,
F0043010,positive
F0043011,positive
F0043012,
F0043013,
F0043014,
F0043015,
F0043016,
F0043017,
F0043018,
F0043019,
F0043020,long_wait
F0043021,positive
F0043022,
F0043023,
F0043024,
F0043025,
F0043026,
F0043027,walkout
F0043028,
F0043029,walkout
F0043030,
F0043031,
F0043032,
F0043033,
F0043034,
F0043035,
F0043036,
F0043037,
F0043038,
F0043039,
F0043040,
F0043041,positive
F0043042,
F0043043,positive
F0043044,
F0043045,
F0043046,
F0043047,walkout
F0043048,
F0043049,
F0043050,
F0043051,
F0043052,positive
F0043053,
F0043054,positive
F0043055,
F0043056,
F0043057,
F0043058,
F0043059,
F0043060,
F0043061,positive
F0043062,
F0043063,walkout
F0043064,walkout
F0043065,
F0043066,walkout
F0043067,
F0043068,documents
F0043069,walkout
F0043070,long_wait
F0043071,walkout
F0043072,
F0043073,long_wait
F0043074,
F0043075,
F0043076,positive
F0043077,
F0043078,
F0043079,walkout
F0043080,
F0043081,
F0043082,
F0043083,
F0043084,positive
F0043085,
F0043086,
F0043087,walkout
F0043088,
F0043089,
F0043090,
F0043091,
F0043092,
F0043093,
F0043094,
F0043095,
F0043096,
F0043097,
F0043098,long_wait
F0043099,walkout
F0043100,
F0043101,
F0043102,
F0043103,
F0043104,
F0043105,
F0043106,
F0043107,
F0043108,
F0043109,
F0043110,
F0043111,
F0043112,positive
F0043113,
F0043114,
F0043115,
F0043116,
F0043117,
F0043118,
F0043119,
F0043120,
F0043121,
F0043122,
F0043123,
F0043124,
F0043125,walkout
F0043126,
F0043127,
F0043128,
F0043129,
F0043130,walkout
F0043131,positive
F0043132,positive
F0043133,
F0043134,
F0043135,
F0043136,
F0043137,walkout
F0043138,
F0043139,
F0043140,
F0043141,
F0043142,walkout
F0043143,
F0043144,
F0043145,
F0043146,
F0043147,
F0043148,positive
F0043149,
F0043150,
F0043151,
F0043152,
F0043153,
F0043154,walkout
F0043155,
F0043156,
F0043157,walkout
F0043158,
F0043159,
F0043160,walkout
F0043161,positive
F0043162,
F0043163,positive
F0043164,
F0043165,
F0043166,
F0043167,
F0043168,positive
F0043169,
F0043170,
F0043171,
F0043172,
F0043173,positive
F0043174,
F0043175,
F0043176,
F0043177,
F0043178,
F0043179,
F0043180,
F0043181,
F0043182,
F0043183,
F0043184,
F0043185,
F0043186,
F0043187,
F0043188,positive
F0043189,
F0043190,positive
F0043191,positive
F0043192,
F0043193,
F0043194,walkout
F0043195,positive
F0043196,
F0043197,positive
F0043198,
F0043199,
F0043200,positive
F0043201,
F0043202,positive
F0043203,
F0043204,
F0043205,
F0043206,
F0043207,
F0043208,
F0043209,
F0043210,
F0043211,
F0043212,
F0043213,
F0043214,walkout
F0043215,
F0043216,
F0043217,walkout
F0043218,positive
F0043219,
F0043220,
F0043221,walkout
F0043222,
F0043223,
F0043224,
F0043225,
F0043226,
F0043227,
F0043228,
F0043229,positive
F0043230,walkout
F0043231,
F0043232,
F0043233,
F0043234,walkout
F0043235,positive
F0043236,
F0043237,positive
F0043238,
F0043239,
F0043240,
F0043241,
F0043242,positive
F0043243,
F0043244,
F0043245,
F0043246,
F0043247,
F0043248,positive
F0043249,positive
F0043250,slow_dd
F0043251,
F0043252,
F0043253,walkout
F0043254,
F0043255,positive
F0043256,
F0043257,
F0043258,
F0043259,
F0043260,
F0043261,
F0043262,
F0043263,
F0043264,
F0043265,
F0043266,positive
F0043267,
F0043268,positive
F0043269,positive
F0043270,
F0043271,
F0043272,
F0043273,
F0043274,
F0043275,
F0043276,
F0043277,
F0043278,positive
F0043279,
F0043280,
F0043281,
F0043282,
F0043283,
F0043284,
F0043285,
F0043286,
F0043287,
F0043288,
F0043289,
F0043290,positive
F0043291,
F0043292,
F0043293,
F0043294,walkout
F0043295,
F0043296,
F0043297,
F0043298,
F0043299,
F0043300,positive
F0043301,
F0043302,
F0043303,
F0043304,
F0043305,
F0043306,positive
F0043307,
F0043308,
F0043309,
F0043310,
F0043311,
F0043312,
F0043313,
F0043314,
F0043315,
F0043316,
F0043317,
F0043318,positive
F0043319,long_wait
F0043320,
F0043321,
F0043322,
F0043323,
F0043324,positive
F0043325,
F0043326,
F0043327,
F0043328,
F0043329,
F0043330,
F0043331,
F0043332,
F0043333,
F0043334,positive
F0043335,
F0043336,
F0043337,
F0043338,
F0043339,
F0043340,
F0043341,walkout
F0043342,
F0043343,
F0043344,positive
F0043345,
F0043346,
F0043347,positive
F0043348,
F0043349,positive
F0043350,
F0043351,
F0043352,
F0043353,
F0043354,
F0043355,positive
F0043356,
F0043357,positive
F0043358,
F0043359,
F0043360,positive
F0043361,
F0043362,positive
F0043363,
F0043364,
F0043365,
F0043366,
F0043367,
F0043368,
F0043369,
F0043370,
F0043371,positive
F0043372,
F0043373,
F0043374,
F0043375,
F0043376,
F0043377,
F0043378,positive
F0043379,
F0043380,
F0043381,
F0043382,
F0043383,
F0043384,
F0043385,
F0043386,
F0043387,
F0043388,
F0043389,
F0043390,
F0043391,
F0043392,
F0043393,
F0043394,
F0043395,
F0043396,
F0043397,positive
F0043398,
F0043399,
F0043400,
F0043401,
F0043402,
F0043403,
F0043404,
F0043405,
F0043406,positive
F0043407,
F0043408,
F0043409,
F0043410,positive
F0043411,
F0043412,positive
F0043413,
F0043414,
F0043415,
F0043416,positive
F0043417,
F0043418,
F0043419,
F0043420,
F0043421,
F0043422,
F0043423,
F0043424,
F0043425,
F0043426,positive
F0043427,
F0043428,
F0043429,positive
F0043430,positive
F0043431,positive
F0043432,
F0043433,
F0043434,
F0043435,
F0043436,positive
F0043437,
F0043438,
F0043439,
F0043440,
F0043441,
F0043442,walkout
F0043443,
F0043444,
F0043445,
F0043446,
F0043447,
F0043448,
F0043449,positive
F0043450,
F0043451,positive
F0043452,
F0043453,
F0043454,
F0043455,
F0043456,
F0043457,
F0043458,
F0043459,positive
F0043460,
F0043461,
F0043462,
F0043463,
F0043464,
F0043465,
F0043466,
F0043467,
F0043468,
F0043469,documents
F0043470,
F0043471,
F0043472,
F0043473,
F0043474,
F0043475,
F0043476,
F0043477,
F0043478,
F0043479,
F0043480,
F0043481,walkout
F0043482,positive
F0043483,
F0043484,
F0043485,
F0043486,
F0043487,
F0043488,
F0043489,
F0043490,walkout
F0043491,
F0043492,
F0043493,walkout
F0043494,
F0043495,walkout
F0043496,walkout
F0043497,walkout
F0043498,
F0043499,walkout
F0043500,
F0043501,positive
F0043502,
F0043503,
F0043504,
F0043505,
F0043506,
F0043507,seating
F0043508,
F0043509,
F0043510,
F0043511,positive
F0043512,
F0043513,
F0043514,positive
F0043515,
F0043516,
F0043517,
F0043518,
F0043519,
F0043520,
F0043521,
F0043522,
F0043523,
F0043524,
F0043525,
F0043526,
F0043527,
F0043528,
F0043529,lunch
F0043530,
F0043531,positive
F0043532,
F0043533,
F0043534,
F0043535,
F0043536,
F0043537,
F0043538,positive
F0043539,
F0043540,positive
F0043541,positive
F0043542,
F0043543,walkout
F0043544,
F0043545,
F0043546,
F0043547,
F0043548,
F0043549,
F0043550,
F0043551,
F0043552,
F0043553,
F0043554,positive
F0043555,positive
F0043556,
F0043557,
F0043558,
F0043559,
F0043560,
F0043561,
F0043562,
F0043563,
F0043564,
F0043565,walkout
F0043566,
F0043567,
F0043568,
F0043569,
F0043570,
F0043571,
F0043572,
F0043573,
F0043574,
F0043575,
F0043576,positive
F0043577,positive
F0043578,
F0043579,positive
F0043580,
F0043581,positive
F0043582,
F0043583,positive
F0043584,positive
F0043585,
F0043586,
F0043587,
F0043588,positive
F0043589,
F0043590,
F0043591,
F0043592,positive
F0043593,
F0043594,
F0043595,positive
F0043596,
F0043597,
F0043598,
F0043599,
F0043600,
F0043601,
F0043602,
F0043603,
F0043604,
F0043605,
F0043606,
F0043607,
F0043608,positive
F0043609,
F0043610,positive
F0043611,
F0043612,
F0043613,
F0043614,
F0043615,positive
F0043616,
F0043617,
F0043618,
F0043619,
F0043620,
F0043621,
F0043622,positive
F0043623,
F0043624,positive
F0043625,positive
F0043626,positive
F0043627,
F0043628,positive
F0043629,
F0043630,positive
F0043631,
F0043632,positive
F0043633,positive
F0043634,
F0043635,
F0043636,
F0043637,
F0043638,
F0043639,
F0043640,
F0043641,
F0043642,
F0043643,positive
F0043644,
F0043645,
F0043646,positive
F0043647,
F0043648,
F0043649,
F0043650,walkout
F0043651,positive
F0043652,
F0043653,
F0043654,
F0043655,
F0043656,
F0043657,
F0043658,
F0043659,
F0043660,walkout
F0043661,
F0043662,system_down
F0043663,walkout
F0043664,
F0043665,
F0043666,
F0043667,walkout
F0043668,walkout
F0043669,
F0043670,walkout
F0043671,positive
F0043672,
F0043673,
F0043674,walkout
F0043675,
F0043676,
F0043677,walkout
F0043678,long_wait
F0043679,
F0043680,
F0043681,
F0043682,
F0043683,
F0043684,
F0043685,
F0043686,
F0043687,
F0043688,
F0043689,
F0043690,
F0043691,
F0043692,
F0043693,
F0043694,
F0043695,
F0043696,
F0043697,walkout
F0043698,
F0043699,
F0043700,
F0043701,
F0043702,
F0043703,
F0043704,
F0043705,
F0043706,
F0043707,
F0043708,
F0043709,
F0043710,positive
F0043711,
F0043712,
F0043713,positive
F0043714,positive
F0043715,
F0043716,
F0043717,
F0043718,walkout
F0043719,
F0043720,walkout
F0043721,
F0043722,
F0043723,
F0043724,
F0043725,
F0043726,positive
F0043727,
F0043728,
F0043729,
F0043730,
F0043731,
F0043732,positive
F0043733,
F0043734,positive
F0043735,
F0043736,
F0043737,
F0043738,
F0043739,
F0043740,
F0043741,positive
F0043742,
F0043743,
F0043744,
F0043745,
F0043746,
F0043747,
F0043748,positive
F0043749,
F0043750,
F0043751,
F0043752,
F0043753,
F0043754,
F0043755,positive
F0043756,
F0043757,
F0043758,
F0043759,
F0043760,
F0043761,
F0043762,
F0043763,
F0043764,
F0043765,
F0043766,
F0043767,
F0043768,positive
F0043769,
F0043770,
F0043771,
F0043772,
F0043773,
F0043774,
F0043775,
F0043776,positive
F0043777,
F0043778,
F0043779,
F0043780,walkout
F0043781,
F0043782,positive
F0043783,
F0043784,
F0043785,
F0043786,positive
F0043787,positive
F0043788,
F0043789,
F0043790,documents
F0043791,walkout
F0043792,
F0043793,walkout
F0043794,
F0043795,
F0043796,
F0043797,positive
F0043798,
F0043799,
F0043800,walkout
F0043801,walkout
F0043802,positive
F0043803,
F0043804,
F0043805,
F0043806,
F0043807,
F0043808,
F0043809,
F0043810,
F0043811,
F0043812,
F0043813,
F0043814,
F0043815,
F0043816,
F0043817,
F0043818,
F0043819,
F0043820,positive
F0043821,
F0043822,
F0043823,
F0043824,
F0043825,positive
F0043826,
F0043827,
F0043828,
F0043829,walkout
F0043830,positive
F0043831,
F0043832,walkout
F0043833,
F0043834,
F0043835,
F0043836,walkout
F0043837,
F0043838,
F0043839,
F0043840,
F0043841,positive
F0043842,
F0043843,positive
F0043844,
F0043845,
F0043846,
F0043847,
F0043848,
F0043849,
F0043850,
F0043851,
F0043852,positive
F0043853,
F0043854,
F0043855,
F0043856,
F0043857,
F0043858,walkout
F0043859,
F0043860,walkout
F0043861,
F0043862,
F0043863,
F0043864,walkout
F0043865,
F0043866,
F0043867,
F0043868,
F0043869,
F0043870,
F0043871,
F0043872,positive
F0043873,
F0043874,
F0043875,
F0043876,walkout
F0043877,walkout
F0043878,
F0043879,positive
F0043880,walkout
F0043881,
F0043882,
F0043883,
F0043884,
F0043885,
F0043886,
F0043887,
F0043888,
F0043889,
F0043890,
F0043891,walkout
F0043892,long_wait
F0043893,
F0043894,
F0043895,walkout
F0043896,walkout
F0043897,walkout
F0043898,walkout
F0043899,
F0043900,walkout
F0043901,positive
F0043902,
F0043903,
F0043904,walkout
F0043905,
F0043906,positive
F0043907,
F0043908,
F0043909,positive
F0043910,long_wait
F0043911,
F0043912,
F0043913,
F0043914,
F0043915,
F0043916,
F0043917,walkout
F0043918,
F0043919,
F0043920,walkout
F0043921,walkout
F0043922,walkout
F0043923,
F0043924,
F0043925,
F0043926,
F0043927,
F0043928,
F0043929,
F0043930,walkout
F0043931,
F0043932,
F0043933,walkout
F0043934,
F0043935,
F0043936,
F0043937,
F0043938,seating
F0043939,
F0043940,
F0043941,
F0043942,walkout
F0043943,seating
F0043944,walkout
F0043945,
F0043946,
F0043947,walkout
F0043948,
F0043949,
F0043950,
F0043951,
F0043952,
F0043953,
F0043954,
F0043955,
F0043956,positive
F0043957,
F0043958,
F0043959,
F0043960,walkout
F0043961,
F0043962,
F0043963,
F0043964,
F0043965,
F0043966,positive
F0043967,
F0043968,positive
F0043969,positive
F0043970,
F0043971,
F0043972,
F0043973,
F0043974,
F0043975,
F0043976,
F0043977,
F0043978,
F0043979,positive
F0043980,
F0043981,positive
F0043982,
F0043983,
F0043984,
F0043985,positive
F0043986,
F0043987,positive
F0043988,
F0043989,
F0043990,
F0043991,
F0043992,
F0043993,
F0043994,positive
F0043995,
F0043996,
F0043997,positive
F0043998,
F0043999,
F0044000,
F0044001,
F0044002,
F0044003,
F0044004,
F0044005,
F0044006,positive
F0044007,positive
F0044008,
F0044009,
F0044010,
F0044011,
F0044012,
F0044013,
F0044014,documents
F0044015,
F0044016,positive
F0044017,positive
F0044018,
F0044019,positive
F0044020,
F0044021,positive
F0044022,
F0044023,
F0044024,
F0044025,
F0044026,positive
F0044027,
F0044028,
F0044029,
F0044030,positive
F0044031,positive
F0044032,
F0044033,
F0044034,
F0044035,
F0044036,
F0044037,
F0044038,
F0044039,
F0044040,
F0044041,
F0044042,
F0044043,
F0044044,
F0044045,
F0044046,positive
F0044047,
F0044048,
F0044049,
F0044050,
F0044051,
F0044052,
F0044053,
F0044054,positive
F0044055,
F0044056,
F0044057,
F0044058,
F0044059,
F0044060,positive
F0044061,
F0044062,walkout
F0044063,
F0044064,walkout
F0044065,
F0044066,positive
F0044067,walkout
F0044068,positive
F0044069,
F0044070,
F0044071,
F0044072,positive
F0044073,positive
F0044074,
F0044075,long_wait
F0044076,
F0044077,
F0044078,
F0044079,
F0044080,
F0044081,
F0044082,
F0044083,
F0044084,
F0044085,
F0044086,
F0044087,
F0044088,
F0044089,
F0044090,
F0044091,walkout
F0044092,
F0044093,walkout
F0044094,
F0044095,positive
F0044096,
F0044097,
F0044098,
F0044099,
F0044100,
F0044101,
F0044102,
F0044103,
F0044104,
F0044105,
F0044106,
F0044107,positive
F0044108,
F0044109,
F0044110,
F0044111,
F0044112,walkout
F0044113,
F0044114,
F0044115,slow_dd
F0044116,positive
F0044117,
F0044118,
F0044119,
F0044120,
F0044121,positive
F0044122,
F0044123,
F0044124,walkout
F0044125,positive
F0044126,
F0044127,
F0044128,positive
F0044129,positive
F0044130,
F0044131,
F0044132,positive
F0044133,
F0044134,
F0044135,
F0044136,
F0044137,
F0044138,
F0044139,
F0044140,
F0044141,
F0044142,
F0044143,walkout
F0044144,
F0044145,
F0044146,
F0044147,
F0044148,
F0044149,
F0044150,positive
F0044151,positive
F0044152,
F0044153,
F0044154,
F0044155,
F0044156,
F0044157,
F0044158,
F0044159,positive
F0044160,positive
F0044161,
F0044162,
F0044163,
F0044164,
F0044165,
F0044166,
F0044167,
F0044168,
F0044169,
F0044170,
F0044171,
F0044172,
F0044173,
F0044174,
F0044175,
F0044176,
F0044177,
F0044178,positive
F0044179,
F0044180,
F0044181,
F0044182,
F0044183,positive
F0044184,
F0044185,
F0044186,
F0044187,
F0044188,
F0044189,
F0044190,
F0044191,
F0044192,positive
F0044193,
F0044194,
F0044195,
F0044196,
F0044197,
F0044198,
F0044199,
F0044200,
F0044201,
F0044202,positive
F0044203,
F0044204,
F0044205,
F0044206,
F0044207,
F0044208,
F0044209,
F0044210,
F0044211,
F0044212,
F0044213,
F0044214,
F0044215,
F0044216,
F0044217,
F0044218,positive
F0044219,
F0044220,
F0044221,
F0044222,
F0044223,
F0044224,
F0044225,
F0044226,
F0044227,positive
F0044228,
F0044229,positive
F0044230,
F0044231,
F0044232,positive
F0044233,positive
F0044234,
F0044235,
F0044236,long_wait
F0044237,
F0044238,
F0044239,
F0044240,
F0044241,positive
F0044242,
F0044243,
F0044244,
F0044245,seating
F0044246,
F0044247,positive
F0044248,walkout
F0044249,walkout
F0044250,
F0044251,walkout
F0044252,
F0044253,walkout
F0044254,walkout
F0044255,positive
F0044256,
F0044257,walkout
F0044258,
F0044259,
F0044260,
F0044261,
F0044262,
F0044263,positive
F0044264,
F0044265,
F0044266,
F0044267,
F0044268,
F0044269,positive
F0044270,
F0044271,
F0044272,
F0044273,
F0044274,
F0044275,documents
F0044276,
F0044277,
F0044278,system_down
F0044279,
F0044280,
F0044281,walkout
F0044282,walkout
F0044283,
F0044284,positive
F0044285,lunch
F0044286,
F0044287,
F0044288,
F0044289,positive
F0044290,
F0044291,
F0044292,
F0044293,positive
F0044294,
F0044295,
F0044296,
F0044297,
F0044298,
F0044299,
F0044300,positive
F0044301,
F0044302,
F0044303,
F0044304,
F0044305,
F0044306,
F0044307,
F0044308,
F0044309,
F0044310,
F0044311,
F0044312,
F0044313,
F0044314,
F0044315,positive
F0044316,positive
F0044317,
F0044318,
F0044319,
F0044320,
F0044321,walkout
F0044322,
F0044323,
F0044324,
F0044325,long_wait
F0044326,
F0044327,
F0044328,
F0044329,
F0044330,
F0044331,
F0044332,
F0044333,
F0044334,
F0044335,
F0044336,
F0044337,
F0044338,
F0044339,positive
F0044340,positive
F0044341,
F0044342,
F0044343,positive
F0044344,
F0044345,
F0044346,
F0044347,
F0044348,
F0044349,
F0044350,
F0044351,
F0044352,
F0044353,
F0044354,
F0044355,
F0044356,positive
F0044357,positive
F0044358,walkout
F0044359,
F0044360,
F0044361,
F0044362,
F0044363,positive
F0044364,
F0044365,
F0044366,walkout
F0044367,
F0044368,
F0044369,
F0044370,
F0044371,
F0044372,positive
F0044373,
F0044374,
F0044375,
F0044376,
F0044377,
F0044378,lunch
F0044379,
F0044380,
F0044381,walkout
F0044382,
F0044383,
F0044384,
F0044385,
F0044386,positive
F0044387,
F0044388,
F0044389,
F0044390,
F0044391,
F0044392,
F0044393,
F0044394,positive
F0044395,
F0044396,
F0044397,positive
F0044398,
F0044399,
F0044400,
F0044401,
F0044402,
F0044403,
F0044404,
F0044405,
F0044406,
F0044407,
F0044408,
F0044409,
F0044410,
F0044411,
F0044412,
F0044413,
F0044414,
F0044415,
F0044416,
F0044417,
F0044418,
F0044419,walkout
F0044420,
F0044421,
F0044422,
F0044423,walkout
F0044424,long_wait
F0044425,
F0044426,
F0044427,walkout
F0044428,
F0044429,positive
F0044430,
F0044431,positive
F0044432,
F0044433,positive
F0044434,
F0044435,
F0044436,
F0044437,
F0044438,
F0044439,
F0044440,positive
F0044441,positive
F0044442,
F0044443,
F0044444,
F0044445,
F0044446,
F0044447,
F0044448,positive
F0044449,
F0044450,
F0044451,
F0044452,
F0044453,
F0044454,positive
F0044455,positive
F0044456,
F0044457,
F0044458,positive
F0044459,
F0044460,
F0044461,positive
F0044462,positive
F0044463,
F0044464,
F0044465,
F0044466,
F0044467,
F0044468,
F0044469,
F0044470,
F0044471,
F0044472,
F0044473,
F0044474,
F0044475,
F0044476,seating
F0044477,
F0044478,
F0044479,
F0044480,
F0044481,
F0044482,positive
F0044483,
F0044484,
F0044485,
F0044486,
F0044487,positive
F0044488,
F0044489,positive
F0044490,
F0044491,
F0044492,
F0044493,
F0044494,
F0044495,
F0044496,positive
F0044497,
F0044498,
F0044499,positive
F0044500,
F0044501,
F0044502,positive
F0044503,
F0044504,positive
F0044505,positive
F0044506,
F0044507,
F0044508,positive
F0044509,
F0044510,
F0044511,walkout
F0044512,
F0044513,
F0044514,
F0044515,
F0044516,
F0044517,
F0044518,
F0044519,
F0044520,
F0044521,
F0044522,
F0044523,
F0044524,
F0044525,walkout
F0044526,positive
F0044527,
F0044528,
F0044529,
F0044530,
F0044531,
F0044532,
F0044533,positive
F0044534,
F0044535,
F0044536,positive
F0044537,
F0044538,
F0044539,
F0044540,positive
F0044541,
F0044542,
F0044543,
F0044544,
F0044545,
F0044546,positive
F0044547,positive
F0044548,positive
F0044549,
F0044550,
F0044551,
F0044552,
F0044553,
F0044554,
F0044555,
F0044556,
F0044557,
F0044558,
F0044559,
F0044560,positive
F0044561,
F0044562,
F0044563,
F0044564,
F0044565,
F0044566,positive
F0044567,positive
F0044568,
F0044569,
F0044570,
F0044571,
F0044572,
F0044573,
F0044574,
F0044575,
F0044576,
F0044577,
F0044578,
F0044579,positive
F0044580,
F0044581,walkout
F0044582,
F0044583,
F0044584,
F0044585,
F0044586,
F0044587,
F0044588,walkout
F0044589,
F0044590,
F0044591,
F0044592,
F0044593,
F0044594,positive
F0044595,
F0044596,
F0044597,
F0044598,
F0044599,
F0044600,
F0044601,
F0044602,positive
F0044603,positive
F0044604,
F0044605,
F0044606,
F0044607,
F0044608,
F0044609,positive
F0044610,
F0044611,
F0044612,
F0044613,
F0044614,
F0044615,
F0044616,
F0044617,
F0044618,positive
F0044619,
F0044620,
F0044621,positive
F0044622,
F0044623,
F0044624,
F0044625,walkout
F0044626,
F0044627,
F0044628,
F0044629,
F0044630,positive
F0044631,
F0044632,
F0044633,
F0044634,walkout
F0044635,
F0044636,
F0044637,
F0044638,
F0044639,
F0044640,
F0044641,
F0044642,
F0044643,
F0044644,
F0044645,
F0044646,positive
F0044647,documents
F0044648,
F0044649,
F0044650,
F0044651,
F0044652,
F0044653,
F0044654,
F0044655,
F0044656,
F0044657,
F0044658,
F0044659,
F0044660,
F0044661,
F0044662,
F0044663,
F0044664,
F0044665,positive
F0044666,positive
F0044667,
F0044668,
F0044669,positive
F0044670,
F0044671,
F0044672,
F0044673,
F0044674,
F0044675,positive
F0044676,positive
F0044677,
F0044678,positive
F0044679,positive
F0044680,
F0044681,
F0044682,
F0044683,
F0044684,
F0044685,
F0044686,
F0044687,
F0044688,positive
F0044689,
F0044690,
F0044691,
F0044692,
F0044693,
F0044694,documents
F0044695,
F0044696,positive
F0044697,
F0044698,
F0044699,
F0044700,
F0044701,
F0044702,positive
F0044703,positive
F0044704,walkout
F0044705,
F0044706,
F0044707,
F0044708,
F0044709,
F0044710,
F0044711,
F0044712,
F0044713,
F0044714,
F0044715,
F0044716,
F0044717,positive
F0044718,
F0044719,
F0044720,
F0044721,
F0044722,positive
F0044723,
F0044724,
F0044725,
F0044726,walkout
F0044727,
F0044728,
F0044729,positive
F0044730,
F0044731,
F0044732,
F0044733,positive
F0044734,
F0044735,
F0044736,
F0044737,
F0044738,walkout
F0044739,positive
F0044740,
F0044741,
F0044742,
F0044743,
F0044744,
F0044745,
F0044746,
F0044747,
F0044748,
F0044749,
F0044750,
F0044751,
F0044752,documents
F0044753,walkout
F0044754,
F0044755,
F0044756,slow_dd
F0044757,
F0044758,
F0044759,walkout
F0044760,walkout
F0044761,walkout
F0044762,
F0044763,
F0044764,
F0044765,
F0044766,walkout
F0044767,walkout
F0044768,
F0044769,
F0044770,
F0044771,walkout
F0044772,walkout
F0044773,
F0044774,
F0044775,walkout
F0044776,lunch
F0044777,long_wait
F0044778,
F0044779,
F0044780,
F0044781,
F0044782,walkout
F0044783,
F0044784,
F0044785,
F0044786,
F0044787,
F0044788,
F0044789,positive
F0044790,
F0044791,
F0044792,
F0044793,
F0044794,
F0044795,
F0044796,
F0044797,long_wait
F0044798,walkout
F0044799,
F0044800,
F0044801,
F0044802,
F0044803,lunch
F0044804,
F0044805,
F0044806,
F0044807,walkout
F0044808,
F0044809,positive
F0044810,positive
F0044811,
F0044812,
F0044813,
F0044814,
F0044815,positive
F0044816,
F0044817,
F0044818,
F0044819,
F0044820,
F0044821,
F0044822,
F0044823,positive
F0044824,positive
F0044825,
F0044826,
F0044827,
F0044828,positive
F0044829,
F0044830,
F0044831,
F0044832,
F0044833,walkout
F0044834,
F0044835,positive
F0044836,positive
F0044837,
F0044838,
F0044839,
F0044840,
F0044841,
F0044842,positive
F0044843,
F0044844,
F0044845,
F0044846,
F0044847,
F0044848,
F0044849,positive
F0044850,
F0044851,
F0044852,
F0044853,
F0044854,
F0044855,
F0044856,positive
F0044857,
F0044858,
F0044859,
F0044860,
F0044861,positive
F0044862,
F0044863,
F0044864,
F0044865,
F0044866,
F0044867,
F0044868,
F0044869,
F0044870,
F0044871,
F0044872,
F0044873,
F0044874,positive
F0044875,
F0044876,
F0044877,
F0044878,
F0044879,
F0044880,positive
F0044881,
F0044882,
F0044883,
F0044884,
F0044885,positive
F0044886,positive
F0044887,positive
F0044888,
F0044889,
F0044890,walkout
F0044891,
F0044892,
F0044893,
F0044894,
F0044895,
F0044896,positive
F0044897,
F0044898,
F0044899,
F0044900,positive
F0044901,slow_dd
F0044902,
F0044903,positive
F0044904,
F0044905,positive
F0044906,
F0044907,
F0044908,positive
F0044909,
F0044910,
F0044911,
F0044912,
F0044913,walkout
F0044914,
F0044915,
F0044916,
F0044917,
F0044918,
F0044919,
F0044920,positive
F0044921,
F0044922,
F0044923,
F0044924,
F0044925,
F0044926,
F0044927,
F0044928,
F0044929,
F0044930,long_wait
F0044931,documents
F0044932,positive
F0044933,
F0044934,
F0044935,
F0044936,positive
F0044937,
F0044938,
F0044939,
F0044940,positive
F0044941,
F0044942,positive
F0044943,
F0044944,
F0044945,
F0044946,
F0044947,
F0044948,
F0044949,
F0044950,
F0044951,slow_dd
F0044952,positive
F0044953,
F0044954,
F0044955,
F0044956,
F0044957,
F0044958,
F0044959,
F0044960,
F0044961,
F0044962,
F0044963,
F0044964,
F0044965,
F0044966,walkout
F0044967,
F0044968,
F0044969,
F0044970,
F0044971,
F0044972,
F0044973,
F0044974,
F0044975,
F0044976,
F0044977,positive
F0044978,
F0044979,
F0044980,
F0044981,walkout
F0044982,
F0044983,
F0044984,
F0044985,
F0044986,
F0044987,
F0044988,positive
F0044989,
F0044990,
F0044991,
F0044992,positive
F0044993,positive
F0044994,
F0044995,
F0044996,
F0044997,walkout
F0044998,
F0044999,
F0045000,
F0045001,
F0045002,
F0045003,
F0045004,
F0045005,walkout
F0045006,walkout
F0045007,walkout
F0045008,
F0045009,walkout
F0045010,positive
F0045011,
F0045012,
F0045013,
F0045014,walkout
F0045015,
F0045016,
F0045017,
F0045018,
F0045019,
F0045020,
F0045021,
F0045022,
F0045023,
F0045024,
F0045025,
F0045026,
F0045027,positive
F0045028,
F0045029,
F0045030,
F0045031,
F0045032,
F0045033,
F0045034,
F0045035,
F0045036,
F0045037,
F0045038,
F0045039,
F0045040,positive
F0045041,
F0045042,
F0045043,
F0045044,
F0045045,
F0045046,positive
F0045047,
F0045048,
F0045049,
F0045050,
F0045051,
F0045052,positive
F0045053,
F0045054,
F0045055,
F0045056,
F0045057,
F0045058,
F0045059,
F0045060,positive
F0045061,
F0045062,
F0045063,
F0045064,
F0045065,
F0045066,
F0045067,
F0045068,positive
F0045069,
F0045070,
F0045071,positive
F0045072,
F0045073,positive
F0045074,
F0045075,
F0045076,positive
F0045077,
F0045078,
F0045079,
F0045080,positive
F0045081,
F0045082,
F0045083,walkout
F0045084,
F0045085,
F0045086,
F0045087,
F0045088,
F0045089,
F0045090,
F0045091,
F0045092,
F0045093,
F0045094,
F0045095,
F0045096,
F0045097,positive
F0045098,
F0045099,
F0045100,
F0045101,
F0045102,
F0045103,positive
F0045104,walkout
F0045105,
F0045106,positive
F0045107,
F0045108,
F0045109,
F0045110,
F0045111,
F0045112,
F0045113,
F0045114,
F0045115,
F0045116,
F0045117,
F0045118,
F0045119,
F0045120,
F0045121,
F0045122,
F0045123,
F0045124,
F0045125,lunch
F0045126,
F0045127,
F0045128,
F0045129,
F0045130,
F0045131,
F0045132,positive
F0045133,
F0045134,
F0045135,
F0045136,
F0045137,
F0045138,
F0045139,
F0045140,
F0045141,
F0045142,positive
F0045143,
F0045144,
F0045145,
F0045146,
F0045147,
F0045148,
F0045149,
F0045150,
F0045151,
F0045152,
F0045153,
F0045154,
F0045155,
F0045156,
F0045157,
F0045158,
F0045159,
F0045160,positive
F0045161,
F0045162,
F0045163,
F0045164,
F0045165,
F0045166,
F0045167,walkout
F0045168,
F0045169,walkout
F0045170,positive
F0045171,walkout
F0045172,walkout
F0045173,
F0045174,positive
F0045175,
F0045176,
F0045177,
F0045178,positive
F0045179,walkout
F0045180,
F0045181,
F0045182,
F0045183,
F0045184,
F0045185,
F0045186,
F0045187,
F0045188,
F0045189,
F0045190,
F0045191,
F0045192,
F0045193,
F0045194,
F0045195,
F0045196,
F0045197,
F0045198,
F0045199,positive
F0045200,
F0045201,
F0045202,
F0045203,
F0045204,
F0045205,
F0045206,
F0045207,
F0045208,
F0045209,
F0045210,positive
F0045211,
F0045212,
F0045213,
F0045214,
F0045215,
F0045216,positive
F0045217,
F0045218,
F0045219,
F0045220,positive
F0045221,
F0045222,
F0045223,
F0045224,
F0045225,
F0045226,
F0045227,positive
F0045228,walkout
F0045229,
F0045230,positive
F0045231,
F0045232,
F0045233,positive
F0045234,
F0045235,
F0045236,seating
F0045237,positive
F0045238,
F0045239,
F0045240,
F0045241,
F0045242,
F0045243,positive
F0045244,
F0045245,
F0045246,walkout
F0045247,
F0045248,walkout
F0045249,walkout
F0045250,walkout
F0045251,walkout
F0045252,
F0045253,
F0045254,positive
F0045255,
F0045256,positive
F0045257,
F0045258,positive
F0045259,
F0045260,
F0045261,
F0045262,
F0045263,
F0045264,positive
F0045265,
F0045266,
F0045267,
F0045268,positive
F0045269,
F0045270,positive
F0045271,positive
F0045272,
F0045273,positive
F0045274,
F0045275,
F0045276,
F0045277,
F0045278,
F0045279,slow_dd
F0045280,positive
F0045281,
F0045282,
F0045283,
F0045284,
F0045285,
F0045286,
F0045287,
F0045288,
F0045289,
F0045290,
F0045291,
F0045292,positive
F0045293,walkout
F0045294,
F0045295,
F0045296,
F0045297,
F0045298,positive
F0045299,
F0045300,
F0045301,
F0045302,
F0045303,
F0045304,
F0045305,positive
F0045306,
F0045307,positive
F0045308,
F0045309,
F0045310,
F0045311,
F0045312,
F0045313,
F0045314,positive
F0045315,
F0045316,
F0045317,
F0045318,
F0045319,
F0045320,
F0045321,positive
F0045322,
F0045323,
F0045324,
F0045325,positive
F0045326,
F0045327,
F0045328,
F0045329,
F0045330,
F0045331,
F0045332,walkout
F0045333,
F0045334,positive
F0045335,
F0045336,
F0045337,
F0045338,
F0045339,
F0045340,
F0045341,
F0045342,
F0045343,
F0045344,
F0045345,
F0045346,
F0045347,
F0045348,
F0045349,
F0045350,positive
F0045351,
F0045352,
F0045353,
F0045354,positive
F0045355,
F0045356,
F0045357,
F0045358,
F0045359,
F0045360,
F0045361,
F0045362,
F0045363,
F0045364,
F0045365,
F0045366,
F0045367,positive
F0045368,
F0045369,
F0045370,
F0045371,
F0045372,
F0045373,
F0045374,
F0045375,positive
F0045376,
F0045377,
F0045378,
F0045379,
F0045380,
F0045381,
F0045382,
F0045383,
F0045384,walkout
F0045385,
F0045386,
F0045387,
F0045388,
F0045389,
F0045390,
F0045391,
F0045392,
F0045393,
F0045394,
F0045395,
F0045396,positive
F0045397,
F0045398,positive
F0045399,
F0045400,positive
F0045401,positive
F0045402,
F0045403,
F0045404,walkout
F0045405,walkout
F0045406,
F0045407,
F0045408,positive
F0045409,
F0045410,
F0045411,
F0045412,
F0045413,
F0045414,
F0045415,
F0045416,slow_dd
F0045417,
F0045418,walkout
F0045419,
F0045420,walkout
F0045421,
F0045422,walkout
F0045423,positive
F0045424,
F0045425,positive
F0045426,
F0045427,
F0045428,
F0045429,
F0045430,
F0045431,positive
F0045432,walkout
F0045433,
F0045434,
F0045435,
F0045436,
F0045437,
F0045438,
F0045439,
F0045440,
F0045441,
F0045442,
F0045443,
F0045444,
F0045445,
F0045446,
F0045447,positive
F0045448,positive
F0045449,positive
F0045450,
F0045451,
F0045452,
F0045453,
F0045454,
F0045455,
F0045456,
F0045457,
F0045458,
F0045459,
F0045460,
F0045461,
F0045462,positive
F0045463,
F0045464,positive
F0045465,
F0045466,
F0045467,
F0045468,
F0045469,
F0045470,
F0045471,
F0045472,positive
F0045473,positive
F0045474,
F0045475,
F0045476,
F0045477,
F0045478,walkout
F0045479,walkout
F0045480,positive
F0045481,
F0045482,
F0045483,positive
F0045484,
F0045485,
F0045486,
F0045487,
F0045488,positive
F0045489,positive
F0045490,positive
F0045491,
F0045492,
F0045493,
F0045494,
F0045495,
F0045496,
F0045497,walkout
F0045498,
F0045499,
F0045500,
F0045501,positive
F0045502,walkout
F0045503,
F0045504,
F0045505,positive
F0045506,
F0045507,
F0045508,
F0045509,
F0045510,
F0045511,lunch
F0045512,walkout
F0045513,
F0045514,
F0045515,walkout
F0045516,
F0045517,
F0045518,
F0045519,
F0045520,positive
F0045521,
F0045522,
F0045523,
F0045524,positive
F0045525,positive
F0045526,
F0045527,
F0045528,
F0045529,positive
F0045530,positive
F0045531,
F0045532,positive
F0045533,
F0045534,
F0045535,
F0045536,
F0045537,
F0045538,
F0045539,
F0045540,
F0045541,positive
F0045542,
F0045543,
F0045544,
F0045545,
F0045546,positive
F0045547,positive
F0045548,
F0045549,
F0045550,walkout
F0045551,positive
F0045552,
F0045553,
F0045554,
F0045555,positive
F0045556,
F0045557,
F0045558,
F0045559,
F0045560,positive
F0045561,
F0045562,
F0045563,positive
F0045564,
F0045565,
F0045566,
F0045567,
F0045568,
F0045569,
F0045570,
F0045571,
F0045572,
F0045573,
F0045574,
F0045575,
F0045576,
F0045577,
F0045578,long_wait
F0045579,
F0045580,documents
F0045581,
F0045582,positive
F0045583,
F0045584,
F0045585,
F0045586,positive
F0045587,positive
F0045588,positive
F0045589,
F0045590,
F0045591,
F0045592,
F0045593,
F0045594,
F0045595,
F0045596,positive
F0045597,
F0045598,
F0045599,
F0045600,
F0045601,
F0045602,walkout
F0045603,
F0045604,
F0045605,
F0045606,
F0045607,walkout
F0045608,
F0045609,
F0045610,positive
F0045611,
F0045612,
F0045613,positive
F0045614,
F0045615,
F0045616,
F0045617,
F0045618,positive
F0045619,
F0045620,
F0045621,
F0045622,
F0045623,
F0045624,
F0045625,
F0045626,
F0045627,
F0045628,
F0045629,
F0045630,
F0045631,
F0045632,positive
F0045633,
F0045634,
F0045635,
F0045636,
F0045637,
F0045638,positive
F0045639,
F0045640,
F0045641,
F0045642,
F0045643,walkout
F0045644,
F0045645,
F0045646,
F0045647,walkout
F0045648,
F0045649,
F0045650,
F0045651,
F0045652,positive
F0045653,
F0045654,walkout
F0045655,
F0045656,positive
F0045657,
F0045658,positive
F0045659,
F0045660,
F0045661,
F0045662,
F0045663,
F0045664,
F0045665,
F0045666,
F0045667,positive
F0045668,
F0045669,positive
F0045670,
F0045671,walkout
F0045672,
F0045673,
F0045674,
F0045675,long_wait
F0045676,
F0045677,
F0045678,
F0045679,walkout
F0045680,
F0045681,
F0045682,
F0045683,
F0045684,
F0045685,
F0045686,
F0045687,
F0045688,
F0045689,
F0045690,
F0045691,
F0045692,
F0045693,
F0045694,walkout
F0045695,
F0045696,positive
F0045697,
F0045698,
F0045699,
F0045700,walkout
F0045701,
F0045702,positive
F0045703,
F0045704,
F0045705,positive
F0045706,
F0045707,
F0045708,
F0045709,walkout
F0045710,
F0045711,
F0045712,
F0045713,walkout
F0045714,
F0045715,
F0045716,
F0045717,
F0045718,
F0045719,walkout
F0045720,
F0045721,
F0045722,positive
F0045723,long_wait
F0045724,
F0045725,
F0045726,
F0045727,
F0045728,
F0045729,
F0045730,
F0045731,positive
F0045732,
F0045733,
F0045734,positive
F0045735,
F0045736,
F0045737,
F0045738,
F0045739,
F0045740,
F0045741,positive
F0045742,walkout
F0045743,
F0045744,walkout
F0045745,
F0045746,
F0045747,
F0045748,walkout
F0045749,long_wait
F0045750,
F0045751,
F0045752,
F0045753,
F0045754,
F0045755,
F0045756,
F0045757,
F0045758,walkout
F0045759,
F0045760,
F0045761,walkout
F0045762,
F0045763,
F0045764,
F0045765,walkout
F0045766,walkout
F0045767,walkout
F0045768,walkout
F0045769,walkout
F0045770,
F0045771,
F0045772,
F0045773,walkout
F0045774,
F0045775,
F0045776,
F0045777,
F0045778,
F0045779,
F0045780,
F0045781,
F0045782,
F0045783,
F0045784,
F0045785,
F0045786,
F0045787,
F0045788,
F0045789,
F0045790,
F0045791,
F0045792,
F0045793,
F0045794,positive
F0045795,
F0045796,positive
F0045797,positive
F0045798,
F0045799,
F0045800,walkout
F0045801,positive
F0045802,
F0045803,
F0045804,positive
F0045805,
F0045806,positive
F0045807,
F0045808,
F0045809,
F0045810,
F0045811,
F0045812,
F0045813,
F0045814,
F0045815,
F0045816,
F0045817,
F0045818,
F0045819,walkout
F0045820,
F0045821,
F0045822,
F0045823,walkout
F0045824,
F0045825,
F0045826,positive
F0045827,
F0045828,walkout
F0045829,
F0045830,
F0045831,
F0045832,
F0045833,positive
F0045834,
F0045835,
F0045836,
F0045837,
F0045838,
F0045839,walkout
F0045840,
F0045841,walkout
F0045842,
F0045843,walkout
F0045844,
F0045845,
F0045846,walkout
F0045847,
F0045848,positive
F0045849,
F0045850,
F0045851,positive
F0045852,long_wait
F0045853,
F0045854,walkout
F0045855,
F0045856,walkout
F0045857,
F0045858,
F0045859,
F0045860,
F0045861,walkout
F0045862,walkout
F0045863,
F0045864,
F0045865,
F0045866,
F0045867,long_wait
F0045868,
F0045869,long_wait
F0045870,
F0045871,
F0045872,long_wait
F0045873,
F0045874,positive
F0045875,
F0045876,
F0045877,
F0045878,long_wait
F0045879,
F0045880,
F0045881,walkout
F0045882,walkout
F0045883,walkout
F0045884,
F0045885,
F0045886,walkout
F0045887,walkout
F0045888,
F0045889,
F0045890,walkout
F0045891,
F0045892,
F0045893,
F0045894,
F0045895,
F0045896,
F0045897,walkout
F0045898,
F0045899,walkout
F0045900,walkout
F0045901,
F0045902,
F0045903,walkout
F0045904,
F0045905,
F0045906,
F0045907,
F0045908,
F0045909,walkout
F0045910,
F0045911,
F0045912,
F0045913,positive
F0045914,
F0045915,
F0045916,positive
F0045917,
F0045918,
F0045919,positive
F0045920,
F0045921,
F0045922,positive
F0045923,
F0045924,
F0045925,
F0045926,
F0045927,
F0045928,
F0045929,positive
F0045930,
F0045931,
F0045932,
F0045933,
F0045934,positive
F0045935,
F0045936,
F0045937,
F0045938,
F0045939,walkout
F0045940,
F0045941,
F0045942,
F0045943,
F0045944,walkout
F0045945,
F0045946,walkout
F0045947,
F0045948,
F0045949,
F0045950,
F0045951,
F0045952,positive
F0045953,
F0045954,
F0045955,walkout
F0045956,
F0045957,
F0045958,
F0045959,
F0045960,
F0045961,
F0045962,
F0045963,
F0045964,
F0045965,
F0045966,
F0045967,
F0045968,
F0045969,
F0045970,
F0045971,
F0045972,
F0045973,positive
F0045974,
F0045975,
F0045976,
F0045977,
F0045978,long_wait
F0045979,
F0045980,
F0045981,
F0045982,
F0045983,walkout
F0045984,
F0045985,walkout
F0045986,
F0045987,walkout
F0045988,
F0045989,
F0045990,
F0045991,
F0045992,
F0045993,
F0045994,
F0045995,walkout
F0045996,long_wait
F0045997,
F0045998,
F0045999,walkout
F0046000,walkout
F0046001,
F0046002,
F0046003,
F0046004,
F0046005,
F0046006,
F0046007,
F0046008,
F0046009,
F0046010,
F0046011,positive
F0046012,
F0046013,
F0046014,
F0046015,
F0046016,
F0046017,
F0046018,
F0046019,
F0046020,
F0046021,
F0046022,
F0046023,
F0046024,walkout
F0046025,
F0046026,
F0046027,positive
F0046028,
F0046029,
F0046030,
F0046031,
F0046032,
F0046033,
F0046034,
F0046035,
F0046036,
F0046037,
F0046038,
F0046039,
F0046040,
F0046041,
F0046042,
F0046043,positive
F0046044,
F0046045,
F0046046,
F0046047,
F0046048,walkout
F0046049,
F0046050,
F0046051,
F0046052,
F0046053,
F0046054,walkout
F0046055,
F0046056,walkout
F0046057,
F0046058,
F0046059,
F0046060,
F0046061,positive
F0046062,
F0046063,
F0046064,
F0046065,
F0046066,
F0046067,
F0046068,
F0046069,
F0046070,
F0046071,
F0046072,
F0046073,
F0046074,
F0046075,
F0046076,
F0046077,
F0046078,
F0046079,
F0046080,
F0046081,
F0046082,
F0046083,
F0046084,
F0046085,positive
F0046086,positive
F0046087,
F0046088,
F0046089,
F0046090,
F0046091,
F0046092,positive
F0046093,positive
F0046094,
F0046095,
F0046096,
F0046097,
F0046098,
F0046099,
F0046100,
F0046101,
F0046102,
F0046103,
F0046104,
F0046105,positive
F0046106,positive
F0046107,
F0046108,positive
F0046109,
F0046110,
F0046111,
F0046112,
F0046113,positive
F0046114,positive
F0046115,
F0046116,
F0046117,
F0046118,
F0046119,
F0046120,positive
F0046121,
F0046122,
F0046123,long_wait
F0046124,
F0046125,positive
F0046126,
F0046127,walkout
F0046128,
F0046129,
F0046130,positive
F0046131,walkout
F0046132,
F0046133,
F0046134,
F0046135,
F0046136,
F0046137,positive
F0046138,
F0046139,
F0046140,
F0046141,
F0046142,walkout
F0046143,
F0046144,
F0046145,
F0046146,
F0046147,walkout
F0046148,walkout
F0046149,
F0046150,
F0046151,
F0046152,
F0046153,
F0046154,
F0046155,
F0046156,
F0046157,
F0046158,
F0046159,
F0046160,
F0046161,
F0046162,
F0046163,
F0046164,
F0046165,
F0046166,
F0046167,
F0046168,
F0046169,
F0046170,walkout
F0046171,
F0046172,
F0046173,
F0046174,
F0046175,
F0046176,
F0046177,
F0046178,positive
F0046179,
F0046180,
F0046181,
F0046182,walkout
F0046183,
F0046184,walkout
F0046185,
F0046186,long_wait
F0046187,
F0046188,
F0046189,
F0046190,
F0046191,
F0046192,
F0046193,walkout
F0046194,
F0046195,walkout
F0046196,walkout
F0046197,
F0046198,
F0046199,
F0046200,walkout
F0046201,
F0046202,
F0046203,
F0046204,
F0046205,
F0046206,walkout
F0046207,
F0046208,
F0046209,
F0046210,
F0046211,
F0046212,
F0046213,
F0046214,
F0046215,
F0046216,
F0046217,
F0046218,walkout
F0046219,
F0046220,
F0046221,
F0046222,
F0046223,
F0046224,
F0046225,
F0046226,
F0046227,
F0046228,
F0046229,
F0046230,
F0046231,
F0046232,
F0046233,positive
F0046234,
F0046235,positive
F0046236,
F0046237,
F0046238,documents
F0046239,positive
F0046240,
F0046241,
F0046242,
F0046243,positive
F0046244,
F0046245,
F0046246,
F0046247,
F0046248,
F0046249,
F0046250,
F0046251,positive
F0046252,
F0046253,
F0046254,
F0046255,
F0046256,
F0046257,
F0046258,
F0046259,
F0046260,
F0046261,positive
F0046262,
F0046263,
F0046264,
F0046265,
F0046266,
F0046267,
F0046268,
F0046269,
F0046270,
F0046271,
F0046272,
F0046273,
F0046274,
F0046275,
F0046276,
F0046277,
F0046278,
F0046279,
F0046280,
F0046281,
F0046282,
F0046283,
F0046284,
F0046285,
F0046286,walkout
F0046287,
F0046288,
F0046289,long_wait
F0046290,positive
F0046291,walkout
F0046292,
F0046293,long_wait
F0046294,
F0046295,
F0046296,
F0046297,positive
F0046298,
F0046299,long_wait
F0046300,
F0046301,positive
F0046302,
F0046303,
F0046304,
F0046305,
F0046306,
F0046307,
F0046308,positive
F0046309,
F0046310,
F0046311,
F0046312,positive
F0046313,
F0046314,
F0046315,
F0046316,
F0046317,
F0046318,
F0046319,
F0046320,
F0046321,
F0046322,
F0046323,
F0046324,
F0046325,
F0046326,
F0046327,
F0046328,
F0046329,
F0046330,
F0046331,positive
F0046332,
F0046333,
F0046334,
F0046335,
F0046336,
F0046337,
F0046338,positive
F0046339,
F0046340,
F0046341,
F0046342,
F0046343,
F0046344,
F0046345,
F0046346,positive
F0046347,walkout
F0046348,
F0046349,walkout
F0046350,
F0046351,
F0046352,
F0046353,
F0046354,
F0046355,
F0046356,
F0046357,
F0046358,
F0046359,
F0046360,
F0046361,
F0046362,positive
F0046363,
F0046364,
F0046365,
F0046366,
F0046367,
F0046368,
F0046369,
F0046370,
F0046371,
F0046372,
F0046373,
F0046374,
F0046375,
F0046376,
F0046377,walkout
F0046378,
F0046379,long_wait
F0046380,walkout
F0046381,
F0046382,walkout
F0046383,
F0046384,
F0046385,walkout
F0046386,
F0046387,long_wait
F0046388,walkout
F0046389,
F0046390,
F0046391,walkout
F0046392,
F0046393,
F0046394,walkout
F0046395,
F0046396,documents
F0046397,
F0046398,
F0046399,
F0046400,
F0046401,
F0046402,positive
F0046403,
F0046404,walkout
F0046405,
F0046406,
F0046407,
F0046408,
F0046409,
F0046410,
F0046411,
F0046412,positive
F0046413,
F0046414,
F0046415,
F0046416,
F0046417,
F0046418,positive
F0046419,
F0046420,
F0046421,
F0046422,
F0046423,
F0046424,
F0046425,
F0046426,
F0046427,
F0046428,
F0046429,positive
F0046430,
F0046431,
F0046432,
F0046433,
F0046434,
F0046435,
F0046436,
F0046437,
F0046438,
F0046439,
F0046440,
F0046441,
F0046442,positive
F0046443,positive
F0046444,
F0046445,walkout
F0046446,
F0046447,
F0046448,
F0046449,
F0046450,
F0046451,
F0046452,
F0046453,
F0046454,
F0046455,
F0046456,
F0046457,
F0046458,
F0046459,
F0046460,
F0046461,
F0046462,
F0046463,positive
F0046464,
F0046465,positive
F0046466,
F0046467,
F0046468,
F0046469,walkout
F0046470,walkout
F0046471,
F0046472,
F0046473,
F0046474,
F0046475,positive
F0046476,
F0046477,positive
F0046478,
F0046479,
F0046480,long_wait
F0046481,
F0046482,
F0046483,
F0046484,positive
F0046485,
F0046486,positive
F0046487,
F0046488,walkout
F0046489,
F0046490,walkout
F0046491,
F0046492,
F0046493,
F0046494,walkout
F0046495,walkout
F0046496,
F0046497,
F0046498,
F0046499,
F0046500,
F0046501,
F0046502,
F0046503,
F0046504,
F0046505,
F0046506,
F0046507,
F0046508,
F0046509,
F0046510,
F0046511,
F0046512,
F0046513,
F0046514,
F0046515,
F0046516,positive
F0046517,
F0046518,
F0046519,
F0046520,
F0046521,
F0046522,walkout
F0046523,walkout
F0046524,
F0046525,
F0046526,positive
F0046527,
F0046528,
F0046529,positive
F0046530,
F0046531,
F0046532,
F0046533,positive
F0046534,
F0046535,
F0046536,
F0046537,walkout
F0046538,
F0046539,
F0046540,
F0046541,
F0046542,
F0046543,
F0046544,
F0046545,
F0046546,
F0046547,
F0046548,
F0046549,
F0046550,
F0046551,
F0046552,
F0046553,
F0046554,
F0046555,
F0046556,
F0046557,
F0046558,
F0046559,
F0046560,positive
F0046561,positive
F0046562,
F0046563,
F0046564,
F0046565,
F0046566,
F0046567,
F0046568,
F0046569,positive
F0046570,
F0046571,
F0046572,
F0046573,
F0046574,
F0046575,
F0046576,walkout
F0046577,
F0046578,
F0046579,positive
F0046580,
F0046581,
F0046582,
F0046583,
F0046584,
F0046585,long_wait
F0046586,
F0046587,
F0046588,positive
F0046589,
F0046590,
F0046591,
F0046592,
F0046593,
F0046594,positive
F0046595,positive
F0046596,
F0046597,
F0046598,
F0046599,slow_dd
F0046600,
F0046601,
F0046602,
F0046603,
F0046604,
F0046605,
F0046606,positive
F0046607,
F0046608,documents
F0046609,
F0046610,positive
F0046611,
F0046612,
F0046613,
F0046614,
F0046615,
F0046616,
F0046617,
F0046618,
F0046619,
F0046620,positive
F0046621,
F0046622,
F0046623,walkout
F0046624,
F0046625,
F0046626,positive
F0046627,
F0046628,
F0046629,positive
F0046630,walkout
F0046631,
F0046632,walkout
F0046633,
F0046634,
F0046635,walkout
F0046636,
F0046637,
F0046638,
F0046639,
F0046640,walkout
F0046641,
F0046642,
F0046643,
F0046644,
F0046645,
F0046646,
F0046647,walkout
F0046648,
F0046649,walkout
F0046650,
F0046651,walkout
F0046652,
F0046653,
F0046654,
F0046655,
F0046656,
F0046657,
F0046658,
F0046659,positive
F0046660,positive
F0046661,
F0046662,
F0046663,
F0046664,
F0046665,
F0046666,
F0046667,
F0046668,
F0046669,
F0046670,
F0046671,
F0046672,
F0046673,
F0046674,positive
F0046675,
F0046676,
F0046677,positive
F0046678,
F0046679,
F0046680,
F0046681,
F0046682,
F0046683,
F0046684,
F0046685,
F0046686,
F0046687,
F0046688,
F0046689,
F0046690,positive
F0046691,walkout
F0046692,
F0046693,
F0046694,walkout
F0046695,
F0046696,positive
F0046697,
F0046698,
F0046699,walkout
F0046700,positive
F0046701,
F0046702,
F0046703,
F0046704,
F0046705,lunch
F0046706,
F0046707,
F0046708,
F0046709,
F0046710,
F0046711,
F0046712,
F0046713,long_wait
F0046714,
F0046715,
F0046716,
F0046717,
F0046718,
F0046719,
F0046720,
F0046721,positive
F0046722,
F0046723,positive
F0046724,
F0046725,
F0046726,
F0046727,
F0046728,
F0046729,
F0046730,
F0046731,
F0046732,
F0046733,positive
F0046734,
F0046735,
F0046736,
F0046737,
F0046738,
F0046739,
F0046740,
F0046741,
F0046742,positive
F0046743,
F0046744,
F0046745,
F0046746,
F0046747,
F0046748,
F0046749,
F0046750,
F0046751,
F0046752,
F0046753,
F0046754,
F0046755,
F0046756,
F0046757,
F0046758,positive
F0046759,
F0046760,
F0046761,
F0046762,
F0046763,
F0046764,positive
F0046765,
F0046766,
F0046767,
F0046768,
F0046769,
F0046770,
F0046771,
F0046772,
F0046773,
F0046774,
F0046775,
F0046776,
F0046777,
F0046778,
F0046779,
F0046780,
F0046781,long_wait
F0046782,
F0046783,
F0046784,
F0046785,
F0046786,
F0046787,
F0046788,
F0046789,
F0046790,
F0046791,
F0046792,
F0046793,
F0046794,
F0046795,positive
F0046796,
F0046797,positive
F0046798,walkout
F0046799,
F0046800,
F0046801,
F0046802,
F0046803,
F0046804,
F0046805,
F0046806,
F0046807,
F0046808,
F0046809,
F0046810,
F0046811,
F0046812,
F0046813,positive
F0046814,
F0046815,
F0046816,
F0046817,
F0046818,
F0046819,
F0046820,walkout
F0046821,
F0046822,
F0046823,positive
F0046824,
F0046825,
F0046826,
F0046827,positive
F0046828,
F0046829,
F0046830,
F0046831,
F0046832,positive
F0046833,
F0046834,
F0046835,
F0046836,
F0046837,
F0046838,
F0046839,
F0046840,positive
F0046841,
F0046842,
F0046843,
F0046844,walkout
F0046845,
F0046846,
F0046847,
F0046848,
F0046849,
F0046850,
F0046851,
F0046852,
F0046853,
F0046854,
F0046855,positive
F0046856,
F0046857,
F0046858,
F0046859,
F0046860,
F0046861,
F0046862,
F0046863,
F0046864,positive
F0046865,
F0046866,
F0046867,
F0046868,
F0046869,
F0046870,
F0046871,
F0046872,
F0046873,
F0046874,
F0046875,
F0046876,
F0046877,
F0046878,walkout
F0046879,
F0046880,
F0046881,
F0046882,
F0046883,positive
F0046884,
F0046885,long_wait
F0046886,
F0046887,
F0046888,positive
F0046889,
F0046890,
F0046891,positive
F0046892,
F0046893,
F0046894,
F0046895,
F0046896,
F0046897,
F0046898,
F0046899,walkout
F0046900,
F0046901,
F0046902,
F0046903,
F0046904,
F0046905,positive
F0046906,
F0046907,
F0046908,
F0046909,
F0046910,
F0046911,
F0046912,
F0046913,
F0046914,
F0046915,
F0046916,
F0046917,
F0046918,
F0046919,
F0046920,
F0046921,
F0046922,
F0046923,
F0046924,positive
F0046925,
F0046926,
F0046927,positive
F0046928,
F0046929,
F0046930,
F0046931,
F0046932,walkout
F0046933,positive
F0046934,
F0046935,
F0046936,
F0046937,positive
F0046938,
F0046939,
F0046940,
F0046941,
F0046942,
F0046943,
F0046944,
F0046945,
F0046946,
F0046947,
F0046948,
F0046949,
F0046950,
F0046951,
F0046952,long_wait
F0046953,
F0046954,
F0046955,
F0046956,
F0046957,
F0046958,
F0046959,positive
F0046960,
F0046961,
F0046962,positive
F0046963,
F0046964,long_wait
F0046965,
F0046966,
F0046967,walkout
F0046968,
F0046969,
F0046970,
F0046971,
F0046972,
F0046973,
F0046974,positive
F0046975,walkout
F0046976,
F0046977,
F0046978,walkout
F0046979,walkout
F0046980,walkout
F0046981,
F0046982,
F0046983,
F0046984,
F0046985,
F0046986,walkout
F0046987,
F0046988,
F0046989,positive
F0046990,
F0046991,positive
F0046992,
F0046993,
F0046994,
F0046995,
F0046996,
F0046997,
F0046998,positive
F0046999,
F0047000,
F0047001,
F0047002,
F0047003,
F0047004,
F0047005,
F0047006,
F0047007,
F0047008,
F0047009,
F0047010,
F0047011,positive
F0047012,
F0047013,positive
F0047014,positive
F0047015,
F0047016,positive
F0047017,positive
F0047018,
F0047019,
F0047020,
F0047021,
F0047022,walkout
F0047023,
F0047024,
F0047025,walkout
F0047026,
F0047027,walkout
F0047028,
F0047029,
F0047030,
F0047031,
F0047032,
F0047033,
F0047034,
F0047035,
F0047036,
F0047037,positive
F0047038,
F0047039,
F0047040,walkout
F0047041,
F0047042,
F0047043,
F0047044,walkout
F0047045,
F0047046,
F0047047,
F0047048,
F0047049,
F0047050,positive
F0047051,
F0047052,
F0047053,
F0047054,
F0047055,
F0047056,
F0047057,
F0047058,
F0047059,
F0047060,
F0047061,
F0047062,
F0047063,
F0047064,
F0047065,
F0047066,positive
F0047067,
F0047068,
F0047069,
F0047070,
F0047071,
F0047072,
F0047073,
F0047074,
F0047075,
F0047076,
F0047077,
F0047078,
F0047079,
F0047080,positive
F0047081,
F0047082,seating
F0047083,positive
F0047084,positive
F0047085,
F0047086,
F0047087,
F0047088,
F0047089,documents
F0047090,
F0047091,
F0047092,
F0047093,
F0047094,
F0047095,
F0047096,
F0047097,
F0047098,
F0047099,
F0047100,walkout
F0047101,walkout
F0047102,
F0047103,
F0047104,
F0047105,
F0047106,positive
F0047107,
F0047108,
F0047109,
F0047110,
F0047111,positive
F0047112,
F0047113,
F0047114,
F0047115,
F0047116,
F0047117,walkout
F0047118,
F0047119,
F0047120,positive
F0047121,positive
F0047122,
F0047123,positive
F0047124,
F0047125,
F0047126,
F0047127,
F0047128,positive
F0047129,
F0047130,
F0047131,
F0047132,
F0047133,walkout
F0047134,
F0047135,walkout
F0047136,
F0047137,
F0047138,
F0047139,
F0047140,
F0047141,
F0047142,
F0047143,
F0047144,
F0047145,
F0047146,
F0047147,long_wait
F0047148,
F0047149,
F0047150,
F0047151,
F0047152,
F0047153,
F0047154,long_wait
F0047155,walkout
F0047156,
F0047157,
F0047158,
F0047159,
F0047160,
F0047161,
F0047162,
F0047163,
F0047164,positive
F0047165,
F0047166,
F0047167,
F0047168,
F0047169,
F0047170,
F0047171,
F0047172,
F0047173,
F0047174,
F0047175,
F0047176,
F0047177,
F0047178,
F0047179,
F0047180,
F0047181,
F0047182,positive
F0047183,
F0047184,
F0047185,positive
F0047186,
F0047187,
F0047188,walkout
F0047189,
F0047190,
F0047191,
F0047192,
F0047193,
F0047194,
F0047195,
F0047196,
F0047197,
F0047198,positive
F0047199,
F0047200,
F0047201,
F0047202,positive
F0047203,
F0047204,
F0047205,
F0047206,
F0047207,positive
F0047208,
F0047209,
F0047210,
F0047211,
F0047212,system_down
F0047213,
F0047214,
F0047215,system_down
F0047216,
F0047217,walkout
F0047218,walkout
F0047219,
F0047220,walkout
F0047221,walkout
F0047222,
F0047223,walkout
F0047224,
F0047225,
F0047226,walkout
F0047227,
F0047228,
F0047229,
F0047230,
F0047231,
F0047232,
F0047233,
F0047234,positive
F0047235,
F0047236,
F0047237,
F0047238,
F0047239,
F0047240,
F0047241,positive
F0047242,
F0047243,
F0047244,
F0047245,
F0047246,
F0047247,positive
F0047248,
F0047249,
F0047250,
F0047251,
F0047252,
F0047253,
F0047254,
F0047255,
F0047256,
F0047257,
F0047258,
F0047259,
F0047260,
F0047261,positive
F0047262,
F0047263,walkout
F0047264,
F0047265,
F0047266,
F0047267,
F0047268,
F0047269,positive
F0047270,
F0047271,positive
F0047272,
F0047273,
F0047274,
F0047275,
F0047276,positive
F0047277,
F0047278,
F0047279,positive
F0047280,positive
F0047281,
F0047282,positive
F0047283,positive
F0047284,
F0047285,
F0047286,
F0047287,
F0047288,positive
F0047289,
F0047290,
F0047291,
F0047292,positive
F0047293,
F0047294,
F0047295,
F0047296,positive
F0047297,positive
F0047298,
F0047299,
F0047300,
F0047301,
F0047302,positive
F0047303,
F0047304,
F0047305,
F0047306,
F0047307,
F0047308,positive
F0047309,
F0047310,
F0047311,
F0047312,
F0047313,
F0047314,
F0047315,positive
F0047316,
F0047317,
F0047318,
F0047319,positive
F0047320,positive
F0047321,positive
F0047322,
F0047323,
F0047324,positive
F0047325,
F0047326,
F0047327,positive
F0047328,
F0047329,
F0047330,
F0047331,
F0047332,
F0047333,
F0047334,
F0047335,
F0047336,
F0047337,
F0047338,
F0047339,
F0047340,
F0047341,positive
F0047342,
F0047343,
F0047344,
F0047345,positive
F0047346,
F0047347,positive
F0047348,
F0047349,
F0047350,
F0047351,
F0047352,positive
F0047353,
F0047354,
F0047355,
F0047356,slow_dd
F0047357,
F0047358,
F0047359,
F0047360,positive
F0047361,
F0047362,
F0047363,
F0047364,
F0047365,positive
F0047366,
F0047367,
F0047368,
F0047369,
F0047370,positive
F0047371,
F0047372,
F0047373,
F0047374,
F0047375,
F0047376,
F0047377,positive
F0047378,
F0047379,positive
F0047380,
F0047381,
F0047382,
F0047383,
F0047384,
F0047385,positive
F0047386,
F0047387,walkout
F0047388,
F0047389,
F0047390,positive
F0047391,
F0047392,
F0047393,
F0047394,
F0047395,
F0047396,
F0047397,
F0047398,
F0047399,
F0047400,
F0047401,
F0047402,
F0047403,
F0047404,walkout
F0047405,
F0047406,
F0047407,
F0047408,
F0047409,
F0047410,
F0047411,
F0047412,
F0047413,
F0047414,
F0047415,positive
F0047416,
F0047417,
F0047418,
F0047419,
F0047420,
F0047421,positive
F0047422,
F0047423,
F0047424,
F0047425,
F0047426,documents
F0047427,
F0047428,walkout
F0047429,
F0047430,positive
F0047431,positive
F0047432,
F0047433,
F0047434,
F0047435,walkout
F0047436,
F0047437,
F0047438,
F0047439,
F0047440,walkout
F0047441,
F0047442,
F0047443,
F0047444,
F0047445,
F0047446,
F0047447,
F0047448,
F0047449,
F0047450,
F0047451,
F0047452,positive
F0047453,
F0047454,
F0047455,
F0047456,
F0047457,
F0047458,positive
F0047459,
F0047460,
F0047461,
F0047462,
F0047463,
F0047464,
F0047465,
F0047466,
F0047467,
F0047468,
F0047469,
F0047470,
F0047471,positive
F0047472,
F0047473,
F0047474,
F0047475,
F0047476,
F0047477,
F0047478,
F0047479,
F0047480,
F0047481,
F0047482,
F0047483,
F0047484,
F0047485,
F0047486,
F0047487,positive
F0047488,
F0047489,
F0047490,
F0047491,
F0047492,positive
F0047493,positive
F0047494,positive
F0047495,
F0047496,positive
F0047497,
F0047498,positive
F0047499,
F0047500,positive
F0047501,
F0047502,
F0047503,
F0047504,
F0047505,
F0047506,
F0047507,
F0047508,
F0047509,
F0047510,
F0047511,
F0047512,
F0047513,
F0047514,
F0047515,
F0047516,
F0047517,
F0047518,
F0047519,
F0047520,
F0047521,
F0047522,
F0047523,
F0047524,
F0047525,
F0047526,
F0047527,
F0047528,
F0047529,
F0047530,
F0047531,
F0047532,
F0047533,
F0047534,
F0047535,long_wait
F0047536,
F0047537,
F0047538,
F0047539,
F0047540,
F0047541,positive
F0047542,
F0047543,
F0047544,
F0047545,positive
F0047546,
F0047547,
F0047548,positive
F0047549,
F0047550,
F0047551,positive
F0047552,
F0047553,
F0047554,
F0047555,positive
F0047556,
F0047557,
F0047558,positive
F0047559,positive
F0047560,
F0047561,walkout
F0047562,
F0047563,positive
F0047564,positive
F0047565,
F0047566,
F0047567,
F0047568,
F0047569,
F0047570,
F0047571,positive
F0047572,
F0047573,
F0047574,
F0047575,
F0047576,
F0047577,
F0047578,
F0047579,
F0047580,
F0047581,
F0047582,
F0047583,
F0047584,
F0047585,
F0047586,
F0047587,
F0047588,
F0047589,
F0047590,
F0047591,
F0047592,
F0047593,
F0047594,
F0047595,positive
F0047596,
F0047597,positive
F0047598,
F0047599,
F0047600,positive
F0047601,
F0047602,
F0047603,
F0047604,
F0047605,positive
F0047606,
F0047607,
F0047608,
F0047609,
F0047610,
F0047611,
F0047612,
F0047613,
F0047614,
F0047615,
F0047616,
F0047617,
F0047618,
F0047619,
F0047620,
F0047621,positive
F0047622,
F0047623,
F0047624,positive
F0047625,positive
F0047626,
F0047627,
F0047628,
F0047629,positive
F0047630,
F0047631,
F0047632,
F0047633,positive
F0047634,
F0047635,
F0047636,
F0047637,
F0047638,
F0047639,
F0047640,
F0047641,walkout
F0047642,
F0047643,
F0047644,
F0047645,
F0047646,
F0047647,
F0047648,
F0047649,positive
F0047650,
F0047651,
F0047652,
F0047653,positive
F0047654,
F0047655,positive
F0047656,
F0047657,
F0047658,positive
F0047659,
F0047660,
F0047661,
F0047662,
F0047663,
F0047664,positive
F0047665,
F0047666,
F0047667,
F0047668,
F0047669,
F0047670,
F0047671,
F0047672,
F0047673,walkout
F0047674,
F0047675,
F0047676,
F0047677,positive
F0047678,
F0047679,positive
F0047680,walkout
F0047681,positive
F0047682,
F0047683,
F0047684,
F0047685,positive
F0047686,walkout
F0047687,
F0047688,
F0047689,positive
F0047690,
F0047691,
F0047692,
F0047693,positive
F0047694,
F0047695,
F0047696,
F0047697,positive
F0047698,
F0047699,
F0047700,
F0047701,
F0047702,positive
F0047703,
F0047704,
F0047705,
F0047706,
F0047707,
F0047708,
F0047709,
F0047710,
F0047711,positive
F0047712,
F0047713,
F0047714,
F0047715,walkout
F0047716,
F0047717,
F0047718,
F0047719,
F0047720,positive
F0047721,
F0047722,
F0047723,positive
F0047724,
F0047725,
F0047726,
F0047727,
F0047728,
F0047729,
F0047730,
F0047731,
F0047732,
F0047733,
F0047734,
F0047735,
F0047736,
F0047737,
F0047738,
F0047739,positive
F0047740,
F0047741,
F0047742,
F0047743,
F0047744,
F0047745,
F0047746,positive
F0047747,
F0047748,
F0047749,
F0047750,
F0047751,
F0047752,
F0047753,
F0047754,
F0047755,
F0047756,
F0047757,
F0047758,
F0047759,
F0047760,
F0047761,positive
F0047762,
F0047763,
F0047764,positive
F0047765,positive
F0047766,
F0047767,
F0047768,
F0047769,
F0047770,
F0047771,
F0047772,
F0047773,
F0047774,
F0047775,
F0047776,
F0047777,
F0047778,
F0047779,
F0047780,
F0047781,
F0047782,
F0047783,walkout
F0047784,walkout
F0047785,
F0047786,
F0047787,
F0047788,
F0047789,walkout
F0047790,
F0047791,walkout
F0047792,
F0047793,
F0047794,
F0047795,
F0047796,
F0047797,
F0047798,
F0047799,
F0047800,
F0047801,positive
F0047802,positive
F0047803,
F0047804,
F0047805,
F0047806,
F0047807,
F0047808,
F0047809,
F0047810,
F0047811,
F0047812,positive
F0047813,
F0047814,walkout
F0047815,
F0047816,
F0047817,
F0047818,
F0047819,positive
F0047820,positive
F0047821,
F0047822,
F0047823,positive
F0047824,
F0047825,
F0047826,
F0047827,
F0047828,
F0047829,positive
F0047830,
F0047831,
F0047832,
F0047833,
F0047834,
F0047835,
F0047836,
F0047837,
F0047838,
F0047839,positive
F0047840,walkout
F0047841,positive
F0047842,
F0047843,
F0047844,positive
F0047845,
F0047846,
F0047847,
F0047848,positive
F0047849,
F0047850,
F0047851,positive
F0047852,positive
F0047853,
F0047854,
F0047855,
F0047856,
F0047857,positive
F0047858,
F0047859,
F0047860,
F0047861,
F0047862,
F0047863,walkout
F0047864,
F0047865,
F0047866,
F0047867,
F0047868,
F0047869,
F0047870,walkout
F0047871,
F0047872,
F0047873,walkout
F0047874,
F0047875,
F0047876,
F0047877,
F0047878,
F0047879,walkout
F0047880,
F0047881,
F0047882,
F0047883,walkout
F0047884,walkout
F0047885,
F0047886,positive
F0047887,positive
F0047888,long_wait
F0047889,
F0047890,positive
F0047891,
F0047892,
F0047893,
F0047894,
F0047895,
F0047896,
F0047897,
F0047898,
F0047899,positive
F0047900,
F0047901,positive
F0047902,
F0047903,
F0047904,positive
F0047905,positive
F0047906,
F0047907,
F0047908,positive
F0047909,
F0047910,
F0047911,
F0047912,
F0047913,
F0047914,
F0047915,
F0047916,
F0047917,
F0047918,
F0047919,positive
F0047920,positive
F0047921,
F0047922,
F0047923,
F0047924,
F0047925,
F0047926,
F0047927,
F0047928,
F0047929,
F0047930,
F0047931,
F0047932,
F0047933,
F0047934,
F0047935,
F0047936,
F0047937,
F0047938,
F0047939,positive
F0047940,
F0047941,
F0047942,
F0047943,
F0047944,
F0047945,positive
F0047946,
F0047947,positive
F0047948,
F0047949,
F0047950,
F0047951,positive
F0047952,
F0047953,
F0047954,
F0047955,
F0047956,walkout
F0047957,
F0047958,
F0047959,
F0047960,
F0047961,
F0047962,
F0047963,
F0047964,
F0047965,positive
F0047966,
F0047967,positive
F0047968,
F0047969,
F0047970,
F0047971,
F0047972,walkout
F0047973,
F0047974,
F0047975,
F0047976,
F0047977,
F0047978,
F0047979,long_wait
F0047980,
F0047981,walkout
F0047982,
F0047983,
F0047984,positive
F0047985,
F0047986,walkout
F0047987,
F0047988,
F0047989,
F0047990,
F0047991,
F0047992,
F0047993,
F0047994,
F0047995,
F0047996,
F0047997,
F0047998,walkout
F0047999,
F0048000,
F0048001,walkout
F0048002,positive
F0048003,walkout
F0048004,
F0048005,
F0048006,
F0048007,
F0048008,
F0048009,
F0048010,
F0048011,walkout
F0048012,
F0048013,
F0048014,
F0048015,
F0048016,
F0048017,
F0048018,
F0048019,positive
F0048020,
F0048021,
F0048022,
F0048023,
F0048024,
F0048025,
F0048026,walkout
F0048027,
F0048028,
F0048029,positive
F0048030,positive
F0048031,
F0048032,
F0048033,
F0048034,positive
F0048035,
F0048036,
F0048037,
F0048038,
F0048039,
F0048040,positive
F0048041,
F0048042,positive
F0048043,
F0048044,
F0048045,positive
F0048046,
F0048047,
F0048048,
F0048049,positive
F0048050,
F0048051,
F0048052,
F0048053,
F0048054,
F0048055,
F0048056,
F0048057,
F0048058,
F0048059,
F0048060,
F0048061,
F0048062,walkout
F0048063,walkout
F0048064,
F0048065,
F0048066,
F0048067,
F0048068,
F0048069,
F0048070,
F0048071,
F0048072,
F0048073,positive
F0048074,
F0048075,
F0048076,positive
F0048077,positive
F0048078,positive
F0048079,positive
F0048080,
F0048081,
F0048082,
F0048083,
F0048084,
F0048085,positive
F0048086,
F0048087,
F0048088,positive
F0048089,
F0048090,
F0048091,
F0048092,
F0048093,walkout
F0048094,
F0048095,positive
F0048096,
F0048097,
F0048098,
F0048099,
F0048100,
F0048101,positive
F0048102,positive
F0048103,positive
F0048104,
F0048105,
F0048106,
F0048107,
F0048108,positive
F0048109,
F0048110,
F0048111,
F0048112,
F0048113,
F0048114,
F0048115,
F0048116,
F0048117,positive
F0048118,positive
F0048119,
F0048120,positive
F0048121,
F0048122,
F0048123,positive
F0048124,
F0048125,
F0048126,positive
F0048127,
F0048128,
F0048129,
F0048130,walkout
F0048131,
F0048132,
F0048133,
F0048134,
F0048135,
F0048136,
F0048137,
F0048138,
F0048139,walkout
F0048140,
F0048141,walkout
F0048142,seating
F0048143,
F0048144,
F0048145,
F0048146,
F0048147,
F0048148,documents
F0048149,
F0048150,
F0048151,positive
F0048152,
F0048153,positive
F0048154,
F0048155,positive
F0048156,
F0048157,
F0048158,
F0048159,positive
F0048160,
F0048161,
F0048162,
F0048163,positive
F0048164,
F0048165,
F0048166,
F0048167,
F0048168,
F0048169,positive
F0048170,
F0048171,
F0048172,
F0048173,
F0048174,
F0048175,
F0048176,
F0048177,
F0048178,walkout
F0048179,walkout
F0048180,
F0048181,
F0048182,
F0048183,
F0048184,
F0048185,
F0048186,
F0048187,
F0048188,
F0048189,
F0048190,
F0048191,positive
F0048192,
F0048193,
F0048194,
F0048195,
F0048196,positive
F0048197,
F0048198,
F0048199,
F0048200,
F0048201,
F0048202,
F0048203,
F0048204,
F0048205,
F0048206,
F0048207,long_wait
F0048208,
F0048209,
F0048210,walkout
F0048211,
F0048212,
F0048213,
F0048214,
F0048215,
F0048216,
F0048217,
F0048218,
F0048219,
F0048220,
F0048221,positive
F0048222,
F0048223,
F0048224,
F0048225,
F0048226,
F0048227,
F0048228,
F0048229,
F0048230,
F0048231,
F0048232,
F0048233,
F0048234,
F0048235,
F0048236,
F0048237,
F0048238,
F0048239,
F0048240,
F0048241,
F0048242,
F0048243,
F0048244,
F0048245,
F0048246,
F0048247,walkout
F0048248,
F0048249,
F0048250,
F0048251,
F0048252,
F0048253,
F0048254,documents
F0048255,
F0048256,
F0048257,
F0048258,
F0048259,
F0048260,
F0048261,
F0048262,positive
F0048263,
F0048264,
F0048265,
F0048266,
F0048267,
F0048268,
F0048269,
F0048270,
F0048271,
F0048272,
F0048273,
F0048274,positive
F0048275,positive
F0048276,
F0048277,
F0048278,
F0048279,positive
F0048280,
F0048281,
F0048282,
F0048283,
F0048284,
F0048285,
F0048286,
F0048287,walkout
F0048288,
F0048289,
F0048290,
F0048291,
F0048292,
F0048293,
F0048294,
F0048295,positive
F0048296,positive
F0048297,positive
F0048298,positive
F0048299,
F0048300,
F0048301,
F0048302,
F0048303,
F0048304,
F0048305,walkout
F0048306,
F0048307,
F0048308,
F0048309,
F0048310,
F0048311,
F0048312,
F0048313,
F0048314,
F0048315,
F0048316,
F0048317,
F0048318,walkout
F0048319,walkout
F0048320,
F0048321,
F0048322,
F0048323,
F0048324,
F0048325,
F0048326,documents
F0048327,
F0048328,
F0048329,
F0048330,
F0048331,
F0048332,walkout
F0048333,
F0048334,
F0048335,
F0048336,
F0048337,
F0048338,
F0048339,
F0048340,
F0048341,
F0048342,positive
F0048343,
F0048344,walkout
F0048345,
F0048346,positive
F0048347,
F0048348,
F0048349,positive
F0048350,positive
F0048351,
F0048352,
F0048353,
F0048354,
F0048355,
F0048356,
F0048357,
F0048358,
F0048359,
F0048360,
F0048361,positive
F0048362,
F0048363,
F0048364,
F0048365,
F0048366,
F0048367,
F0048368,
F0048369,
F0048370,
F0048371,
F0048372,long_wait
F0048373,
F0048374,
F0048375,
F0048376,walkout
F0048377,
F0048378,
F0048379,
F0048380,
F0048381,
F0048382,
F0048383,
F0048384,
F0048385,
F0048386,
F0048387,
F0048388,
F0048389,positive
F0048390,positive
F0048391,
F0048392,
F0048393,
F0048394,
F0048395,
F0048396,
F0048397,
F0048398,
F0048399,
F0048400,
F0048401,
F0048402,
F0048403,
F0048404,
F0048405,positive
F0048406,
F0048407,positive
F0048408,
F0048409,
F0048410,
F0048411,
F0048412,
F0048413,
F0048414,
F0048415,
F0048416,
F0048417,
F0048418,
F0048419,positive
F0048420,
F0048421,
F0048422,
F0048423,
F0048424,
F0048425,
F0048426,positive
F0048427,
F0048428,
F0048429,
F0048430,
F0048431,
F0048432,slow_dd
F0048433,
F0048434,
F0048435,
F0048436,
F0048437,
F0048438,walkout
F0048439,
F0048440,walkout
F0048441,
F0048442,
F0048443,
F0048444,
F0048445,documents
F0048446,
F0048447,positive
F0048448,positive
F0048449,positive
F0048450,
F0048451,
F0048452,
F0048453,positive
F0048454,positive
F0048455,walkout
F0048456,
F0048457,
F0048458,
F0048459,positive
F0048460,positive
F0048461,
F0048462,
F0048463,
F0048464,positive
F0048465,positive
F0048466,
F0048467,
F0048468,positive
F0048469,long_wait
F0048470,
F0048471,
F0048472,
F0048473,
F0048474,
F0048475,
F0048476,
F0048477,
F0048478,
F0048479,
F0048480,
F0048481,
F0048482,
F0048483,positive
F0048484,
F0048485,long_wait
F0048486,seating
F0048487,
F0048488,positive
F0048489,walkout
F0048490,walkout
F0048491,
F0048492,
F0048493,
F0048494,
F0048495,
F0048496,
F0048497,
F0048498,
F0048499,
F0048500,
F0048501,
F0048502,
F0048503,
F0048504,positive
F0048505,
F0048506,
F0048507,
F0048508,
F0048509,
F0048510,
F0048511,long_wait
F0048512,
F0048513,
F0048514,
F0048515,
F0048516,
F0048517,
F0048518,
F0048519,system_down
F0048520,
F0048521,walkout
F0048522,
F0048523,
F0048524,
F0048525,
F0048526,long_wait
F0048527,
F0048528,
F0048529,
F0048530,
F0048531,
F0048532,
F0048533,positive
F0048534,
F0048535,
F0048536,walkout
F0048537,
F0048538,documents
F0048539,
F0048540,
F0048541,
F0048542,
F0048543,
F0048544,
F0048545,walkout
F0048546,
F0048547,positive
F0048548,
F0048549,
F0048550,walkout
F0048551,
F0048552,
F0048553,
F0048554,
F0048555,positive
F0048556,positive
F0048557,
F0048558,
F0048559,
F0048560,
F0048561,
F0048562,
F0048563,
F0048564,
F0048565,
F0048566,
F0048567,
F0048568,
F0048569,
F0048570,
F0048571,positive
F0048572,
F0048573,
F0048574,
F0048575,
F0048576,
F0048577,
F0048578,
F0048579,
F0048580,
F0048581,
F0048582,positive
F0048583,
F0048584,positive
F0048585,
F0048586,
F0048587,positive
F0048588,
F0048589,
F0048590,walkout
F0048591,walkout
F0048592,
F0048593,walkout
F0048594,walkout
F0048595,walkout
F0048596,
F0048597,
F0048598,
F0048599,
F0048600,
F0048601,
F0048602,
F0048603,
F0048604,
F0048605,
F0048606,walkout
F0048607,positive
F0048608,positive
F0048609,
F0048610,
F0048611,
F0048612,
F0048613,
F0048614,
F0048615,positive
F0048616,
F0048617,
F0048618,positive
F0048619,positive
F0048620,
F0048621,
F0048622,
F0048623,
F0048624,
F0048625,
F0048626,
F0048627,
F0048628,
F0048629,
F0048630,
F0048631,
F0048632,
F0048633,
F0048634,
F0048635,
F0048636,
F0048637,positive
F0048638,
F0048639,
F0048640,
F0048641,
F0048642,
F0048643,
F0048644,
F0048645,
F0048646,positive
F0048647,
F0048648,
F0048649,
F0048650,
F0048651,
F0048652,
F0048653,
F0048654,
F0048655,positive
F0048656,
F0048657,
F0048658,
F0048659,
F0048660,
F0048661,
F0048662,positive
F0048663,positive
F0048664,
F0048665,
F0048666,
F0048667,
F0048668,
F0048669,
F0048670,positive
F0048671,
F0048672,
F0048673,
F0048674,
F0048675,
F0048676,
F0048677,
F0048678,
F0048679,
F0048680,
F0048681,
F0048682,
F0048683,
F0048684,walkout
F0048685,
F0048686,
F0048687,
F0048688,
F0048689,
F0048690,
F0048691,
F0048692,positive
F0048693,
F0048694,
F0048695,
F0048696,
F0048697,
F0048698,
F0048699,
F0048700,
F0048701,
F0048702,
F0048703,
F0048704,
F0048705,positive
F0048706,positive
F0048707,positive
F0048708,
F0048709,positive
F0048710,
F0048711,
F0048712,
F0048713,positive
F0048714,
F0048715,positive
F0048716,
F0048717,
F0048718,
F0048719,
F0048720,
F0048721,
F0048722,positive
F0048723,
F0048724,
F0048725,
F0048726,positive
F0048727,
F0048728,positive
F0048729,
F0048730,
F0048731,
F0048732,
F0048733,positive
F0048734,
F0048735,
F0048736,
F0048737,
F0048738,walkout
F0048739,
F0048740,
F0048741,
F0048742,
F0048743,positive
F0048744,positive
F0048745,
F0048746,
F0048747,
F0048748,
F0048749,
F0048750,positive
F0048751,
F0048752,
F0048753,positive
F0048754,positive
F0048755,
F0048756,
F0048757,
F0048758,
F0048759,
F0048760,
F0048761,
F0048762,
F0048763,
F0048764,
F0048765,
F0048766,
F0048767,positive
F0048768,
F0048769,positive
F0048770,
F0048771,
F0048772,
F0048773,
F0048774,
F0048775,
F0048776,
F0048777,
F0048778,
F0048779,long_wait
F0048780,
F0048781,
F0048782,
F0048783,long_wait
F0048784,
F0048785,
F0048786,walkout
F0048787,
F0048788,walkout
F0048789,walkout
F0048790,positive
F0048791,
F0048792,walkout
F0048793,
F0048794,
F0048795,
F0048796,walkout
F0048797,
F0048798,
F0048799,
F0048800,
F0048801,positive
F0048802,positive
F0048803,
F0048804,
F0048805,walkout
F0048806,
F0048807,
F0048808,positive
F0048809,
F0048810,
F0048811,
F0048812,
F0048813,
F0048814,
F0048815,
F0048816,positive
F0048817,
F0048818,
F0048819,positive
F0048820,
F0048821,
F0048822,
F0048823,
F0048824,system_down
F0048825,system_down
F0048826,long_wait
F0048827,
F0048828,walkout
F0048829,
F0048830,
F0048831,system_down
F0048832,walkout
F0048833,
F0048834,
F0048835,
F0048836,positive
F0048837,
F0048838,
F0048839,long_wait
F0048840,
F0048841,lunch
F0048842,
F0048843,
F0048844,walkout
F0048845,
F0048846,
F0048847,
F0048848,
F0048849,
F0048850,
F0048851,
F0048852,
F0048853,
F0048854,
F0048855,
F0048856,walkout
F0048857,
F0048858,
F0048859,
F0048860,
F0048861,
F0048862,walkout
F0048863,
F0048864,
F0048865,
F0048866,positive
F0048867,positive
F0048868,
F0048869,
F0048870,
F0048871,
F0048872,
F0048873,
F0048874,
F0048875,
F0048876,
F0048877,
F0048878,
F0048879,
F0048880,
F0048881,
F0048882,positive
F0048883,
F0048884,positive
F0048885,
F0048886,
F0048887,positive
F0048888,
F0048889,positive
F0048890,
F0048891,
F0048892,
F0048893,
F0048894,
F0048895,
F0048896,
F0048897,positive
F0048898,
F0048899,
F0048900,
F0048901,
F0048902,
F0048903,
F0048904,documents
F0048905,
F0048906,walkout
F0048907,
F0048908,positive
F0048909,positive
F0048910,
F0048911,
F0048912,
F0048913,
F0048914,
F0048915,
F0048916,
F0048917,
F0048918,positive
F0048919,
F0048920,
F0048921,
F0048922,
F0048923,
F0048924,
F0048925,
F0048926,
F0048927,
F0048928,
F0048929,
F0048930,
F0048931,
F0048932,
F0048933,
F0048934,
F0048935,
F0048936,
F0048937,
F0048938,
F0048939,
F0048940,
F0048941,
F0048942,
F0048943,
F0048944,
F0048945,
F0048946,
F0048947,positive
F0048948,
F0048949,
F0048950,
F0048951,
F0048952,
F0048953,positive
F0048954,
F0048955,
F0048956,walkout
F0048957,walkout
F0048958,
F0048959,positive
F0048960,
F0048961,positive
F0048962,
F0048963,positive
F0048964,
F0048965,
F0048966,
F0048967,
F0048968,
F0048969,
F0048970,
F0048971,positive
F0048972,
F0048973,
F0048974,
F0048975,
F0048976,
F0048977,
F0048978,positive
F0048979,
F0048980,positive
F0048981,
F0048982,
F0048983,
F0048984,
F0048985,positive
F0048986,
F0048987,
F0048988,
F0048989,
F0048990,
F0048991,
F0048992,
F0048993,positive
F0048994,walkout
F0048995,
F0048996,
F0048997,walkout
F0048998,walkout
F0048999,
F0049000,positive
F0049001,
F0049002,
F0049003,
F0049004,
F0049005,positive
F0049006,
F0049007,
F0049008,positive
F0049009,walkout
F0049010,
F0049011,positive
F0049012,
F0049013,
F0049014,
F0049015,positive
F0049016,
F0049017,
F0049018,positive
F0049019,
F0049020,
F0049021,
F0049022,
F0049023,
F0049024,
F0049025,
F0049026,
F0049027,
F0049028,
F0049029,
F0049030,
F0049031,
F0049032,
F0049033,
F0049034,positive
F0049035,walkout
F0049036,
F0049037,
F0049038,
F0049039,positive
F0049040,
F0049041,
F0049042,
F0049043,
F0049044,
F0049045,positive
F0049046,
F0049047,
F0049048,
F0049049,positive
F0049050,long_wait
F0049051,
F0049052,walkout
F0049053,walkout
F0049054,
F0049055,walkout
F0049056,
F0049057,
F0049058,
F0049059,
F0049060,
F0049061,
F0049062,
F0049063,
F0049064,
F0049065,
F0049066,
F0049067,
F0049068,
F0049069,
F0049070,
F0049071,
F0049072,
F0049073,
F0049074,
F0049075,
F0049076,positive
F0049077,walkout
F0049078,
F0049079,
F0049080,
F0049081,
F0049082,positive
F0049083,
F0049084,
F0049085,
F0049086,
F0049087,positive
F0049088,
F0049089,
F0049090,
F0049091,
F0049092,
F0049093,documents
F0049094,positive
F0049095,
F0049096,
F0049097,slow_dd
F0049098,
F0049099,
F0049100,positive
F0049101,positive
F0049102,
F0049103,
F0049104,positive
F0049105,
F0049106,
F0049107,
F0049108,
F0049109,
F0049110,
F0049111,
F0049112,
F0049113,positive
F0049114,
F0049115,
F0049116,
F0049117,
F0049118,
F0049119,
F0049120,
F0049121,
F0049122,
F0049123,
F0049124,
F0049125,walkout
F0049126,positive
F0049127,
F0049128,
F0049129,
F0049130,
F0049131,
F0049132,
F0049133,
F0049134,
F0049135,
F0049136,
F0049137,
F0049138,
F0049139,
F0049140,
F0049141,
F0049142,
F0049143,
F0049144,
F0049145,positive
F0049146,
F0049147,
F0049148,
F0049149,
F0049150,documents
F0049151,
F0049152,
F0049153,positive
F0049154,
F0049155,
F0049156,
F0049157,
F0049158,
F0049159,positive
F0049160,positive
F0049161,
F0049162,
F0049163,positive
F0049164,
F0049165,
F0049166,
F0049167,
F0049168,
F0049169,
F0049170,
F0049171,
F0049172,
F0049173,
F0049174,
F0049175,walkout
F0049176,
F0049177,positive
F0049178,
F0049179,
F0049180,
F0049181,
F0049182,
F0049183,
F0049184,
F0049185,
F0049186,positive
F0049187,
F0049188,
F0049189,
F0049190,
F0049191,
F0049192,
F0049193,
F0049194,
F0049195,positive
F0049196,
F0049197,
F0049198,
F0049199,
F0049200,
F0049201,
F0049202,positive
F0049203,positive
F0049204,
F0049205,
F0049206,positive
F0049207,
F0049208,
F0049209,
F0049210,
F0049211,
F0049212,
F0049213,
F0049214,
F0049215,
F0049216,
F0049217,
F0049218,
F0049219,
F0049220,
F0049221,
F0049222,
F0049223,
F0049224,
F0049225,
F0049226,
F0049227,
F0049228,
F0049229,
F0049230,
F0049231,
F0049232,
F0049233,
F0049234,
F0049235,
F0049236,
F0049237,
F0049238,
F0049239,
F0049240,
F0049241,
F0049242,
F0049243,
F0049244,
F0049245,positive
F0049246,
F0049247,
F0049248,
F0049249,
F0049250,
F0049251,
F0049252,
F0049253,
F0049254,
F0049255,
F0049256,
F0049257,
F0049258,
F0049259,
F0049260,walkout
F0049261,walkout
F0049262,positive
F0049263,positive
F0049264,
F0049265,
F0049266,
F0049267,
F0049268,
F0049269,
F0049270,
F0049271,
F0049272,positive
F0049273,
F0049274,
F0049275,positive
F0049276,
F0049277,
F0049278,
F0049279,
F0049280,
F0049281,
F0049282,
F0049283,
F0049284,
F0049285,
F0049286,
F0049287,
F0049288,
F0049289,
F0049290,
F0049291,
F0049292,positive
F0049293,documents
F0049294,
F0049295,
F0049296,
F0049297,
F0049298,
F0049299,positive
F0049300,
F0049301,positive
F0049302,slow_dd
F0049303,positive
F0049304,
F0049305,positive
F0049306,
F0049307,
F0049308,positive
F0049309,
F0049310,positive
F0049311,
F0049312,
F0049313,
F0049314,
F0049315,
F0049316,
F0049317,
F0049318,
F0049319,
F0049320,
F0049321,
F0049322,
F0049323,
F0049324,
F0049325,
F0049326,
F0049327,
F0049328,
F0049329,positive
F0049330,
F0049331,
F0049332,
F0049333,
F0049334,
F0049335,
F0049336,
F0049337,
F0049338,
F0049339,
F0049340,
F0049341,
F0049342,positive
F0049343,
F0049344,
F0049345,positive
F0049346,
F0049347,
F0049348,
F0049349,
F0049350,
F0049351,positive
F0049352,
F0049353,
F0049354,
F0049355,
F0049356,
F0049357,
F0049358,
F0049359,
F0049360,
F0049361,positive
F0049362,
F0049363,
F0049364,
F0049365,
F0049366,
F0049367,
F0049368,
F0049369,
F0049370,
F0049371,
F0049372,
F0049373,
F0049374,
F0049375,
F0049376,
F0049377,
F0049378,
F0049379,
F0049380,
F0049381,
F0049382,
F0049383,positive
F0049384,
F0049385,
F0049386,
F0049387,
F0049388,
F0049389,
F0049390,
F0049391,walkout
F0049392,
F0049393,
F0049394,walkout
F0049395,
F0049396,
F0049397,
F0049398,
F0049399,
F0049400,
F0049401,
F0049402,
F0049403,
F0049404,
F0049405,
F0049406,
F0049407,
F0049408,
F0049409,positive
F0049410,
F0049411,positive
F0049412,
F0049413,positive
F0049414,positive
F0049415,
F0049416,positive
F0049417,
F0049418,positive
F0049419,positive
F0049420,
F0049421,
F0049422,
F0049423,positive
F0049424,
F0049425,positive
F0049426,
F0049427,
F0049428,
F0049429,
F0049430,
F0049431,
F0049432,
F0049433,
F0049434,positive
F0049435,
F0049436,positive
F0049437,
F0049438,
F0049439,
F0049440,
F0049441,
F0049442,
F0049443,
F0049444,
F0049445,
F0049446,
F0049447,
F0049448,staff
F0049449,
F0049450,
F0049451,positive
F0049452,
F0049453,
F0049454,
F0049455,positive
F0049456,
F0049457,
F0049458,
F0049459,
F0049460,
F0049461,
F0049462,
F0049463,documents
F0049464,positive
F0049465,
F0049466,
F0049467,positive
F0049468,documents
F0049469,positive
F0049470,
F0049471,
F0049472,
F0049473,
F0049474,positive
F0049475,
F0049476,
F0049477,
F0049478,
F0049479,walkout
F0049480,
F0049481,
F0049482,
F0049483,
F0049484,
F0049485,
F0049486,
F0049487,
F0049488,
F0049489,positive
F0049490,
F0049491,
F0049492,
F0049493,
F0049494,
F0049495,
F0049496,
F0049497,
F0049498,positive
F0049499,
F0049500,
F0049501,
F0049502,
F0049503,
F0049504,
F0049505,
F0049506,
F0049507,
F0049508,
F0049509,
F0049510,positive
F0049511,positive
F0049512,
F0049513,
F0049514,
F0049515,
F0049516,
F0049517,
F0049518,
F0049519,
F0049520,
F0049521,
F0049522,
F0049523,
F0049524,positive
F0049525,positive
F0049526,
F0049527,
F0049528,
F0049529,positive
F0049530,
F0049531,
F0049532,
F0049533,
F0049534,
F0049535,positive
F0049536,
F0049537,
F0049538,positive
F0049539,
F0049540,
F0049541,positive
F0049542,positive
F0049543,
F0049544,
F0049545,positive
F0049546,
F0049547,
F0049548,
F0049549,
F0049550,positive
F0049551,
F0049552,
F0049553,
F0049554,
F0049555,
F0049556,
F0049557,
F0049558,positive
F0049559,
F0049560,
F0049561,
F0049562,
F0049563,positive
F0049564,positive
F0049565,
F0049566,
F0049567,
F0049568,
F0049569,
F0049570,
F0049571,
F0049572,walkout
F0049573,
F0049574,positive
F0049575,
F0049576,
F0049577,
F0049578,
F0049579,positive
F0049580,walkout
F0049581,positive
F0049582,
F0049583,
F0049584,
F0049585,positive
F0049586,
F0049587,positive
F0049588,
F0049589,
F0049590,
F0049591,
F0049592,
F0049593,
F0049594,
F0049595,
F0049596,walkout
F0049597,
F0049598,positive
F0049599,
F0049600,
F0049601,
F0049602,walkout
F0049603,walkout
F0049604,
F0049605,
F0049606,slow_dd
F0049607,
F0049608,
F0049609,
F0049610,
F0049611,
F0049612,positive
F0049613,
F0049614,
F0049615,
F0049616,
F0049617,
F0049618,
F0049619,
F0049620,
F0049621,
F0049622,
F0049623,
F0049624,
F0049625,walkout
F0049626,
F0049627,
F0049628,
F0049629,
F0049630,
F0049631,
F0049632,
F0049633,
F0049634,
F0049635,walkout
F0049636,
F0049637,
F0049638,
F0049639,positive
F0049640,
F0049641,
F0049642,
F0049643,
F0049644,
F0049645,
F0049646,
F0049647,
F0049648,
F0049649,
F0049650,walkout
F0049651,walkout
F0049652,
F0049653,
F0049654,walkout
F0049655,
F0049656,
F0049657,positive
F0049658,
F0049659,
F0049660,
F0049661,
F0049662,
F0049663,walkout
F0049664,
F0049665,
F0049666,
F0049667,positive
F0049668,
F0049669,
F0049670,
F0049671,positive
F0049672,
F0049673,slow_dd
F0049674,
F0049675,
F0049676,
F0049677,
F0049678,
F0049679,walkout
F0049680,
F0049681,
F0049682,walkout
F0049683,
F0049684,positive
F0049685,
F0049686,
F0049687,
F0049688,
F0049689,
F0049690,
F0049691,
F0049692,
F0049693,
F0049694,
F0049695,
F0049696,
F0049697,
F0049698,
F0049699,
F0049700,
F0049701,
F0049702,
F0049703,
F0049704,
F0049705,
F0049706,
F0049707,
F0049708,
F0049709,
F0049710,
F0049711,
F0049712,
F0049713,positive
F0049714,positive
F0049715,
F0049716,walkout
F0049717,
F0049718,
F0049719,
F0049720,
F0049721,
F0049722,
F0049723,
F0049724,
F0049725,
F0049726,positive
F0049727,
F0049728,positive
F0049729,
F0049730,
F0049731,
F0049732,
F0049733,positive
F0049734,
F0049735,
F0049736,
F0049737,
F0049738,long_wait
F0049739,
F0049740,
F0049741,
F0049742,positive
F0049743,
F0049744,walkout
F0049745,
F0049746,
F0049747,
F0049748,
F0049749,positive
F0049750,walkout
F0049751,walkout
F0049752,walkout
F0049753,
F0049754,walkout
F0049755,
F0049756,
F0049757,walkout
F0049758,walkout
F0049759,
F0049760,
F0049761,
F0049762,
F0049763,
F0049764,
F0049765,
F0049766,
F0049767,walkout
F0049768,
F0049769,walkout
F0049770,positive
F0049771,
F0049772,
F0049773,
F0049774,
F0049775,walkout
F0049776,
F0049777,
F0049778,
F0049779,positive
F0049780,
F0049781,
F0049782,
F0049783,
F0049784,positive
F0049785,
F0049786,positive
F0049787,
F0049788,
F0049789,documents
F0049790,
F0049791,
F0049792,
F0049793,
F0049794,
F0049795,
F0049796,
F0049797,
F0049798,positive
F0049799,
F0049800,
F0049801,
F0049802,
F0049803,
F0049804,
F0049805,
F0049806,
F0049807,
F0049808,
F0049809,
F0049810,positive
F0049811,positive
F0049812,
F0049813,
F0049814,positive
F0049815,
F0049816,
F0049817,
F0049818,walkout
F0049819,walkout
F0049820,
F0049821,
F0049822,
F0049823,walkout
F0049824,walkout
F0049825,long_wait
F0049826,positive
F0049827,walkout
F0049828,walkout
F0049829,
F0049830,
F0049831,
F0049832,
F0049833,
F0049834,
F0049835,
F0049836,
F0049837,positive
F0049838,
F0049839,walkout
F0049840,
F0049841,positive
F0049842,
F0049843,
F0049844,
F0049845,walkout
F0049846,
F0049847,
F0049848,walkout
F0049849,
F0049850,
F0049851,
F0049852,
F0049853,
F0049854,positive
F0049855,
F0049856,positive
F0049857,
F0049858,positive
F0049859,
F0049860,positive
F0049861,
F0049862,
F0049863,
F0049864,walkout
F0049865,
F0049866,walkout
F0049867,walkout
F0049868,walkout
F0049869,long_wait
F0049870,
F0049871,walkout
F0049872,
F0049873,
F0049874,
F0049875,
F0049876,
F0049877,
F0049878,
F0049879,
F0049880,
F0049881,
F0049882,
F0049883,
F0049884,
F0049885,walkout
F0049886,walkout
F0049887,
F0049888,
F0049889,
F0049890,
F0049891,
F0049892,
F0049893,
F0049894,walkout
F0049895,
F0049896,walkout
F0049897,
F0049898,walkout
F0049899,walkout
F0049900,
F0049901,
F0049902,
F0049903,long_wait
F0049904,walkout
F0049905,walkout
F0049906,
F0049907,walkout
F0049908,walkout
F0049909,
F0049910,walkout
F0049911,
F0049912,
F0049913,
F0049914,
F0049915,
F0049916,
F0049917,walkout
F0049918,
F0049919,
F0049920,
F0049921,walkout
F0049922,
F0049923,
F0049924,walkout
F0049925,long_wait
F0049926,seating
F0049927,
F0049928,long_wait
F0049929,
F0049930,walkout
F0049931,
F0049932,
F0049933,
F0049934,
F0049935,long_wait
F0049936,
F0049937,
F0049938,walkout
F0049939,walkout
F0049940,
F0049941,
F0049942,
F0049943,
F0049944,walkout
F0049945,
F0049946,walkout
F0049947,walkout
F0049948,walkout
F0049949,walkout
F0049950,
F0049951,
F0049952,
F0049953,
F0049954,
F0049955,long_wait
F0049956,
F0049957,
F0049958,walkout
F0049959,
F0049960,
F0049961,
F0049962,
F0049963,
F0049964,
F0049965,
F0049966,
F0049967,positive
F0049968,
F0049969,
F0049970,
F0049971,
F0049972,
F0049973,
F0049974,
F0049975,
F0049976,positive
F0049977,
F0049978,
F0049979,
F0049980,
F0049981,
F0049982,
F0049983,
F0049984,walkout
F0049985,
F0049986,long_wait
F0049987,
F0049988,
F0049989,
F0049990,
F0049991,
F0049992,
F0049993,walkout
F0049994,
F0049995,
F0049996,
F0049997,
F0049998,
F0049999,
F0050000,
F0050001,walkout
F0050002,walkout
F0050003,
F0050004,
F0050005,
F0050006,walkout
F0050007,
F0050008,
F0050009,walkout
F0050010,
F0050011,long_wait
F0050012,
F0050013,
F0050014,walkout
F0050015,
F0050016,walkout
F0050017,
F0050018,
F0050019,
F0050020,long_wait
F0050021,
F0050022,
F0050023,
F0050024,walkout
F0050025,
F0050026,
F0050027,
F0050028,
F0050029,walkout
F0050030,long_wait
F0050031,walkout
F0050032,
F0050033,
F0050034,long_wait
F0050035,
F0050036,walkout
F0050037,walkout
F0050038,
F0050039,
F0050040,long_wait
F0050041,
F0050042,
F0050043,
F0050044,
F0050045,
F0050046,positive
F0050047,
F0050048,
F0050049,walkout
F0050050,
F0050051,walkout
F0050052,
F0050053,
F0050054,
F0050055,
F0050056,
F0050057,walkout
F0050058,
F0050059,
F0050060,
F0050061,
F0050062,
F0050063,
F0050064,
F0050065,
F0050066,
F0050067,
F0050068,
F0050069,
F0050070,
F0050071,
F0050072,positive
F0050073,walkout
F0050074,positive
F0050075,walkout
F0050076,
F0050077,
F0050078,
F0050079,lunch
F0050080,
F0050081,
F0050082,walkout
F0050083,
F0050084,
F0050085,
F0050086,
F0050087,
F0050088,
F0050089,
F0050090,
F0050091,
F0050092,positive
F0050093,
F0050094,
F0050095,
F0050096,
F0050097,
F0050098,
F0050099,positive
F0050100,walkout
F0050101,
F0050102,
F0050103,
F0050104,
F0050105,
F0050106,
F0050107,
F0050108,walkout
F0050109,
F0050110,
F0050111,
F0050112,
F0050113,
F0050114,
F0050115,
F0050116,
F0050117,positive
F0050118,
F0050119,
F0050120,walkout
F0050121,
F0050122,
F0050123,
F0050124,
F0050125,
F0050126,
F0050127,
F0050128,
F0050129,positive
F0050130,
F0050131,
F0050132,
F0050133,
F0050134,
F0050135,
F0050136,
F0050137,
F0050138,
F0050139,positive
F0050140,positive
F0050141,
F0050142,
F0050143,
F0050144,positive
F0050145,
F0050146,positive
F0050147,positive
F0050148,
F0050149,
F0050150,
F0050151,
F0050152,positive
F0050153,
F0050154,
F0050155,
F0050156,
F0050157,
F0050158,
F0050159,
F0050160,
F0050161,
F0050162,
F0050163,
F0050164,
F0050165,
F0050166,
F0050167,
F0050168,
F0050169,positive
F0050170,
F0050171,positive
F0050172,
F0050173,positive
F0050174,positive
F0050175,
F0050176,positive
F0050177,
F0050178,
F0050179,positive
F0050180,
F0050181,
F0050182,
F0050183,
F0050184,
F0050185,
F0050186,positive
F0050187,positive
F0050188,
F0050189,
F0050190,walkout
F0050191,
F0050192,
F0050193,
F0050194,positive
F0050195,
F0050196,positive
F0050197,positive
F0050198,
F0050199,positive
F0050200,
F0050201,positive
F0050202,
F0050203,positive
F0050204,walkout
F0050205,
F0050206,
F0050207,
F0050208,
F0050209,walkout
F0050210,
F0050211,
F0050212,
F0050213,
F0050214,
F0050215,
F0050216,
F0050217,
F0050218,
F0050219,walkout
F0050220,
F0050221,
F0050222,
F0050223,
F0050224,
F0050225,
F0050226,
F0050227,walkout
F0050228,
F0050229,
F0050230,
F0050231,
F0050232,lunch
F0050233,
F0050234,
F0050235,
F0050236,
F0050237,positive
F0050238,
F0050239,
F0050240,
F0050241,
F0050242,
F0050243,
F0050244,
F0050245,
F0050246,
F0050247,
F0050248,
F0050249,
F0050250,positive
F0050251,
F0050252,walkout
F0050253,
F0050254,
F0050255,
F0050256,
F0050257,
F0050258,
F0050259,
F0050260,
F0050261,positive
F0050262,
F0050263,
F0050264,
F0050265,
F0050266,
F0050267,
F0050268,
F0050269,positive
F0050270,
F0050271,
F0050272,
F0050273,
F0050274,positive
F0050275,walkout
F0050276,
F0050277,
F0050278,positive
F0050279,positive
F0050280,
F0050281,
F0050282,
F0050283,positive
F0050284,
F0050285,
F0050286,
F0050287,
F0050288,walkout
F0050289,
F0050290,
F0050291,
F0050292,
F0050293,documents
F0050294,
F0050295,positive
F0050296,
F0050297,
F0050298,long_wait
F0050299,
F0050300,
F0050301,
F0050302,
F0050303,
F0050304,
F0050305,
F0050306,
F0050307,
F0050308,
F0050309,
F0050310,
F0050311,
F0050312,positive
F0050313,
F0050314,
F0050315,
F0050316,
F0050317,
F0050318,
F0050319,
F0050320,
F0050321,
F0050322,
F0050323,positive
F0050324,
F0050325,
F0050326,
F0050327,
F0050328,
F0050329,
F0050330,
F0050331,
F0050332,
F0050333,
F0050334,
F0050335,walkout
F0050336,
F0050337,
F0050338,
F0050339,
F0050340,positive
F0050341,
F0050342,
F0050343,
F0050344,
F0050345,
F0050346,
F0050347,
F0050348,
F0050349,
F0050350,
F0050351,
F0050352,
F0050353,
F0050354,positive
F0050355,
F0050356,
F0050357,
F0050358,
F0050359,positive
F0050360,positive
F0050361,
F0050362,
F0050363,
F0050364,
F0050365,
F0050366,
F0050367,
F0050368,
F0050369,
F0050370,
F0050371,
F0050372,
F0050373,
F0050374,
F0050375,
F0050376,
F0050377,
F0050378,
F0050379,
F0050380,
F0050381,positive
F0050382,positive
F0050383,
F0050384,
F0050385,
F0050386,
F0050387,
F0050388,
F0050389,
F0050390,
F0050391,
F0050392,positive
F0050393,
F0050394,
F0050395,
F0050396,
F0050397,
F0050398,positive
F0050399,
F0050400,
F0050401,
F0050402,positive
F0050403,
F0050404,
F0050405,
F0050406,
F0050407,walkout
F0050408,
F0050409,
F0050410,positive
F0050411,
F0050412,walkout
F0050413,
F0050414,
F0050415,
F0050416,
F0050417,
F0050418,walkout
F0050419,
F0050420,
F0050421,
F0050422,
F0050423,
F0050424,
F0050425,
F0050426,
F0050427,
F0050428,
F0050429,
F0050430,walkout
F0050431,
F0050432,
F0050433,
F0050434,
F0050435,walkout
F0050436,
F0050437,
F0050438,
F0050439,
F0050440,
F0050441,
F0050442,
F0050443,
F0050444,
F0050445,
F0050446,
F0050447,
F0050448,
F0050449,
F0050450,
F0050451,
F0050452,
F0050453,
F0050454,
F0050455,
F0050456,
F0050457,
F0050458,positive
F0050459,positive
F0050460,
F0050461,
F0050462,
F0050463,
F0050464,
F0050465,positive
F0050466,walkout
F0050467,
F0050468,
F0050469,
F0050470,
F0050471,
F0050472,
F0050473,
F0050474,
F0050475,long_wait
F0050476,
F0050477,
F0050478,
F0050479,long_wait
F0050480,
F0050481,
F0050482,
F0050483,documents
F0050484,
F0050485,positive
F0050486,
F0050487,
F0050488,
F0050489,positive
F0050490,
F0050491,positive
F0050492,
F0050493,positive
F0050494,positive
F0050495,
F0050496,
F0050497,
F0050498,
F0050499,
F0050500,
F0050501,
F0050502,
F0050503,
F0050504,
F0050505,positive
F0050506,
F0050507,
F0050508,
F0050509,
F0050510,
F0050511,positive
F0050512,
F0050513,positive
F0050514,
F0050515,
F0050516,
F0050517,
F0050518,
F0050519,
F0050520,
F0050521,
F0050522,walkout
F0050523,
F0050524,walkout
F0050525,
F0050526,
F0050527,
F0050528,
F0050529,
F0050530,
F0050531,positive
F0050532,positive
F0050533,
F0050534,
F0050535,
F0050536,positive
F0050537,
F0050538,
F0050539,
F0050540,
F0050541,
F0050542,
F0050543,
F0050544,
F0050545,positive
F0050546,
F0050547,
F0050548,
F0050549,
F0050550,
F0050551,positive
F0050552,
F0050553,
F0050554,
F0050555,
F0050556,positive
F0050557,
F0050558,
F0050559,
F0050560,
F0050561,positive
F0050562,
F0050563,
F0050564,
F0050565,
F0050566,
F0050567,
F0050568,positive
F0050569,
F0050570,
F0050571,
F0050572,
F0050573,
F0050574,
F0050575,
F0050576,walkout
F0050577,
F0050578,
F0050579,
F0050580,positive
F0050581,
F0050582,
F0050583,
F0050584,
F0050585,
F0050586,
F0050587,
F0050588,
F0050589,
F0050590,
F0050591,
F0050592,positive
F0050593,
F0050594,
F0050595,positive
F0050596,
F0050597,
F0050598,
F0050599,
F0050600,
F0050601,
F0050602,
F0050603,documents
F0050604,
F0050605,
F0050606,
F0050607,long_wait
F0050608,
F0050609,
F0050610,
F0050611,
F0050612,
F0050613,
F0050614,positive
F0050615,
F0050616,walkout
F0050617,
F0050618,
F0050619,
F0050620,
F0050621,walkout
F0050622,
F0050623,
F0050624,
F0050625,
F0050626,
F0050627,walkout
F0050628,
F0050629,
F0050630,
F0050631,
F0050632,
F0050633,positive
F0050634,
F0050635,positive
F0050636,
F0050637,
F0050638,
F0050639,
F0050640,
F0050641,
F0050642,
F0050643,
F0050644,
F0050645,
F0050646,
F0050647,
F0050648,
F0050649,
F0050650,
F0050651,
F0050652,
F0050653,
F0050654,
F0050655,walkout
F0050656,
F0050657,
F0050658,
F0050659,
F0050660,
F0050661,
F0050662,
F0050663,
F0050664,
F0050665,
F0050666,
F0050667,
F0050668,positive
F0050669,
F0050670,
F0050671,
F0050672,walkout
F0050673,
F0050674,
F0050675,
F0050676,
F0050677,
F0050678,
F0050679,positive
F0050680,
F0050681,
F0050682,walkout
F0050683,
F0050684,
F0050685,walkout
F0050686,
F0050687,
F0050688,
F0050689,
F0050690,
F0050691,
F0050692,
F0050693,
F0050694,positive
F0050695,positive
F0050696,
F0050697,
F0050698,
F0050699,
F0050700,
F0050701,
F0050702,
F0050703,
F0050704,
F0050705,
F0050706,
F0050707,
F0050708,walkout
F0050709,walkout
F0050710,
F0050711,
F0050712,
F0050713,
F0050714,
F0050715,positive
F0050716,
F0050717,
F0050718,positive
F0050719,
F0050720,positive
F0050721,
F0050722,documents
F0050723,
F0050724,
F0050725,
F0050726,
F0050727,
F0050728,
F0050729,long_wait
F0050730,
F0050731,
F0050732,positive
F0050733,
F0050734,
F0050735,
F0050736,
F0050737,
F0050738,
F0050739,
F0050740,positive
F0050741,
F0050742,
F0050743,
F0050744,
F0050745,
F0050746,
F0050747,
F0050748,
F0050749,
F0050750,
F0050751,
F0050752,
F0050753,
F0050754,positive
F0050755,
F0050756,
F0050757,
F0050758,
F0050759,
F0050760,
F0050761,
F0050762,walkout
F0050763,
F0050764,
F0050765,
F0050766,
F0050767,
F0050768,
F0050769,walkout
F0050770,
F0050771,walkout
F0050772,
F0050773,
F0050774,
F0050775,
F0050776,positive
F0050777,
F0050778,
F0050779,
F0050780,
F0050781,positive
F0050782,
F0050783,
F0050784,
F0050785,positive
F0050786,
F0050787,
F0050788,
F0050789,
F0050790,walkout
F0050791,
F0050792,positive
F0050793,
F0050794,
F0050795,
F0050796,
F0050797,
F0050798,
F0050799,
F0050800,
F0050801,documents
F0050802,
F0050803,
F0050804,
F0050805,
F0050806,
F0050807,
F0050808,
F0050809,
F0050810,positive
F0050811,positive
F0050812,
F0050813,
F0050814,
F0050815,
F0050816,
F0050817,
F0050818,positive
F0050819,
F0050820,
F0050821,
F0050822,
F0050823,
F0050824,
F0050825,
F0050826,
F0050827,positive
F0050828,
F0050829,
F0050830,
F0050831,
F0050832,
F0050833,
F0050834,
F0050835,
F0050836,
F0050837,
F0050838,
F0050839,
F0050840,
F0050841,
F0050842,
F0050843,walkout
F0050844,
F0050845,
F0050846,
F0050847,
F0050848,positive
F0050849,
F0050850,positive
F0050851,
F0050852,
F0050853,
F0050854,
F0050855,
F0050856,
F0050857,
F0050858,
F0050859,
F0050860,
F0050861,positive
F0050862,
F0050863,positive
F0050864,positive
F0050865,positive
F0050866,positive
F0050867,
F0050868,
F0050869,positive
F0050870,
F0050871,
F0050872,
F0050873,positive
F0050874,
F0050875,
F0050876,
F0050877,
F0050878,
F0050879,
F0050880,positive
F0050881,staff
F0050882,positive
F0050883,
F0050884,
F0050885,
F0050886,
F0050887,
F0050888,
F0050889,
F0050890,
F0050891,
F0050892,
F0050893,positive
F0050894,
F0050895,
F0050896,
F0050897,
F0050898,
F0050899,
F0050900,
F0050901,
F0050902,
F0050903,positive
F0050904,
F0050905,
F0050906,positive
F0050907,
F0050908,
F0050909,walkout
F0050910,
F0050911,positive
F0050912,
F0050913,
F0050914,
F0050915,
F0050916,
F0050917,
F0050918,
F0050919,
F0050920,
F0050921,
F0050922,
F0050923,positive
F0050924,
F0050925,
F0050926,positive
F0050927,
F0050928,
F0050929,
F0050930,
F0050931,positive
F0050932,
F0050933,
F0050934,
F0050935,
F0050936,positive
F0050937,
F0050938,
F0050939,
F0050940,
F0050941,positive
F0050942,walkout
F0050943,
F0050944,
F0050945,positive
F0050946,
F0050947,positive
F0050948,lunch
F0050949,
F0050950,
F0050951,
F0050952,
F0050953,
F0050954,
F0050955,
F0050956,positive
F0050957,
F0050958,
F0050959,positive
F0050960,
F0050961,
F0050962,
F0050963,
F0050964,
F0050965,
F0050966,
F0050967,
F0050968,
F0050969,
F0050970,positive
F0050971,positive
F0050972,
F0050973,
F0050974,walkout
F0050975,
F0050976,
F0050977,
F0050978,
F0050979,
F0050980,
F0050981,
F0050982,
F0050983,
F0050984,positive
F0050985,
F0050986,
F0050987,
F0050988,
F0050989,
F0050990,
F0050991,
F0050992,
F0050993,
F0050994,
F0050995,
F0050996,
F0050997,
F0050998,
F0050999,
F0051000,
F0051001,
F0051002,
F0051003,
F0051004,
F0051005,positive
F0051006,positive
F0051007,
F0051008,
F0051009,
F0051010,
F0051011,
F0051012,
F0051013,
F0051014,walkout
F0051015,
F0051016,
F0051017,
F0051018,
F0051019,
F0051020,
F0051021,
F0051022,
F0051023,
F0051024,
F0051025,
F0051026,
F0051027,
F0051028,
F0051029,
F0051030,
F0051031,long_wait
F0051032,positive
F0051033,
F0051034,positive
F0051035,positive
F0051036,
F0051037,
F0051038,
F0051039,
F0051040,
F0051041,
F0051042,
F0051043,
F0051044,
F0051045,
F0051046,
F0051047,
F0051048,
F0051049,
F0051050,
F0051051,
F0051052,
F0051053,
F0051054,
F0051055,
F0051056,positive
F0051057,
F0051058,
F0051059,positive
F0051060,
F0051061,
F0051062,
F0051063,
F0051064,
F0051065,
F0051066,
F0051067,
F0051068,
F0051069,positive
F0051070,
F0051071,
F0051072,
F0051073,
F0051074,
F0051075,
F0051076,
F0051077,
F0051078,positive
F0051079,positive
F0051080,
F0051081,
F0051082,
F0051083,positive
F0051084,
F0051085,
F0051086,
F0051087,
F0051088,
F0051089,
F0051090,positive
F0051091,
F0051092,
F0051093,
F0051094,
F0051095,
F0051096,
F0051097,positive
F0051098,
F0051099,
F0051100,
F0051101,long_wait
F0051102,positive
F0051103,
F0051104,
F0051105,
F0051106,
F0051107,
F0051108,
F0051109,positive
F0051110,
F0051111,
F0051112,
F0051113,
F0051114,
F0051115,
F0051116,positive
F0051117,
F0051118,long_wait
F0051119,
F0051120,
F0051121,
F0051122,
F0051123,
F0051124,
F0051125,
F0051126,
F0051127,positive
F0051128,
F0051129,
F0051130,
F0051131,
F0051132,
F0051133,
F0051134,
F0051135,walkout
F0051136,
F0051137,positive
F0051138,
F0051139,
F0051140,walkout
F0051141,
F0051142,
F0051143,
F0051144,
F0051145,
F0051146,walkout
F0051147,walkout
F0051148,
F0051149,walkout
F0051150,
F0051151,walkout
F0051152,
F0051153,walkout
F0051154,
F0051155,long_wait
F0051156,lunch
F0051157,
F0051158,
F0051159,positive
F0051160,
F0051161,walkout
F0051162,
F0051163,
F0051164,positive
F0051165,
F0051166,
F0051167,
F0051168,
F0051169,
F0051170,walkout
F0051171,
F0051172,
F0051173,
F0051174,
F0051175,
F0051176,walkout
F0051177,
F0051178,
F0051179,
F0051180,positive
F0051181,
F0051182,
F0051183,
F0051184,
F0051185,
F0051186,long_wait
F0051187,positive
F0051188,
F0051189,
F0051190,walkout
F0051191,
F0051192,
F0051193,positive
F0051194,
F0051195,
F0051196,
F0051197,
F0051198,walkout
F0051199,
F0051200,
F0051201,
F0051202,
F0051203,
F0051204,
F0051205,
F0051206,
F0051207,
F0051208,
F0051209,
F0051210,
F0051211,
F0051212,
F0051213,
F0051214,
F0051215,
F0051216,
F0051217,positive
F0051218,positive
F0051219,
F0051220,
F0051221,
F0051222,
F0051223,
F0051224,
F0051225,positive
F0051226,
F0051227,
F0051228,
F0051229,
F0051230,positive
F0051231,
F0051232,
F0051233,
F0051234,
F0051235,positive
F0051236,
F0051237,
F0051238,
F0051239,long_wait
F0051240,walkout
F0051241,
F0051242,walkout
F0051243,
F0051244,
F0051245,
F0051246,
F0051247,positive
F0051248,
F0051249,positive
F0051250,
F0051251,
F0051252,
F0051253,
F0051254,
F0051255,
F0051256,
F0051257,
F0051258,
F0051259,
F0051260,
F0051261,
F0051262,
F0051263,
F0051264,
F0051265,positive
F0051266,
F0051267,
F0051268,
F0051269,
F0051270,walkout
F0051271,positive
F0051272,
F0051273,
F0051274,
F0051275,
F0051276,
F0051277,
F0051278,
F0051279,
F0051280,walkout
F0051281,
F0051282,
F0051283,
F0051284,
F0051285,
F0051286,
F0051287,
F0051288,
F0051289,positive
F0051290,walkout
F0051291,
F0051292,
F0051293,
F0051294,
F0051295,
F0051296,
F0051297,positive
F0051298,
F0051299,
F0051300,
F0051301,
F0051302,
F0051303,
F0051304,positive
F0051305,
F0051306,
F0051307,
F0051308,
F0051309,positive
F0051310,seating
F0051311,
F0051312,positive
F0051313,
F0051314,
F0051315,positive
F0051316,positive
F0051317,
F0051318,
F0051319,long_wait
F0051320,
F0051321,positive
F0051322,
F0051323,
F0051324,walkout
F0051325,
F0051326,walkout
F0051327,
F0051328,
F0051329,
F0051330,
F0051331,
F0051332,
F0051333,positive
F0051334,
F0051335,
F0051336,documents
F0051337,positive
F0051338,
F0051339,
F0051340,
F0051341,
F0051342,walkout
F0051343,long_wait
F0051344,walkout
F0051345,
F0051346,
F0051347,
F0051348,
F0051349,
F0051350,
F0051351,long_wait
F0051352,
F0051353,
F0051354,
F0051355,
F0051356,
F0051357,
F0051358,
F0051359,
F0051360,
F0051361,
F0051362,walkout
F0051363,
F0051364,
F0051365,
F0051366,
F0051367,walkout
F0051368,
F0051369,walkout
F0051370,
F0051371,positive
F0051372,walkout
F0051373,walkout
F0051374,
F0051375,walkout
F0051376,walkout
F0051377,
F0051378,walkout
F0051379,positive
F0051380,
F0051381,
F0051382,
F0051383,
F0051384,
F0051385,
F0051386,
F0051387,
F0051388,
F0051389,
F0051390,long_wait
F0051391,
F0051392,
F0051393,
F0051394,positive
F0051395,
F0051396,
F0051397,
F0051398,
F0051399,
F0051400,
F0051401,
F0051402,documents
F0051403,
F0051404,lunch
F0051405,
F0051406,
F0051407,
F0051408,
F0051409,
F0051410,
F0051411,
F0051412,
F0051413,positive
F0051414,
F0051415,
F0051416,
F0051417,
F0051418,
F0051419,
F0051420,
F0051421,
F0051422,positive
F0051423,
F0051424,positive
F0051425,
F0051426,
F0051427,positive
F0051428,
F0051429,
F0051430,documents
F0051431,
F0051432,
F0051433,
F0051434,
F0051435,
F0051436,
F0051437,
F0051438,positive
F0051439,
F0051440,
F0051441,
F0051442,
F0051443,
F0051444,
F0051445,
F0051446,positive
F0051447,walkout
F0051448,
F0051449,
F0051450,
F0051451,walkout
F0051452,
F0051453,
F0051454,
F0051455,
F0051456,
F0051457,
F0051458,
F0051459,
F0051460,
F0051461,
F0051462,
F0051463,
F0051464,
F0051465,
F0051466,
F0051467,
F0051468,
F0051469,
F0051470,
F0051471,positive
F0051472,
F0051473,walkout
F0051474,
F0051475,
F0051476,
F0051477,
F0051478,
F0051479,
F0051480,
F0051481,
F0051482,positive
F0051483,
F0051484,
F0051485,
F0051486,walkout
F0051487,
F0051488,
F0051489,
F0051490,
F0051491,
F0051492,walkout
F0051493,
F0051494,
F0051495,positive
F0051496,
F0051497,
F0051498,
F0051499,
F0051500,
F0051501,
F0051502,
F0051503,
F0051504,
F0051505,
F0051506,
F0051507,long_wait
F0051508,
F0051509,
F0051510,
F0051511,
F0051512,
F0051513,
F0051514,
F0051515,
F0051516,
F0051517,
F0051518,positive
F0051519,
F0051520,positive
F0051521,positive
F0051522,long_wait
F0051523,
F0051524,
F0051525,
F0051526,
F0051527,
F0051528,positive
F0051529,
F0051530,
F0051531,
F0051532,walkout
F0051533,positive
F0051534,walkout
F0051535,positive
F0051536,
F0051537,positive
F0051538,
F0051539,positive
F0051540,
F0051541,
F0051542,
F0051543,
F0051544,positive
F0051545,
F0051546,positive
F0051547,
F0051548,walkout
F0051549,
F0051550,
F0051551,
F0051552,
F0051553,
F0051554,
F0051555,positive
F0051556,
F0051557,
F0051558,
F0051559,
F0051560,
F0051561,
F0051562,
F0051563,
F0051564,
F0051565,
F0051566,positive
F0051567,
F0051568,
F0051569,
F0051570,
F0051571,
F0051572,
F0051573,
F0051574,
F0051575,long_wait
F0051576,
F0051577,
F0051578,
F0051579,positive
F0051580,
F0051581,long_wait
F0051582,
F0051583,
F0051584,positive
F0051585,positive
F0051586,
F0051587,
F0051588,
F0051589,
F0051590,
F0051591,long_wait
F0051592,positive
F0051593,positive
F0051594,walkout
F0051595,walkout
F0051596,walkout
F0051597,
F0051598,
F0051599,
F0051600,
F0051601,
F0051602,
F0051603,walkout
F0051604,positive
F0051605,
F0051606,
F0051607,
F0051608,positive
F0051609,
F0051610,
F0051611,
F0051612,
F0051613,
F0051614,
F0051615,
F0051616,
F0051617,
F0051618,
F0051619,
F0051620,
F0051621,
F0051622,
F0051623,
F0051624,
F0051625,
F0051626,
F0051627,positive
F0051628,
F0051629,
F0051630,
F0051631,
F0051632,
F0051633,
F0051634,
F0051635,
F0051636,
F0051637,
F0051638,
F0051639,
F0051640,
F0051641,
F0051642,
F0051643,positive
F0051644,
F0051645,positive
F0051646,
F0051647,
F0051648,positive
F0051649,
F0051650,
F0051651,
F0051652,
F0051653,positive
F0051654,positive
F0051655,
F0051656,
F0051657,
F0051658,
F0051659,
F0051660,positive
F0051661,
F0051662,
F0051663,
F0051664,
F0051665,
F0051666,
F0051667,
F0051668,
F0051669,positive
F0051670,positive
F0051671,positive
F0051672,
F0051673,
F0051674,
F0051675,
F0051676,
F0051677,
F0051678,
F0051679,
F0051680,
F0051681,positive
F0051682,
F0051683,
F0051684,
F0051685,documents
F0051686,
F0051687,positive
F0051688,
F0051689,
F0051690,
F0051691,positive
F0051692,
F0051693,
F0051694,
F0051695,
F0051696,
F0051697,
F0051698,
F0051699,positive
F0051700,
F0051701,positive
F0051702,
F0051703,
F0051704,
F0051705,walkout
F0051706,
F0051707,
F0051708,
F0051709,positive
F0051710,
F0051711,
F0051712,positive
F0051713,
F0051714,
F0051715,
F0051716,positive
F0051717,
F0051718,
F0051719,
F0051720,long_wait
F0051721,
F0051722,walkout
F0051723,long_wait
F0051724,walkout
F0051725,walkout
F0051726,
F0051727,walkout
F0051728,walkout
F0051729,
F0051730,
F0051731,walkout
F0051732,
F0051733,
F0051734,
F0051735,positive
F0051736,
F0051737,
F0051738,positive
F0051739,
F0051740,positive
F0051741,positive
F0051742,
F0051743,
F0051744,
F0051745,
F0051746,
F0051747,
F0051748,
F0051749,
F0051750,
F0051751,
F0051752,
F0051753,positive
F0051754,
F0051755,
F0051756,
F0051757,
F0051758,
F0051759,
F0051760,positive
F0051761,
F0051762,
F0051763,
F0051764,positive
F0051765,
F0051766,
F0051767,positive
F0051768,
F0051769,
F0051770,
F0051771,
F0051772,positive
F0051773,
F0051774,
F0051775,
F0051776,
F0051777,
F0051778,
F0051779,positive
F0051780,
F0051781,walkout
F0051782,
F0051783,
F0051784,
F0051785,
F0051786,
F0051787,positive
F0051788,
F0051789,
F0051790,documents
F0051791,
F0051792,
F0051793,
F0051794,
F0051795,
F0051796,
F0051797,positive
F0051798,
F0051799,
F0051800,positive
F0051801,
F0051802,
F0051803,
F0051804,
F0051805,
F0051806,
F0051807,
F0051808,positive
F0051809,
F0051810,positive
F0051811,
F0051812,
F0051813,positive
F0051814,positive
F0051815,
F0051816,
F0051817,
F0051818,positive
F0051819,
F0051820,
F0051821,
F0051822,
F0051823,
F0051824,positive
F0051825,documents
F0051826,positive
F0051827,
F0051828,
F0051829,
F0051830,positive
F0051831,
F0051832,
F0051833,
F0051834,
F0051835,
F0051836,
F0051837,
F0051838,
F0051839,
F0051840,
F0051841,
F0051842,
F0051843,
F0051844,positive
F0051845,
F0051846,
F0051847,
F0051848,
F0051849,
F0051850,
F0051851,
F0051852,
F0051853,
F0051854,walkout
F0051855,
F0051856,
F0051857,positive
F0051858,
F0051859,
F0051860,positive
F0051861,
F0051862,
F0051863,
F0051864,
F0051865,
F0051866,
F0051867,
F0051868,
F0051869,
F0051870,
F0051871,
F0051872,
F0051873,positive
F0051874,
F0051875,
F0051876,
F0051877,
F0051878,
F0051879,walkout
F0051880,
F0051881,
F0051882,
F0051883,
F0051884,walkout
F0051885,
F0051886,
F0051887,
F0051888,
F0051889,
F0051890,positive
F0051891,
F0051892,walkout
F0051893,
F0051894,
F0051895,
F0051896,
F0051897,
F0051898,
F0051899,
F0051900,
F0051901,walkout
F0051902,
F0051903,
F0051904,
F0051905,
F0051906,
F0051907,positive
F0051908,
F0051909,
F0051910,positive
F0051911,walkout
F0051912,
F0051913,
F0051914,
F0051915,positive
F0051916,
F0051917,
F0051918,
F0051919,
F0051920,
F0051921,
F0051922,
F0051923,
F0051924,
F0051925,
F0051926,
F0051927,
F0051928,
F0051929,
F0051930,
F0051931,
F0051932,
F0051933,
F0051934,positive
F0051935,positive
F0051936,
F0051937,
F0051938,
F0051939,walkout
F0051940,positive
F0051941,positive
F0051942,
F0051943,
F0051944,
F0051945,
F0051946,walkout
F0051947,walkout
F0051948,
F0051949,
F0051950,
F0051951,
F0051952,
F0051953,walkout
F0051954,
F0051955,positive
F0051956,
F0051957,
F0051958,
F0051959,
F0051960,walkout
F0051961,
F0051962,
F0051963,
F0051964,
F0051965,
F0051966,positive
F0051967,
F0051968,walkout
F0051969,
F0051970,walkout
F0051971,
F0051972,walkout
F0051973,
F0051974,
F0051975,walkout
F0051976,seating
F0051977,
F0051978,
F0051979,lunch
F0051980,walkout
F0051981,
F0051982,walkout
F0051983,
F0051984,
F0051985,walkout
F0051986,
F0051987,
F0051988,
F0051989,
F0051990,
F0051991,
F0051992,
F0051993,lunch
F0051994,
F0051995,
F0051996,walkout
F0051997,walkout
F0051998,
F0051999,walkout
F0052000,
F0052001,
F0052002,walkout
F0052003,walkout
F0052004,
F0052005,
F0052006,
F0052007,
F0052008,
F0052009,
F0052010,
F0052011,
F0052012,
F0052013,positive
F0052014,positive
F0052015,
F0052016,positive
F0052017,
F0052018,walkout
F0052019,
F0052020,
F0052021,
F0052022,walkout
F0052023,
F0052024,
F0052025,
F0052026,long_wait
F0052027,
F0052028,
F0052029,
F0052030,walkout
F0052031,walkout
F0052032,walkout
F0052033,positive
F0052034,positive
F0052035,
F0052036,walkout
F0052037,
F0052038,
F0052039,
F0052040,
F0052041,long_wait
F0052042,
F0052043,
F0052044,walkout
F0052045,
F0052046,walkout
F0052047,walkout
F0052048,
F0052049,walkout
F0052050,
F0052051,
F0052052,walkout
F0052053,
F0052054,
F0052055,
F0052056,long_wait
F0052057,walkout
F0052058,
F0052059,
F0052060,walkout
F0052061,
F0052062,walkout
F0052063,
F0052064,
F0052065,
F0052066,
F0052067,
F0052068,walkout
F0052069,long_wait
F0052070,
F0052071,
F0052072,
F0052073,
F0052074,walkout
F0052075,
F0052076,
F0052077,positive
F0052078,
F0052079,
F0052080,
F0052081,
F0052082,long_wait
F0052083,walkout
F0052084,walkout
F0052085,
F0052086,walkout
F0052087,walkout
F0052088,
F0052089,walkout
F0052090,walkout
F0052091,
F0052092,walkout
F0052093,
F0052094,walkout
F0052095,
F0052096,positive
F0052097,walkout
F0052098,positive
F0052099,
F0052100,
F0052101,
F0052102,
F0052103,documents
F0052104,
F0052105,
F0052106,
F0052107,positive
F0052108,
F0052109,positive
F0052110,positive
F0052111,positive
F0052112,
F0052113,positive
F0052114,
F0052115,positive
F0052116,
F0052117,
F0052118,
F0052119,
F0052120,positive
F0052121,walkout
F0052122,positive
F0052123,walkout
F0052124,positive
F0052125,
F0052126,
F0052127,
F0052128,positive
F0052129,
F0052130,
F0052131,positive
F0052132,
F0052133,
F0052134,
F0052135,
F0052136,
F0052137,positive
F0052138,
F0052139,
F0052140,walkout
F0052141,
F0052142,
F0052143,
F0052144,
F0052145,walkout
F0052146,walkout
F0052147,
F0052148,walkout
F0052149,positive
F0052150,
F0052151,
F0052152,
F0052153,positive
F0052154,
F0052155,
F0052156,
F0052157,
F0052158,
F0052159,positive
F0052160,
F0052161,
F0052162,
F0052163,
F0052164,
F0052165,
F0052166,
F0052167,
F0052168,
F0052169,walkout
F0052170,walkout
F0052171,
F0052172,
F0052173,
F0052174,
F0052175,walkout
F0052176,
F0052177,
F0052178,walkout
F0052179,
F0052180,slow_dd
F0052181,walkout
F0052182,
F0052183,
F0052184,
F0052185,
F0052186,
F0052187,walkout
F0052188,
F0052189,walkout
F0052190,walkout
F0052191,
F0052192,positive
F0052193,positive
F0052194,
F0052195,walkout
F0052196,
F0052197,walkout
F0052198,walkout
F0052199,walkout
F0052200,walkout
F0052201,
F0052202,
F0052203,walkout
F0052204,
F0052205,walkout
F0052206,
F0052207,walkout
F0052208,positive
F0052209,
F0052210,walkout
F0052211,
F0052212,walkout
F0052213,walkout
F0052214,
F0052215,walkout
F0052216,walkout
F0052217,
F0052218,
F0052219,positive
F0052220,positive
F0052221,
F0052222,
F0052223,positive
F0052224,
F0052225,
F0052226,
F0052227,
F0052228,
F0052229,positive
F0052230,
F0052231,
F0052232,walkout
F0052233,positive
F0052234,
F0052235,
F0052236,
F0052237,
F0052238,
F0052239,
F0052240,
F0052241,
F0052242,
F0052243,long_wait
F0052244,
F0052245,
F0052246,
F0052247,
F0052248,
F0052249,positive
F0052250,
F0052251,
F0052252,
F0052253,
F0052254,
F0052255,
F0052256,
F0052257,
F0052258,
F0052259,
F0052260,
F0052261,
F0052262,
F0052263,walkout
F0052264,
F0052265,walkout
F0052266,
F0052267,
F0052268,
F0052269,
F0052270,
F0052271,positive
F0052272,
F0052273,
F0052274,
F0052275,
F0052276,positive
F0052277,
F0052278,
F0052279,
F0052280,
F0052281,positive
F0052282,
F0052283,
F0052284,
F0052285,
F0052286,
F0052287,positive
F0052288,
F0052289,
F0052290,
F0052291,
F0052292,positive
F0052293,
F0052294,
F0052295,walkout
F0052296,
F0052297,
F0052298,
F0052299,
F0052300,
F0052301,documents
F0052302,positive
F0052303,
F0052304,
F0052305,
F0052306,
F0052307,
F0052308,
F0052309,
F0052310,
F0052311,slow_dd
F0052312,
F0052313,
F0052314,
F0052315,
F0052316,
F0052317,positive
F0052318,
F0052319,
F0052320,walkout
F0052321,
F0052322,
F0052323,
F0052324,
F0052325,positive
F0052326,
F0052327,
F0052328,
F0052329,
F0052330,
F0052331,
F0052332,positive
F0052333,
F0052334,
F0052335,
F0052336,
F0052337,
F0052338,
F0052339,
F0052340,
F0052341,positive
F0052342,
F0052343,
F0052344,positive
F0052345,long_wait
F0052346,walkout
F0052347,
F0052348,positive
F0052349,
F0052350,
F0052351,
F0052352,
F0052353,documents
F0052354,
F0052355,walkout
F0052356,walkout
F0052357,
F0052358,
F0052359,
F0052360,
F0052361,
F0052362,
F0052363,
F0052364,
F0052365,positive
F0052366,
F0052367,
F0052368,
F0052369,
F0052370,
F0052371,
F0052372,
F0052373,
F0052374,
F0052375,
F0052376,
F0052377,positive
F0052378,
F0052379,positive
F0052380,
F0052381,
F0052382,
F0052383,walkout
F0052384,walkout
F0052385,
F0052386,
F0052387,
F0052388,
F0052389,
F0052390,
F0052391,
F0052392,walkout
F0052393,
F0052394,walkout
F0052395,walkout
F0052396,
F0052397,
F0052398,
F0052399,
F0052400,
F0052401,
F0052402,
F0052403,
F0052404,
F0052405,
F0052406,
F0052407,positive
F0052408,
F0052409,walkout
F0052410,
F0052411,walkout
F0052412,
F0052413,
F0052414,
F0052415,
F0052416,
F0052417,
F0052418,
F0052419,
F0052420,system_down
F0052421,walkout
F0052422,
F0052423,walkout
F0052424,
F0052425,
F0052426,walkout
F0052427,
F0052428,walkout
F0052429,
F0052430,
F0052431,positive
F0052432,
F0052433,
F0052434,positive
F0052435,
F0052436,
F0052437,
F0052438,walkout
F0052439,walkout
F0052440,
F0052441,
F0052442,long_wait
F0052443,walkout
F0052444,positive
F0052445,
F0052446,
F0052447,positive
F0052448,
F0052449,
F0052450,
F0052451,
F0052452,
F0052453,
F0052454,
F0052455,positive
F0052456,
F0052457,
F0052458,
F0052459,
F0052460,
F0052461,
F0052462,walkout
F0052463,
F0052464,
F0052465,
F0052466,
F0052467,
F0052468,
F0052469,walkout
F0052470,
F0052471,
F0052472,
F0052473,
F0052474,
F0052475,
F0052476,
F0052477,walkout
F0052478,positive
F0052479,
F0052480,walkout
F0052481,
F0052482,
F0052483,
F0052484,
F0052485,positive
F0052486,
F0052487,
F0052488,walkout
F0052489,
F0052490,
F0052491,walkout
F0052492,
F0052493,
F0052494,
F0052495,
F0052496,long_wait
F0052497,
F0052498,
F0052499,
F0052500,
F0052501,walkout
F0052502,
F0052503,
F0052504,walkout
F0052505,
F0052506,
F0052507,
F0052508,walkout
F0052509,
F0052510,
F0052511,positive
F0052512,documents
F0052513,
F0052514,
F0052515,
F0052516,
F0052517,
F0052518,
F0052519,
F0052520,positive
F0052521,
F0052522,
F0052523,
F0052524,
F0052525,
F0052526,
F0052527,
F0052528,
F0052529,walkout
F0052530,
F0052531,
F0052532,
F0052533,
F0052534,
F0052535,
F0052536,positive
F0052537,
F0052538,
F0052539,
F0052540,long_wait
F0052541,long_wait
F0052542,
F0052543,
F0052544,seating
F0052545,positive
F0052546,
F0052547,
F0052548,
F0052549,
F0052550,long_wait
F0052551,positive
F0052552,documents
F0052553,
F0052554,
F0052555,
F0052556,
F0052557,
F0052558,
F0052559,
F0052560,positive
F0052561,documents
F0052562,
F0052563,
F0052564,
F0052565,positive
F0052566,
F0052567,positive
F0052568,positive
F0052569,
F0052570,positive
F0052571,
F0052572,
F0052573,
F0052574,
F0052575,
F0052576,
F0052577,
F0052578,
F0052579,positive
F0052580,
F0052581,
F0052582,
F0052583,positive
F0052584,
F0052585,positive
F0052586,
F0052587,
F0052588,
F0052589,positive
F0052590,
F0052591,
F0052592,
F0052593,
F0052594,
F0052595,
F0052596,
F0052597,
F0052598,
F0052599,
F0052600,
F0052601,
F0052602,
F0052603,
F0052604,
F0052605,positive
F0052606,
F0052607,
F0052608,
F0052609,
F0052610,positive
F0052611,positive
F0052612,positive
F0052613,
F0052614,
F0052615,
F0052616,
F0052617,
F0052618,
F0052619,
F0052620,
F0052621,
F0052622,
F0052623,
F0052624,
F0052625,
F0052626,
F0052627,
F0052628,
F0052629,
F0052630,positive
F0052631,
F0052632,
F0052633,documents
F0052634,
F0052635,
F0052636,
F0052637,
F0052638,positive
F0052639,
F0052640,
F0052641,
F0052642,
F0052643,walkout
F0052644,
F0052645,
F0052646,
F0052647,
F0052648,
F0052649,
F0052650,
F0052651,positive
F0052652,
F0052653,
F0052654,positive
F0052655,walkout
F0052656,
F0052657,
F0052658,
F0052659,
F0052660,long_wait
F0052661,walkout
F0052662,walkout
F0052663,
F0052664,walkout
F0052665,
F0052666,
F0052667,walkout
F0052668,
F0052669,
F0052670,
F0052671,
F0052672,
F0052673,
F0052674,
F0052675,
F0052676,
F0052677,walkout
F0052678,
F0052679,
F0052680,
F0052681,
F0052682,positive
F0052683,
F0052684,
F0052685,
F0052686,walkout
F0052687,
F0052688,
F0052689,
F0052690,
F0052691,
F0052692,
F0052693,walkout
F0052694,walkout
F0052695,
F0052696,
F0052697,
F0052698,positive
F0052699,
F0052700,long_wait
F0052701,
F0052702,
F0052703,
F0052704,
F0052705,
F0052706,
F0052707,
F0052708,positive
F0052709,
F0052710,
F0052711,positive
F0052712,
F0052713,
F0052714,
F0052715,
F0052716,
F0052717,
F0052718,
F0052719,
F0052720,
F0052721,
F0052722,positive
F0052723,positive
F0052724,positive
F0052725,
F0052726,
F0052727,
F0052728,
F0052729,
F0052730,
F0052731,
F0052732,
F0052733,
F0052734,
F0052735,
F0052736,
F0052737,
F0052738,
F0052739,walkout
F0052740,
F0052741,
F0052742,
F0052743,
F0052744,
F0052745,
F0052746,
F0052747,
F0052748,walkout
F0052749,
F0052750,
F0052751,walkout
F0052752,
F0052753,
F0052754,walkout
F0052755,
F0052756,
F0052757,walkout
F0052758,
F0052759,
F0052760,
F0052761,
F0052762,
F0052763,
F0052764,
F0052765,walkout
F0052766,walkout
F0052767,walkout
F0052768,
F0052769,
F0052770,
F0052771,
F0052772,long_wait
F0052773,
F0052774,
F0052775,
F0052776,
F0052777,
F0052778,
F0052779,
F0052780,walkout
F0052781,
F0052782,
F0052783,positive
F0052784,
F0052785,
F0052786,
F0052787,
F0052788,
F0052789,
F0052790,
F0052791,
F0052792,positive
F0052793,
F0052794,
F0052795,
F0052796,
F0052797,
F0052798,
F0052799,
F0052800,
F0052801,
F0052802,
F0052803,
F0052804,
F0052805,
F0052806,walkout
F0052807,
F0052808,walkout
F0052809,
F0052810,
F0052811,
F0052812,positive
F0052813,walkout
F0052814,
F0052815,
F0052816,
F0052817,
F0052818,
F0052819,
F0052820,
F0052821,
F0052822,positive
F0052823,
F0052824,
F0052825,
F0052826,walkout
F0052827,
F0052828,
F0052829,
F0052830,walkout
F0052831,
F0052832,
F0052833,
F0052834,
F0052835,positive
F0052836,
F0052837,
F0052838,walkout
F0052839,
F0052840,
F0052841,
F0052842,positive
F0052843,
F0052844,
F0052845,positive
F0052846,
F0052847,positive
F0052848,walkout
F0052849,
F0052850,walkout
F0052851,
F0052852,
F0052853,
F0052854,
F0052855,
F0052856,walkout
F0052857,
F0052858,
F0052859,
F0052860,
F0052861,
F0052862,
F0052863,slow_dd
F0052864,
F0052865,walkout
F0052866,walkout
F0052867,
F0052868,long_wait
F0052869,walkout
F0052870,walkout
F0052871,
F0052872,
F0052873,positive
F0052874,
F0052875,
F0052876,walkout
F0052877,positive
F0052878,
F0052879,
F0052880,
F0052881,walkout
F0052882,
F0052883,positive
F0052884,
F0052885,
F0052886,walkout
F0052887,walkout
F0052888,positive
F0052889,
F0052890,
F0052891,
F0052892,
F0052893,
F0052894,
F0052895,walkout
F0052896,
F0052897,
F0052898,walkout
F0052899,
F0052900,
F0052901,
F0052902,
F0052903,
F0052904,positive
F0052905,
F0052906,slow_dd
F0052907,
F0052908,positive
F0052909,
F0052910,positive
F0052911,
F0052912,
F0052913,
F0052914,
F0052915,
F0052916,
F0052917,
F0052918,
F0052919,positive
F0052920,
F0052921,
F0052922,
F0052923,
F0052924,
F0052925,
F0052926,
F0052927,positive
F0052928,positive
F0052929,
F0052930,
F0052931,
F0052932,walkout
F0052933,
F0052934,positive
F0052935,
F0052936,
F0052937,walkout
F0052938,
F0052939,
F0052940,
F0052941,
F0052942,
F0052943,walkout
F0052944,
F0052945,positive
F0052946,
F0052947,
F0052948,
F0052949,
F0052950,
F0052951,
F0052952,
F0052953,positive
F0052954,walkout
F0052955,
F0052956,
F0052957,
F0052958,
F0052959,
F0052960,
F0052961,
F0052962,
F0052963,
F0052964,
F0052965,
F0052966,walkout
F0052967,
F0052968,
F0052969,
F0052970,
F0052971,
F0052972,
F0052973,
F0052974,
F0052975,walkout
F0052976,
F0052977,
F0052978,
F0052979,
F0052980,
F0052981,
F0052982,positive
F0052983,
F0052984,walkout
F0052985,long_wait
F0052986,
F0052987,
F0052988,
F0052989,positive
F0052990,
F0052991,
F0052992,positive
F0052993,positive
F0052994,
F0052995,
F0052996,
F0052997,
F0052998,
F0052999,positive
F0053000,
F0053001,positive
F0053002,positive
F0053003,
F0053004,
F0053005,
F0053006,
F0053007,walkout
F0053008,
F0053009,
F0053010,
F0053011,documents
F0053012,
F0053013,
F0053014,
F0053015,
F0053016,walkout
F0053017,
F0053018,positive
F0053019,
F0053020,positive
F0053021,positive
F0053022,positive
F0053023,
F0053024,
F0053025,
F0053026,
F0053027,walkout
F0053028,
F0053029,
F0053030,positive
F0053031,walkout
F0053032,positive
F0053033,
F0053034,
F0053035,
F0053036,walkout
F0053037,
F0053038,positive
F0053039,
F0053040,
F0053041,
F0053042,positive
F0053043,
F0053044,
F0053045,positive
F0053046,positive
F0053047,walkout
F0053048,walkout
F0053049,
F0053050,
F0053051,
F0053052,long_wait
F0053053,
F0053054,
F0053055,
F0053056,
F0053057,
F0053058,
F0053059,
F0053060,walkout
F0053061,
F0053062,positive
F0053063,
F0053064,walkout
F0053065,walkout
F0053066,
F0053067,
F0053068,documents
F0053069,
F0053070,positive
F0053071,
F0053072,
F0053073,positive
F0053074,
F0053075,
F0053076,
F0053077,
F0053078,walkout
F0053079,positive
F0053080,
F0053081,walkout
F0053082,
F0053083,
F0053084,
F0053085,
F0053086,
F0053087,
F0053088,
F0053089,positive
F0053090,positive
F0053091,slow_dd
F0053092,
F0053093,
F0053094,
F0053095,
F0053096,
F0053097,
F0053098,
F0053099,
F0053100,
F0053101,
F0053102,
F0053103,
F0053104,
F0053105,positive
F0053106,positive
F0053107,
F0053108,
F0053109,
F0053110,walkout
F0053111,
F0053112,positive
F0053113,
F0053114,
F0053115,
F0053116,
F0053117,
F0053118,walkout
F0053119,
F0053120,
F0053121,
F0053122,
F0053123,
F0053124,walkout
F0053125,
F0053126,walkout
F0053127,
F0053128,
F0053129,walkout
F0053130,
F0053131,
F0053132,
F0053133,walkout
F0053134,walkout
F0053135,
F0053136,walkout
F0053137,walkout
F0053138,
F0053139,
F0053140,walkout
F0053141,walkout
F0053142,
F0053143,long_wait
F0053144,
F0053145,walkout
F0053146,
F0053147,walkout
F0053148,
F0053149,
F0053150,
F0053151,
F0053152,
F0053153,
F0053154,
F0053155,
F0053156,
F0053157,
F0053158,walkout
F0053159,
F0053160,
F0053161,
F0053162,
F0053163,
F0053164,
F0053165,
F0053166,
F0053167,
F0053168,
F0053169,
F0053170,positive
F0053171,
F0053172,
F0053173,
F0053174,
F0053175,walkout
F0053176,
F0053177,
F0053178,positive
F0053179,
F0053180,long_wait
F0053181,
F0053182,
F0053183,walkout
F0053184,
F0053185,
F0053186,walkout
F0053187,
F0053188,positive
F0053189,
F0053190,
F0053191,
F0053192,
F0053193,
F0053194,
F0053195,long_wait
F0053196,long_wait
F0053197,
F0053198,
F0053199,
F0053200,
F0053201,
F0053202,
F0053203,
F0053204,
F0053205,
F0053206,
F0053207,
F0053208,
F0053209,
F0053210,
F0053211,
F0053212,
F0053213,
F0053214,
F0053215,
F0053216,
F0053217,
F0053218,
F0053219,
F0053220,
F0053221,
F0053222,
F0053223,
F0053224,
F0053225,
F0053226,
F0053227,
F0053228,
F0053229,documents
F0053230,
F0053231,
F0053232,
F0053233,
F0053234,
F0053235,
F0053236,positive
F0053237,long_wait
F0053238,
F0053239,
F0053240,
F0053241,
F0053242,
F0053243,
F0053244,
F0053245,walkout
F0053246,
F0053247,
F0053248,
F0053249,
F0053250,
F0053251,
F0053252,walkout
F0053253,walkout
F0053254,
F0053255,
F0053256,
F0053257,
F0053258,
F0053259,
F0053260,
F0053261,
F0053262,
F0053263,
F0053264,
F0053265,
F0053266,
F0053267,walkout
F0053268,
F0053269,
F0053270,
F0053271,positive
F0053272,
F0053273,positive
F0053274,
F0053275,
F0053276,positive
F0053277,
F0053278,
F0053279,positive
F0053280,
F0053281,
F0053282,
F0053283,
F0053284,
F0053285,
F0053286,
F0053287,
F0053288,
F0053289,
F0053290,positive
F0053291,positive
F0053292,
F0053293,positive
F0053294,
F0053295,
F0053296,
F0053297,
F0053298,
F0053299,walkout
F0053300,walkout
F0053301,
F0053302,
F0053303,
F0053304,
F0053305,
F0053306,walkout
F0053307,
F0053308,
F0053309,
F0053310,
F0053311,
F0053312,
F0053313,
F0053314,
F0053315,walkout
F0053316,
F0053317,
F0053318,
F0053319,walkout
F0053320,
F0053321,
F0053322,walkout
F0053323,
F0053324,walkout
F0053325,
F0053326,
F0053327,positive
F0053328,long_wait
F0053329,
F0053330,
F0053331,
F0053332,positive
F0053333,positive
F0053334,walkout
F0053335,
F0053336,
F0053337,
F0053338,
F0053339,
F0053340,
F0053341,
F0053342,
F0053343,
F0053344,
F0053345,
F0053346,
F0053347,
F0053348,positive
F0053349,
F0053350,positive
F0053351,
F0053352,
F0053353,
F0053354,
F0053355,
F0053356,
F0053357,
F0053358,
F0053359,
F0053360,
F0053361,positive
F0053362,
F0053363,
F0053364,
F0053365,
F0053366,positive
F0053367,
F0053368,positive
F0053369,
F0053370,
F0053371,
F0053372,
F0053373,
F0053374,
F0053375,
F0053376,
F0053377,long_wait
F0053378,
F0053379,
F0053380,walkout
F0053381,
F0053382,
F0053383,
F0053384,
F0053385,
F0053386,
F0053387,
F0053388,walkout
F0053389,walkout
F0053390,
F0053391,
F0053392,
F0053393,
F0053394,
F0053395,
F0053396,
F0053397,
F0053398,positive
F0053399,
F0053400,
F0053401,positive
F0053402,
F0053403,positive
F0053404,
F0053405,
F0053406,
F0053407,
F0053408,positive
F0053409,
F0053410,
F0053411,
F0053412,
F0053413,
F0053414,
F0053415,
F0053416,
F0053417,
F0053418,positive
F0053419,
F0053420,
F0053421,
F0053422,
F0053423,
F0053424,
F0053425,
F0053426,
F0053427,
F0053428,
F0053429,
F0053430,positive
F0053431,
F0053432,
F0053433,
F0053434,
F0053435,
F0053436,
F0053437,
F0053438,
F0053439,
F0053440,
F0053441,
F0053442,positive
F0053443,
F0053444,
F0053445,
F0053446,
F0053447,
F0053448,
F0053449,
F0053450,
F0053451,
F0053452,
F0053453,
F0053454,
F0053455,
F0053456,
F0053457,
F0053458,
F0053459,
F0053460,
F0053461,
F0053462,
F0053463,
F0053464,
F0053465,
F0053466,
F0053467,
F0053468,
F0053469,
F0053470,walkout
F0053471,
F0053472,
F0053473,
F0053474,
F0053475,
F0053476,
F0053477,
F0053478,
F0053479,long_wait
F0053480,
F0053481,
F0053482,
F0053483,
F0053484,walkout
F0053485,
F0053486,
F0053487,
F0053488,positive
F0053489,
F0053490,
F0053491,
F0053492,
F0053493,
F0053494,
F0053495,walkout
F0053496,
F0053497,
F0053498,
F0053499,
F0053500,positive
F0053501,
F0053502,walkout
F0053503,
F0053504,
F0053505,
F0053506,
F0053507,
F0053508,
F0053509,positive
F0053510,
F0053511,
F0053512,
F0053513,documents
F0053514,
F0053515,positive
F0053516,positive
F0053517,documents
F0053518,
F0053519,
F0053520,
F0053521,
F0053522,
F0053523,
F0053524,
F0053525,walkout
F0053526,
F0053527,
F0053528,
F0053529,
F0053530,
F0053531,
F0053532,
F0053533,
F0053534,walkout
F0053535,
F0053536,
F0053537,
F0053538,
F0053539,positive
F0053540,
F0053541,
F0053542,
F0053543,
F0053544,walkout
F0053545,
F0053546,
F0053547,
F0053548,
F0053549,positive
F0053550,
F0053551,
F0053552,
F0053553,positive
F0053554,
F0053555,
F0053556,
F0053557,
F0053558,
F0053559,
F0053560,positive
F0053561,
F0053562,
F0053563,
F0053564,
F0053565,
F0053566,positive
F0053567,
F0053568,
F0053569,
F0053570,walkout
F0053571,
F0053572,
F0053573,
F0053574,
F0053575,positive
F0053576,
F0053577,walkout
F0053578,
F0053579,
F0053580,
F0053581,
F0053582,
F0053583,walkout
F0053584,
F0053585,
F0053586,
F0053587,
F0053588,
F0053589,
F0053590,
F0053591,
F0053592,
F0053593,
F0053594,
F0053595,
F0053596,
F0053597,
F0053598,
F0053599,
F0053600,
F0053601,
F0053602,
F0053603,
F0053604,
F0053605,
F0053606,long_wait
F0053607,positive
F0053608,positive
F0053609,
F0053610,positive
F0053611,
F0053612,
F0053613,
F0053614,
F0053615,positive
F0053616,
F0053617,
F0053618,
F0053619,
F0053620,positive
F0053621,
F0053622,
F0053623,
F0053624,positive
F0053625,
F0053626,
F0053627,
F0053628,
F0053629,
F0053630,
F0053631,positive
F0053632,
F0053633,
F0053634,
F0053635,
F0053636,
F0053637,
F0053638,
F0053639,
F0053640,positive
F0053641,
F0053642,positive
F0053643,
F0053644,
F0053645,
F0053646,
F0053647,
F0053648,
F0053649,positive
F0053650,positive
F0053651,positive
F0053652,
F0053653,walkout
F0053654,
F0053655,
F0053656,
F0053657,walkout
F0053658,walkout
F0053659,walkout
F0053660,
F0053661,
F0053662,
F0053663,
F0053664,
F0053665,
F0053666,positive
F0053667,
F0053668,
F0053669,
F0053670,
F0053671,
F0053672,
F0053673,
F0053674,
F0053675,
F0053676,walkout
F0053677,
F0053678,
F0053679,positive
F0053680,
F0053681,positive
F0053682,seating
F0053683,long_wait
F0053684,
F0053685,
F0053686,
F0053687,
F0053688,lunch
F0053689,
F0053690,
F0053691,
F0053692,walkout
F0053693,
F0053694,long_wait
F0053695,long_wait
F0053696,
F0053697,walkout
F0053698,
F0053699,
F0053700,
F0053701,walkout
F0053702,positive
F0053703,
F0053704,
F0053705,positive
F0053706,
F0053707,
F0053708,
F0053709,
F0053710,
F0053711,
F0053712,walkout
F0053713,
F0053714,positive
F0053715,positive
F0053716,
F0053717,
F0053718,positive
F0053719,
F0053720,
F0053721,
F0053722,positive
F0053723,positive
F0053724,
F0053725,positive
F0053726,
F0053727,
F0053728,positive
F0053729,
F0053730,
F0053731,walkout
F0053732,positive
F0053733,
F0053734,
F0053735,
F0053736,
F0053737,documents
F0053738,
F0053739,lunch
F0053740,
F0053741,
F0053742,
F0053743,
F0053744,
F0053745,
F0053746,
F0053747,
F0053748,
F0053749,
F0053750,
F0053751,
F0053752,positive
F0053753,
F0053754,
F0053755,
F0053756,
F0053757,
F0053758,
F0053759,
F0053760,
F0053761,
F0053762,
F0053763,documents
F0053764,positive
F0053765,
F0053766,
F0053767,
F0053768,positive
F0053769,long_wait
F0053770,
F0053771,positive
F0053772,
F0053773,
F0053774,
F0053775,
F0053776,
F0053777,
F0053778,
F0053779,
F0053780,
F0053781,positive
F0053782,
F0053783,
F0053784,
F0053785,
F0053786,
F0053787,
F0053788,
F0053789,
F0053790,
F0053791,positive
F0053792,
F0053793,positive
F0053794,
F0053795,positive
F0053796,
F0053797,
F0053798,
F0053799,
F0053800,
F0053801,
F0053802,
F0053803,
F0053804,
F0053805,positive
F0053806,
F0053807,
F0053808,
F0053809,
F0053810,
F0053811,
F0053812,
F0053813,positive
F0053814,
F0053815,
F0053816,
F0053817,
F0053818,
F0053819,
F0053820,positive
F0053821,
F0053822,
F0053823,
F0053824,positive
F0053825,
F0053826,
F0053827,
F0053828,
F0053829,
F0053830,
F0053831,
F0053832,
F0053833,
F0053834,
F0053835,positive
F0053836,
F0053837,
F0053838,slow_dd
F0053839,
F0053840,
F0053841,
F0053842,
F0053843,
F0053844,
F0053845,
F0053846,
F0053847,positive
F0053848,walkout
F0053849,
F0053850,walkout
F0053851,
F0053852,
F0053853,positive
F0053854,
F0053855,long_wait
F0053856,walkout
F0053857,
F0053858,
F0053859,
F0053860,positive
F0053861,positive
F0053862,
F0053863,
F0053864,
F0053865,
F0053866,walkout
F0053867,
F0053868,
F0053869,
F0053870,
F0053871,walkout
F0053872,
F0053873,
F0053874,
F0053875,positive
F0053876,
F0053877,positive
F0053878,positive
F0053879,
F0053880,
F0053881,walkout
F0053882,
F0053883,
F0053884,
F0053885,positive
F0053886,
F0053887,
F0053888,
F0053889,walkout
F0053890,
F0053891,
F0053892,
F0053893,
F0053894,
F0053895,positive
F0053896,
F0053897,
F0053898,
F0053899,positive
F0053900,
F0053901,
F0053902,
F0053903,
F0053904,
F0053905,lunch
F0053906,
F0053907,
F0053908,positive
F0053909,
F0053910,
F0053911,positive
F0053912,
F0053913,
F0053914,
F0053915,
F0053916,
F0053917,
F0053918,
F0053919,positive
F0053920,
F0053921,
F0053922,
F0053923,
F0053924,
F0053925,walkout
F0053926,
F0053927,
F0053928,walkout
F0053929,
F0053930,
F0053931,
F0053932,
F0053933,positive
F0053934,
F0053935,
F0053936,
F0053937,
F0053938,
F0053939,positive
F0053940,walkout
F0053941,
F0053942,positive
F0053943,
F0053944,slow_dd
F0053945,
F0053946,
F0053947,
F0053948,
F0053949,
F0053950,
F0053951,
F0053952,walkout
F0053953,
F0053954,
F0053955,
F0053956,walkout
F0053957,
F0053958,
F0053959,
F0053960,
F0053961,
F0053962,
F0053963,
F0053964,positive
F0053965,
F0053966,
F0053967,
F0053968,
F0053969,long_wait
F0053970,walkout
F0053971,
F0053972,walkout
F0053973,
F0053974,walkout
F0053975,positive
F0053976,
F0053977,walkout
F0053978,
F0053979,lunch
F0053980,
F0053981,
F0053982,lunch
F0053983,walkout
F0053984,walkout
F0053985,
F0053986,long_wait
F0053987,walkout
F0053988,walkout
F0053989,
F0053990,
F0053991,walkout
F0053992,
F0053993,
F0053994,walkout
F0053995,walkout
F0053996,
F0053997,
F0053998,
F0053999,
F0054000,
F0054001,
F0054002,walkout
F0054003,positive
F0054004,positive
F0054005,
F0054006,
F0054007,
F0054008,positive
F0054009,
F0054010,walkout
F0054011,
F0054012,
F0054013,
F0054014,
F0054015,walkout
F0054016,
F0054017,
F0054018,walkout
F0054019,
F0054020,positive
F0054021,
F0054022,walkout
F0054023,
F0054024,
F0054025,
F0054026,
F0054027,walkout
F0054028,
F0054029,
F0054030,
F0054031,
F0054032,walkout
F0054033,walkout
F0054034,walkout
F0054035,walkout
F0054036,
F0054037,
F0054038,
F0054039,walkout
F0054040,long_wait
F0054041,
F0054042,walkout
F0054043,
F0054044,
F0054045,
F0054046,
F0054047,walkout
F0054048,long_wait
F0054049,
F0054050,
F0054051,long_wait
F0054052,
F0054053,walkout
F0054054,
F0054055,lunch
F0054056,
F0054057,
F0054058,
F0054059,
F0054060,walkout
F0054061,long_wait
F0054062,
F0054063,walkout
F0054064,
F0054065,
F0054066,
F0054067,
F0054068,
F0054069,walkout
F0054070,walkout
F0054071,
F0054072,positive
F0054073,
F0054074,
F0054075,documents
F0054076,long_wait
F0054077,
F0054078,positive
F0054079,
F0054080,
F0054081,
F0054082,
F0054083,
F0054084,walkout
F0054085,
F0054086,
F0054087,positive
F0054088,
F0054089,
F0054090,
F0054091,
F0054092,walkout
F0054093,
F0054094,
F0054095,positive
F0054096,
F0054097,
F0054098,
F0054099,
F0054100,
F0054101,
F0054102,
F0054103,
F0054104,
F0054105,
F0054106,
F0054107,
F0054108,
F0054109,
F0054110,positive
F0054111,
F0054112,
F0054113,
F0054114,
F0054115,
F0054116,
F0054117,
F0054118,
F0054119,
F0054120,
F0054121,
F0054122,
F0054123,
F0054124,walkout
F0054125,walkout
F0054126,long_wait
F0054127,
F0054128,
F0054129,
F0054130,walkout
F0054131,
F0054132,walkout
F0054133,
F0054134,walkout
F0054135,
F0054136,
F0054137,
F0054138,
F0054139,
F0054140,
F0054141,positive
F0054142,positive
F0054143,walkout
F0054144,
F0054145,
F0054146,
F0054147,
F0054148,
F0054149,positive
F0054150,
F0054151,
F0054152,
F0054153,
F0054154,walkout
F0054155,
F0054156,
F0054157,
F0054158,
F0054159,
F0054160,
F0054161,positive
F0054162,
F0054163,
F0054164,
F0054165,
F0054166,
F0054167,
F0054168,long_wait
F0054169,walkout
F0054170,walkout
F0054171,walkout
F0054172,
F0054173,walkout
F0054174,walkout
F0054175,
F0054176,
F0054177,walkout
F0054178,
F0054179,walkout
F0054180,walkout
F0054181,
F0054182,
F0054183,walkout
F0054184,positive
F0054185,walkout
F0054186,
F0054187,walkout
F0054188,walkout
F0054189,positive
F0054190,
F0054191,walkout
F0054192,walkout
F0054193,walkout
F0054194,
F0054195,walkout
F0054196,
F0054197,walkout
F0054198,
F0054199,
F0054200,
F0054201,
F0054202,
F0054203,
F0054204,
F0054205,
F0054206,
F0054207,
F0054208,positive
F0054209,
F0054210,walkout
F0054211,
F0054212,walkout
F0054213,walkout
F0054214,
F0054215,
F0054216,
F0054217,walkout
F0054218,
F0054219,
F0054220,
F0054221,positive
F0054222,
F0054223,
F0054224,
F0054225,
F0054226,walkout
F0054227,
F0054228,
F0054229,
F0054230,
F0054231,
F0054232,
F0054233,
F0054234,
F0054235,walkout
F0054236,walkout
F0054237,walkout
F0054238,
F0054239,
F0054240,
F0054241,
F0054242,
F0054243,
F0054244,
F0054245,
F0054246,walkout
F0054247,walkout
F0054248,
F0054249,positive
F0054250,
F0054251,
F0054252,positive
F0054253,
F0054254,
F0054255,
F0054256,positive
F0054257,
F0054258,
F0054259,
F0054260,
F0054261,positive
F0054262,
F0054263,walkout
F0054264,
F0054265,walkout
F0054266,
F0054267,
F0054268,
F0054269,
F0054270,
F0054271,
F0054272,
F0054273,
F0054274,
F0054275,
F0054276,
F0054277,
F0054278,
F0054279,
F0054280,
F0054281,slow_dd
F0054282,
F0054283,
F0054284,walkout
F0054285,
F0054286,
F0054287,
F0054288,
F0054289,
F0054290,
F0054291,
F0054292,
F0054293,
F0054294,
F0054295,
F0054296,walkout
F0054297,
F0054298,
F0054299,
F0054300,walkout
F0054301,long_wait
F0054302,
F0054303,
F0054304,
F0054305,walkout
F0054306,
F0054307,
F0054308,walkout
F0054309,
F0054310,
F0054311,
F0054312,
F0054313,
F0054314,
F0054315,
F0054316,
F0054317,
F0054318,walkout
F0054319,walkout
F0054320,
F0054321,
F0054322,walkout
F0054323,
F0054324,
F0054325,walkout
F0054326,
F0054327,
F0054328,positive
F0054329,
F0054330,
F0054331,long_wait
F0054332,
F0054333,
F0054334,
F0054335,
F0054336,
F0054337,positive
F0054338,long_wait
F0054339,
F0054340,
F0054341,
F0054342,positive
F0054343,
F0054344,
F0054345,
F0054346,
F0054347,positive
F0054348,
F0054349,
F0054350,
F0054351,
F0054352,
F0054353,
F0054354,
F0054355,
F0054356,
F0054357,
F0054358,
F0054359,
F0054360,
F0054361,positive
F0054362,positive
F0054363,positive
F0054364,
F0054365,
F0054366,
F0054367,
F0054368,walkout
F0054369,
F0054370,positive
F0054371,
F0054372,
F0054373,
F0054374,
F0054375,
F0054376,
F0054377,
F0054378,positive
F0054379,
F0054380,
F0054381,
F0054382,slow_dd
F0054383,positive
F0054384,positive
F0054385,walkout
F0054386,positive
F0054387,positive
F0054388,walkout
F0054389,
F0054390,walkout
F0054391,walkout
F0054392,
F0054393,
F0054394,
F0054395,
F0054396,
F0054397,positive
F0054398,
F0054399,positive
F0054400,positive
F0054401,positive
F0054402,
F0054403,positive
F0054404,
F0054405,
F0054406,
F0054407,
F0054408,
F0054409,
F0054410,walkout
F0054411,
F0054412,
F0054413,
F0054414,walkout
F0054415,
F0054416,
F0054417,positive
F0054418,
F0054419,
F0054420,
F0054421,
F0054422,
F0054423,
F0054424,
F0054425,
F0054426,
F0054427,
F0054428,
F0054429,
F0054430,
F0054431,
F0054432,
F0054433,positive
F0054434,positive
F0054435,
F0054436,positive
F0054437,
F0054438,
F0054439,
F0054440,
F0054441,
F0054442,
F0054443,walkout
F0054444,walkout
F0054445,walkout
F0054446,
F0054447,
F0054448,long_wait
F0054449,
F0054450,
F0054451,
F0054452,
F0054453,
F0054454,
F0054455,
F0054456,
F0054457,
F0054458,
F0054459,
F0054460,walkout
F0054461,walkout
F0054462,documents
F0054463,
F0054464,
F0054465,
F0054466,walkout
F0054467,positive
F0054468,walkout
F0054469,
F0054470,
F0054471,long_wait
F0054472,
F0054473,walkout
F0054474,
F0054475,
F0054476,
F0054477,
F0054478,long_wait
F0054479,
F0054480,
F0054481,seating
F0054482,
F0054483,long_wait
F0054484,
F0054485,
F0054486,
F0054487,walkout
F0054488,
F0054489,walkout
F0054490,
F0054491,
F0054492,walkout
F0054493,positive
F0054494,
F0054495,
F0054496,
F0054497,
F0054498,
F0054499,
F0054500,
F0054501,
F0054502,walkout
F0054503,
F0054504,
F0054505,
F0054506,
F0054507,
F0054508,positive
F0054509,
F0054510,positive
F0054511,positive
F0054512,
F0054513,positive
F0054514,
F0054515,documents
F0054516,
F0054517,
F0054518,
F0054519,
F0054520,positive
F0054521,
F0054522,positive
F0054523,
F0054524,
F0054525,
F0054526,
F0054527,
F0054528,
F0054529,
F0054530,positive
F0054531,
F0054532,
F0054533,
F0054534,
F0054535,
F0054536,
F0054537,walkout
F0054538,
F0054539,positive
F0054540,walkout
F0054541,
F0054542,
F0054543,
F0054544,
F0054545,walkout
F0054546,
F0054547,
F0054548,walkout
F0054549,
F0054550,
F0054551,
F0054552,
F0054553,walkout
F0054554,walkout
F0054555,
F0054556,
F0054557,
F0054558,
F0054559,
F0054560,walkout
F0054561,positive
F0054562,
F0054563,walkout
F0054564,
F0054565,
F0054566,
F0054567,
F0054568,
F0054569,
F0054570,
F0054571,
F0054572,
F0054573,positive
F0054574,
F0054575,
F0054576,
F0054577,
F0054578,
F0054579,
F0054580,
F0054581,
F0054582,
F0054583,walkout
F0054584,walkout
F0054585,
F0054586,positive
F0054587,
F0054588,
F0054589,
F0054590,
F0054591,
F0054592,
F0054593,
F0054594,
F0054595,walkout
F0054596,
F0054597,long_wait
F0054598,
F0054599,walkout
F0054600,
F0054601,
F0054602,
F0054603,
F0054604,walkout
F0054605,
F0054606,walkout
F0054607,
F0054608,positive
F0054609,
F0054610,
F0054611,
F0054612,positive
F0054613,
F0054614,
F0054615,
F0054616,
F0054617,
F0054618,
F0054619,
F0054620,
F0054621,
F0054622,
F0054623,
F0054624,
F0054625,
F0054626,positive
F0054627,positive
F0054628,walkout
F0054629,
F0054630,
F0054631,
F0054632,
F0054633,positive
F0054634,
F0054635,walkout
F0054636,positive
F0054637,
F0054638,
F0054639,positive
F0054640,
F0054641,
F0054642,
F0054643,walkout
F0054644,walkout
F0054645,
F0054646,
F0054647,
F0054648,positive
F0054649,
F0054650,
F0054651,positive
F0054652,
F0054653,
F0054654,
F0054655,
F0054656,
F0054657,lunch
F0054658,
F0054659,
F0054660,
F0054661,
F0054662,
F0054663,
F0054664,
F0054665,
F0054666,
F0054667,
F0054668,
F0054669,
F0054670,
F0054671,
F0054672,
F0054673,
F0054674,walkout
F0054675,
F0054676,positive
F0054677,seating
F0054678,
F0054679,
F0054680,
F0054681,
F0054682,
F0054683,
F0054684,positive
F0054685,walkout
F0054686,
F0054687,
F0054688,positive
F0054689,
F0054690,
F0054691,
F0054692,long_wait
F0054693,
F0054694,
F0054695,
F0054696,
F0054697,
F0054698,
F0054699,positive
F0054700,
F0054701,walkout
F0054702,
F0054703,
F0054704,long_wait
F0054705,
F0054706,
F0054707,
F0054708,positive
F0054709,
F0054710,positive
F0054711,
F0054712,walkout
F0054713,
F0054714,walkout
F0054715,
F0054716,
F0054717,walkout
F0054718,
F0054719,walkout
F0054720,positive
F0054721,
F0054722,positive
F0054723,
F0054724,positive
F0054725,
F0054726,
F0054727,
F0054728,
F0054729,
F0054730,
F0054731,
F0054732,
F0054733,
F0054734,
F0054735,
F0054736,
F0054737,
F0054738,walkout
F0054739,
F0054740,
F0054741,
F0054742,positive
F0054743,
F0054744,
F0054745,
F0054746,long_wait
F0054747,long_wait
F0054748,
F0054749,
F0054750,
F0054751,
F0054752,walkout
F0054753,
F0054754,
F0054755,
F0054756,
F0054757,
F0054758,walkout
F0054759,
F0054760,
F0054761,
F0054762,
F0054763,
F0054764,
F0054765,positive
F0054766,
F0054767,
F0054768,
F0054769,
F0054770,
F0054771,
F0054772,
F0054773,
F0054774,
F0054775,
F0054776,
F0054777,long_wait
F0054778,
F0054779,positive
F0054780,walkout
F0054781,
F0054782,positive
F0054783,
F0054784,
F0054785,
F0054786,
F0054787,
F0054788,
F0054789,
F0054790,
F0054791,
F0054792,
F0054793,
F0054794,
F0054795,
F0054796,
F0054797,
F0054798,
F0054799,
F0054800,
F0054801,
F0054802,
F0054803,walkout
F0054804,
F0054805,
F0054806,
F0054807,positive
F0054808,walkout
F0054809,positive
F0054810,
F0054811,
F0054812,
F0054813,
F0054814,
F0054815,positive
F0054816,
F0054817,positive
F0054818,
F0054819,
F0054820,
F0054821,
F0054822,slow_dd
F0054823,
F0054824,long_wait
F0054825,
F0054826,
F0054827,walkout
F0054828,
F0054829,
F0054830,walkout
F0054831,
F0054832,long_wait
F0054833,seating
F0054834,walkout
F0054835,
F0054836,
F0054837,walkout
F0054838,
F0054839,walkout
F0054840,
F0054841,walkout
F0054842,
F0054843,walkout
F0054844,
F0054845,
F0054846,
F0054847,
F0054848,
F0054849,
F0054850,
F0054851,walkout
F0054852,
F0054853,
F0054854,
F0054855,positive
F0054856,documents
F0054857,long_wait
F0054858,
F0054859,long_wait
F0054860,
F0054861,walkout
F0054862,walkout
F0054863,
F0054864,
F0054865,
F0054866,
F0054867,
F0054868,
F0054869,walkout
F0054870,
F0054871,
F0054872,
F0054873,
F0054874,
F0054875,
F0054876,
F0054877,
F0054878,
F0054879,
F0054880,walkout
F0054881,walkout
F0054882,walkout
F0054883,walkout
F0054884,
F0054885,
F0054886,
F0054887,
F0054888,
F0054889,
F0054890,
F0054891,
F0054892,walkout
F0054893,
F0054894,walkout
F0054895,
F0054896,documents
F0054897,walkout
F0054898,
F0054899,
F0054900,
F0054901,
F0054902,
F0054903,
F0054904,
F0054905,
F0054906,
F0054907,
F0054908,
F0054909,
F0054910,
F0054911,
F0054912,
F0054913,long_wait
F0054914,
F0054915,
F0054916,walkout
F0054917,
F0054918,
F0054919,positive
F0054920,
F0054921,
F0054922,slow_dd
F0054923,
F0054924,
F0054925,
F0054926,positive
F0054927,
F0054928,
F0054929,
F0054930,
F0054931,
F0054932,
F0054933,walkout
F0054934,walkout
F0054935,
F0054936,positive
F0054937,positive
F0054938,
F0054939,
F0054940,
F0054941,
F0054942,
F0054943,
F0054944,
F0054945,
F0054946,
F0054947,
F0054948,walkout
F0054949,
F0054950,
F0054951,
F0054952,
F0054953,
F0054954,
F0054955,
F0054956,
F0054957,positive
F0054958,
F0054959,
F0054960,
F0054961,
F0054962,
F0054963,
F0054964,
F0054965,positive
F0054966,
F0054967,long_wait
F0054968,
F0054969,
F0054970,positive
F0054971,positive
F0054972,
F0054973,
F0054974,
F0054975,
F0054976,walkout
F0054977,
F0054978,
F0054979,
F0054980,positive
F0054981,
F0054982,
F0054983,
F0054984,
F0054985,
F0054986,
F0054987,
F0054988,
F0054989,
F0054990,
F0054991,positive
F0054992,
F0054993,
F0054994,
F0054995,
F0054996,walkout
F0054997,walkout
F0054998,
F0054999,
F0055000,positive
F0055001,
F0055002,
F0055003,
F0055004,
F0055005,
F0055006,
F0055007,
F0055008,
F0055009,walkout
F0055010,
F0055011,
F0055012,
F0055013,walkout
F0055014,
F0055015,lunch
F0055016,walkout
F0055017,
F0055018,
F0055019,
F0055020,
F0055021,
F0055022,
F0055023,
F0055024,positive
F0055025,
F0055026,
F0055027,
F0055028,
F0055029,
F0055030,positive
F0055031,
F0055032,
F0055033,
F0055034,
F0055035,
F0055036,
F0055037,
F0055038,positive
F0055039,
F0055040,
F0055041,
F0055042,
F0055043,
F0055044,
F0055045,walkout
F0055046,
F0055047,walkout
F0055048,walkout
F0055049,
F0055050,long_wait
F0055051,positive
F0055052,
F0055053,
F0055054,
F0055055,
F0055056,
F0055057,
F0055058,
F0055059,
F0055060,
F0055061,
F0055062,
F0055063,
F0055064,
F0055065,
F0055066,
F0055067,
F0055068,
F0055069,walkout
F0055070,
F0055071,
F0055072,
F0055073,
F0055074,
F0055075,
F0055076,positive
F0055077,
F0055078,
F0055079,
F0055080,
F0055081,
F0055082,
F0055083,
F0055084,
F0055085,
F0055086,positive
F0055087,
F0055088,
F0055089,
F0055090,walkout
F0055091,
F0055092,
F0055093,
F0055094,
F0055095,
F0055096,walkout
F0055097,
F0055098,documents
F0055099,positive
F0055100,long_wait
F0055101,
F0055102,walkout
F0055103,walkout
F0055104,
F0055105,
F0055106,
F0055107,walkout
F0055108,
F0055109,
F0055110,
F0055111,
F0055112,
F0055113,
F0055114,
F0055115,positive
F0055116,
F0055117,
F0055118,
F0055119,
F0055120,
F0055121,
F0055122,
F0055123,
F0055124,
F0055125,
F0055126,long_wait
F0055127,
F0055128,
F0055129,
F0055130,
F0055131,positive
F0055132,
F0055133,
F0055134,
F0055135,
F0055136,
F0055137,walkout
F0055138,positive
F0055139,
F0055140,walkout
F0055141,positive
F0055142,
F0055143,positive
F0055144,
F0055145,walkout
F0055146,
F0055147,
F0055148,positive
F0055149,
F0055150,
F0055151,
F0055152,
F0055153,
F0055154,positive
F0055155,
F0055156,
F0055157,
F0055158,
F0055159,positive
F0055160,
F0055161,
F0055162,positive
F0055163,
F0055164,positive
F0055165,
F0055166,positive
F0055167,positive
F0055168,
F0055169,
F0055170,
F0055171,
F0055172,
F0055173,
F0055174,
F0055175,
F0055176,
F0055177,
F0055178,
F0055179,
F0055180,
F0055181,
F0055182,
F0055183,
F0055184,
F0055185,
F0055186,
F0055187,
F0055188,
F0055189,
F0055190,positive
F0055191,
F0055192,
F0055193,
F0055194,positive
F0055195,
F0055196,
F0055197,positive
F0055198,
F0055199,
F0055200,
F0055201,
F0055202,
F0055203,walkout
F0055204,
F0055205,
F0055206,
F0055207,
F0055208,
F0055209,
F0055210,
F0055211,
F0055212,
F0055213,
F0055214,
F0055215,
F0055216,
F0055217,
F0055218,
F0055219,
F0055220,
F0055221,
F0055222,positive
F0055223,
F0055224,
F0055225,
F0055226,
F0055227,
F0055228,
F0055229,
F0055230,
F0055231,
F0055232,
F0055233,
F0055234,
F0055235,
F0055236,
F0055237,
F0055238,
F0055239,
F0055240,
F0055241,
F0055242,lunch
F0055243,
F0055244,
F0055245,walkout
F0055246,positive
F0055247,positive
F0055248,
F0055249,
F0055250,
F0055251,positive
F0055252,
F0055253,
F0055254,
F0055255,positive
F0055256,
F0055257,
F0055258,
F0055259,
F0055260,
F0055261,
F0055262,slow_dd
F0055263,
F0055264,
F0055265,
F0055266,
F0055267,
F0055268,
F0055269,
F0055270,positive
F0055271,
F0055272,
F0055273,
F0055274,
F0055275,
F0055276,
F0055277,
F0055278,positive
F0055279,
F0055280,
F0055281,
F0055282,positive
F0055283,
F0055284,
F0055285,
F0055286,
F0055287,
F0055288,
F0055289,
F0055290,
F0055291,system_down
F0055292,
F0055293,
F0055294,
F0055295,
F0055296,
F0055297,
F0055298,
F0055299,
F0055300,
F0055301,walkout
F0055302,
F0055303,
F0055304,
F0055305,walkout
F0055306,
F0055307,
F0055308,
F0055309,
F0055310,
F0055311,
F0055312,walkout
F0055313,
F0055314,
F0055315,
F0055316,
F0055317,
F0055318,
F0055319,positive
F0055320,
F0055321,
F0055322,
F0055323,
F0055324,
F0055325,
F0055326,
F0055327,
F0055328,
F0055329,
F0055330,
F0055331,
F0055332,
F0055333,
F0055334,
F0055335,
F0055336,
F0055337,
F0055338,positive
F0055339,
F0055340,positive
F0055341,
F0055342,
F0055343,
F0055344,positive
F0055345,positive
F0055346,slow_dd
F0055347,
F0055348,
F0055349,
F0055350,
F0055351,positive
F0055352,
F0055353,
F0055354,
F0055355,
F0055356,positive
F0055357,
F0055358,
F0055359,
F0055360,
F0055361,
F0055362,
F0055363,
F0055364,positive
F0055365,
F0055366,
F0055367,
F0055368,
F0055369,
F0055370,
F0055371,walkout
F0055372,
F0055373,
F0055374,
F0055375,
F0055376,
F0055377,
F0055378,
F0055379,
F0055380,
F0055381,
F0055382,positive
F0055383,
F0055384,positive
F0055385,
F0055386,
F0055387,
F0055388,
F0055389,
F0055390,
F0055391,
F0055392,
F0055393,
F0055394,positive
F0055395,
F0055396,walkout
F0055397,
F0055398,
F0055399,
F0055400,
F0055401,
F0055402,
F0055403,
F0055404,
F0055405,positive
F0055406,
F0055407,
F0055408,
F0055409,
F0055410,
F0055411,
F0055412,
F0055413,positive
F0055414,
F0055415,
F0055416,positive
F0055417,
F0055418,
F0055419,
F0055420,
F0055421,
F0055422,
F0055423,
F0055424,
F0055425,
F0055426,positive
F0055427,positive
F0055428,
F0055429,
F0055430,positive
F0055431,
F0055432,positive
F0055433,
F0055434,
F0055435,walkout
F0055436,
F0055437,
F0055438,positive
F0055439,
F0055440,
F0055441,
F0055442,
F0055443,
F0055444,
F0055445,walkout
F0055446,
F0055447,
F0055448,
F0055449,
F0055450,walkout
F0055451,
F0055452,
F0055453,
F0055454,positive
F0055455,
F0055456,
F0055457,
F0055458,
F0055459,
F0055460,
F0055461,
F0055462,
F0055463,positive
F0055464,
F0055465,
F0055466,
F0055467,
F0055468,
F0055469,
F0055470,
F0055471,
F0055472,
F0055473,
F0055474,
F0055475,
F0055476,
F0055477,
F0055478,positive
F0055479,
F0055480,
F0055481,lunch
F0055482,positive
F0055483,
F0055484,
F0055485,
F0055486,
F0055487,
F0055488,
F0055489,
F0055490,
F0055491,
F0055492,
F0055493,
F0055494,
F0055495,
F0055496,
F0055497,
F0055498,
F0055499,
F0055500,
F0055501,
F0055502,positive
F0055503,
F0055504,
F0055505,
F0055506,
F0055507,positive
F0055508,
F0055509,
F0055510,
F0055511,
F0055512,
F0055513,
F0055514,
F0055515,
F0055516,positive
F0055517,
F0055518,
F0055519,
F0055520,
F0055521,
F0055522,
F0055523,
F0055524,
F0055525,
F0055526,positive
F0055527,
F0055528,
F0055529,
F0055530,
F0055531,
F0055532,
F0055533,
F0055534,
F0055535,positive
F0055536,
F0055537,
F0055538,positive
F0055539,
F0055540,
F0055541,
F0055542,
F0055543,
F0055544,
F0055545,
F0055546,positive
F0055547,
F0055548,
F0055549,
F0055550,
F0055551,
F0055552,
F0055553,
F0055554,
F0055555,
F0055556,
F0055557,
F0055558,
F0055559,
F0055560,positive
F0055561,
F0055562,
F0055563,
F0055564,
F0055565,
F0055566,
F0055567,
F0055568,long_wait
F0055569,
F0055570,
F0055571,
F0055572,
F0055573,positive
F0055574,
F0055575,
F0055576,
F0055577,positive
F0055578,
F0055579,positive
F0055580,
F0055581,
F0055582,
F0055583,
F0055584,positive
F0055585,
F0055586,
F0055587,
F0055588,
F0055589,
F0055590,
F0055591,
F0055592,
F0055593,
F0055594,
F0055595,
F0055596,
F0055597,
F0055598,positive
F0055599,
F0055600,
F0055601,positive
F0055602,positive
F0055603,
F0055604,
F0055605,
F0055606,
F0055607,positive
F0055608,
F0055609,
F0055610,
F0055611,
F0055612,
F0055613,walkout
F0055614,
F0055615,
F0055616,
F0055617,positive
F0055618,
F0055619,
F0055620,
F0055621,walkout
F0055622,
F0055623,
F0055624,
F0055625,
F0055626,positive
F0055627,
F0055628,
F0055629,
F0055630,
F0055631,positive
F0055632,
F0055633,positive
F0055634,
F0055635,
F0055636,
F0055637,
F0055638,positive
F0055639,
F0055640,
F0055641,
F0055642,
F0055643,
F0055644,
F0055645,
F0055646,
F0055647,
F0055648,positive
F0055649,positive
F0055650,
F0055651,positive
F0055652,
F0055653,
F0055654,
F0055655,
F0055656,
F0055657,
F0055658,
F0055659,
F0055660,
F0055661,
F0055662,
F0055663,positive
F0055664,
F0055665,slow_dd
F0055666,positive
F0055667,
F0055668,positive
F0055669,positive
F0055670,
F0055671,
F0055672,
F0055673,
F0055674,
F0055675,
F0055676,
F0055677,
F0055678,
F0055679,
F0055680,
F0055681,
F0055682,
F0055683,
F0055684,positive
F0055685,
F0055686,positive
F0055687,
F0055688,
F0055689,
F0055690,
F0055691,
F0055692,positive
F0055693,walkout
F0055694,
F0055695,
F0055696,
F0055697,
F0055698,
F0055699,
F0055700,
F0055701,
F0055702,walkout
F0055703,
F0055704,positive
F0055705,
F0055706,
F0055707,
F0055708,
F0055709,positive
F0055710,
F0055711,
F0055712,positive
F0055713,
F0055714,
F0055715,
F0055716,
F0055717,
F0055718,positive
F0055719,walkout
F0055720,
F0055721,
F0055722,positive
F0055723,
F0055724,
F0055725,
F0055726,
F0055727,
F0055728,
F0055729,
F0055730,
F0055731,walkout
F0055732,
F0055733,walkout
F0055734,
F0055735,
F0055736,walkout
F0055737,walkout
F0055738,
F0055739,
F0055740,
F0055741,walkout
F0055742,
F0055743,
F0055744,positive
F0055745,
F0055746,
F0055747,
F0055748,
F0055749,walkout
F0055750,
F0055751,
F0055752,
F0055753,
F0055754,positive
F0055755,
F0055756,
F0055757,
F0055758,
F0055759,positive
F0055760,
F0055761,
F0055762,walkout
F0055763,
F0055764,positive
F0055765,
F0055766,
F0055767,
F0055768,positive
F0055769,
F0055770,
F0055771,
F0055772,
F0055773,
F0055774,
F0055775,positive
F0055776,
F0055777,
F0055778,
F0055779,positive
F0055780,
F0055781,
F0055782,
F0055783,walkout
F0055784,
F0055785,
F0055786,walkout
F0055787,
F0055788,
F0055789,
F0055790,positive
F0055791,
F0055792,
F0055793,
F0055794,
F0055795,
F0055796,
F0055797,
F0055798,
F0055799,
F0055800,walkout
F0055801,
F0055802,
F0055803,walkout
F0055804,
F0055805,long_wait
F0055806,
F0055807,
F0055808,
F0055809,
F0055810,
F0055811,
F0055812,
F0055813,
F0055814,
F0055815,
F0055816,
F0055817,
F0055818,positive
F0055819,
F0055820,
F0055821,
F0055822,
F0055823,
F0055824,
F0055825,walkout
F0055826,
F0055827,
F0055828,
F0055829,positive
F0055830,
F0055831,
F0055832,
F0055833,
F0055834,
F0055835,walkout
F0055836,
F0055837,
F0055838,positive
F0055839,
F0055840,
F0055841,
F0055842,
F0055843,walkout
F0055844,
F0055845,
F0055846,
F0055847,
F0055848,
F0055849,positive
F0055850,long_wait
F0055851,
F0055852,
F0055853,
F0055854,
F0055855,walkout
F0055856,walkout
F0055857,
F0055858,
F0055859,
F0055860,
F0055861,
F0055862,walkout
F0055863,
F0055864,
F0055865,walkout
F0055866,
F0055867,
F0055868,
F0055869,long_wait
F0055870,
F0055871,
F0055872,
F0055873,
F0055874,
F0055875,
F0055876,
F0055877,
F0055878,walkout
F0055879,
F0055880,
F0055881,
F0055882,
F0055883,
F0055884,walkout
F0055885,
F0055886,
F0055887,
F0055888,walkout
F0055889,
F0055890,
F0055891,
F0055892,walkout
F0055893,
F0055894,
F0055895,
F0055896,walkout
F0055897,
F0055898,
F0055899,positive
F0055900,walkout
F0055901,
F0055902,
F0055903,
F0055904,
F0055905,
F0055906,walkout
F0055907,
F0055908,walkout
F0055909,seating
F0055910,walkout
F0055911,
F0055912,
F0055913,
F0055914,walkout
F0055915,
F0055916,
F0055917,
F0055918,walkout
F0055919,walkout
F0055920,
F0055921,walkout
F0055922,
F0055923,
F0055924,
F0055925,
F0055926,
F0055927,
F0055928,
F0055929,walkout
F0055930,
F0055931,walkout
F0055932,positive
F0055933,
F0055934,walkout
F0055935,
F0055936,
F0055937,
F0055938,
F0055939,walkout
F0055940,
F0055941,positive
F0055942,
F0055943,
F0055944,documents
F0055945,
F0055946,
F0055947,positive
F0055948,
F0055949,
F0055950,
F0055951,long_wait
F0055952,
F0055953,positive
F0055954,long_wait
F0055955,
F0055956,positive
F0055957,
F0055958,positive
F0055959,
F0055960,
F0055961,
F0055962,
F0055963,
F0055964,
F0055965,positive
F0055966,walkout
F0055967,
F0055968,
F0055969,positive
F0055970,
F0055971,
F0055972,walkout
F0055973,
F0055974,
F0055975,walkout
F0055976,
F0055977,
F0055978,
F0055979,
F0055980,
F0055981,
F0055982,positive
F0055983,
F0055984,
F0055985,
F0055986,walkout
F0055987,
F0055988,
F0055989,
F0055990,positive
F0055991,
F0055992,
F0055993,
F0055994,
F0055995,
F0055996,
F0055997,
F0055998,
F0055999,positive
F0056000,
F0056001,
F0056002,
F0056003,
F0056004,
F0056005,
F0056006,
F0056007,positive
F0056008,
F0056009,
F0056010,
F0056011,positive
F0056012,
F0056013,
F0056014,walkout
F0056015,
F0056016,walkout
F0056017,
F0056018,walkout
F0056019,
F0056020,walkout
F0056021,
F0056022,
F0056023,
F0056024,
F0056025,
F0056026,
F0056027,
F0056028,
F0056029,
F0056030,walkout
F0056031,walkout
F0056032,
F0056033,
F0056034,walkout
F0056035,
F0056036,
F0056037,
F0056038,walkout
F0056039,
F0056040,
F0056041,
F0056042,
F0056043,walkout
F0056044,
F0056045,
F0056046,
F0056047,
F0056048,walkout
F0056049,walkout
F0056050,
F0056051,
F0056052,
F0056053,
F0056054,
F0056055,walkout
F0056056,
F0056057,walkout
F0056058,positive
F0056059,
F0056060,
F0056061,walkout
F0056062,
F0056063,
F0056064,
F0056065,positive
F0056066,
F0056067,
F0056068,
F0056069,
F0056070,positive
F0056071,walkout
F0056072,walkout
F0056073,
F0056074,
F0056075,
F0056076,
F0056077,
F0056078,
F0056079,
F0056080,
F0056081,
F0056082,
F0056083,
F0056084,
F0056085,
F0056086,
F0056087,
F0056088,
F0056089,
F0056090,
F0056091,
F0056092,
F0056093,
F0056094,
F0056095,
F0056096,
F0056097,
F0056098,positive
F0056099,
F0056100,positive
F0056101,walkout
F0056102,
F0056103,
F0056104,positive
F0056105,walkout
F0056106,
F0056107,long_wait
F0056108,walkout
F0056109,
F0056110,
F0056111,
F0056112,
F0056113,walkout
F0056114,
F0056115,long_wait
F0056116,
F0056117,long_wait
F0056118,
F0056119,walkout
F0056120,
F0056121,walkout
F0056122,
F0056123,positive
F0056124,
F0056125,positive
F0056126,
F0056127,
F0056128,
F0056129,
F0056130,
F0056131,
F0056132,long_wait
F0056133,
F0056134,
F0056135,positive
F0056136,
F0056137,walkout
F0056138,
F0056139,
F0056140,long_wait
F0056141,
F0056142,
F0056143,positive
F0056144,
F0056145,
F0056146,positive
F0056147,
F0056148,
F0056149,
F0056150,positive
F0056151,
F0056152,positive
F0056153,
F0056154,
F0056155,
F0056156,
F0056157,
F0056158,
F0056159,
F0056160,
F0056161,
F0056162,
F0056163,
F0056164,
F0056165,
F0056166,
F0056167,
F0056168,
F0056169,
F0056170,positive
F0056171,
F0056172,
F0056173,
F0056174,
F0056175,
F0056176,
F0056177,
F0056178,
F0056179,
F0056180,
F0056181,
F0056182,
F0056183,
F0056184,walkout
F0056185,
F0056186,positive
F0056187,
F0056188,
F0056189,
F0056190,
F0056191,positive
F0056192,
F0056193,
F0056194,
F0056195,
F0056196,
F0056197,
F0056198,walkout
F0056199,
F0056200,
F0056201,positive
F0056202,
F0056203,
F0056204,
F0056205,positive
F0056206,
F0056207,
F0056208,
F0056209,
F0056210,
F0056211,
F0056212,
F0056213,
F0056214,
F0056215,
F0056216,
F0056217,
F0056218,
F0056219,
F0056220,
F0056221,
F0056222,
F0056223,
F0056224,
F0056225,
F0056226,
F0056227,
F0056228,
F0056229,
F0056230,positive
F0056231,
F0056232,
F0056233,
F0056234,
F0056235,
F0056236,
F0056237,
F0056238,
F0056239,
F0056240,walkout
F0056241,long_wait
F0056242,positive
F0056243,
F0056244,
F0056245,
F0056246,
F0056247,
F0056248,
F0056249,
F0056250,
F0056251,
F0056252,
F0056253,
F0056254,
F0056255,
F0056256,
F0056257,
F0056258,
F0056259,
F0056260,
F0056261,
F0056262,positive
F0056263,
F0056264,
F0056265,positive
F0056266,
F0056267,positive
F0056268,
F0056269,
F0056270,
F0056271,positive
F0056272,
F0056273,
F0056274,
F0056275,
F0056276,
F0056277,
F0056278,
F0056279,
F0056280,
F0056281,positive
F0056282,
F0056283,
F0056284,
F0056285,positive
F0056286,
F0056287,
F0056288,positive
F0056289,
F0056290,
F0056291,
F0056292,
F0056293,
F0056294,
F0056295,
F0056296,
F0056297,
F0056298,
F0056299,positive
F0056300,
F0056301,
F0056302,
F0056303,
F0056304,
F0056305,positive
F0056306,positive
F0056307,
F0056308,positive
F0056309,
F0056310,
F0056311,
F0056312,
F0056313,
F0056314,
F0056315,
F0056316,
F0056317,positive
F0056318,
F0056319,
F0056320,
F0056321,
F0056322,
F0056323,
F0056324,positive
F0056325,
F0056326,
F0056327,
F0056328,positive
F0056329,
F0056330,
F0056331,walkout
F0056332,
F0056333,
F0056334,
F0056335,
F0056336,
F0056337,
F0056338,
F0056339,
F0056340,
F0056341,positive
F0056342,positive
F0056343,positive
F0056344,positive
F0056345,
F0056346,
F0056347,
F0056348,positive
F0056349,
F0056350,
F0056351,
F0056352,positive
F0056353,positive
F0056354,
F0056355,positive
F0056356,
F0056357,
F0056358,
F0056359,
F0056360,
F0056361,positive
F0056362,
F0056363,
F0056364,
F0056365,
F0056366,
F0056367,
F0056368,
F0056369,
F0056370,
F0056371,
F0056372,
F0056373,
F0056374,
F0056375,
F0056376,
F0056377,
F0056378,positive
F0056379,
F0056380,
F0056381,
F0056382,
F0056383,
F0056384,
F0056385,
F0056386,
F0056387,
F0056388,
F0056389,
F0056390,
F0056391,
F0056392,
F0056393,
F0056394,
F0056395,
F0056396,
F0056397,
F0056398,
F0056399,
F0056400,
F0056401,
F0056402,positive
F0056403,
F0056404,
F0056405,
F0056406,positive
F0056407,
F0056408,
F0056409,
F0056410,
F0056411,
F0056412,
F0056413,
F0056414,
F0056415,
F0056416,
F0056417,
F0056418,
F0056419,
F0056420,
F0056421,positive
F0056422,
F0056423,positive
F0056424,
F0056425,
F0056426,
F0056427,
F0056428,
F0056429,
F0056430,
F0056431,
F0056432,
F0056433,
F0056434,
F0056435,
F0056436,positive
F0056437,
F0056438,positive
F0056439,
F0056440,
F0056441,
F0056442,positive
F0056443,
F0056444,
F0056445,
F0056446,slow_dd
F0056447,
F0056448,
F0056449,
F0056450,
F0056451,walkout
F0056452,
F0056453,
F0056454,
F0056455,
F0056456,walkout
F0056457,lunch
F0056458,
F0056459,
F0056460,
F0056461,positive
F0056462,
F0056463,
F0056464,
F0056465,seating
F0056466,
F0056467,walkout
F0056468,
F0056469,
F0056470,walkout
F0056471,
F0056472,
F0056473,positive
F0056474,
F0056475,walkout
F0056476,
F0056477,seating
F0056478,
F0056479,
F0056480,
F0056481,
F0056482,walkout
F0056483,
F0056484,
F0056485,
F0056486,
F0056487,
F0056488,
F0056489,walkout
F0056490,
F0056491,
F0056492,positive
F0056493,
F0056494,
F0056495,
F0056496,
F0056497,
F0056498,
F0056499,
F0056500,walkout
F0056501,positive
F0056502,walkout
F0056503,
F0056504,
F0056505,
F0056506,
F0056507,
F0056508,walkout
F0056509,positive
F0056510,
F0056511,
F0056512,
F0056513,
F0056514,
F0056515,
F0056516,
F0056517,
F0056518,positive
F0056519,
F0056520,
F0056521,
F0056522,
F0056523,positive
F0056524,
F0056525,
F0056526,
F0056527,
F0056528,
F0056529,positive
F0056530,
F0056531,
F0056532,
F0056533,
F0056534,
F0056535,
F0056536,
F0056537,
F0056538,
F0056539,
F0056540,
F0056541,
F0056542,positive
F0056543,
F0056544,
F0056545,
F0056546,
F0056547,
F0056548,positive
F0056549,
F0056550,positive
F0056551,
F0056552,
F0056553,
F0056554,
F0056555,
F0056556,
F0056557,
F0056558,
F0056559,
F0056560,
F0056561,
F0056562,
F0056563,walkout
F0056564,
F0056565,
F0056566,
F0056567,
F0056568,positive
F0056569,positive
F0056570,positive
F0056571,long_wait
F0056572,long_wait
F0056573,
F0056574,
F0056575,
F0056576,
F0056577,
F0056578,
F0056579,
F0056580,
F0056581,
F0056582,positive
F0056583,
F0056584,positive
F0056585,positive
F0056586,
F0056587,
F0056588,
F0056589,
F0056590,
F0056591,
F0056592,
F0056593,
F0056594,
F0056595,documents
F0056596,
F0056597,
F0056598,
F0056599,
F0056600,
F0056601,
F0056602,
F0056603,
F0056604,positive
F0056605,positive
F0056606,positive
F0056607,
F0056608,
F0056609,
F0056610,positive
F0056611,
F0056612,
F0056613,positive
F0056614,
F0056615,
F0056616,
F0056617,positive
F0056618,positive
F0056619,
F0056620,
F0056621,
F0056622,
F0056623,
F0056624,
F0056625,slow_dd
F0056626,
F0056627,
F0056628,positive
F0056629,
F0056630,positive
F0056631,
F0056632,
F0056633,
F0056634,
F0056635,
F0056636,
F0056637,
F0056638,
F0056639,
F0056640,
F0056641,
F0056642,positive
F0056643,positive
F0056644,
F0056645,
F0056646,
F0056647,
F0056648,
F0056649,positive
F0056650,walkout
F0056651,
F0056652,
F0056653,
F0056654,
F0056655,
F0056656,
F0056657,
F0056658,
F0056659,
F0056660,
F0056661,
F0056662,
F0056663,
F0056664,
F0056665,
F0056666,
F0056667,
F0056668,positive
F0056669,walkout
F0056670,
F0056671,
F0056672,
F0056673,
F0056674,
F0056675,
F0056676,
F0056677,
F0056678,documents
F0056679,
F0056680,
F0056681,
F0056682,positive
F0056683,
F0056684,
F0056685,
F0056686,
F0056687,
F0056688,positive
F0056689,
F0056690,
F0056691,
F0056692,
F0056693,
F0056694,
F0056695,walkout
F0056696,
F0056697,
F0056698,
F0056699,positive
F0056700,
F0056701,
F0056702,positive
F0056703,walkout
F0056704,
F0056705,
F0056706,
F0056707,
F0056708,
F0056709,
F0056710,
F0056711,
F0056712,
F0056713,positive
F0056714,
F0056715,positive
F0056716,
F0056717,
F0056718,
F0056719,
F0056720,
F0056721,
F0056722,walkout
F0056723,
F0056724,
F0056725,
F0056726,
F0056727,
F0056728,
F0056729,
F0056730,
F0056731,
F0056732,
F0056733,
F0056734,positive
F0056735,
F0056736,
F0056737,
F0056738,
F0056739,
F0056740,
F0056741,
F0056742,positive
F0056743,
F0056744,
F0056745,
F0056746,
F0056747,positive
F0056748,
F0056749,
F0056750,
F0056751,
F0056752,
F0056753,
F0056754,
F0056755,
F0056756,
F0056757,
F0056758,
F0056759,
F0056760,
F0056761,
F0056762,
F0056763,
F0056764,documents
F0056765,
F0056766,
F0056767,
F0056768,
F0056769,
F0056770,positive
F0056771,
F0056772,positive
F0056773,walkout
F0056774,positive
F0056775,
F0056776,
F0056777,
F0056778,
F0056779,
F0056780,positive
F0056781,positive
F0056782,
F0056783,
F0056784,
F0056785,
F0056786,positive
F0056787,
F0056788,
F0056789,
F0056790,walkout
F0056791,
F0056792,
F0056793,
F0056794,
F0056795,
F0056796,
F0056797,
F0056798,
F0056799,positive
F0056800,
F0056801,
F0056802,
F0056803,
F0056804,
F0056805,
F0056806,
F0056807,
F0056808,
F0056809,
F0056810,
F0056811,positive
F0056812,
F0056813,
F0056814,
F0056815,
F0056816,positive
F0056817,
F0056818,
F0056819,walkout
F0056820,
F0056821,
F0056822,
F0056823,
F0056824,
F0056825,
F0056826,
F0056827,
F0056828,
F0056829,
F0056830,
F0056831,
F0056832,
F0056833,
F0056834,positive
F0056835,
F0056836,
F0056837,
F0056838,
F0056839,
F0056840,
F0056841,
F0056842,
F0056843,
F0056844,
F0056845,
F0056846,
F0056847,
F0056848,
F0056849,
F0056850,
F0056851,
F0056852,
F0056853,
F0056854,long_wait
F0056855,
F0056856,walkout
F0056857,walkout
F0056858,
F0056859,walkout
F0056860,
F0056861,walkout
F0056862,
F0056863,
F0056864,
F0056865,
F0056866,
F0056867,
F0056868,
F0056869,
F0056870,
F0056871,positive
F0056872,walkout
F0056873,
F0056874,
F0056875,
F0056876,
F0056877,positive
F0056878,
F0056879,
F0056880,
F0056881,
F0056882,
F0056883,
F0056884,
F0056885,
F0056886,positive
F0056887,
F0056888,positive
F0056889,
F0056890,
F0056891,
F0056892,
F0056893,
F0056894,walkout
F0056895,positive
F0056896,long_wait
F0056897,walkout
F0056898,walkout
F0056899,
F0056900,
F0056901,
F0056902,walkout
F0056903,
F0056904,
F0056905,walkout
F0056906,
F0056907,positive
F0056908,
F0056909,
F0056910,
F0056911,
F0056912,
F0056913,
F0056914,
F0056915,
F0056916,
F0056917,
F0056918,
F0056919,
F0056920,
F0056921,walkout
F0056922,positive
F0056923,
F0056924,
F0056925,
F0056926,
F0056927,positive
F0056928,
F0056929,
F0056930,
F0056931,positive
F0056932,
F0056933,positive
F0056934,
F0056935,positive
F0056936,
F0056937,
F0056938,positive
F0056939,
F0056940,
F0056941,
F0056942,positive
F0056943,walkout
F0056944,
F0056945,
F0056946,
F0056947,
F0056948,
F0056949,positive
F0056950,
F0056951,
F0056952,
F0056953,
F0056954,
F0056955,positive
F0056956,positive
F0056957,
F0056958,walkout
F0056959,
F0056960,
F0056961,
F0056962,
F0056963,walkout
F0056964,walkout
F0056965,walkout
F0056966,
F0056967,
F0056968,
F0056969,
F0056970,
F0056971,
F0056972,
F0056973,positive
F0056974,
F0056975,
F0056976,
F0056977,
F0056978,walkout
F0056979,positive
F0056980,
F0056981,
F0056982,
F0056983,
F0056984,
F0056985,
F0056986,
F0056987,
F0056988,
F0056989,
F0056990,
F0056991,
F0056992,
F0056993,positive
F0056994,walkout
F0056995,walkout
F0056996,
F0056997,
F0056998,
F0056999,positive
F0057000,walkout
F0057001,
F0057002,
F0057003,
F0057004,
F0057005,
F0057006,positive
F0057007,
F0057008,
F0057009,
F0057010,
F0057011,
F0057012,walkout
F0057013,
F0057014,
F0057015,
F0057016,
F0057017,walkout
F0057018,
F0057019,
F0057020,
F0057021,
F0057022,
F0057023,
F0057024,
F0057025,
F0057026,
F0057027,positive
F0057028,
F0057029,
F0057030,
F0057031,
F0057032,
F0057033,
F0057034,positive
F0057035,
F0057036,
F0057037,walkout
F0057038,
F0057039,
F0057040,
F0057041,walkout
F0057042,
F0057043,
F0057044,
F0057045,
F0057046,
F0057047,
F0057048,positive
F0057049,
F0057050,positive
F0057051,walkout
F0057052,
F0057053,
F0057054,
F0057055,walkout
F0057056,
F0057057,
F0057058,
F0057059,
F0057060,
F0057061,
F0057062,
F0057063,
F0057064,
F0057065,
F0057066,positive
F0057067,
F0057068,
F0057069,
F0057070,
F0057071,
F0057072,
F0057073,
F0057074,
F0057075,
F0057076,
F0057077,
F0057078,walkout
F0057079,
F0057080,
F0057081,positive
F0057082,
F0057083,
F0057084,
F0057085,
F0057086,
F0057087,
F0057088,
F0057089,walkout
F0057090,
F0057091,
F0057092,
F0057093,long_wait
F0057094,
F0057095,
F0057096,
F0057097,
F0057098,
F0057099,
F0057100,positive
F0057101,
F0057102,
F0057103,
F0057104,positive
F0057105,
F0057106,
F0057107,
F0057108,positive
F0057109,
F0057110,
F0057111,
F0057112,
F0057113,walkout
F0057114,walkout
F0057115,
F0057116,
F0057117,
F0057118,
F0057119,
F0057120,
F0057121,
F0057122,
F0057123,walkout
F0057124,
F0057125,
F0057126,
F0057127,positive
F0057128,
F0057129,
F0057130,
F0057131,
F0057132,positive
F0057133,
F0057134,
F0057135,
F0057136,
F0057137,positive
F0057138,
F0057139,
F0057140,
F0057141,walkout
F0057142,
F0057143,
F0057144,positive
F0057145,
F0057146,
F0057147,
F0057148,
F0057149,
F0057150,
F0057151,
F0057152,
F0057153,
F0057154,
F0057155,
F0057156,
F0057157,
F0057158,
F0057159,
F0057160,
F0057161,
F0057162,
F0057163,
F0057164,
F0057165,
F0057166,slow_dd
F0057167,
F0057168,
F0057169,
F0057170,
F0057171,
F0057172,positive
F0057173,
F0057174,
F0057175,positive
F0057176,
F0057177,
F0057178,
F0057179,
F0057180,
F0057181,positive
F0057182,
F0057183,
F0057184,
F0057185,
F0057186,
F0057187,
F0057188,
F0057189,positive
F0057190,
F0057191,
F0057192,
F0057193,
F0057194,
F0057195,
F0057196,
F0057197,
F0057198,
F0057199,
F0057200,
F0057201,
F0057202,
F0057203,
F0057204,
F0057205,
F0057206,
F0057207,walkout
F0057208,
F0057209,
F0057210,
F0057211,
F0057212,
F0057213,
F0057214,
F0057215,walkout
F0057216,
F0057217,
F0057218,
F0057219,
F0057220,
F0057221,
F0057222,
F0057223,
F0057224,
F0057225,
F0057226,
F0057227,
F0057228,
F0057229,
F0057230,positive
F0057231,
F0057232,
F0057233,
F0057234,
F0057235,
F0057236,
F0057237,
F0057238,
F0057239,
F0057240,
F0057241,
F0057242,
F0057243,
F0057244,
F0057245,
F0057246,
F0057247,
F0057248,
F0057249,
F0057250,
F0057251,
F0057252,
F0057253,
F0057254,
F0057255,
F0057256,
F0057257,
F0057258,walkout
F0057259,
F0057260,positive
F0057261,
F0057262,
F0057263,
F0057264,
F0057265,
F0057266,positive
F0057267,
F0057268,
F0057269,
F0057270,
F0057271,
F0057272,
F0057273,
F0057274,
F0057275,
F0057276,walkout
F0057277,
F0057278,
F0057279,
F0057280,
F0057281,walkout
F0057282,
F0057283,
F0057284,positive
F0057285,
F0057286,
F0057287,
F0057288,
F0057289,
F0057290,
F0057291,
F0057292,
F0057293,
F0057294,
F0057295,walkout
F0057296,walkout
F0057297,walkout
F0057298,
F0057299,
F0057300,
F0057301,positive
F0057302,
F0057303,
F0057304,
F0057305,
F0057306,
F0057307,
F0057308,
F0057309,long_wait
F0057310,
F0057311,walkout
F0057312,
F0057313,walkout
F0057314,
F0057315,
F0057316,
F0057317,
F0057318,
F0057319,
F0057320,
F0057321,
F0057322,walkout
F0057323,walkout
F0057324,walkout
F0057325,
F0057326,
F0057327,walkout
F0057328,walkout
F0057329,walkout
F0057330,positive
F0057331,
F0057332,
F0057333,
F0057334,seating
F0057335,
F0057336,walkout
F0057337,
F0057338,seating
F0057339,
F0057340,
F0057341,
F0057342,walkout
F0057343,
F0057344,
F0057345,
F0057346,long_wait
F0057347,
F0057348,documents
F0057349,
F0057350,
F0057351,
F0057352,
F0057353,
F0057354,
F0057355,
F0057356,
F0057357,
F0057358,
F0057359,long_wait
F0057360,
F0057361,
F0057362,
F0057363,positive
F0057364,
F0057365,positive
F0057366,
F0057367,
F0057368,
F0057369,
F0057370,
F0057371,
F0057372,
F0057373,walkout
F0057374,
F0057375,
F0057376,
F0057377,long_wait
F0057378,walkout
F0057379,
F0057380,walkout
F0057381,walkout
F0057382,
F0057383,
F0057384,
F0057385,
F0057386,
F0057387,walkout
F0057388,
F0057389,
F0057390,
F0057391,
F0057392,long_wait
F0057393,positive
F0057394,
F0057395,
F0057396,
F0057397,
F0057398,positive
F0057399,positive
F0057400,positive
F0057401,positive
F0057402,documents
F0057403,
F0057404,
F0057405,
F0057406,positive
F0057407,positive
F0057408,
F0057409,
F0057410,
F0057411,
F0057412,
F0057413,
F0057414,
F0057415,
F0057416,
F0057417,long_wait
F0057418,walkout
F0057419,
F0057420,
F0057421,walkout
F0057422,
F0057423,long_wait
F0057424,walkout
F0057425,
F0057426,
F0057427,lunch
F0057428,positive
F0057429,
F0057430,
F0057431,walkout
F0057432,
F0057433,walkout
F0057434,
F0057435,
F0057436,
F0057437,
F0057438,
F0057439,
F0057440,
F0057441,
F0057442,
F0057443,positive
F0057444,positive
F0057445,
F0057446,
F0057447,
F0057448,positive
F0057449,
F0057450,
F0057451,
F0057452,walkout
F0057453,
F0057454,
F0057455,
F0057456,
F0057457,positive
F0057458,
F0057459,
F0057460,
F0057461,positive
F0057462,positive
F0057463,
F0057464,
F0057465,
F0057466,
F0057467,
F0057468,
F0057469,
F0057470,
F0057471,
F0057472,
F0057473,
F0057474,
F0057475,
F0057476,
F0057477,
F0057478,positive
F0057479,
F0057480,
F0057481,
F0057482,
F0057483,
F0057484,positive
F0057485,
F0057486,
F0057487,positive
F0057488,
F0057489,positive
F0057490,positive
F0057491,
F0057492,
F0057493,
F0057494,
F0057495,
F0057496,
F0057497,
F0057498,
F0057499,
F0057500,positive
F0057501,walkout
F0057502,
F0057503,
F0057504,
F0057505,
F0057506,
F0057507,
F0057508,
F0057509,positive
F0057510,
F0057511,
F0057512,positive
F0057513,
F0057514,positive
F0057515,positive
F0057516,
F0057517,
F0057518,
F0057519,
F0057520,
F0057521,
F0057522,
F0057523,positive
F0057524,positive
F0057525,
F0057526,
F0057527,
F0057528,
F0057529,positive
F0057530,
F0057531,
F0057532,
F0057533,
F0057534,
F0057535,positive
F0057536,positive
F0057537,
F0057538,
F0057539,
F0057540,
F0057541,
F0057542,
F0057543,
F0057544,
F0057545,
F0057546,
F0057547,positive
F0057548,
F0057549,
F0057550,positive
F0057551,
F0057552,
F0057553,
F0057554,
F0057555,positive
F0057556,
F0057557,
F0057558,positive
F0057559,
F0057560,
F0057561,
F0057562,
F0057563,
F0057564,positive
F0057565,
F0057566,
F0057567,
F0057568,
F0057569,
F0057570,
F0057571,
F0057572,
F0057573,positive
F0057574,
F0057575,
F0057576,positive
F0057577,
F0057578,positive
F0057579,
F0057580,
F0057581,
F0057582,positive
F0057583,
F0057584,positive
F0057585,
F0057586,positive
F0057587,
F0057588,
F0057589,
F0057590,positive
F0057591,
F0057592,positive
F0057593,
F0057594,walkout
F0057595,positive
F0057596,
F0057597,
F0057598,
F0057599,positive
F0057600,
F0057601,
F0057602,
F0057603,
F0057604,
F0057605,
F0057606,
F0057607,
F0057608,
F0057609,
F0057610,
F0057611,
F0057612,
F0057613,
F0057614,
F0057615,
F0057616,
F0057617,
F0057618,
F0057619,
F0057620,
F0057621,
F0057622,
F0057623,
F0057624,
F0057625,
F0057626,
F0057627,
F0057628,positive
F0057629,
F0057630,
F0057631,
F0057632,
F0057633,documents
F0057634,positive
F0057635,
F0057636,
F0057637,
F0057638,
F0057639,
F0057640,
F0057641,
F0057642,
F0057643,
F0057644,
F0057645,
F0057646,
F0057647,
F0057648,
F0057649,
F0057650,
F0057651,
F0057652,positive
F0057653,
F0057654,walkout
F0057655,
F0057656,
F0057657,
F0057658,
F0057659,positive
F0057660,
F0057661,
F0057662,
F0057663,
F0057664,
F0057665,
F0057666,
F0057667,
F0057668,
F0057669,
F0057670,
F0057671,
F0057672,
F0057673,
F0057674,
F0057675,documents
F0057676,
F0057677,
F0057678,
F0057679,
F0057680,
F0057681,
F0057682,
F0057683,
F0057684,
F0057685,positive
F0057686,
F0057687,
F0057688,walkout
F0057689,walkout
F0057690,long_wait
F0057691,
F0057692,positive
F0057693,
F0057694,
F0057695,positive
F0057696,
F0057697,positive
F0057698,walkout
F0057699,walkout
F0057700,
F0057701,walkout
F0057702,
F0057703,
F0057704,
F0057705,
F0057706,walkout
F0057707,
F0057708,
F0057709,walkout
F0057710,
F0057711,walkout
F0057712,
F0057713,
F0057714,
F0057715,
F0057716,long_wait
F0057717,
F0057718,
F0057719,walkout
F0057720,
F0057721,walkout
F0057722,
F0057723,
F0057724,
F0057725,lunch
F0057726,
F0057727,
F0057728,
F0057729,
F0057730,
F0057731,walkout
F0057732,positive
F0057733,
F0057734,
F0057735,positive
F0057736,
F0057737,positive
F0057738,walkout
F0057739,
F0057740,positive
F0057741,long_wait
F0057742,
F0057743,
F0057744,
F0057745,
F0057746,
F0057747,
F0057748,
F0057749,
F0057750,
F0057751,
F0057752,
F0057753,positive
F0057754,
F0057755,
F0057756,
F0057757,
F0057758,walkout
F0057759,
F0057760,walkout
F0057761,
F0057762,
F0057763,positive
F0057764,
F0057765,
F0057766,
F0057767,
F0057768,
F0057769,
F0057770,
F0057771,
F0057772,positive
F0057773,
F0057774,positive
F0057775,
F0057776,
F0057777,
F0057778,
F0057779,
F0057780,
F0057781,
F0057782,
F0057783,
F0057784,
F0057785,
F0057786,walkout
F0057787,positive
F0057788,
F0057789,
F0057790,
F0057791,
F0057792,
F0057793,
F0057794,
F0057795,
F0057796,
F0057797,
F0057798,
F0057799,
F0057800,
F0057801,
F0057802,
F0057803,
F0057804,
F0057805,
F0057806,
F0057807,positive
F0057808,
F0057809,
F0057810,
F0057811,
F0057812,
F0057813,
F0057814,
F0057815,
F0057816,
F0057817,
F0057818,
F0057819,
F0057820,
F0057821,
F0057822,
F0057823,
F0057824,
F0057825,
F0057826,
F0057827,positive
F0057828,positive
F0057829,
F0057830,
F0057831,
F0057832,
F0057833,
F0057834,
F0057835,
F0057836,
F0057837,
F0057838,
F0057839,
F0057840,positive
F0057841,positive
F0057842,walkout
F0057843,
F0057844,
F0057845,
F0057846,
F0057847,
F0057848,
F0057849,walkout
F0057850,
F0057851,walkout
F0057852,
F0057853,
F0057854,
F0057855,
F0057856,
F0057857,
F0057858,
F0057859,
F0057860,
F0057861,
F0057862,positive
F0057863,
F0057864,
F0057865,
F0057866,
F0057867,long_wait
F0057868,walkout
F0057869,long_wait
F0057870,
F0057871,
F0057872,
F0057873,
F0057874,
F0057875,
F0057876,positive
F0057877,walkout
F0057878,
F0057879,
F0057880,
F0057881,walkout
F0057882,walkout
F0057883,
F0057884,
F0057885,
F0057886,positive
F0057887,walkout
F0057888,
F0057889,
F0057890,
F0057891,
F0057892,positive
F0057893,
F0057894,
F0057895,
F0057896,
F0057897,walkout
F0057898,
F0057899,walkout
F0057900,
F0057901,
F0057902,
F0057903,walkout
F0057904,
F0057905,positive
F0057906,
F0057907,
F0057908,
F0057909,
F0057910,
F0057911,
F0057912,seating
F0057913,
F0057914,
F0057915,positive
F0057916,
F0057917,
F0057918,
F0057919,walkout
F0057920,
F0057921,walkout
F0057922,long_wait
F0057923,walkout
F0057924,
F0057925,
F0057926,
F0057927,
F0057928,positive
F0057929,walkout
F0057930,
F0057931,positive
F0057932,
F0057933,
F0057934,
F0057935,
F0057936,
F0057937,
F0057938,walkout
F0057939,walkout
F0057940,walkout
F0057941,
F0057942,
F0057943,
F0057944,
F0057945,
F0057946,
F0057947,positive
F0057948,
F0057949,
F0057950,
F0057951,
F0057952,
F0057953,
F0057954,positive
F0057955,
F0057956,
F0057957,positive
F0057958,
F0057959,
F0057960,
F0057961,
F0057962,
F0057963,
F0057964,walkout
F0057965,
F0057966,
F0057967,
F0057968,
F0057969,
F0057970,positive
F0057971,
F0057972,walkout
F0057973,
F0057974,positive
F0057975,
F0057976,
F0057977,
F0057978,positive
F0057979,
F0057980,positive
F0057981,
F0057982,
F0057983,walkout
F0057984,
F0057985,
F0057986,
F0057987,
F0057988,positive
F0057989,
F0057990,
F0057991,
F0057992,
F0057993,walkout
F0057994,
F0057995,
F0057996,
F0057997,positive
F0057998,
F0057999,
F0058000,
F0058001,
F0058002,
F0058003,
F0058004,
F0058005,positive
F0058006,
F0058007,
F0058008,positive
F0058009,
F0058010,walkout
F0058011,
F0058012,
F0058013,
F0058014,slow_dd
F0058015,
F0058016,
F0058017,
F0058018,
F0058019,
F0058020,
F0058021,positive
F0058022,
F0058023,
F0058024,
F0058025,
F0058026,
F0058027,lunch
F0058028,positive
F0058029,
F0058030,
F0058031,
F0058032,walkout
F0058033,
F0058034,
F0058035,long_wait
F0058036,
F0058037,
F0058038,
F0058039,
F0058040,
F0058041,walkout
F0058042,
F0058043,
F0058044,
F0058045,
F0058046,
F0058047,
F0058048,
F0058049,
F0058050,
F0058051,positive
F0058052,
F0058053,
F0058054,walkout
F0058055,
F0058056,
F0058057,walkout
F0058058,walkout
F0058059,
F0058060,
F0058061,walkout
F0058062,
F0058063,
F0058064,
F0058065,
F0058066,positive
F0058067,walkout
F0058068,
F0058069,
F0058070,long_wait
F0058071,
F0058072,walkout
F0058073,
F0058074,long_wait
F0058075,
F0058076,
F0058077,
F0058078,walkout
F0058079,
F0058080,
F0058081,
F0058082,long_wait
F0058083,walkout
F0058084,
F0058085,walkout
F0058086,
F0058087,
F0058088,walkout
F0058089,
F0058090,
F0058091,
F0058092,
F0058093,
F0058094,
F0058095,
F0058096,
F0058097,
F0058098,positive
F0058099,
F0058100,long_wait
F0058101,
F0058102,positive
F0058103,
F0058104,positive
F0058105,
F0058106,
F0058107,
F0058108,
F0058109,
F0058110,
F0058111,walkout
F0058112,
F0058113,
F0058114,positive
F0058115,
F0058116,
F0058117,positive
F0058118,
F0058119,
F0058120,
F0058121,
F0058122,
F0058123,
F0058124,
F0058125,
F0058126,
F0058127,
F0058128,
F0058129,positive
F0058130,positive
F0058131,
F0058132,
F0058133,
F0058134,
F0058135,
F0058136,positive
F0058137,
F0058138,
F0058139,
F0058140,
F0058141,
F0058142,positive
F0058143,
F0058144,
F0058145,
F0058146,
F0058147,
F0058148,
F0058149,walkout
F0058150,
F0058151,
F0058152,
F0058153,positive
F0058154,
F0058155,positive
F0058156,positive
F0058157,
F0058158,
F0058159,walkout
F0058160,
F0058161,
F0058162,positive
F0058163,
F0058164,
F0058165,
F0058166,positive
F0058167,
F0058168,
F0058169,
F0058170,
F0058171,
F0058172,
F0058173,positive
F0058174,
F0058175,
F0058176,
F0058177,positive
F0058178,positive
F0058179,
F0058180,
F0058181,
F0058182,positive
F0058183,
F0058184,
F0058185,
F0058186,
F0058187,
F0058188,
F0058189,
F0058190,
F0058191,positive
F0058192,
F0058193,
F0058194,
F0058195,
F0058196,
F0058197,
F0058198,positive
F0058199,
F0058200,
F0058201,
F0058202,
F0058203,
F0058204,positive
F0058205,
F0058206,
F0058207,
F0058208,
F0058209,
F0058210,positive
F0058211,
F0058212,
F0058213,
F0058214,positive
F0058215,
F0058216,positive
F0058217,
F0058218,
F0058219,
F0058220,positive
F0058221,
F0058222,
F0058223,
F0058224,
F0058225,
F0058226,
F0058227,positive
F0058228,
F0058229,
F0058230,
F0058231,
F0058232,
F0058233,
F0058234,
F0058235,positive
F0058236,positive
F0058237,
F0058238,
F0058239,
F0058240,
F0058241,
F0058242,walkout
F0058243,positive
F0058244,
F0058245,
F0058246,
F0058247,
F0058248,
F0058249,
F0058250,
F0058251,positive
F0058252,
F0058253,
F0058254,
F0058255,
F0058256,
F0058257,
F0058258,positive
F0058259,
F0058260,
F0058261,
F0058262,
F0058263,
F0058264,
F0058265,
F0058266,walkout
F0058267,
F0058268,
F0058269,
F0058270,
F0058271,
F0058272,documents
F0058273,
F0058274,
F0058275,
F0058276,
F0058277,
F0058278,walkout
F0058279,positive
F0058280,
F0058281,
F0058282,seating
F0058283,
F0058284,
F0058285,
F0058286,
F0058287,
F0058288,positive
F0058289,walkout
F0058290,
F0058291,walkout
F0058292,
F0058293,
F0058294,
F0058295,
F0058296,
F0058297,positive
F0058298,
F0058299,
F0058300,
F0058301,
F0058302,documents
F0058303,
F0058304,
F0058305,
F0058306,
F0058307,
F0058308,
F0058309,
F0058310,
F0058311,
F0058312,
F0058313,
F0058314,
F0058315,
F0058316,walkout
F0058317,
F0058318,
F0058319,
F0058320,positive
F0058321,
F0058322,
F0058323,
F0058324,
F0058325,
F0058326,
F0058327,
F0058328,
F0058329,positive
F0058330,
F0058331,
F0058332,positive
F0058333,positive
F0058334,positive
F0058335,
F0058336,
F0058337,
F0058338,
F0058339,
F0058340,
F0058341,
F0058342,
F0058343,
F0058344,positive
F0058345,
F0058346,
F0058347,
F0058348,
F0058349,
F0058350,
F0058351,
F0058352,
F0058353,
F0058354,
F0058355,
F0058356,
F0058357,
F0058358,walkout
F0058359,
F0058360,
F0058361,
F0058362,
F0058363,
F0058364,
F0058365,
F0058366,
F0058367,
F0058368,
F0058369,
F0058370,
F0058371,
F0058372,
F0058373,
F0058374,
F0058375,
F0058376,
F0058377,
F0058378,
F0058379,positive
F0058380,
F0058381,
F0058382,
F0058383,
F0058384,
F0058385,
F0058386,
F0058387,
F0058388,
F0058389,
F0058390,
F0058391,
F0058392,positive
F0058393,
F0058394,
F0058395,positive
F0058396,
F0058397,
F0058398,
F0058399,
F0058400,
F0058401,
F0058402,
F0058403,positive
F0058404,
F0058405,
F0058406,
F0058407,
F0058408,
F0058409,positive
F0058410,
F0058411,
F0058412,
F0058413,
F0058414,
F0058415,
F0058416,
F0058417,positive
F0058418,
F0058419,
F0058420,
F0058421,
F0058422,positive
F0058423,
F0058424,
F0058425,
F0058426,
F0058427,
F0058428,
F0058429,
F0058430,
F0058431,
F0058432,
F0058433,positive
F0058434,
F0058435,
F0058436,
F0058437,positive
F0058438,
F0058439,
F0058440,
F0058441,
F0058442,
F0058443,
F0058444,
F0058445,
F0058446,
F0058447,
F0058448,
F0058449,
F0058450,
F0058451,
F0058452,
F0058453,
F0058454,
F0058455,
F0058456,
F0058457,positive
F0058458,
F0058459,positive
F0058460,positive
F0058461,
F0058462,
F0058463,
F0058464,
F0058465,
F0058466,
F0058467,
F0058468,
F0058469,positive
F0058470,
F0058471,walkout
F0058472,long_wait
F0058473,
F0058474,slow_dd
F0058475,
F0058476,
F0058477,
F0058478,
F0058479,
F0058480,
F0058481,
F0058482,
F0058483,
F0058484,
F0058485,positive
F0058486,
F0058487,
F0058488,
F0058489,
F0058490,
F0058491,
F0058492,walkout
F0058493,long_wait
F0058494,
F0058495,
F0058496,long_wait
F0058497,
F0058498,
F0058499,
F0058500,
F0058501,
F0058502,
F0058503,
F0058504,
F0058505,
F0058506,positive
F0058507,
F0058508,
F0058509,
F0058510,
F0058511,positive
F0058512,
F0058513,
F0058514,
F0058515,
F0058516,walkout
F0058517,
F0058518,positive
F0058519,
F0058520,
F0058521,
F0058522,
F0058523,
F0058524,
F0058525,positive
F0058526,
F0058527,
F0058528,
F0058529,
F0058530,
F0058531,
F0058532,
F0058533,
F0058534,
F0058535,
F0058536,
F0058537,walkout
F0058538,
F0058539,
F0058540,
F0058541,
F0058542,
F0058543,long_wait
F0058544,
F0058545,
F0058546,positive
F0058547,
F0058548,
F0058549,
F0058550,
F0058551,
F0058552,
F0058553,
F0058554,
F0058555,
F0058556,positive
F0058557,
F0058558,positive
F0058559,documents
F0058560,
F0058561,
F0058562,
F0058563,
F0058564,
F0058565,walkout
F0058566,
F0058567,
F0058568,walkout
F0058569,walkout
F0058570,
F0058571,
F0058572,
F0058573,
F0058574,
F0058575,
F0058576,
F0058577,
F0058578,
F0058579,
F0058580,
F0058581,
F0058582,
F0058583,
F0058584,
F0058585,
F0058586,
F0058587,
F0058588,
F0058589,
F0058590,
F0058591,
F0058592,positive
F0058593,
F0058594,
F0058595,
F0058596,
F0058597,
F0058598,
F0058599,
F0058600,
F0058601,
F0058602,
F0058603,
F0058604,
F0058605,
F0058606,
F0058607,positive
F0058608,
F0058609,
F0058610,
F0058611,
F0058612,
F0058613,
F0058614,positive
F0058615,
F0058616,positive
F0058617,
F0058618,
F0058619,
F0058620,
F0058621,
F0058622,
F0058623,
F0058624,
F0058625,walkout
F0058626,walkout
F0058627,
F0058628,positive
F0058629,
F0058630,
F0058631,positive
F0058632,
F0058633,walkout
F0058634,
F0058635,
F0058636,walkout
F0058637,
F0058638,
F0058639,
F0058640,walkout
F0058641,walkout
F0058642,
F0058643,
F0058644,
F0058645,
F0058646,
F0058647,walkout
F0058648,
F0058649,
F0058650,
F0058651,walkout
F0058652,
F0058653,
F0058654,
F0058655,
F0058656,
F0058657,walkout
F0058658,walkout
F0058659,
F0058660,walkout
F0058661,
F0058662,
F0058663,walkout
F0058664,
F0058665,
F0058666,
F0058667,
F0058668,
F0058669,long_wait
F0058670,
F0058671,
F0058672,walkout
F0058673,
F0058674,
F0058675,walkout
F0058676,long_wait
F0058677,walkout
F0058678,
F0058679,
F0058680,long_wait
F0058681,walkout
F0058682,
F0058683,
F0058684,
F0058685,walkout
F0058686,
F0058687,walkout
F0058688,
F0058689,
F0058690,
F0058691,
F0058692,
F0058693,walkout
F0058694,
F0058695,walkout
F0058696,long_wait
F0058697,
F0058698,walkout
F0058699,
F0058700,walkout
F0058701,walkout
F0058702,
F0058703,
F0058704,walkout
F0058705,lunch
F0058706,
F0058707,
F0058708,
F0058709,walkout
F0058710,
F0058711,
F0058712,
F0058713,long_wait
F0058714,
F0058715,walkout
F0058716,
F0058717,
F0058718,
F0058719,
F0058720,
F0058721,positive
F0058722,walkout
F0058723,
F0058724,
F0058725,walkout
F0058726,
F0058727,positive
F0058728,
F0058729,
F0058730,
F0058731,
F0058732,
F0058733,positive
F0058734,
F0058735,positive
F0058736,
F0058737,
F0058738,
F0058739,
F0058740,
F0058741,
F0058742,walkout
F0058743,
F0058744,walkout
F0058745,
F0058746,
F0058747,positive
F0058748,
F0058749,walkout
F0058750,
F0058751,long_wait
F0058752,
F0058753,
F0058754,walkout
F0058755,
F0058756,
F0058757,
F0058758,
F0058759,walkout
F0058760,
F0058761,
F0058762,
F0058763,
F0058764,
F0058765,
F0058766,positive
F0058767,walkout
F0058768,walkout
F0058769,
F0058770,walkout
F0058771,
F0058772,
F0058773,
F0058774,
F0058775,
F0058776,
F0058777,
F0058778,
F0058779,
F0058780,positive
F0058781,
F0058782,positive
F0058783,
F0058784,
F0058785,walkout
F0058786,
F0058787,positive
F0058788,
F0058789,
F0058790,seating
F0058791,
F0058792,walkout
F0058793,long_wait
F0058794,walkout
F0058795,
F0058796,
F0058797,
F0058798,walkout
F0058799,walkout
F0058800,
F0058801,
F0058802,
F0058803,
F0058804,positive
F0058805,
F0058806,
F0058807,seating
F0058808,seating
F0058809,
F0058810,walkout
F0058811,
F0058812,walkout
F0058813,
F0058814,
F0058815,documents
F0058816,
F0058817,
F0058818,walkout
F0058819,
F0058820,long_wait
F0058821,
F0058822,
F0058823,walkout
F0058824,walkout
F0058825,seating
F0058826,walkout
F0058827,
F0058828,long_wait
F0058829,
F0058830,documents
F0058831,
F0058832,walkout
F0058833,
F0058834,walkout
F0058835,walkout
F0058836,
F0058837,walkout
F0058838,
F0058839,walkout
F0058840,
F0058841,
F0058842,
F0058843,walkout
F0058844,
F0058845,positive
F0058846,
F0058847,
F0058848,
F0058849,
F0058850,
F0058851,
F0058852,positive
F0058853,
F0058854,
F0058855,
F0058856,
F0058857,
F0058858,
F0058859,walkout
F0058860,
F0058861,
F0058862,
F0058863,
F0058864,
F0058865,
F0058866,
F0058867,
F0058868,positive
F0058869,
F0058870,
F0058871,
F0058872,
F0058873,
F0058874,
F0058875,walkout
F0058876,walkout
F0058877,
F0058878,
F0058879,
F0058880,
F0058881,positive
F0058882,
F0058883,
F0058884,
F0058885,positive
F0058886,
F0058887,
F0058888,
F0058889,
F0058890,
F0058891,long_wait
F0058892,positive
F0058893,
F0058894,walkout
F0058895,
F0058896,walkout
F0058897,
F0058898,
F0058899,positive
F0058900,walkout
F0058901,
F0058902,walkout
F0058903,walkout
F0058904,
F0058905,
F0058906,walkout
F0058907,
F0058908,
F0058909,
F0058910,
F0058911,
F0058912,
F0058913,
F0058914,
F0058915,
F0058916,
F0058917,documents
F0058918,positive
F0058919,
F0058920,
F0058921,positive
F0058922,walkout
F0058923,
F0058924,
F0058925,
F0058926,
F0058927,
F0058928,
F0058929,
F0058930,
F0058931,
F0058932,
F0058933,positive
F0058934,walkout
F0058935,walkout
F0058936,
F0058937,
F0058938,
F0058939,
F0058940,
F0058941,walkout
F0058942,positive
F0058943,
F0058944,
F0058945,positive
F0058946,
F0058947,
F0058948,
F0058949,
F0058950,
F0058951,
F0058952,walkout
F0058953,
F0058954,walkout
F0058955,
F0058956,positive
F0058957,positive
F0058958,
F0058959,
F0058960,long_wait
F0058961,
F0058962,walkout
F0058963,
F0058964,
F0058965,walkout
F0058966,
F0058967,
F0058968,walkout
F0058969,walkout
F0058970,
F0058971,
F0058972,positive
F0058973,
F0058974,
F0058975,
F0058976,
F0058977,
F0058978,
F0058979,
F0058980,
F0058981,
F0058982,
F0058983,
F0058984,
F0058985,
F0058986,
F0058987,
F0058988,
F0058989,
F0058990,
F0058991,documents
F0058992,positive
F0058993,
F0058994,
F0058995,
F0058996,positive
F0058997,walkout
F0058998,
F0058999,
F0059000,
F0059001,
F0059002,
F0059003,
F0059004,
F0059005,
F0059006,
F0059007,
F0059008,
F0059009,
F0059010,
F0059011,long_wait
F0059012,
F0059013,
F0059014,
F0059015,
F0059016,
F0059017,
F0059018,positive
F0059019,
F0059020,documents
F0059021,
F0059022,
F0059023,
F0059024,
F0059025,
F0059026,
F0059027,
F0059028,
F0059029,
F0059030,
F0059031,
F0059032,
F0059033,positive
F0059034,
F0059035,
F0059036,
F0059037,long_wait
F0059038,long_wait
F0059039,
F0059040,walkout
F0059041,
F0059042,documents
F0059043,positive
F0059044,
F0059045,walkout
F0059046,
F0059047,
F0059048,walkout
F0059049,positive
F0059050,
F0059051,positive
F0059052,
F0059053,
F0059054,
F0059055,
F0059056,
F0059057,
F0059058,
F0059059,
F0059060,
F0059061,
F0059062,
F0059063,
F0059064,
F0059065,walkout
F0059066,
F0059067,
F0059068,
F0059069,positive
F0059070,
F0059071,walkout
F0059072,
F0059073,
F0059074,
F0059075,
F0059076,
F0059077,walkout
F0059078,
F0059079,
F0059080,
F0059081,positive
F0059082,
F0059083,
F0059084,
F0059085,
F0059086,
F0059087,
F0059088,
F0059089,walkout
F0059090,walkout
F0059091,
F0059092,
F0059093,
F0059094,
F0059095,
F0059096,
F0059097,
F0059098,
F0059099,
F0059100,walkout
F0059101,positive
F0059102,
F0059103,
F0059104,
F0059105,
F0059106,
F0059107,
F0059108,
F0059109,
F0059110,
F0059111,long_wait
F0059112,
F0059113,
F0059114,
F0059115,walkout
F0059116,
F0059117,
F0059118,
F0059119,
F0059120,
F0059121,walkout
F0059122,
F0059123,slow_dd
F0059124,walkout
F0059125,
F0059126,
F0059127,
F0059128,
F0059129,
F0059130,
F0059131,
F0059132,documents
F0059133,
F0059134,
F0059135,
F0059136,
F0059137,
F0059138,
F0059139,walkout
F0059140,positive
F0059141,
F0059142,
F0059143,
F0059144,
F0059145,
F0059146,
F0059147,
F0059148,
F0059149,seating
F0059150,walkout
F0059151,
F0059152,
F0059153,
F0059154,
F0059155,walkout
F0059156,
F0059157,
F0059158,walkout
F0059159,walkout
F0059160,walkout
F0059161,walkout
F0059162,
F0059163,walkout
F0059164,
F0059165,positive
F0059166,
F0059167,walkout
F0059168,
F0059169,
F0059170,long_wait
F0059171,
F0059172,walkout
F0059173,positive
F0059174,walkout
F0059175,
F0059176,walkout
F0059177,
F0059178,walkout
F0059179,
F0059180,walkout
F0059181,
F0059182,
F0059183,walkout
F0059184,walkout
F0059185,walkout
F0059186,positive
F0059187,walkout
F0059188,
F0059189,
F0059190,
F0059191,
F0059192,positive
F0059193,
F0059194,
F0059195,
F0059196,
F0059197,
F0059198,
F0059199,
F0059200,
F0059201,positive
F0059202,
F0059203,
F0059204,positive
F0059205,
F0059206,
F0059207,long_wait
F0059208,
F0059209,
F0059210,lunch
F0059211,
F0059212,
F0059213,
F0059214,
F0059215,
F0059216,
F0059217,
F0059218,
F0059219,
F0059220,
F0059221,
F0059222,
F0059223,
F0059224,walkout
F0059225,
F0059226,
F0059227,
F0059228,positive
F0059229,
F0059230,
F0059231,
F0059232,positive
F0059233,
F0059234,
F0059235,
F0059236,
F0059237,positive
F0059238,
F0059239,
F0059240,
F0059241,
F0059242,positive
F0059243,positive
F0059244,
F0059245,
F0059246,
F0059247,
F0059248,
F0059249,
F0059250,
F0059251,
F0059252,
F0059253,
F0059254,
F0059255,
F0059256,
F0059257,
F0059258,
F0059259,
F0059260,
F0059261,
F0059262,
F0059263,
F0059264,
F0059265,
F0059266,
F0059267,
F0059268,positive
F0059269,
F0059270,
F0059271,
F0059272,
F0059273,
F0059274,
F0059275,walkout
F0059276,
F0059277,
F0059278,
F0059279,
F0059280,
F0059281,
F0059282,
F0059283,
F0059284,
F0059285,walkout
F0059286,
F0059287,
F0059288,positive
F0059289,positive
F0059290,
F0059291,
F0059292,
F0059293,
F0059294,
F0059295,
F0059296,
F0059297,walkout
F0059298,
F0059299,walkout
F0059300,walkout
F0059301,positive
F0059302,
F0059303,positive
F0059304,
F0059305,
F0059306,
F0059307,
F0059308,
F0059309,
F0059310,walkout
F0059311,positive
F0059312,
F0059313,walkout
F0059314,
F0059315,walkout
F0059316,
F0059317,
F0059318,positive
F0059319,
F0059320,
F0059321,walkout
F0059322,long_wait
F0059323,
F0059324,walkout
F0059325,
F0059326,long_wait
F0059327,positive
F0059328,
F0059329,
F0059330,
F0059331,positive
F0059332,
F0059333,
F0059334,
F0059335,
F0059336,
F0059337,walkout
F0059338,
F0059339,
F0059340,
F0059341,
F0059342,
F0059343,
F0059344,
F0059345,
F0059346,positive
F0059347,
F0059348,walkout
F0059349,positive
F0059350,positive
F0059351,
F0059352,
F0059353,
F0059354,walkout
F0059355,walkout
F0059356,
F0059357,positive
F0059358,
F0059359,
F0059360,
F0059361,
F0059362,
F0059363,
F0059364,
F0059365,
F0059366,positive
F0059367,
F0059368,positive
F0059369,
F0059370,
F0059371,
F0059372,
F0059373,positive
F0059374,walkout
F0059375,
F0059376,
F0059377,
F0059378,
F0059379,
F0059380,positive
F0059381,
F0059382,
F0059383,
F0059384,
F0059385,
F0059386,
F0059387,
F0059388,positive
F0059389,
F0059390,walkout
F0059391,
F0059392,walkout
F0059393,positive
F0059394,
F0059395,
F0059396,
F0059397,positive
F0059398,
F0059399,
F0059400,
F0059401,
F0059402,
F0059403,positive
F0059404,
F0059405,
F0059406,
F0059407,positive
F0059408,
F0059409,
F0059410,
F0059411,
F0059412,
F0059413,positive
F0059414,walkout
F0059415,
F0059416,
F0059417,
F0059418,
F0059419,
F0059420,
F0059421,
F0059422,
F0059423,
F0059424,
F0059425,
F0059426,
F0059427,
F0059428,
F0059429,
F0059430,
F0059431,
F0059432,
F0059433,
F0059434,
F0059435,
F0059436,
F0059437,
F0059438,
F0059439,
F0059440,
F0059441,
F0059442,
F0059443,
F0059444,
F0059445,
F0059446,
F0059447,
F0059448,
F0059449,
F0059450,walkout
F0059451,
F0059452,
F0059453,
F0059454,positive
F0059455,
F0059456,
F0059457,
F0059458,positive
F0059459,
F0059460,
F0059461,
F0059462,positive
F0059463,positive
F0059464,
F0059465,
F0059466,
F0059467,
F0059468,
F0059469,walkout
F0059470,walkout
F0059471,walkout
F0059472,walkout
F0059473,
F0059474,
F0059475,positive
F0059476,
F0059477,
F0059478,
F0059479,positive
F0059480,
F0059481,
F0059482,
F0059483,
F0059484,
F0059485,
F0059486,
F0059487,walkout
F0059488,
F0059489,
F0059490,documents
F0059491,
F0059492,walkout
F0059493,
F0059494,
F0059495,positive
F0059496,walkout
F0059497,long_wait
F0059498,positive
F0059499,
F0059500,positive
F0059501,
F0059502,
F0059503,
F0059504,positive
F0059505,positive
F0059506,
F0059507,
F0059508,positive
F0059509,
F0059510,
F0059511,
F0059512,positive
F0059513,
F0059514,
F0059515,
F0059516,
F0059517,
F0059518,
F0059519,
F0059520,documents
F0059521,positive
F0059522,
F0059523,
F0059524,
F0059525,
F0059526,positive
F0059527,
F0059528,positive
F0059529,
F0059530,
F0059531,
F0059532,
F0059533,
F0059534,
F0059535,
F0059536,positive
F0059537,
F0059538,
F0059539,
F0059540,
F0059541,
F0059542,positive
F0059543,
F0059544,
F0059545,walkout
F0059546,
F0059547,
F0059548,walkout
F0059549,
F0059550,documents
F0059551,
F0059552,
F0059553,
F0059554,
F0059555,
F0059556,
F0059557,positive
F0059558,
F0059559,
F0059560,
F0059561,
F0059562,
F0059563,
F0059564,
F0059565,
F0059566,
F0059567,
F0059568,
F0059569,
F0059570,
F0059571,positive
F0059572,
F0059573,
F0059574,
F0059575,positive
F0059576,
F0059577,
F0059578,
F0059579,
F0059580,slow_dd
F0059581,
F0059582,positive
F0059583,
F0059584,
F0059585,positive
F0059586,
F0059587,
F0059588,
F0059589,
F0059590,
F0059591,
F0059592,
F0059593,
F0059594,
F0059595,
F0059596,
F0059597,positive
F0059598,positive
F0059599,
F0059600,
F0059601,
F0059602,
F0059603,
F0059604,
F0059605,
F0059606,
F0059607,
F0059608,documents
F0059609,
F0059610,
F0059611,
F0059612,
F0059613,
F0059614,
F0059615,
F0059616,
F0059617,
F0059618,
F0059619,
F0059620,
F0059621,
F0059622,
F0059623,
F0059624,
F0059625,
F0059626,
F0059627,
F0059628,
F0059629,
F0059630,
F0059631,
F0059632,
F0059633,
F0059634,
F0059635,walkout
F0059636,
F0059637,
F0059638,
F0059639,
F0059640,
F0059641,positive
F0059642,
F0059643,positive
F0059644,positive
F0059645,
F0059646,positive
F0059647,
F0059648,
F0059649,
F0059650,
F0059651,
F0059652,
F0059653,
F0059654,
F0059655,
F0059656,walkout
F0059657,
F0059658,positive
F0059659,
F0059660,positive
F0059661,
F0059662,
F0059663,positive
F0059664,
F0059665,
F0059666,positive
F0059667,
F0059668,
F0059669,positive
F0059670,
F0059671,
F0059672,
F0059673,
F0059674,
F0059675,
F0059676,
F0059677,
F0059678,
F0059679,walkout
F0059680,walkout
F0059681,
F0059682,
F0059683,
F0059684,
F0059685,
F0059686,positive
F0059687,
F0059688,
F0059689,
F0059690,
F0059691,
F0059692,
F0059693,
F0059694,positive
F0059695,positive
F0059696,
F0059697,
F0059698,
F0059699,
F0059700,
F0059701,
F0059702,positive
F0059703,
F0059704,
F0059705,
F0059706,
F0059707,
F0059708,
F0059709,
F0059710,
F0059711,
F0059712,
F0059713,
F0059714,positive
F0059715,
F0059716,
F0059717,
F0059718,
F0059719,
F0059720,
F0059721,
F0059722,
F0059723,positive
F0059724,
F0059725,
F0059726,positive
F0059727,positive
F0059728,
F0059729,
F0059730,
F0059731,
F0059732,
F0059733,
F0059734,
F0059735,
F0059736,
F0059737,
F0059738,
F0059739,
F0059740,
F0059741,
F0059742,
F0059743,
F0059744,
F0059745,
F0059746,
F0059747,
F0059748,
F0059749,
F0059750,
F0059751,
F0059752,
F0059753,
F0059754,positive
F0059755,
F0059756,positive
F0059757,positive
F0059758,
F0059759,
F0059760,
F0059761,
F0059762,
F0059763,
F0059764,
F0059765,
F0059766,
F0059767,
F0059768,
F0059769,
F0059770,
F0059771,
F0059772,
F0059773,positive
F0059774,
F0059775,
F0059776,
F0059777,
F0059778,
F0059779,
F0059780,positive
F0059781,
F0059782,
F0059783,
F0059784,
F0059785,
F0059786,
F0059787,
F0059788,
F0059789,
F0059790,
F0059791,
F0059792,
F0059793,
F0059794,walkout
F0059795,
F0059796,
F0059797,
F0059798,
F0059799,
F0059800,
F0059801,
F0059802,
F0059803,
F0059804,
F0059805,
F0059806,
F0059807,
F0059808,long_wait
F0059809,
F0059810,
F0059811,walkout
F0059812,
F0059813,
F0059814,
F0059815,
F0059816,walkout
F0059817,
F0059818,
F0059819,long_wait
F0059820,
F0059821,lunch
F0059822,
F0059823,walkout
F0059824,
F0059825,
F0059826,walkout
F0059827,
F0059828,
F0059829,walkout
F0059830,
F0059831,
F0059832,
F0059833,
F0059834,
F0059835,
F0059836,positive
F0059837,
F0059838,
F0059839,
F0059840,
F0059841,walkout
F0059842,
F0059843,
F0059844,
F0059845,positive
F0059846,
F0059847,positive
F0059848,positive
F0059849,positive
F0059850,
F0059851,positive
F0059852,
F0059853,
F0059854,
F0059855,
F0059856,
F0059857,positive
F0059858,
F0059859,
F0059860,
F0059861,
F0059862,
F0059863,
F0059864,
F0059865,
F0059866,
F0059867,
F0059868,positive
F0059869,
F0059870,
F0059871,
F0059872,
F0059873,
F0059874,
F0059875,slow_dd
F0059876,
F0059877,
F0059878,
F0059879,
F0059880,walkout
F0059881,
F0059882,walkout
F0059883,
F0059884,
F0059885,
F0059886,
F0059887,
F0059888,
F0059889,
F0059890,positive
F0059891,positive
F0059892,
F0059893,
F0059894,
F0059895,
F0059896,
F0059897,
F0059898,walkout
F0059899,
F0059900,
F0059901,
F0059902,
F0059903,
F0059904,
F0059905,positive
F0059906,
F0059907,
F0059908,positive
F0059909,
F0059910,
F0059911,
F0059912,
F0059913,walkout
F0059914,positive
F0059915,walkout
F0059916,
F0059917,
F0059918,
F0059919,positive
F0059920,
F0059921,
F0059922,positive
F0059923,walkout
F0059924,
F0059925,
F0059926,positive
F0059927,
F0059928,lunch
F0059929,
F0059930,
F0059931,
F0059932,
F0059933,
F0059934,
F0059935,walkout
F0059936,
F0059937,
F0059938,
F0059939,
F0059940,
F0059941,
F0059942,
F0059943,
F0059944,
F0059945,
F0059946,
F0059947,
F0059948,positive
F0059949,
F0059950,
F0059951,
F0059952,
F0059953,
F0059954,positive
F0059955,
F0059956,
F0059957,
F0059958,
F0059959,
F0059960,
F0059961,
F0059962,
F0059963,
F0059964,
F0059965,
F0059966,
F0059967,
F0059968,
F0059969,
F0059970,
F0059971,
F0059972,
F0059973,
F0059974,
F0059975,
F0059976,
F0059977,
F0059978,positive
F0059979,
F0059980,
F0059981,
F0059982,
F0059983,
F0059984,
F0059985,
F0059986,
F0059987,
F0059988,
F0059989,positive
F0059990,long_wait
F0059991,
F0059992,
F0059993,positive
F0059994,
F0059995,
F0059996,
F0059997,
F0059998,
F0059999,
F0060000,
F0060001,
F0060002,
F0060003,
F0060004,
F0060005,long_wait
F0060006,
F0060007,positive
F0060008,
F0060009,
F0060010,
F0060011,
F0060012,
F0060013,
F0060014,
F0060015,
F0060016,positive
F0060017,
F0060018,
F0060019,
F0060020,
F0060021,
F0060022,
F0060023,positive
F0060024,long_wait
F0060025,
F0060026,positive
F0060027,
F0060028,
F0060029,
F0060030,
F0060031,
F0060032,
F0060033,
F0060034,
F0060035,walkout
F0060036,positive
F0060037,
F0060038,
F0060039,
F0060040,positive
F0060041,positive
F0060042,walkout
F0060043,
F0060044,
F0060045,
F0060046,
F0060047,
F0060048,walkout
F0060049,
F0060050,
F0060051,
F0060052,walkout
F0060053,
F0060054,
F0060055,
F0060056,
F0060057,
F0060058,walkout
F0060059,walkout
F0060060,
F0060061,
F0060062,
F0060063,
F0060064,
F0060065,
F0060066,
F0060067,positive
F0060068,
F0060069,
F0060070,
F0060071,
F0060072,
F0060073,
F0060074,
F0060075,
F0060076,
F0060077,
F0060078,positive
F0060079,
F0060080,
F0060081,
F0060082,
F0060083,
F0060084,
F0060085,
F0060086,
F0060087,
F0060088,positive
F0060089,
F0060090,positive
F0060091,
F0060092,
F0060093,
F0060094,
F0060095,
F0060096,walkout
F0060097,walkout
F0060098,
F0060099,walkout
F0060100,walkout
F0060101,
F0060102,
F0060103,
F0060104,
F0060105,positive
F0060106,
F0060107,
F0060108,
F0060109,positive
F0060110,
F0060111,
F0060112,
F0060113,
F0060114,
F0060115,
F0060116,walkout
F0060117,
F0060118,
F0060119,
F0060120,
F0060121,walkout
F0060122,positive
F0060123,
F0060124,walkout
F0060125,
F0060126,positive
F0060127,positive
F0060128,walkout
F0060129,walkout
F0060130,
F0060131,
F0060132,long_wait
F0060133,walkout
F0060134,
F0060135,long_wait
F0060136,positive
F0060137,
F0060138,
F0060139,walkout
F0060140,positive
F0060141,positive
F0060142,
F0060143,
F0060144,
F0060145,
F0060146,
F0060147,
F0060148,
F0060149,
F0060150,walkout
F0060151,
F0060152,
F0060153,seating
F0060154,
F0060155,
F0060156,
F0060157,
F0060158,lunch
F0060159,
F0060160,
F0060161,
F0060162,
F0060163,
F0060164,
F0060165,
F0060166,
F0060167,
F0060168,positive
F0060169,
F0060170,
F0060171,
F0060172,
F0060173,
F0060174,
F0060175,
F0060176,
F0060177,
F0060178,
F0060179,positive
F0060180,
F0060181,
F0060182,
F0060183,
F0060184,
F0060185,positive
F0060186,
F0060187,positive
F0060188,
F0060189,
F0060190,
F0060191,
F0060192,
F0060193,
F0060194,
F0060195,
F0060196,
F0060197,long_wait
F0060198,
F0060199,
F0060200,
F0060201,
F0060202,
F0060203,
F0060204,walkout
F0060205,
F0060206,positive
F0060207,
F0060208,
F0060209,
F0060210,
F0060211,
F0060212,walkout
F0060213,walkout
F0060214,positive
F0060215,
F0060216,
F0060217,
F0060218,walkout
F0060219,positive
F0060220,
F0060221,
F0060222,
F0060223,
F0060224,
F0060225,
F0060226,long_wait
F0060227,walkout
F0060228,
F0060229,
F0060230,
F0060231,
F0060232,
F0060233,walkout
F0060234,
F0060235,
F0060236,
F0060237,
F0060238,positive
F0060239,walkout
F0060240,walkout
F0060241,
F0060242,
F0060243,
F0060244,
F0060245,
F0060246,
F0060247,
F0060248,
F0060249,
F0060250,
F0060251,
F0060252,
F0060253,
F0060254,
F0060255,
F0060256,
F0060257,
F0060258,
F0060259,
F0060260,
F0060261,
F0060262,
F0060263,
F0060264,
F0060265,
F0060266,
F0060267,
F0060268,
F0060269,
F0060270,positive
F0060271,
F0060272,positive
F0060273,
F0060274,
F0060275,
F0060276,
F0060277,walkout
F0060278,
F0060279,
F0060280,
F0060281,
F0060282,positive
F0060283,positive
F0060284,
F0060285,
F0060286,
F0060287,
F0060288,
F0060289,
F0060290,
F0060291,
F0060292,
F0060293,
F0060294,walkout
F0060295,positive
F0060296,
F0060297,
F0060298,
F0060299,
F0060300,
F0060301,
F0060302,
F0060303,
F0060304,
F0060305,
F0060306,
F0060307,positive
F0060308,
F0060309,
F0060310,
F0060311,
F0060312,
F0060313,
F0060314,
F0060315,
F0060316,positive
F0060317,
F0060318,
F0060319,
F0060320,positive
F0060321,
F0060322,
F0060323,
F0060324,
F0060325,positive
F0060326,
F0060327,
F0060328,positive
F0060329,
F0060330,
F0060331,positive
F0060332,
F0060333,
F0060334,
F0060335,
F0060336,positive
F0060337,
F0060338,
F0060339,
F0060340,
F0060341,positive
F0060342,
F0060343,documents
F0060344,
F0060345,positive
F0060346,positive
F0060347,
F0060348,
F0060349,
F0060350,positive
F0060351,
F0060352,
F0060353,
F0060354,
F0060355,positive
F0060356,
F0060357,
F0060358,
F0060359,
F0060360,
F0060361,
F0060362,
F0060363,
F0060364,positive
F0060365,
F0060366,
F0060367,positive
F0060368,
F0060369,
F0060370,
F0060371,
F0060372,
F0060373,
F0060374,
F0060375,
F0060376,
F0060377,
F0060378,positive
F0060379,positive
F0060380,
F0060381,
F0060382,
F0060383,
F0060384,
F0060385,
F0060386,walkout
F0060387,
F0060388,
F0060389,
F0060390,
F0060391,
F0060392,
F0060393,
F0060394,
F0060395,
F0060396,
F0060397,
F0060398,positive
F0060399,
F0060400,
F0060401,
F0060402,
F0060403,
F0060404,
F0060405,
F0060406,
F0060407,
F0060408,positive
F0060409,
F0060410,
F0060411,
F0060412,
F0060413,positive
F0060414,
F0060415,
F0060416,
F0060417,
F0060418,
F0060419,
F0060420,
F0060421,
F0060422,positive
F0060423,
F0060424,
F0060425,
F0060426,
F0060427,documents
F0060428,
F0060429,
F0060430,
F0060431,
F0060432,
F0060433,positive
F0060434,
F0060435,
F0060436,positive
F0060437,
F0060438,
F0060439,
F0060440,positive
F0060441,
F0060442,
F0060443,positive
F0060444,
F0060445,
F0060446,
F0060447,
F0060448,
F0060449,
F0060450,
F0060451,
F0060452,
F0060453,
F0060454,
F0060455,
F0060456,
F0060457,
F0060458,
F0060459,
F0060460,
F0060461,positive
F0060462,
F0060463,
F0060464,
F0060465,
F0060466,
F0060467,
F0060468,positive
F0060469,positive
F0060470,positive
F0060471,slow_dd
F0060472,
F0060473,
F0060474,
F0060475,
F0060476,
F0060477,positive
F0060478,
F0060479,
F0060480,
F0060481,
F0060482,
F0060483,
F0060484,
F0060485,
F0060486,positive
F0060487,
F0060488,
F0060489,
F0060490,
F0060491,
F0060492,
F0060493,
F0060494,positive
F0060495,
F0060496,
F0060497,
F0060498,
F0060499,positive
F0060500,
F0060501,
F0060502,
F0060503,
F0060504,
F0060505,walkout
F0060506,
F0060507,
F0060508,
F0060509,long_wait
F0060510,
F0060511,positive
F0060512,documents
F0060513,
F0060514,
F0060515,
F0060516,
F0060517,
F0060518,
F0060519,
F0060520,positive
F0060521,
F0060522,
F0060523,
F0060524,
F0060525,positive
F0060526,
F0060527,
F0060528,slow_dd
F0060529,positive
F0060530,
F0060531,
F0060532,
F0060533,
F0060534,
F0060535,positive
F0060536,
F0060537,
F0060538,
F0060539,positive
F0060540,
F0060541,positive
F0060542,
F0060543,
F0060544,
F0060545,
F0060546,
F0060547,
F0060548,
F0060549,
F0060550,positive
F0060551,
F0060552,
F0060553,
F0060554,
F0060555,
F0060556,
F0060557,
F0060558,
F0060559,
F0060560,
F0060561,
F0060562,
F0060563,walkout
F0060564,
F0060565,
F0060566,
F0060567,
F0060568,
F0060569,
F0060570,
F0060571,
F0060572,
F0060573,
F0060574,
F0060575,
F0060576,
F0060577,
F0060578,
F0060579,
F0060580,
F0060581,
F0060582,positive
F0060583,
F0060584,positive
F0060585,
F0060586,
F0060587,
F0060588,
F0060589,
F0060590,
F0060591,
F0060592,
F0060593,positive
F0060594,positive
F0060595,
F0060596,
F0060597,
F0060598,
F0060599,
F0060600,
F0060601,
F0060602,
F0060603,
F0060604,
F0060605,positive
F0060606,
F0060607,
F0060608,
F0060609,
F0060610,
F0060611,
F0060612,
F0060613,
F0060614,
F0060615,
F0060616,
F0060617,
F0060618,
F0060619,
F0060620,
F0060621,
F0060622,
F0060623,positive
F0060624,
F0060625,
F0060626,
F0060627,positive
F0060628,
F0060629,
F0060630,positive
F0060631,
F0060632,slow_dd
F0060633,
F0060634,
F0060635,positive
F0060636,
F0060637,
F0060638,
F0060639,
F0060640,
F0060641,
F0060642,
F0060643,positive
F0060644,
F0060645,
F0060646,
F0060647,
F0060648,
F0060649,
F0060650,
F0060651,
F0060652,positive
F0060653,
F0060654,
F0060655,
F0060656,
F0060657,
F0060658,
F0060659,positive
F0060660,
F0060661,positive
F0060662,positive
F0060663,
F0060664,positive
F0060665,
F0060666,
F0060667,
F0060668,
F0060669,
F0060670,positive
F0060671,walkout
F0060672,
F0060673,
F0060674,
F0060675,documents
F0060676,
F0060677,positive
F0060678,positive
F0060679,
F0060680,
F0060681,
F0060682,
F0060683,positive
F0060684,walkout
F0060685,
F0060686,
F0060687,positive
F0060688,
F0060689,
F0060690,walkout
F0060691,
F0060692,
F0060693,positive
F0060694,
F0060695,
F0060696,
F0060697,
F0060698,
F0060699,positive
F0060700,
F0060701,
F0060702,
F0060703,
F0060704,
F0060705,positive
F0060706,
F0060707,
F0060708,walkout
F0060709,
F0060710,long_wait
F0060711,
F0060712,positive
F0060713,
F0060714,positive
F0060715,
F0060716,
F0060717,walkout
F0060718,
F0060719,
F0060720,walkout
F0060721,
F0060722,
F0060723,
F0060724,
F0060725,
F0060726,
F0060727,
F0060728,
F0060729,
F0060730,
F0060731,positive
F0060732,
F0060733,
F0060734,
F0060735,
F0060736,
F0060737,
F0060738,
F0060739,
F0060740,
F0060741,
F0060742,positive
F0060743,positive
F0060744,
F0060745,
F0060746,
F0060747,
F0060748,
F0060749,
F0060750,positive
F0060751,
F0060752,
F0060753,
F0060754,positive
F0060755,positive
F0060756,
F0060757,
F0060758,
F0060759,
F0060760,
F0060761,
F0060762,
F0060763,positive
F0060764,
F0060765,
F0060766,
F0060767,
F0060768,
F0060769,
F0060770,
F0060771,
F0060772,
F0060773,positive
F0060774,
F0060775,
F0060776,positive
F0060777,slow_dd
F0060778,
F0060779,
F0060780,
F0060781,positive
F0060782,
F0060783,
F0060784,
F0060785,
F0060786,
F0060787,
F0060788,positive
F0060789,
F0060790,
F0060791,
F0060792,
F0060793,
F0060794,positive
F0060795,
F0060796,walkout
F0060797,
F0060798,positive
F0060799,
F0060800,long_wait
F0060801,
F0060802,
F0060803,
F0060804,
F0060805,
F0060806,
F0060807,
F0060808,
F0060809,
F0060810,
F0060811,positive
F0060812,
F0060813,
F0060814,
F0060815,documents
F0060816,
F0060817,
F0060818,
F0060819,long_wait
F0060820,
F0060821,
F0060822,
F0060823,walkout
F0060824,
F0060825,long_wait
F0060826,
F0060827,
F0060828,
F0060829,
F0060830,
F0060831,
F0060832,
F0060833,
F0060834,
F0060835,
F0060836,
F0060837,
F0060838,
F0060839,positive
F0060840,
F0060841,
F0060842,
F0060843,
F0060844,
F0060845,walkout
F0060846,
F0060847,
F0060848,
F0060849,positive
F0060850,
F0060851,
F0060852,
F0060853,
F0060854,
F0060855,positive
F0060856,
F0060857,
F0060858,positive
F0060859,
F0060860,walkout
F0060861,
F0060862,
F0060863,positive
F0060864,positive
F0060865,
F0060866,
F0060867,
F0060868,walkout
F0060869,
F0060870,long_wait
F0060871,lunch
F0060872,
F0060873,
F0060874,
F0060875,positive
F0060876,
F0060877,
F0060878,
F0060879,
F0060880,
F0060881,
F0060882,
F0060883,
F0060884,
F0060885,
F0060886,
F0060887,
F0060888,positive
F0060889,
F0060890,
F0060891,
F0060892,positive
F0060893,
F0060894,
F0060895,
F0060896,
F0060897,
F0060898,
F0060899,
F0060900,positive
F0060901,positive
F0060902,
F0060903,positive
F0060904,
F0060905,walkout
F0060906,
F0060907,positive
F0060908,positive
F0060909,
F0060910,
F0060911,
F0060912,positive
F0060913,
F0060914,positive
F0060915,positive
F0060916,
F0060917,
F0060918,
F0060919,
F0060920,
F0060921,positive
F0060922,
F0060923,
F0060924,
F0060925,
F0060926,
F0060927,positive
F0060928,positive
F0060929,
F0060930,
F0060931,
F0060932,positive
F0060933,
F0060934,
F0060935,
F0060936,
F0060937,
F0060938,positive
F0060939,
F0060940,
F0060941,walkout
F0060942,
F0060943,
F0060944,positive
F0060945,positive
F0060946,
F0060947,
F0060948,
F0060949,
F0060950,
F0060951,
F0060952,positive
F0060953,
F0060954,
F0060955,
F0060956,
F0060957,
F0060958,positive
F0060959,walkout
F0060960,
F0060961,positive
F0060962,walkout
F0060963,positive
F0060964,positive
F0060965,walkout
F0060966,
F0060967,
F0060968,
F0060969,
F0060970,positive
F0060971,
F0060972,
F0060973,
F0060974,
F0060975,positive
F0060976,
F0060977,positive
F0060978,
F0060979,
F0060980,walkout
F0060981,lunch
F0060982,
F0060983,
F0060984,walkout
F0060985,long_wait
F0060986,
F0060987,
F0060988,
F0060989,walkout
F0060990,
F0060991,
F0060992,
F0060993,
F0060994,
F0060995,
F0060996,
F0060997,
F0060998,
F0060999,walkout
F0061000,walkout
F0061001,
F0061002,walkout
F0061003,
F0061004,
F0061005,
F0061006,long_wait
F0061007,
F0061008,
F0061009,
F0061010,walkout
F0061011,walkout
F0061012,positive
F0061013,
F0061014,walkout
F0061015,
F0061016,
F0061017,walkout
F0061018,long_wait
F0061019,
F0061020,walkout
F0061021,
F0061022,
F0061023,
F0061024,
F0061025,
F0061026,long_wait
F0061027,
F0061028,
F0061029,walkout
F0061030,
F0061031,
F0061032,walkout
F0061033,
F0061034,walkout
F0061035,
F0061036,long_wait
F0061037,
F0061038,
F0061039,
F0061040,
F0061041,walkout
F0061042,walkout
F0061043,
F0061044,walkout
F0061045,walkout
F0061046,
F0061047,
F0061048,
F0061049,
F0061050,
F0061051,
F0061052,
F0061053,
F0061054,walkout
F0061055,long_wait
F0061056,
F0061057,
F0061058,
F0061059,
F0061060,
F0061061,positive
F0061062,
F0061063,
F0061064,positive
F0061065,
F0061066,
F0061067,positive
F0061068,
F0061069,positive
F0061070,
F0061071,
F0061072,
F0061073,
F0061074,
F0061075,
F0061076,positive
F0061077,
F0061078,positive
F0061079,
F0061080,
F0061081,
F0061082,
F0061083,
F0061084,
F0061085,positive
F0061086,
F0061087,
F0061088,
F0061089,
F0061090,
F0061091,
F0061092,positive
F0061093,
F0061094,
F0061095,
F0061096,
F0061097,
F0061098,positive
F0061099,
F0061100,
F0061101,
F0061102,
F0061103,positive
F0061104,
F0061105,
F0061106,
F0061107,
F0061108,positive
F0061109,
F0061110,
F0061111,
F0061112,
F0061113,walkout
F0061114,
F0061115,walkout
F0061116,
F0061117,walkout
F0061118,
F0061119,
F0061120,
F0061121,
F0061122,
F0061123,
F0061124,
F0061125,
F0061126,positive
F0061127,positive
F0061128,
F0061129,
F0061130,
F0061131,
F0061132,
F0061133,documents
F0061134,
F0061135,
F0061136,
F0061137,long_wait
F0061138,
F0061139,
F0061140,
F0061141,long_wait
F0061142,
F0061143,
F0061144,
F0061145,
F0061146,
F0061147,walkout
F0061148,
F0061149,
F0061150,seating
F0061151,
F0061152,walkout
F0061153,walkout
F0061154,walkout
F0061155,walkout
F0061156,walkout
F0061157,walkout
F0061158,
F0061159,
F0061160,
F0061161,
F0061162,long_wait
F0061163,positive
F0061164,
F0061165,
F0061166,positive
F0061167,
F0061168,
F0061169,
F0061170,
F0061171,
F0061172,walkout
F0061173,walkout
F0061174,
F0061175,walkout
F0061176,
F0061177,
F0061178,
F0061179,
F0061180,walkout
F0061181,
F0061182,
F0061183,
F0061184,
F0061185,
F0061186,
F0061187,positive
F0061188,
F0061189,
F0061190,
F0061191,
F0061192,
F0061193,
F0061194,
F0061195,
F0061196,positive
F0061197,
F0061198,
F0061199,
F0061200,
F0061201,
F0061202,
F0061203,
F0061204,
F0061205,
F0061206,walkout
F0061207,
F0061208,
F0061209,
F0061210,
F0061211,
F0061212,
F0061213,
F0061214,
F0061215,positive
F0061216,
F0061217,
F0061218,positive
F0061219,
F0061220,
F0061221,walkout
F0061222,
F0061223,
F0061224,positive
F0061225,
F0061226,
F0061227,walkout
F0061228,
F0061229,walkout
F0061230,
F0061231,
F0061232,
F0061233,
F0061234,
F0061235,
F0061236,
F0061237,walkout
F0061238,
F0061239,walkout
F0061240,walkout
F0061241,
F0061242,
F0061243,
F0061244,
F0061245,
F0061246,
F0061247,
F0061248,
F0061249,
F0061250,walkout
F0061251,
F0061252,
F0061253,
F0061254,
F0061255,
F0061256,
F0061257,
F0061258,
F0061259,
F0061260,
F0061261,
F0061262,positive
F0061263,
F0061264,
F0061265,
F0061266,
F0061267,positive
F0061268,
F0061269,
F0061270,
F0061271,positive
F0061272,
F0061273,
F0061274,positive
F0061275,
F0061276,
F0061277,
F0061278,
F0061279,positive
F0061280,
F0061281,
F0061282,walkout
F0061283,
F0061284,
F0061285,
F0061286,
F0061287,
F0061288,
F0061289,
F0061290,
F0061291,
F0061292,positive
F0061293,
F0061294,long_wait
F0061295,
F0061296,
F0061297,
F0061298,positive
F0061299,
F0061300,
F0061301,
F0061302,
F0061303,
F0061304,
F0061305,
F0061306,
F0061307,
F0061308,
F0061309,
F0061310,
F0061311,
F0061312,
F0061313,
F0061314,
F0061315,
F0061316,
F0061317,
F0061318,
F0061319,
F0061320,
F0061321,
F0061322,
F0061323,walkout
F0061324,walkout
F0061325,
F0061326,
F0061327,
F0061328,
F0061329,positive
F0061330,
F0061331,
F0061332,
F0061333,walkout
F0061334,
F0061335,
F0061336,
F0061337,
F0061338,
F0061339,positive
F0061340,
F0061341,
F0061342,
F0061343,
F0061344,
F0061345,
F0061346,
F0061347,
F0061348,positive
F0061349,
F0061350,
F0061351,
F0061352,
F0061353,
F0061354,
F0061355,
F0061356,positive
F0061357,
F0061358,
F0061359,
F0061360,
F0061361,
F0061362,
F0061363,
F0061364,
F0061365,
F0061366,
F0061367,
F0061368,
F0061369,
F0061370,
F0061371,
F0061372,
F0061373,
F0061374,
F0061375,
F0061376,
F0061377,positive
F0061378,
F0061379,
F0061380,walkout
F0061381,
F0061382,
F0061383,positive
F0061384,documents
F0061385,
F0061386,positive
F0061387,
F0061388,positive
F0061389,
F0061390,
F0061391,positive
F0061392,
F0061393,
F0061394,
F0061395,
F0061396,
F0061397,
F0061398,
F0061399,
F0061400,
F0061401,slow_dd
F0061402,
F0061403,
F0061404,
F0061405,
F0061406,positive
F0061407,
F0061408,
F0061409,
F0061410,
F0061411,
F0061412,
F0061413,
F0061414,
F0061415,
F0061416,
F0061417,
F0061418,
F0061419,
F0061420,
F0061421,positive
F0061422,
F0061423,
F0061424,
F0061425,
F0061426,
F0061427,
F0061428,
F0061429,
F0061430,
F0061431,
F0061432,
F0061433,
F0061434,
F0061435,positive
F0061436,
F0061437,positive
F0061438,
F0061439,
F0061440,
F0061441,positive
F0061442,walkout
F0061443,
F0061444,
F0061445,
F0061446,positive
F0061447,
F0061448,positive
F0061449,
F0061450,
F0061451,
F0061452,
F0061453,
F0061454,
F0061455,
F0061456,
F0061457,walkout
F0061458,
F0061459,walkout
F0061460,
F0061461,walkout
F0061462,
F0061463,positive
F0061464,documents
F0061465,positive
F0061466,
F0061467,
F0061468,walkout
F0061469,positive
F0061470,
F0061471,
F0061472,
F0061473,
F0061474,
F0061475,
F0061476,
F0061477,
F0061478,
F0061479,
F0061480,
F0061481,
F0061482,
F0061483,
F0061484,
F0061485,
F0061486,
F0061487,
F0061488,
F0061489,
F0061490,positive
F0061491,
F0061492,positive
F0061493,positive
F0061494,
F0061495,
F0061496,
F0061497,
F0061498,
F0061499,
F0061500,positive
F0061501,
F0061502,
F0061503,
F0061504,positive
F0061505,
F0061506,
F0061507,
F0061508,
F0061509,
F0061510,walkout
F0061511,
F0061512,walkout
F0061513,
F0061514,
F0061515,
F0061516,
F0061517,
F0061518,
F0061519,
F0061520,walkout
F0061521,
F0061522,
F0061523,
F0061524,positive
F0061525,
F0061526,
F0061527,
F0061528,
F0061529,
F0061530,
F0061531,
F0061532,
F0061533,
F0061534,
F0061535,
F0061536,
F0061537,
F0061538,
F0061539,positive
F0061540,
F0061541,
F0061542,
F0061543,
F0061544,
F0061545,
F0061546,
F0061547,positive
F0061548,
F0061549,
F0061550,
F0061551,positive
F0061552,
F0061553,
F0061554,
F0061555,
F0061556,
F0061557,
F0061558,
F0061559,
F0061560,
F0061561,
F0061562,long_wait
F0061563,
F0061564,
F0061565,
F0061566,
F0061567,
F0061568,
F0061569,
F0061570,
F0061571,
F0061572,
F0061573,
F0061574,
F0061575,
F0061576,
F0061577,
F0061578,
F0061579,
F0061580,
F0061581,
F0061582,
F0061583,
F0061584,
F0061585,
F0061586,
F0061587,
F0061588,positive
F0061589,
F0061590,
F0061591,
F0061592,
F0061593,
F0061594,
F0061595,
F0061596,
F0061597,
F0061598,
F0061599,
F0061600,
F0061601,
F0061602,
F0061603,positive
F0061604,
F0061605,
F0061606,
F0061607,
F0061608,
F0061609,
F0061610,
F0061611,positive
F0061612,
F0061613,positive
F0061614,
F0061615,
F0061616,positive
F0061617,
F0061618,
F0061619,
F0061620,
F0061621,
F0061622,positive
F0061623,
F0061624,
F0061625,walkout
F0061626,
F0061627,
F0061628,
F0061629,
F0061630,
F0061631,
F0061632,
F0061633,
F0061634,
F0061635,
F0061636,
F0061637,
F0061638,
F0061639,
F0061640,walkout
F0061641,
F0061642,
F0061643,
F0061644,
F0061645,positive
F0061646,
F0061647,
F0061648,
F0061649,long_wait
F0061650,
F0061651,
F0061652,
F0061653,
F0061654,
F0061655,
F0061656,walkout
F0061657,
F0061658,
F0061659,
F0061660,
F0061661,
F0061662,
F0061663,
F0061664,
F0061665,
F0061666,
F0061667,
F0061668,
F0061669,
F0061670,
F0061671,
F0061672,positive
F0061673,positive
F0061674,
F0061675,
F0061676,
F0061677,positive
F0061678,positive
F0061679,
F0061680,positive
F0061681,
F0061682,
F0061683,
F0061684,
F0061685,
F0061686,
F0061687,
F0061688,
F0061689,
F0061690,
F0061691,
F0061692,
F0061693,
F0061694,positive
F0061695,
F0061696,
F0061697,
F0061698,walkout
F0061699,positive
F0061700,
F0061701,
F0061702,positive
F0061703,
F0061704,positive
F0061705,
F0061706,
F0061707,positive
F0061708,positive
F0061709,
F0061710,walkout
F0061711,
F0061712,positive
F0061713,
F0061714,
F0061715,
F0061716,
F0061717,positive
F0061718,
F0061719,
F0061720,
F0061721,
F0061722,
F0061723,
F0061724,
F0061725,
F0061726,
F0061727,
F0061728,
F0061729,
F0061730,
F0061731,positive
F0061732,
F0061733,
F0061734,
F0061735,
F0061736,
F0061737,
F0061738,
F0061739,
F0061740,
F0061741,
F0061742,
F0061743,
F0061744,
F0061745,positive
F0061746,
F0061747,
F0061748,
F0061749,
F0061750,
F0061751,
F0061752,long_wait
F0061753,
F0061754,
F0061755,
F0061756,
F0061757,
F0061758,
F0061759,
F0061760,
F0061761,
F0061762,walkout
F0061763,
F0061764,
F0061765,
F0061766,positive
F0061767,
F0061768,
F0061769,
F0061770,
F0061771,
F0061772,
F0061773,positive
F0061774,positive
F0061775,
F0061776,
F0061777,
F0061778,
F0061779,
F0061780,
F0061781,walkout
F0061782,
F0061783,
F0061784,
F0061785,
F0061786,
F0061787,
F0061788,
F0061789,
F0061790,
F0061791,
F0061792,
F0061793,
F0061794,
F0061795,positive
F0061796,
F0061797,
F0061798,
F0061799,positive
F0061800,
F0061801,positive
F0061802,
F0061803,
F0061804,positive
F0061805,
F0061806,
F0061807,
F0061808,
F0061809,
F0061810,
F0061811,positive
F0061812,
F0061813,
F0061814,
F0061815,
F0061816,
F0061817,
F0061818,
F0061819,
F0061820,
F0061821,
F0061822,
F0061823,
F0061824,positive
F0061825,
F0061826,
F0061827,
F0061828,
F0061829,long_wait
F0061830,walkout
F0061831,walkout
F0061832,
F0061833,
F0061834,
F0061835,
F0061836,
F0061837,positive
F0061838,
F0061839,
F0061840,
F0061841,
F0061842,
F0061843,
F0061844,
F0061845,positive
F0061846,
F0061847,
F0061848,
F0061849,positive
F0061850,
F0061851,
F0061852,
F0061853,positive
F0061854,
F0061855,
F0061856,positive
F0061857,
F0061858,walkout
F0061859,
F0061860,
F0061861,positive
F0061862,
F0061863,
F0061864,positive
F0061865,
F0061866,
F0061867,
F0061868,positive
F0061869,
F0061870,
F0061871,
F0061872,
F0061873,positive
F0061874,walkout
F0061875,
F0061876,
F0061877,
F0061878,
F0061879,
F0061880,
F0061881,
F0061882,
F0061883,walkout
F0061884,
F0061885,positive
F0061886,
F0061887,
F0061888,
F0061889,
F0061890,
F0061891,positive
F0061892,
F0061893,
F0061894,
F0061895,
F0061896,
F0061897,
F0061898,
F0061899,documents
F0061900,
F0061901,
F0061902,positive
F0061903,positive
F0061904,
F0061905,
F0061906,
F0061907,positive
F0061908,
F0061909,positive
F0061910,
F0061911,
F0061912,
F0061913,
F0061914,
F0061915,
F0061916,
F0061917,positive
F0061918,
F0061919,
F0061920,
F0061921,
F0061922,
F0061923,
F0061924,
F0061925,
F0061926,
F0061927,positive
F0061928,
F0061929,
F0061930,
F0061931,
F0061932,positive
F0061933,
F0061934,
F0061935,
F0061936,
F0061937,positive
F0061938,
F0061939,
F0061940,
F0061941,
F0061942,
F0061943,
F0061944,
F0061945,
F0061946,
F0061947,
F0061948,
F0061949,
F0061950,
F0061951,walkout
F0061952,walkout
F0061953,
F0061954,
F0061955,
F0061956,
F0061957,
F0061958,positive
F0061959,
F0061960,
F0061961,
F0061962,
F0061963,walkout
F0061964,
F0061965,
F0061966,positive
F0061967,positive
F0061968,
F0061969,
F0061970,
F0061971,
F0061972,
F0061973,
F0061974,
F0061975,
F0061976,
F0061977,walkout
F0061978,
F0061979,
F0061980,
F0061981,
F0061982,
F0061983,
F0061984,
F0061985,
F0061986,walkout
F0061987,positive
F0061988,walkout
F0061989,walkout
F0061990,positive
F0061991,walkout
F0061992,
F0061993,
F0061994,
F0061995,
F0061996,
F0061997,
F0061998,positive
F0061999,positive
F0062000,
F0062001,
F0062002,
F0062003,
F0062004,
F0062005,
F0062006,
F0062007,
F0062008,
F0062009,
F0062010,
F0062011,
F0062012,walkout
F0062013,
F0062014,
F0062015,positive
F0062016,
F0062017,
F0062018,
F0062019,
F0062020,
F0062021,
F0062022,
F0062023,
F0062024,walkout
F0062025,
F0062026,
F0062027,positive
F0062028,
F0062029,
F0062030,positive
F0062031,
F0062032,
F0062033,positive
F0062034,
F0062035,
F0062036,positive
F0062037,
F0062038,
F0062039,positive
F0062040,
F0062041,
F0062042,slow_dd
F0062043,
F0062044,
F0062045,
F0062046,
F0062047,
F0062048,positive
F0062049,
F0062050,
F0062051,
F0062052,
F0062053,
F0062054,
F0062055,
F0062056,
F0062057,
F0062058,
F0062059,
F0062060,positive
F0062061,
F0062062,walkout
F0062063,
F0062064,
F0062065,
F0062066,
F0062067,
F0062068,walkout
F0062069,
F0062070,positive
F0062071,
F0062072,positive
F0062073,
F0062074,
F0062075,
F0062076,
F0062077,
F0062078,positive
F0062079,positive
F0062080,positive
F0062081,
F0062082,
F0062083,walkout
F0062084,
F0062085,
F0062086,
F0062087,
F0062088,
F0062089,
F0062090,
F0062091,
F0062092,
F0062093,
F0062094,
F0062095,
F0062096,
F0062097,
F0062098,
F0062099,
F0062100,
F0062101,positive
F0062102,
F0062103,positive
F0062104,
F0062105,
F0062106,positive
F0062107,
F0062108,
F0062109,
F0062110,
F0062111,
F0062112,walkout
F0062113,
F0062114,
F0062115,
F0062116,
F0062117,
F0062118,
F0062119,
F0062120,
F0062121,
F0062122,
F0062123,
F0062124,walkout
F0062125,
F0062126,
F0062127,
F0062128,
F0062129,
F0062130,
F0062131,
F0062132,
F0062133,
F0062134,
F0062135,
F0062136,
F0062137,
F0062138,
F0062139,positive
F0062140,
F0062141,positive
F0062142,positive
F0062143,
F0062144,
F0062145,
F0062146,
F0062147,
F0062148,walkout
F0062149,
F0062150,
F0062151,
F0062152,
F0062153,
F0062154,
F0062155,
F0062156,positive
F0062157,positive
F0062158,
F0062159,
F0062160,
F0062161,positive
F0062162,
F0062163,
F0062164,positive
F0062165,
F0062166,
F0062167,walkout
F0062168,
F0062169,
F0062170,walkout
F0062171,
F0062172,
F0062173,
F0062174,
F0062175,
F0062176,
F0062177,
F0062178,
F0062179,walkout
F0062180,
F0062181,
F0062182,
F0062183,
F0062184,positive
F0062185,
F0062186,
F0062187,
F0062188,
F0062189,
F0062190,
F0062191,
F0062192,
F0062193,
F0062194,positive
F0062195,
F0062196,
F0062197,
F0062198,
F0062199,walkout
F0062200,
F0062201,
F0062202,
F0062203,
F0062204,walkout
F0062205,
F0062206,
F0062207,
F0062208,walkout
F0062209,positive
F0062210,positive
F0062211,walkout
F0062212,
F0062213,
F0062214,
F0062215,walkout
F0062216,
F0062217,
F0062218,
F0062219,
F0062220,
F0062221,walkout
F0062222,
F0062223,
F0062224,
F0062225,
F0062226,
F0062227,
F0062228,positive
F0062229,walkout
F0062230,
F0062231,
F0062232,
F0062233,walkout
F0062234,walkout
F0062235,
F0062236,
F0062237,
F0062238,
F0062239,
F0062240,positive
F0062241,
F0062242,
F0062243,
F0062244,
F0062245,
F0062246,
F0062247,
F0062248,
F0062249,
F0062250,
F0062251,long_wait
F0062252,positive
F0062253,
F0062254,
F0062255,
F0062256,
F0062257,positive
F0062258,
F0062259,
F0062260,
F0062261,
F0062262,
F0062263,
F0062264,
F0062265,
F0062266,
F0062267,positive
F0062268,
F0062269,walkout
F0062270,walkout
F0062271,walkout
F0062272,long_wait
F0062273,
F0062274,
F0062275,
F0062276,
F0062277,
F0062278,
F0062279,positive
F0062280,
F0062281,
F0062282,
F0062283,
F0062284,
F0062285,positive
F0062286,positive
F0062287,
F0062288,
F0062289,
F0062290,
F0062291,
F0062292,
F0062293,
F0062294,walkout
F0062295,
F0062296,
F0062297,positive
F0062298,walkout
F0062299,
F0062300,
F0062301,
F0062302,positive
F0062303,walkout
F0062304,
F0062305,lunch
F0062306,
F0062307,
F0062308,
F0062309,walkout
F0062310,
F0062311,positive
F0062312,
F0062313,
F0062314,long_wait
F0062315,
F0062316,positive
F0062317,
F0062318,
F0062319,
F0062320,
F0062321,
F0062322,
F0062323,
F0062324,
F0062325,
F0062326,
F0062327,
F0062328,
F0062329,walkout
F0062330,
F0062331,
F0062332,walkout
F0062333,
F0062334,
F0062335,
F0062336,
F0062337,
F0062338,
F0062339,
F0062340,
F0062341,long_wait
F0062342,
F0062343,
F0062344,walkout
F0062345,
F0062346,
F0062347,
F0062348,
F0062349,walkout
F0062350,positive
F0062351,
F0062352,
F0062353,
F0062354,
F0062355,
F0062356,positive
F0062357,
F0062358,
F0062359,
F0062360,
F0062361,
F0062362,
F0062363,
F0062364,
F0062365,walkout
F0062366,
F0062367,
F0062368,
F0062369,
F0062370,
F0062371,
F0062372,
F0062373,
F0062374,positive
F0062375,
F0062376,
F0062377,
F0062378,
F0062379,
F0062380,
F0062381,
F0062382,
F0062383,
F0062384,
F0062385,
F0062386,
F0062387,
F0062388,
F0062389,
F0062390,
F0062391,
F0062392,long_wait
F0062393,
F0062394,
F0062395,
F0062396,positive
F0062397,
F0062398,
F0062399,positive
F0062400,
F0062401,
F0062402,
F0062403,
F0062404,positive
F0062405,
F0062406,positive
F0062407,
F0062408,
F0062409,
F0062410,
F0062411,
F0062412,
F0062413,
F0062414,
F0062415,
F0062416,
F0062417,
F0062418,positive
F0062419,
F0062420,positive
F0062421,
F0062422,
F0062423,
F0062424,
F0062425,
F0062426,documents
F0062427,
F0062428,
F0062429,
F0062430,
F0062431,
F0062432,
F0062433,
F0062434,positive
F0062435,
F0062436,positive
F0062437,
F0062438,
F0062439,
F0062440,
F0062441,
F0062442,
F0062443,positive
F0062444,
F0062445,
F0062446,
F0062447,
F0062448,
F0062449,
F0062450,
F0062451,walkout
F0062452,
F0062453,
F0062454,
F0062455,
F0062456,walkout
F0062457,
F0062458,
F0062459,walkout
F0062460,
F0062461,
F0062462,
F0062463,
F0062464,
F0062465,
F0062466,walkout
F0062467,walkout
F0062468,walkout
F0062469,
F0062470,walkout
F0062471,
F0062472,walkout
F0062473,walkout
F0062474,walkout
F0062475,
F0062476,
F0062477,walkout
F0062478,
F0062479,walkout
F0062480,walkout
F0062481,
F0062482,
F0062483,walkout
F0062484,
F0062485,positive
F0062486,walkout
F0062487,
F0062488,
F0062489,
F0062490,
F0062491,lunch
F0062492,
F0062493,walkout
F0062494,
F0062495,
F0062496,
F0062497,walkout
F0062498,walkout
F0062499,walkout
F0062500,
F0062501,
F0062502,walkout
F0062503,
F0062504,
F0062505,positive
F0062506,walkout
F0062507,
F0062508,long_wait
F0062509,positive
F0062510,
F0062511,long_wait
F0062512,walkout
F0062513,walkout
F0062514,
F0062515,walkout
F0062516,walkout
F0062517,
F0062518,
F0062519,
F0062520,positive
F0062521,positive
F0062522,
F0062523,
F0062524,positive
F0062525,
F0062526,
F0062527,
F0062528,
F0062529,
F0062530,
F0062531,
F0062532,
F0062533,
F0062534,
F0062535,
F0062536,walkout
F0062537,
F0062538,positive
F0062539,
F0062540,
F0062541,
F0062542,long_wait
F0062543,
F0062544,
F0062545,positive
F0062546,
F0062547,walkout
F0062548,slow_dd
F0062549,
F0062550,
F0062551,
F0062552,
F0062553,
F0062554,
F0062555,
F0062556,walkout
F0062557,
F0062558,positive
F0062559,
F0062560,
F0062561,positive
F0062562,
F0062563,
F0062564,
F0062565,
F0062566,
F0062567,
F0062568,
F0062569,positive
F0062570,
F0062571,walkout
F0062572,
F0062573,
F0062574,
F0062575,
F0062576,
F0062577,
F0062578,
F0062579,
F0062580,
F0062581,
F0062582,
F0062583,
F0062584,
F0062585,positive
F0062586,positive
F0062587,walkout
F0062588,
F0062589,
F0062590,
F0062591,
F0062592,
F0062593,
F0062594,positive
F0062595,
F0062596,positive
F0062597,
F0062598,
F0062599,
F0062600,
F0062601,
F0062602,
F0062603,
F0062604,
F0062605,
F0062606,
F0062607,
F0062608,
F0062609,
F0062610,
F0062611,
F0062612,positive
F0062613,
F0062614,
F0062615,
F0062616,
F0062617,positive
F0062618,
F0062619,positive
F0062620,
F0062621,documents
F0062622,
F0062623,
F0062624,
F0062625,
F0062626,
F0062627,
F0062628,
F0062629,
F0062630,positive
F0062631,
F0062632,
F0062633,positive
F0062634,positive
F0062635,
F0062636,
F0062637,
F0062638,
F0062639,
F0062640,
F0062641,walkout
F0062642,
F0062643,
F0062644,
F0062645,
F0062646,
F0062647,
F0062648,
F0062649,
F0062650,
F0062651,
F0062652,positive
F0062653,
F0062654,
F0062655,
F0062656,
F0062657,
F0062658,
F0062659,positive
F0062660,
F0062661,documents
F0062662,
F0062663,
F0062664,positive
F0062665,positive
F0062666,
F0062667,positive
F0062668,
F0062669,
F0062670,
F0062671,
F0062672,
F0062673,walkout
F0062674,long_wait
F0062675,long_wait
F0062676,positive
F0062677,
F0062678,positive
F0062679,
F0062680,
F0062681,
F0062682,
F0062683,
F0062684,
F0062685,
F0062686,
F0062687,
F0062688,
F0062689,positive
F0062690,
F0062691,walkout
F0062692,
F0062693,positive
F0062694,
F0062695,
F0062696,
F0062697,
F0062698,positive
F0062699,
F0062700,
F0062701,
F0062702,
F0062703,
F0062704,
F0062705,positive
F0062706,
F0062707,
F0062708,
F0062709,
F0062710,
F0062711,
F0062712,
F0062713,
F0062714,
F0062715,
F0062716,
F0062717,
F0062718,
F0062719,
F0062720,
F0062721,
F0062722,
F0062723,
F0062724,
F0062725,
F0062726,positive
F0062727,
F0062728,
F0062729,positive
F0062730,
F0062731,
F0062732,
F0062733,
F0062734,
F0062735,
F0062736,positive
F0062737,
F0062738,
F0062739,
F0062740,
F0062741,
F0062742,
F0062743,
F0062744,
F0062745,
F0062746,
F0062747,walkout
F0062748,
F0062749,lunch
F0062750,
F0062751,
F0062752,
F0062753,positive
F0062754,positive
F0062755,
F0062756,
F0062757,positive
F0062758,positive
F0062759,
F0062760,
F0062761,
F0062762,
F0062763,
F0062764,
F0062765,
F0062766,
F0062767,
F0062768,
F0062769,walkout
F0062770,
F0062771,
F0062772,
F0062773,
F0062774,
F0062775,
F0062776,
F0062777,positive
F0062778,
F0062779,
F0062780,positive
F0062781,
F0062782,
F0062783,seating
F0062784,
F0062785,
F0062786,
F0062787,
F0062788,walkout
F0062789,
F0062790,positive
F0062791,walkout
F0062792,
F0062793,
F0062794,
F0062795,
F0062796,
F0062797,
F0062798,
F0062799,
F0062800,
F0062801,
F0062802,
F0062803,walkout
F0062804,
F0062805,
F0062806,
F0062807,
F0062808,
F0062809,
F0062810,walkout
F0062811,
F0062812,documents
F0062813,
F0062814,walkout
F0062815,walkout
F0062816,
F0062817,positive
F0062818,
F0062819,
F0062820,
F0062821,walkout
F0062822,
F0062823,
F0062824,
F0062825,
F0062826,
F0062827,positive
F0062828,
F0062829,
F0062830,
F0062831,
F0062832,
F0062833,
F0062834,
F0062835,
F0062836,
F0062837,
F0062838,
F0062839,
F0062840,
F0062841,
F0062842,
F0062843,
F0062844,positive
F0062845,positive
F0062846,
F0062847,
F0062848,
F0062849,
F0062850,
F0062851,
F0062852,
F0062853,
F0062854,
F0062855,
F0062856,
F0062857,
F0062858,
F0062859,
F0062860,
F0062861,
F0062862,
F0062863,positive
F0062864,
F0062865,
F0062866,
F0062867,
F0062868,
F0062869,
F0062870,
F0062871,
F0062872,
F0062873,
F0062874,
F0062875,
F0062876,
F0062877,
F0062878,
F0062879,positive
F0062880,
F0062881,
F0062882,
F0062883,
F0062884,
F0062885,
F0062886,
F0062887,
F0062888,
F0062889,
F0062890,positive
F0062891,
F0062892,
F0062893,
F0062894,
F0062895,positive
F0062896,walkout
F0062897,
F0062898,
F0062899,
F0062900,
F0062901,documents
F0062902,positive
F0062903,positive
F0062904,
F0062905,
F0062906,
F0062907,
F0062908,
F0062909,
F0062910,
F0062911,
F0062912,
F0062913,
F0062914,
F0062915,positive
F0062916,
F0062917,
F0062918,
F0062919,
F0062920,
F0062921,positive
F0062922,
F0062923,
F0062924,
F0062925,
F0062926,
F0062927,
F0062928,
F0062929,
F0062930,
F0062931,
F0062932,
F0062933,
F0062934,
F0062935,
F0062936,
F0062937,
F0062938,
F0062939,
F0062940,
F0062941,
F0062942,
F0062943,
F0062944,
F0062945,
F0062946,positive
F0062947,
F0062948,
F0062949,
F0062950,
F0062951,positive
F0062952,
F0062953,
F0062954,
F0062955,
F0062956,
F0062957,
F0062958,
F0062959,
F0062960,
F0062961,
F0062962,positive
F0062963,
F0062964,
F0062965,
F0062966,
F0062967,
F0062968,positive
F0062969,
F0062970,slow_dd
F0062971,positive
F0062972,
F0062973,
F0062974,
F0062975,
F0062976,
F0062977,
F0062978,positive
F0062979,
F0062980,
F0062981,
F0062982,
F0062983,
F0062984,
F0062985,
F0062986,positive
F0062987,
F0062988,
F0062989,walkout
F0062990,
F0062991,positive
F0062992,positive
F0062993,walkout
F0062994,
F0062995,
F0062996,
F0062997,walkout
F0062998,
F0062999,
F0063000,positive
F0063001,
F0063002,documents
F0063003,
F0063004,positive
F0063005,
F0063006,
F0063007,
F0063008,
F0063009,
F0063010,positive
F0063011,
F0063012,
F0063013,
F0063014,
F0063015,
F0063016,positive
F0063017,
F0063018,
F0063019,
F0063020,positive
F0063021,
F0063022,
F0063023,positive
F0063024,
F0063025,
F0063026,walkout
F0063027,
F0063028,
F0063029,
F0063030,positive
F0063031,
F0063032,
F0063033,
F0063034,
F0063035,
F0063036,positive
F0063037,positive
F0063038,
F0063039,
F0063040,
F0063041,positive
F0063042,
F0063043,walkout
F0063044,
F0063045,walkout
F0063046,
F0063047,
F0063048,lunch
F0063049,
F0063050,
F0063051,
F0063052,
F0063053,
F0063054,
F0063055,
F0063056,
F0063057,
F0063058,
F0063059,positive
F0063060,
F0063061,positive
F0063062,
F0063063,
F0063064,
F0063065,
F0063066,
F0063067,
F0063068,
F0063069,
F0063070,
F0063071,
F0063072,
F0063073,
F0063074,
F0063075,positive
F0063076,
F0063077,
F0063078,
F0063079,
F0063080,
F0063081,
F0063082,
F0063083,
F0063084,walkout
F0063085,
F0063086,
F0063087,
F0063088,positive
F0063089,
F0063090,
F0063091,
F0063092,
F0063093,
F0063094,walkout
F0063095,
F0063096,
F0063097,
F0063098,
F0063099,positive
F0063100,
F0063101,positive
F0063102,
F0063103,
F0063104,walkout
F0063105,
F0063106,
F0063107,walkout
F0063108,walkout
F0063109,
F0063110,
F0063111,
F0063112,
F0063113,walkout
F0063114,
F0063115,long_wait
F0063116,
F0063117,
F0063118,
F0063119,walkout
F0063120,walkout
F0063121,walkout
F0063122,
F0063123,
F0063124,
F0063125,
F0063126,
F0063127,walkout
F0063128,walkout
F0063129,
F0063130,
F0063131,
F0063132,
F0063133,
F0063134,walkout
F0063135,
F0063136,
F0063137,walkout
F0063138,
F0063139,walkout
F0063140,
F0063141,
F0063142,
F0063143,
F0063144,
F0063145,walkout
F0063146,
F0063147,
F0063148,positive
F0063149,
F0063150,
F0063151,
F0063152,walkout
F0063153,
F0063154,
F0063155,walkout
F0063156,walkout
F0063157,
F0063158,
F0063159,
F0063160,
F0063161,
F0063162,walkout
F0063163,
F0063164,walkout
F0063165,long_wait
F0063166,walkout
F0063167,
F0063168,
F0063169,
F0063170,long_wait
F0063171,
F0063172,walkout
F0063173,
F0063174,
F0063175,
F0063176,walkout
F0063177,
F0063178,walkout
F0063179,
F0063180,
F0063181,
F0063182,long_wait
F0063183,
F0063184,long_wait
F0063185,
F0063186,
F0063187,
F0063188,
F0063189,lunch
F0063190,
F0063191,
F0063192,walkout
F0063193,
F0063194,
F0063195,
F0063196,
F0063197,
F0063198,positive
F0063199,walkout
F0063200,
F0063201,
F0063202,
F0063203,
F0063204,
F0063205,
F0063206,
F0063207,
F0063208,
F0063209,
F0063210,
F0063211,
F0063212,
F0063213,positive
F0063214,
F0063215,
F0063216,long_wait
F0063217,
F0063218,positive
F0063219,
F0063220,
F0063221,
F0063222,
F0063223,
F0063224,
F0063225,
F0063226,
F0063227,positive
F0063228,
F0063229,walkout
F0063230,
F0063231,slow_dd
F0063232,walkout
F0063233,
F0063234,
F0063235,walkout
F0063236,
F0063237,
F0063238,
F0063239,long_wait
F0063240,
F0063241,
F0063242,
F0063243,
F0063244,
F0063245,walkout
F0063246,lunch
F0063247,
F0063248,
F0063249,walkout
F0063250,
F0063251,
F0063252,
F0063253,
F0063254,
F0063255,
F0063256,
F0063257,
F0063258,
F0063259,
F0063260,positive
F0063261,
F0063262,
F0063263,
F0063264,positive
F0063265,
F0063266,
F0063267,
F0063268,
F0063269,positive
F0063270,
F0063271,
F0063272,walkout
F0063273,
F0063274,
F0063275,positive
F0063276,
F0063277,walkout
F0063278,
F0063279,
F0063280,
F0063281,
F0063282,
F0063283,walkout
F0063284,
F0063285,walkout
F0063286,
F0063287,
F0063288,
F0063289,
F0063290,walkout
F0063291,
F0063292,walkout
F0063293,
F0063294,
F0063295,walkout
F0063296,
F0063297,
F0063298,walkout
F0063299,
F0063300,walkout
F0063301,
F0063302,
F0063303,walkout
F0063304,walkout
F0063305,walkout
F0063306,walkout
F0063307,walkout
F0063308,walkout
F0063309,
F0063310,walkout
F0063311,
F0063312,
F0063313,
F0063314,
F0063315,
F0063316,walkout
F0063317,
F0063318,
F0063319,
F0063320,
F0063321,walkout
F0063322,
F0063323,
F0063324,walkout
F0063325,walkout
F0063326,walkout
F0063327,
F0063328,walkout
F0063329,walkout
F0063330,walkout
F0063331,
F0063332,
F0063333,
F0063334,walkout
F0063335,
F0063336,long_wait
F0063337,long_wait
F0063338,
F0063339,walkout
F0063340,
F0063341,documents
F0063342,positive
F0063343,walkout
F0063344,
F0063345,long_wait
F0063346,
F0063347,walkout
F0063348,
F0063349,walkout
F0063350,walkout
F0063351,
F0063352,
F0063353,
F0063354,long_wait
F0063355,
F0063356,walkout
F0063357,walkout
F0063358,walkout
F0063359,walkout
F0063360,walkout
F0063361,walkout
F0063362,walkout
F0063363,
F0063364,walkout
F0063365,walkout
F0063366,
F0063367,
F0063368,
F0063369,
F0063370,
F0063371,
F0063372,
F0063373,lunch
F0063374,
F0063375,lunch
F0063376,walkout
F0063377,
F0063378,walkout
F0063379,
F0063380,
F0063381,
F0063382,
F0063383,
F0063384,walkout
F0063385,
F0063386,
F0063387,walkout
F0063388,
F0063389,positive
F0063390,walkout
F0063391,
F0063392,long_wait
F0063393,
F0063394,
F0063395,
F0063396,walkout
F0063397,
F0063398,
F0063399,
F0063400,
F0063401,
F0063402,
F0063403,positive
F0063404,walkout
F0063405,walkout
F0063406,positive
F0063407,
F0063408,
F0063409,
F0063410,
F0063411,positive
F0063412,
F0063413,
F0063414,
F0063415,
F0063416,
F0063417,
F0063418,
F0063419,walkout
F0063420,long_wait
F0063421,
F0063422,
F0063423,walkout
F0063424,
F0063425,
F0063426,
F0063427,walkout
F0063428,walkout
F0063429,
F0063430,
F0063431,
F0063432,
F0063433,walkout
F0063434,
F0063435,walkout
F0063436,walkout
F0063437,
F0063438,
F0063439,
F0063440,
F0063441,
F0063442,
F0063443,positive
F0063444,
F0063445,
F0063446,
F0063447,
F0063448,
F0063449,walkout
F0063450,
F0063451,
F0063452,
F0063453,
F0063454,
F0063455,
F0063456,
F0063457,
F0063458,
F0063459,
F0063460,
F0063461,walkout
F0063462,
F0063463,
F0063464,walkout
F0063465,
F0063466,walkout
F0063467,
F0063468,
F0063469,
F0063470,
F0063471,walkout
F0063472,
F0063473,
F0063474,
F0063475,walkout
F0063476,
F0063477,
F0063478,
F0063479,
F0063480,walkout
F0063481,
F0063482,
F0063483,walkout
F0063484,
F0063485,
F0063486,
F0063487,
F0063488,
F0063489,
F0063490,
F0063491,
F0063492,
F0063493,
F0063494,positive
F0063495,
F0063496,walkout
F0063497,
F0063498,
F0063499,
F0063500,
F0063501,
F0063502,
F0063503,positive
F0063504,
F0063505,positive
F0063506,
F0063507,long_wait
F0063508,
F0063509,
F0063510,
F0063511,
F0063512,
F0063513,
F0063514,
F0063515,walkout
F0063516,
F0063517,
F0063518,
F0063519,
F0063520,positive
F0063521,
F0063522,
F0063523,
F0063524,
F0063525,
F0063526,
F0063527,
F0063528,
F0063529,
F0063530,
F0063531,
F0063532,
F0063533,
F0063534,
F0063535,
F0063536,
F0063537,slow_dd
F0063538,
F0063539,
F0063540,
F0063541,
F0063542,
F0063543,walkout
F0063544,
F0063545,
F0063546,
F0063547,
F0063548,walkout
F0063549,
F0063550,walkout
F0063551,
F0063552,positive
F0063553,
F0063554,
F0063555,
F0063556,
F0063557,
F0063558,
F0063559,
F0063560,
F0063561,
F0063562,
F0063563,
F0063564,
F0063565,
F0063566,
F0063567,
F0063568,
F0063569,
F0063570,
F0063571,
F0063572,positive
F0063573,
F0063574,positive
F0063575,
F0063576,
F0063577,
F0063578,
F0063579,
F0063580,
F0063581,
F0063582,
F0063583,
F0063584,
F0063585,
F0063586,
F0063587,
F0063588,positive
F0063589,
F0063590,
F0063591,documents
F0063592,
F0063593,
F0063594,
F0063595,seating
F0063596,walkout
F0063597,
F0063598,
F0063599,walkout
F0063600,walkout
F0063601,walkout
F0063602,
F0063603,long_wait
F0063604,
F0063605,
F0063606,
F0063607,
F0063608,walkout
F0063609,
F0063610,
F0063611,walkout
F0063612,
F0063613,
F0063614,positive
F0063615,
F0063616,walkout
F0063617,walkout
F0063618,
F0063619,
F0063620,
F0063621,
F0063622,walkout
F0063623,
F0063624,
F0063625,walkout
F0063626,
F0063627,positive
F0063628,
F0063629,
F0063630,
F0063631,long_wait
F0063632,
F0063633,
F0063634,
F0063635,
F0063636,
F0063637,walkout
F0063638,
F0063639,
F0063640,walkout
F0063641,positive
F0063642,
F0063643,
F0063644,
F0063645,
F0063646,positive
F0063647,
F0063648,
F0063649,
F0063650,
F0063651,
F0063652,
F0063653,
F0063654,
F0063655,
F0063656,walkout
F0063657,
F0063658,
F0063659,positive
F0063660,
F0063661,
F0063662,positive
F0063663,
F0063664,
F0063665,
F0063666,
F0063667,walkout
F0063668,
F0063669,
F0063670,
F0063671,
F0063672,
F0063673,
F0063674,
F0063675,
F0063676,
F0063677,
F0063678,
F0063679,
F0063680,
F0063681,
F0063682,
F0063683,walkout
F0063684,
F0063685,
F0063686,
F0063687,
F0063688,walkout
F0063689,long_wait
F0063690,
F0063691,
F0063692,
F0063693,
F0063694,
F0063695,
F0063696,
F0063697,
F0063698,
F0063699,positive
F0063700,
F0063701,walkout
F0063702,
F0063703,
F0063704,
F0063705,walkout
F0063706,walkout
F0063707,
F0063708,positive
F0063709,
F0063710,walkout
F0063711,positive
F0063712,walkout
F0063713,
F0063714,
F0063715,
F0063716,
F0063717,
F0063718,
F0063719,
F0063720,walkout
F0063721,
F0063722,
F0063723,
F0063724,
F0063725,
F0063726,
F0063727,
F0063728,
F0063729,
F0063730,
F0063731,
F0063732,
F0063733,
F0063734,walkout
F0063735,
F0063736,
F0063737,
F0063738,
F0063739,
F0063740,
F0063741,
F0063742,
F0063743,
F0063744,
F0063745,walkout
F0063746,
F0063747,documents
F0063748,
F0063749,
F0063750,positive
F0063751,
F0063752,
F0063753,positive
F0063754,
F0063755,
F0063756,
F0063757,walkout
F0063758,
F0063759,
F0063760,
F0063761,
F0063762,
F0063763,walkout
F0063764,positive
F0063765,
F0063766,
F0063767,
F0063768,
F0063769,
F0063770,
F0063771,
F0063772,
F0063773,positive
F0063774,
F0063775,
F0063776,
F0063777,
F0063778,
F0063779,walkout
F0063780,
F0063781,
F0063782,
F0063783,
F0063784,
F0063785,
F0063786,
F0063787,
F0063788,
F0063789,
F0063790,
F0063791,
F0063792,positive
F0063793,
F0063794,
F0063795,
F0063796,
F0063797,
F0063798,
F0063799,
F0063800,
F0063801,
F0063802,positive
F0063803,
F0063804,
F0063805,
F0063806,
F0063807,
F0063808,
F0063809,
F0063810,
F0063811,
F0063812,
F0063813,
F0063814,positive
F0063815,positive
F0063816,
F0063817,
F0063818,
F0063819,positive
F0063820,
F0063821,
F0063822,
F0063823,
F0063824,positive
F0063825,
F0063826,
F0063827,
F0063828,
F0063829,
F0063830,
F0063831,
F0063832,
F0063833,
F0063834,
F0063835,
F0063836,
F0063837,
F0063838,
F0063839,
F0063840,
F0063841,positive
F0063842,
F0063843,
F0063844,
F0063845,documents
F0063846,
F0063847,
F0063848,
F0063849,
F0063850,
F0063851,
F0063852,
F0063853,positive
F0063854,
F0063855,
F0063856,
F0063857,
F0063858,
F0063859,
F0063860,
F0063861,
F0063862,
F0063863,
F0063864,
F0063865,walkout
F0063866,
F0063867,
F0063868,
F0063869,
F0063870,
F0063871,
F0063872,
F0063873,
F0063874,
F0063875,walkout
F0063876,long_wait
F0063877,
F0063878,
F0063879,
F0063880,walkout
F0063881,
F0063882,walkout
F0063883,
F0063884,
F0063885,
F0063886,
F0063887,
F0063888,
F0063889,
F0063890,
F0063891,
F0063892,
F0063893,
F0063894,positive
F0063895,positive
F0063896,
F0063897,
F0063898,walkout
F0063899,
F0063900,
F0063901,
F0063902,
F0063903,
F0063904,
F0063905,
F0063906,
F0063907,
F0063908,positive
F0063909,
F0063910,
F0063911,
F0063912,
F0063913,
F0063914,
F0063915,
F0063916,
F0063917,positive
F0063918,positive
F0063919,
F0063920,long_wait
F0063921,
F0063922,
F0063923,positive
F0063924,
F0063925,
F0063926,positive
F0063927,positive
F0063928,
F0063929,
F0063930,positive
F0063931,
F0063932,
F0063933,
F0063934,
F0063935,
F0063936,
F0063937,
F0063938,
F0063939,
F0063940,walkout
F0063941,walkout
F0063942,
F0063943,
F0063944,
F0063945,
F0063946,
F0063947,
F0063948,positive
F0063949,
F0063950,
F0063951,positive
F0063952,positive
F0063953,
F0063954,
F0063955,
F0063956,
F0063957,
F0063958,
F0063959,
F0063960,
F0063961,
F0063962,
F0063963,positive
F0063964,
F0063965,
F0063966,
F0063967,
F0063968,
F0063969,positive
F0063970,
F0063971,
F0063972,
F0063973,
F0063974,
F0063975,
F0063976,
F0063977,positive
F0063978,
F0063979,positive
F0063980,positive
F0063981,
F0063982,
F0063983,walkout
F0063984,long_wait
F0063985,walkout
F0063986,
F0063987,
F0063988,
F0063989,
F0063990,
F0063991,
F0063992,
F0063993,
F0063994,
F0063995,
F0063996,
F0063997,
F0063998,positive
F0063999,
F0064000,
F0064001,
F0064002,
F0064003,
F0064004,
F0064005,
F0064006,
F0064007,
F0064008,
F0064009,
F0064010,
F0064011,
F0064012,long_wait
F0064013,
F0064014,positive
F0064015,
F0064016,
F0064017,
F0064018,
F0064019,
F0064020,
F0064021,
F0064022,
F0064023,
F0064024,
F0064025,walkout
F0064026,positive
F0064027,
F0064028,walkout
F0064029,positive
F0064030,
F0064031,
F0064032,
F0064033,
F0064034,
F0064035,positive
F0064036,
F0064037,
F0064038,
F0064039,
F0064040,
F0064041,
F0064042,
F0064043,
F0064044,
F0064045,
F0064046,
F0064047,
F0064048,
F0064049,
F0064050,
F0064051,
F0064052,
F0064053,
F0064054,walkout
F0064055,
F0064056,
F0064057,
F0064058,
F0064059,
F0064060,
F0064061,positive
F0064062,
F0064063,
F0064064,
F0064065,
F0064066,
F0064067,
F0064068,positive
F0064069,
F0064070,
F0064071,
F0064072,walkout
F0064073,
F0064074,
F0064075,
F0064076,
F0064077,
F0064078,
F0064079,
F0064080,
F0064081,
F0064082,
F0064083,
F0064084,
F0064085,
F0064086,
F0064087,
F0064088,
F0064089,
F0064090,
F0064091,
F0064092,
F0064093,
F0064094,positive
F0064095,
F0064096,
F0064097,
F0064098,positive
F0064099,
F0064100,positive
F0064101,positive
F0064102,
F0064103,
F0064104,
F0064105,
F0064106,
F0064107,
F0064108,
F0064109,
F0064110,
F0064111,
F0064112,
F0064113,
F0064114,
F0064115,
F0064116,positive
F0064117,
F0064118,
F0064119,positive
F0064120,
F0064121,positive
F0064122,
F0064123,
F0064124,long_wait
F0064125,
F0064126,
F0064127,
F0064128,
F0064129,positive
F0064130,
F0064131,
F0064132,
F0064133,
F0064134,
F0064135,
F0064136,
F0064137,
F0064138,
F0064139,
F0064140,
F0064141,
F0064142,
F0064143,
F0064144,
F0064145,
F0064146,
F0064147,
F0064148,positive
F0064149,
F0064150,
F0064151,
F0064152,positive
F0064153,
F0064154,
F0064155,
F0064156,
F0064157,walkout
F0064158,walkout
F0064159,
F0064160,
F0064161,
F0064162,
F0064163,walkout
F0064164,walkout
F0064165,
F0064166,
F0064167,
F0064168,walkout
F0064169,
F0064170,long_wait
F0064171,
F0064172,long_wait
F0064173,
F0064174,
F0064175,
F0064176,
F0064177,
F0064178,
F0064179,
F0064180,positive
F0064181,
F0064182,
F0064183,walkout
F0064184,
F0064185,
F0064186,walkout
F0064187,
F0064188,walkout
F0064189,
F0064190,
F0064191,
F0064192,
F0064193,
F0064194,
F0064195,
F0064196,
F0064197,
F0064198,
F0064199,
F0064200,
F0064201,
F0064202,
F0064203,
F0064204,
F0064205,walkout
F0064206,
F0064207,
F0064208,walkout
F0064209,
F0064210,
F0064211,
F0064212,positive
F0064213,positive
F0064214,positive
F0064215,
F0064216,
F0064217,
F0064218,
F0064219,
F0064220,
F0064221,
F0064222,
F0064223,
F0064224,
F0064225,
F0064226,positive
F0064227,
F0064228,
F0064229,
F0064230,
F0064231,walkout
F0064232,
F0064233,
F0064234,
F0064235,
F0064236,
F0064237,
F0064238,
F0064239,
F0064240,
F0064241,positive
F0064242,lunch
F0064243,
F0064244,
F0064245,
F0064246,
F0064247,
F0064248,
F0064249,
F0064250,
F0064251,
F0064252,
F0064253,positive
F0064254,
F0064255,
F0064256,walkout
F0064257,
F0064258,
F0064259,
F0064260,
F0064261,
F0064262,
F0064263,
F0064264,
F0064265,
F0064266,
F0064267,
F0064268,
F0064269,
F0064270,
F0064271,
F0064272,
F0064273,walkout
F0064274,
F0064275,
F0064276,
F0064277,
F0064278,walkout
F0064279,positive
F0064280,
F0064281,
F0064282,
F0064283,
F0064284,
F0064285,
F0064286,
F0064287,positive
F0064288,
F0064289,positive
F0064290,
F0064291,
F0064292,
F0064293,
F0064294,
F0064295,
F0064296,
F0064297,
F0064298,
F0064299,walkout
F0064300,
F0064301,positive
F0064302,positive
F0064303,
F0064304,positive
F0064305,
F0064306,
F0064307,
F0064308,
F0064309,
F0064310,
F0064311,
F0064312,
F0064313,walkout
F0064314,
F0064315,walkout
F0064316,
F0064317,
F0064318,
F0064319,
F0064320,
F0064321,
F0064322,
F0064323,
F0064324,
F0064325,
F0064326,long_wait
F0064327,
F0064328,
F0064329,
F0064330,walkout
F0064331,
F0064332,walkout
F0064333,positive
F0064334,
F0064335,walkout
F0064336,
F0064337,walkout
F0064338,
F0064339,
F0064340,
F0064341,
F0064342,lunch
F0064343,
F0064344,
F0064345,
F0064346,positive
F0064347,
F0064348,
F0064349,positive
F0064350,
F0064351,
F0064352,
F0064353,
F0064354,
F0064355,
F0064356,
F0064357,
F0064358,
F0064359,long_wait
F0064360,
F0064361,
F0064362,
F0064363,
F0064364,long_wait
F0064365,
F0064366,walkout
F0064367,
F0064368,
F0064369,
F0064370,walkout
F0064371,
F0064372,
F0064373,
F0064374,
F0064375,
F0064376,positive
F0064377,walkout
F0064378,
F0064379,
F0064380,
F0064381,walkout
F0064382,
F0064383,
F0064384,
F0064385,walkout
F0064386,
F0064387,
F0064388,
F0064389,walkout
F0064390,
F0064391,walkout
F0064392,
F0064393,
F0064394,
F0064395,walkout
F0064396,
F0064397,
F0064398,walkout
F0064399,documents
F0064400,
F0064401,
F0064402,
F0064403,walkout
F0064404,
F0064405,
F0064406,
F0064407,
F0064408,
F0064409,
F0064410,walkout
F0064411,
F0064412,
F0064413,
F0064414,positive
F0064415,
F0064416,
F0064417,
F0064418,
F0064419,
F0064420,
F0064421,walkout
F0064422,
F0064423,
F0064424,walkout
F0064425,
F0064426,
F0064427,
F0064428,
F0064429,
F0064430,positive
F0064431,
F0064432,
F0064433,
F0064434,
F0064435,
F0064436,
F0064437,positive
F0064438,
F0064439,
F0064440,positive
F0064441,
F0064442,
F0064443,positive
F0064444,
F0064445,walkout
F0064446,
F0064447,
F0064448,positive
F0064449,
F0064450,
F0064451,walkout
F0064452,
F0064453,
F0064454,
F0064455,
F0064456,
F0064457,
F0064458,positive
F0064459,
F0064460,
F0064461,positive
F0064462,
F0064463,
F0064464,
F0064465,positive
F0064466,
F0064467,
F0064468,
F0064469,
F0064470,positive
F0064471,positive
F0064472,
F0064473,
F0064474,
F0064475,
F0064476,
F0064477,positive
F0064478,walkout
F0064479,
F0064480,
F0064481,
F0064482,
F0064483,walkout
F0064484,
F0064485,
F0064486,
F0064487,
F0064488,
F0064489,
F0064490,
F0064491,positive
F0064492,
F0064493,
F0064494,positive
F0064495,long_wait
F0064496,walkout
F0064497,
F0064498,
F0064499,
F0064500,
F0064501,
F0064502,long_wait
F0064503,
F0064504,
F0064505,
F0064506,
F0064507,
F0064508,
F0064509,
F0064510,
F0064511,
F0064512,
F0064513,positive
F0064514,positive
F0064515,
F0064516,positive
F0064517,
F0064518,
F0064519,
F0064520,
F0064521,
F0064522,
F0064523,
F0064524,positive
F0064525,
F0064526,
F0064527,positive
F0064528,
F0064529,
F0064530,
F0064531,
F0064532,
F0064533,
F0064534,
F0064535,
F0064536,
F0064537,positive
F0064538,
F0064539,
F0064540,walkout
F0064541,
F0064542,
F0064543,
F0064544,
F0064545,
F0064546,
F0064547,
F0064548,
F0064549,
F0064550,
F0064551,
F0064552,
F0064553,
F0064554,
F0064555,
F0064556,
F0064557,
F0064558,
F0064559,
F0064560,
F0064561,
F0064562,positive
F0064563,
F0064564,
F0064565,
F0064566,
F0064567,positive
F0064568,positive
F0064569,walkout
F0064570,walkout
F0064571,walkout
F0064572,walkout
F0064573,
F0064574,
F0064575,walkout
F0064576,walkout
F0064577,
F0064578,
F0064579,slow_dd
F0064580,
F0064581,long_wait
F0064582,
F0064583,walkout
F0064584,
F0064585,walkout
F0064586,long_wait
F0064587,
F0064588,walkout
F0064589,
F0064590,
F0064591,documents
F0064592,walkout
F0064593,
F0064594,long_wait
F0064595,
F0064596,
F0064597,positive
F0064598,
F0064599,
F0064600,long_wait
F0064601,
F0064602,walkout
F0064603,
F0064604,walkout
F0064605,walkout
F0064606,
F0064607,
F0064608,
F0064609,
F0064610,
F0064611,positive
F0064612,walkout
F0064613,
F0064614,
F0064615,walkout
F0064616,
F0064617,
F0064618,
F0064619,
F0064620,walkout
F0064621,
F0064622,
F0064623,
F0064624,walkout
F0064625,walkout
F0064626,
F0064627,
F0064628,
F0064629,walkout
F0064630,
F0064631,
F0064632,
F0064633,
F0064634,
F0064635,
F0064636,positive
F0064637,
F0064638,
F0064639,
F0064640,
F0064641,
F0064642,
F0064643,
F0064644,
F0064645,positive
F0064646,
F0064647,
F0064648,
F0064649,
F0064650,
F0064651,walkout
F0064652,
F0064653,
F0064654,
F0064655,walkout
F0064656,walkout
F0064657,walkout
F0064658,
F0064659,walkout
F0064660,
F0064661,
F0064662,
F0064663,
F0064664,
F0064665,walkout
F0064666,
F0064667,
F0064668,
F0064669,walkout
F0064670,
F0064671,
F0064672,
F0064673,
F0064674,
F0064675,
F0064676,positive
F0064677,positive
F0064678,
F0064679,
F0064680,
F0064681,
F0064682,
F0064683,
F0064684,
F0064685,
F0064686,
F0064687,
F0064688,
F0064689,long_wait
F0064690,
F0064691,
F0064692,
F0064693,
F0064694,
F0064695,
F0064696,
F0064697,
F0064698,
F0064699,
F0064700,
F0064701,walkout
F0064702,
F0064703,
F0064704,
F0064705,
F0064706,
F0064707,
F0064708,
F0064709,
F0064710,
F0064711,walkout
F0064712,
F0064713,walkout
F0064714,positive
F0064715,
F0064716,
F0064717,walkout
F0064718,positive
F0064719,walkout
F0064720,walkout
F0064721,walkout
F0064722,
F0064723,
F0064724,
F0064725,
F0064726,walkout
F0064727,
F0064728,
F0064729,
F0064730,
F0064731,
F0064732,
F0064733,
F0064734,
F0064735,
F0064736,
F0064737,
F0064738,
F0064739,
F0064740,
F0064741,
F0064742,
F0064743,
F0064744,long_wait
F0064745,
F0064746,walkout
F0064747,
F0064748,
F0064749,
F0064750,
F0064751,
F0064752,
F0064753,positive
F0064754,
F0064755,
F0064756,
F0064757,positive
F0064758,
F0064759,
F0064760,
F0064761,walkout
F0064762,
F0064763,
F0064764,
F0064765,
F0064766,walkout
F0064767,positive
F0064768,
F0064769,
F0064770,
F0064771,
F0064772,
F0064773,
F0064774,
F0064775,
F0064776,
F0064777,
F0064778,walkout
F0064779,
F0064780,
F0064781,
F0064782,
F0064783,
F0064784,
F0064785,positive
F0064786,
F0064787,
F0064788,walkout
F0064789,
F0064790,
F0064791,
F0064792,walkout
F0064793,walkout
F0064794,
F0064795,
F0064796,
F0064797,
F0064798,
F0064799,
F0064800,walkout
F0064801,positive
F0064802,
F0064803,
F0064804,walkout
F0064805,slow_dd
F0064806,
F0064807,
F0064808,
F0064809,
F0064810,
F0064811,walkout
F0064812,
F0064813,
F0064814,
F0064815,
F0064816,
F0064817,
F0064818,walkout
F0064819,lunch
F0064820,
F0064821,
F0064822,
F0064823,
F0064824,
F0064825,
F0064826,
F0064827,
F0064828,
F0064829,
F0064830,
F0064831,
F0064832,
F0064833,
F0064834,positive
F0064835,
F0064836,
F0064837,
F0064838,
F0064839,
F0064840,
F0064841,
F0064842,
F0064843,positive
F0064844,
F0064845,
F0064846,
F0064847,positive
F0064848,
F0064849,long_wait
F0064850,positive
F0064851,
F0064852,
F0064853,positive
F0064854,
F0064855,
F0064856,
F0064857,
F0064858,
F0064859,
F0064860,positive
F0064861,positive
F0064862,
F0064863,
F0064864,
F0064865,
F0064866,positive
F0064867,
F0064868,positive
F0064869,
F0064870,positive
F0064871,
F0064872,
F0064873,
F0064874,
F0064875,positive
F0064876,
F0064877,
F0064878,
F0064879,
F0064880,
F0064881,
F0064882,walkout
F0064883,positive
F0064884,positive
F0064885,
F0064886,
F0064887,
F0064888,
F0064889,positive
F0064890,
F0064891,
F0064892,
F0064893,
F0064894,
F0064895,
F0064896,
F0064897,positive
F0064898,
F0064899,walkout
F0064900,
F0064901,
F0064902,
F0064903,
F0064904,positive
F0064905,
F0064906,
F0064907,slow_dd
F0064908,
F0064909,
F0064910,
F0064911,
F0064912,
F0064913,positive
F0064914,
F0064915,
F0064916,
F0064917,positive
F0064918,positive
F0064919,
F0064920,
F0064921,
F0064922,
F0064923,walkout
F0064924,
F0064925,
F0064926,
F0064927,
F0064928,
F0064929,
F0064930,
F0064931,
F0064932,
F0064933,positive
F0064934,
F0064935,
F0064936,
F0064937,
F0064938,
F0064939,
F0064940,
F0064941,
F0064942,
F0064943,positive
F0064944,
F0064945,positive
F0064946,long_wait
F0064947,walkout
F0064948,
F0064949,
F0064950,
F0064951,
F0064952,
F0064953,
F0064954,
F0064955,
F0064956,
F0064957,
F0064958,positive
F0064959,
F0064960,
F0064961,positive
F0064962,positive
F0064963,positive
F0064964,
F0064965,
F0064966,
F0064967,
F0064968,
F0064969,
F0064970,
F0064971,
F0064972,
F0064973,
F0064974,walkout
F0064975,positive
F0064976,
F0064977,
F0064978,walkout
F0064979,positive
F0064980,walkout
F0064981,
F0064982,
F0064983,walkout
F0064984,walkout
F0064985,
F0064986,
F0064987,
F0064988,
F0064989,
F0064990,positive
F0064991,
F0064992,
F0064993,
F0064994,
F0064995,
F0064996,
F0064997,
F0064998,
F0064999,
F0065000,
F0065001,
F0065002,
F0065003,
F0065004,positive
F0065005,
F0065006,
F0065007,
F0065008,
F0065009,
F0065010,
F0065011,
F0065012,walkout
F0065013,
F0065014,
F0065015,
F0065016,
F0065017,
F0065018,positive
F0065019,
F0065020,positive
F0065021,positive
F0065022,
F0065023,
F0065024,
F0065025,
F0065026,
F0065027,walkout
F0065028,long_wait
F0065029,walkout
F0065030,
F0065031,
F0065032,
F0065033,walkout
F0065034,
F0065035,
F0065036,
F0065037,
F0065038,
F0065039,
F0065040,
F0065041,
F0065042,
F0065043,
F0065044,
F0065045,positive
F0065046,
F0065047,
F0065048,positive
F0065049,
F0065050,
F0065051,
F0065052,
F0065053,
F0065054,positive
F0065055,
F0065056,
F0065057,
F0065058,
F0065059,
F0065060,
F0065061,
F0065062,positive
F0065063,
F0065064,
F0065065,
F0065066,positive
F0065067,
F0065068,positive
F0065069,
F0065070,
F0065071,positive
F0065072,
F0065073,
F0065074,
F0065075,
F0065076,
F0065077,
F0065078,
F0065079,
F0065080,
F0065081,
F0065082,positive
F0065083,
F0065084,
F0065085,
F0065086,
F0065087,
F0065088,
F0065089,
F0065090,
F0065091,
F0065092,
F0065093,
F0065094,
F0065095,
F0065096,positive
F0065097,
F0065098,
F0065099,
F0065100,
F0065101,
F0065102,
F0065103,
F0065104,walkout
F0065105,
F0065106,
F0065107,
F0065108,
F0065109,positive
F0065110,positive
F0065111,
F0065112,
F0065113,
F0065114,
F0065115,
F0065116,
F0065117,
F0065118,
F0065119,
F0065120,
F0065121,positive
F0065122,
F0065123,
F0065124,
F0065125,
F0065126,
F0065127,
F0065128,
F0065129,
F0065130,
F0065131,
F0065132,walkout
F0065133,walkout
F0065134,
F0065135,walkout
F0065136,
F0065137,
F0065138,
F0065139,
F0065140,
F0065141,
F0065142,
F0065143,
F0065144,
F0065145,
F0065146,positive
F0065147,
F0065148,
F0065149,
F0065150,
F0065151,
F0065152,
F0065153,
F0065154,
F0065155,
F0065156,positive
F0065157,positive
F0065158,
F0065159,positive
F0065160,
F0065161,
F0065162,
F0065163,
F0065164,
F0065165,
F0065166,
F0065167,
F0065168,
F0065169,positive
F0065170,
F0065171,
F0065172,
F0065173,positive
F0065174,
F0065175,
F0065176,
F0065177,
F0065178,
F0065179,
F0065180,
F0065181,
F0065182,
F0065183,
F0065184,
F0065185,
F0065186,
F0065187,
F0065188,
F0065189,
F0065190,
F0065191,positive
F0065192,
F0065193,
F0065194,
F0065195,positive
F0065196,
F0065197,
F0065198,
F0065199,
F0065200,
F0065201,
F0065202,
F0065203,
F0065204,
F0065205,
F0065206,positive
F0065207,
F0065208,
F0065209,
F0065210,walkout
F0065211,walkout
F0065212,
F0065213,walkout
F0065214,
F0065215,
F0065216,
F0065217,
F0065218,
F0065219,walkout
F0065220,
F0065221,positive
F0065222,
F0065223,
F0065224,
F0065225,
F0065226,walkout
F0065227,
F0065228,
F0065229,
F0065230,
F0065231,positive
F0065232,
F0065233,positive
F0065234,
F0065235,
F0065236,positive
F0065237,
F0065238,
F0065239,
F0065240,positive
F0065241,
F0065242,
F0065243,
F0065244,positive
F0065245,
F0065246,
F0065247,
F0065248,
F0065249,
F0065250,
F0065251,
F0065252,walkout
F0065253,
F0065254,long_wait
F0065255,walkout
F0065256,walkout
F0065257,long_wait
F0065258,walkout
F0065259,
F0065260,positive
F0065261,
F0065262,
F0065263,positive
F0065264,
F0065265,
F0065266,
F0065267,
F0065268,
F0065269,
F0065270,
F0065271,
F0065272,
F0065273,
F0065274,
F0065275,
F0065276,
F0065277,positive
F0065278,
F0065279,
F0065280,
F0065281,
F0065282,
F0065283,
F0065284,
F0065285,
F0065286,
F0065287,positive
F0065288,
F0065289,
F0065290,
F0065291,
F0065292,
F0065293,
F0065294,
F0065295,
F0065296,
F0065297,positive
F0065298,walkout
F0065299,
F0065300,
F0065301,positive
F0065302,
F0065303,positive
F0065304,
F0065305,
F0065306,
F0065307,positive
F0065308,walkout
F0065309,
F0065310,
F0065311,
F0065312,
F0065313,
F0065314,
F0065315,
F0065316,
F0065317,
F0065318,
F0065319,
F0065320,
F0065321,
F0065322,
F0065323,
F0065324,positive
F0065325,
F0065326,positive
F0065327,
F0065328,
F0065329,
F0065330,
F0065331,
F0065332,
F0065333,
F0065334,
F0065335,
F0065336,
F0065337,
F0065338,positive
F0065339,
F0065340,
F0065341,positive
F0065342,
F0065343,
F0065344,
F0065345,
F0065346,
F0065347,
F0065348,
F0065349,
F0065350,
F0065351,
F0065352,
F0065353,
F0065354,
F0065355,
F0065356,walkout
F0065357,lunch
F0065358,long_wait
F0065359,
F0065360,
F0065361,
F0065362,
F0065363,
F0065364,
F0065365,positive
F0065366,
F0065367,
F0065368,
F0065369,walkout
F0065370,walkout
F0065371,
F0065372,long_wait
F0065373,long_wait
F0065374,positive
F0065375,walkout
F0065376,
F0065377,
F0065378,
F0065379,
F0065380,
F0065381,
F0065382,
F0065383,positive
F0065384,
F0065385,
F0065386,
F0065387,positive
F0065388,positive
F0065389,
F0065390,
F0065391,positive
F0065392,
F0065393,positive
F0065394,
F0065395,
F0065396,
F0065397,
F0065398,
F0065399,positive
F0065400,
F0065401,positive
F0065402,
F0065403,walkout
F0065404,
F0065405,lunch
F0065406,
F0065407,
F0065408,
F0065409,
F0065410,
F0065411,
F0065412,positive
F0065413,
F0065414,positive
F0065415,
F0065416,
F0065417,
F0065418,
F0065419,walkout
F0065420,slow_dd
F0065421,
F0065422,
F0065423,
F0065424,positive
F0065425,
F0065426,walkout
F0065427,
F0065428,
F0065429,
F0065430,
F0065431,
F0065432,
F0065433,
F0065434,positive
F0065435,
F0065436,
F0065437,
F0065438,
F0065439,
F0065440,
F0065441,
F0065442,
F0065443,
F0065444,
F0065445,positive
F0065446,
F0065447,
F0065448,
F0065449,
F0065450,
F0065451,
F0065452,
F0065453,
F0065454,positive
F0065455,
F0065456,
F0065457,
F0065458,
F0065459,positive
F0065460,
F0065461,
F0065462,
F0065463,walkout
F0065464,
F0065465,
F0065466,
F0065467,positive
F0065468,positive
F0065469,
F0065470,
F0065471,
F0065472,
F0065473,
F0065474,
F0065475,
F0065476,
F0065477,
F0065478,
F0065479,
F0065480,
F0065481,
F0065482,
F0065483,
F0065484,
F0065485,positive
F0065486,
F0065487,walkout
F0065488,
F0065489,walkout
F0065490,
F0065491,walkout
F0065492,
F0065493,walkout
F0065494,
F0065495,
F0065496,
F0065497,
F0065498,
F0065499,
F0065500,
F0065501,
F0065502,positive
F0065503,
F0065504,
F0065505,
F0065506,
F0065507,
F0065508,long_wait
F0065509,walkout
F0065510,positive
F0065511,
F0065512,
F0065513,
F0065514,
F0065515,
F0065516,
F0065517,
F0065518,
F0065519,
F0065520,
F0065521,
F0065522,
F0065523,
F0065524,walkout
F0065525,
F0065526,
F0065527,
F0065528,walkout
F0065529,
F0065530,
F0065531,
F0065532,
F0065533,
F0065534,
F0065535,
F0065536,
F0065537,
F0065538,
F0065539,
F0065540,positive
F0065541,
F0065542,
F0065543,
F0065544,
F0065545,
F0065546,
F0065547,
F0065548,
F0065549,
F0065550,
F0065551,
F0065552,
F0065553,
F0065554,
F0065555,positive
F0065556,positive
F0065557,
F0065558,
F0065559,
F0065560,
F0065561,
F0065562,walkout
F0065563,walkout
F0065564,
F0065565,
F0065566,walkout
F0065567,positive
F0065568,walkout
F0065569,
F0065570,positive
F0065571,
F0065572,
F0065573,
F0065574,
F0065575,
F0065576,
F0065577,long_wait
F0065578,
F0065579,
F0065580,
F0065581,
F0065582,
F0065583,
F0065584,
F0065585,
F0065586,
F0065587,
F0065588,
F0065589,
F0065590,
F0065591,positive
F0065592,
F0065593,walkout
F0065594,positive
F0065595,
F0065596,
F0065597,
F0065598,
F0065599,
F0065600,
F0065601,
F0065602,positive
F0065603,
F0065604,
F0065605,
F0065606,
F0065607,
F0065608,
F0065609,
F0065610,
F0065611,positive
F0065612,
F0065613,
F0065614,
F0065615,positive
F0065616,
F0065617,positive
F0065618,
F0065619,positive
F0065620,
F0065621,
F0065622,
F0065623,
F0065624,
F0065625,walkout
F0065626,positive
F0065627,
F0065628,
F0065629,
F0065630,
F0065631,
F0065632,
F0065633,
F0065634,positive
F0065635,
F0065636,positive
F0065637,
F0065638,staff
F0065639,
F0065640,
F0065641,
F0065642,walkout
F0065643,
F0065644,
F0065645,
F0065646,walkout
F0065647,walkout
F0065648,positive
F0065649,
F0065650,
F0065651,positive
F0065652,positive
F0065653,positive
F0065654,
F0065655,positive
F0065656,
F0065657,
F0065658,
F0065659,
F0065660,
F0065661,
F0065662,positive
F0065663,
F0065664,
F0065665,positive
F0065666,walkout
F0065667,
F0065668,
F0065669,walkout
F0065670,
F0065671,positive
F0065672,
F0065673,
F0065674,
F0065675,
F0065676,
F0065677,
F0065678,
F0065679,
F0065680,slow_dd
F0065681,staff
F0065682,
F0065683,
F0065684,
F0065685,
F0065686,
F0065687,walkout
F0065688,walkout
F0065689,positive
F0065690,
F0065691,walkout
F0065692,
F0065693,walkout
F0065694,
F0065695,walkout
F0065696,
F0065697,
F0065698,positive
F0065699,walkout
F0065700,walkout
F0065701,walkout
F0065702,
F0065703,walkout
F0065704,
F0065705,
F0065706,
F0065707,long_wait
F0065708,
F0065709,
F0065710,walkout
F0065711,
F0065712,walkout
F0065713,walkout
F0065714,
F0065715,
F0065716,walkout
F0065717,positive
F0065718,
F0065719,
F0065720,long_wait
F0065721,
F0065722,
F0065723,
F0065724,
F0065725,
F0065726,long_wait
F0065727,
F0065728,
F0065729,walkout
F0065730,
F0065731,
F0065732,walkout
F0065733,
F0065734,positive
F0065735,
F0065736,
F0065737,
F0065738,
F0065739,
F0065740,
F0065741,
F0065742,
F0065743,long_wait
F0065744,
F0065745,walkout
F0065746,
F0065747,
F0065748,walkout
F0065749,
F0065750,
F0065751,
F0065752,
F0065753,walkout
F0065754,
F0065755,
F0065756,positive
F0065757,
F0065758,
F0065759,
F0065760,
F0065761,
F0065762,
F0065763,long_wait
F0065764,
F0065765,
F0065766,walkout
F0065767,
F0065768,
F0065769,
F0065770,
F0065771,
F0065772,
F0065773,walkout
F0065774,
F0065775,
F0065776,positive
F0065777,
F0065778,
F0065779,
F0065780,
F0065781,walkout
F0065782,
F0065783,
F0065784,
F0065785,walkout
F0065786,walkout
F0065787,long_wait
F0065788,walkout
F0065789,walkout
F0065790,
F0065791,
F0065792,
F0065793,long_wait
F0065794,walkout
F0065795,long_wait
F0065796,
F0065797,walkout
F0065798,
F0065799,
F0065800,
F0065801,
F0065802,walkout
F0065803,
F0065804,
F0065805,
F0065806,
F0065807,
F0065808,
F0065809,
F0065810,
F0065811,walkout
F0065812,
F0065813,
F0065814,
F0065815,
F0065816,
F0065817,positive
F0065818,
F0065819,
F0065820,
F0065821,
F0065822,
F0065823,
F0065824,
F0065825,
F0065826,
F0065827,
F0065828,positive
F0065829,
F0065830,
F0065831,
F0065832,
F0065833,
F0065834,
F0065835,
F0065836,walkout
F0065837,
F0065838,positive
F0065839,walkout
F0065840,
F0065841,
F0065842,
F0065843,
F0065844,
F0065845,
F0065846,positive
F0065847,
F0065848,positive
F0065849,
F0065850,
F0065851,
F0065852,
F0065853,positive
F0065854,
F0065855,
F0065856,
F0065857,
F0065858,
F0065859,
F0065860,
F0065861,
F0065862,
F0065863,
F0065864,
F0065865,positive
F0065866,
F0065867,
F0065868,
F0065869,positive
F0065870,
F0065871,
F0065872,
F0065873,
F0065874,
F0065875,
F0065876,
F0065877,
F0065878,
F0065879,
F0065880,
F0065881,
F0065882,positive
F0065883,
F0065884,walkout
F0065885,
F0065886,
F0065887,
F0065888,
F0065889,
F0065890,
F0065891,
F0065892,
F0065893,
F0065894,
F0065895,
F0065896,
F0065897,
F0065898,
F0065899,positive
F0065900,
F0065901,
F0065902,
F0065903,positive
F0065904,
F0065905,positive
F0065906,
F0065907,
F0065908,
F0065909,
F0065910,
F0065911,
F0065912,walkout
F0065913,
F0065914,
F0065915,
F0065916,
F0065917,
F0065918,
F0065919,
F0065920,
F0065921,
F0065922,
F0065923,
F0065924,
F0065925,
F0065926,
F0065927,
F0065928,positive
F0065929,
F0065930,
F0065931,
F0065932,positive
F0065933,
F0065934,
F0065935,
F0065936,
F0065937,walkout
F0065938,
F0065939,positive
F0065940,
F0065941,
F0065942,
F0065943,
F0065944,
F0065945,
F0065946,
F0065947,
F0065948,
F0065949,
F0065950,walkout
F0065951,
F0065952,
F0065953,
F0065954,
F0065955,
F0065956,
F0065957,walkout
F0065958,
F0065959,
F0065960,
F0065961,
F0065962,walkout
F0065963,
F0065964,
F0065965,positive
F0065966,
F0065967,
F0065968,
F0065969,
F0065970,positive
F0065971,
F0065972,
F0065973,
F0065974,
F0065975,
F0065976,positive
F0065977,
F0065978,
F0065979,
F0065980,
F0065981,walkout
F0065982,
F0065983,
F0065984,
F0065985,
F0065986,walkout
F0065987,long_wait
F0065988,
F0065989,positive
F0065990,
F0065991,
F0065992,
F0065993,
F0065994,
F0065995,
F0065996,
F0065997,
F0065998,
F0065999,
F0066000,
F0066001,
F0066002,
F0066003,
F0066004,
F0066005,
F0066006,
F0066007,
F0066008,
F0066009,
F0066010,
F0066011,walkout
F0066012,
F0066013,
F0066014,
F0066015,
F0066016,positive
F0066017,
F0066018,
F0066019,positive
F0066020,
F0066021,
F0066022,positive
F0066023,
F0066024,
F0066025,
F0066026,walkout
F0066027,
F0066028,
F0066029,positive
F0066030,
F0066031,positive
F0066032,
F0066033,
F0066034,
F0066035,
F0066036,
F0066037,
F0066038,
F0066039,positive
F0066040,
F0066041,
F0066042,
F0066043,
F0066044,
F0066045,
F0066046,
F0066047,
F0066048,
F0066049,
F0066050,
F0066051,
F0066052,
F0066053,
F0066054,
F0066055,
F0066056,
F0066057,
F0066058,
F0066059,
F0066060,
F0066061,
F0066062,
F0066063,
F0066064,
F0066065,
F0066066,
F0066067,
F0066068,
F0066069,positive
F0066070,
F0066071,positive
F0066072,positive
F0066073,
F0066074,
F0066075,positive
F0066076,
F0066077,
F0066078,
F0066079,positive
F0066080,
F0066081,positive
F0066082,
F0066083,
F0066084,
F0066085,
F0066086,
F0066087,positive
F0066088,
F0066089,
F0066090,
F0066091,
F0066092,
F0066093,
F0066094,
F0066095,
F0066096,
F0066097,
F0066098,
F0066099,
F0066100,
F0066101,
F0066102,
F0066103,
F0066104,walkout
F0066105,walkout
F0066106,
F0066107,
F0066108,
F0066109,
F0066110,
F0066111,
F0066112,
F0066113,
F0066114,
F0066115,walkout
F0066116,seating
F0066117,walkout
F0066118,
F0066119,walkout
F0066120,seating
F0066121,walkout
F0066122,
F0066123,
F0066124,
F0066125,
F0066126,walkout
F0066127,walkout
F0066128,
F0066129,
F0066130,positive
F0066131,
F0066132,
F0066133,
F0066134,
F0066135,
F0066136,
F0066137,
F0066138,
F0066139,
F0066140,
F0066141,
F0066142,
F0066143,
F0066144,
F0066145,
F0066146,
F0066147,
F0066148,
F0066149,
F0066150,
F0066151,
F0066152,
F0066153,positive
F0066154,
F0066155,
F0066156,positive
F0066157,
F0066158,
F0066159,
F0066160,
F0066161,
F0066162,
F0066163,positive
F0066164,
F0066165,positive
F0066166,
F0066167,
F0066168,
F0066169,
F0066170,
F0066171,
F0066172,
F0066173,
F0066174,
F0066175,
F0066176,positive
F0066177,
F0066178,positive
F0066179,
F0066180,
F0066181,
F0066182,
F0066183,
F0066184,
F0066185,
F0066186,
F0066187,walkout
F0066188,
F0066189,
F0066190,
F0066191,positive
F0066192,
F0066193,positive
F0066194,
F0066195,
F0066196,
F0066197,
F0066198,
F0066199,
F0066200,
F0066201,
F0066202,
F0066203,
F0066204,
F0066205,
F0066206,
F0066207,
F0066208,
F0066209,
F0066210,positive
F0066211,
F0066212,positive
F0066213,positive
F0066214,
F0066215,
F0066216,walkout
F0066217,
F0066218,
F0066219,
F0066220,walkout
F0066221,
F0066222,
F0066223,
F0066224,
F0066225,
F0066226,
F0066227,
F0066228,positive
F0066229,
F0066230,walkout
F0066231,
F0066232,
F0066233,
F0066234,
F0066235,positive
F0066236,
F0066237,
F0066238,positive
F0066239,
F0066240,
F0066241,
F0066242,positive
F0066243,positive
F0066244,
F0066245,
F0066246,
F0066247,positive
F0066248,
F0066249,
F0066250,
F0066251,positive
F0066252,
F0066253,
F0066254,
F0066255,positive
F0066256,walkout
F0066257,
F0066258,walkout
F0066259,
F0066260,
F0066261,
F0066262,
F0066263,
F0066264,
F0066265,
F0066266,
F0066267,
F0066268,positive
F0066269,
F0066270,
F0066271,
F0066272,
F0066273,
F0066274,positive
F0066275,
F0066276,positive
F0066277,
F0066278,
F0066279,positive
F0066280,
F0066281,walkout
F0066282,
F0066283,
F0066284,positive
F0066285,
F0066286,
F0066287,
F0066288,
F0066289,
F0066290,
F0066291,
F0066292,
F0066293,
F0066294,
F0066295,
F0066296,
F0066297,
F0066298,
F0066299,
F0066300,
F0066301,
F0066302,
F0066303,
F0066304,
F0066305,
F0066306,
F0066307,
F0066308,
F0066309,
F0066310,
F0066311,
F0066312,
F0066313,
F0066314,
F0066315,
F0066316,
F0066317,
F0066318,
F0066319,
F0066320,
F0066321,
F0066322,slow_dd
F0066323,
F0066324,positive
F0066325,positive
F0066326,
F0066327,
F0066328,
F0066329,
F0066330,
F0066331,
F0066332,
F0066333,
F0066334,
F0066335,walkout
F0066336,
F0066337,positive
F0066338,positive
F0066339,
F0066340,
F0066341,documents
F0066342,positive
F0066343,
F0066344,
F0066345,positive
F0066346,
F0066347,
F0066348,
F0066349,
F0066350,
F0066351,
F0066352,
F0066353,positive
F0066354,
F0066355,
F0066356,
F0066357,
F0066358,
F0066359,
F0066360,long_wait
F0066361,
F0066362,
F0066363,positive
F0066364,
F0066365,
F0066366,
F0066367,
F0066368,
F0066369,
F0066370,
F0066371,positive
F0066372,
F0066373,
F0066374,
F0066375,
F0066376,
F0066377,
F0066378,walkout
F0066379,
F0066380,
F0066381,
F0066382,
F0066383,
F0066384,
F0066385,
F0066386,
F0066387,
F0066388,
F0066389,
F0066390,positive
F0066391,
F0066392,
F0066393,
F0066394,positive
F0066395,
F0066396,
F0066397,
F0066398,
F0066399,
F0066400,
F0066401,
F0066402,positive
F0066403,
F0066404,positive
F0066405,
F0066406,
F0066407,
F0066408,
F0066409,
F0066410,walkout
F0066411,
F0066412,
F0066413,long_wait
F0066414,
F0066415,
F0066416,
F0066417,documents
F0066418,
F0066419,
F0066420,
F0066421,
F0066422,
F0066423,
F0066424,walkout
F0066425,
F0066426,
F0066427,
F0066428,
F0066429,positive
F0066430,
F0066431,
F0066432,
F0066433,positive
F0066434,
F0066435,
F0066436,positive
F0066437,
F0066438,
F0066439,positive
F0066440,
F0066441,
F0066442,
F0066443,
F0066444,positive
F0066445,
F0066446,
F0066447,walkout
F0066448,walkout
F0066449,walkout
F0066450,positive
F0066451,
F0066452,slow_dd
F0066453,walkout
F0066454,
F0066455,
F0066456,
F0066457,
F0066458,
F0066459,positive
F0066460,
F0066461,
F0066462,
F0066463,
F0066464,positive
F0066465,
F0066466,positive
F0066467,
F0066468,
F0066469,
F0066470,
F0066471,
F0066472,walkout
F0066473,
F0066474,
F0066475,
F0066476,
F0066477,
F0066478,
F0066479,walkout
F0066480,
F0066481,
F0066482,positive
F0066483,long_wait
F0066484,walkout
F0066485,
F0066486,
F0066487,walkout
F0066488,
F0066489,
F0066490,
F0066491,
F0066492,long_wait
F0066493,
F0066494,
F0066495,
F0066496,
F0066497,positive
F0066498,
F0066499,
F0066500,
F0066501,
F0066502,walkout
F0066503,
F0066504,positive
F0066505,
F0066506,
F0066507,
F0066508,
F0066509,
F0066510,
F0066511,
F0066512,
F0066513,
F0066514,
F0066515,positive
F0066516,
F0066517,positive
F0066518,
F0066519,
F0066520,
F0066521,positive
F0066522,positive
F0066523,
F0066524,positive
F0066525,walkout
F0066526,
F0066527,
F0066528,
F0066529,
F0066530,
F0066531,positive
F0066532,
F0066533,
F0066534,
F0066535,walkout
F0066536,
F0066537,
F0066538,
F0066539,walkout
F0066540,positive
F0066541,positive
F0066542,
F0066543,
F0066544,
F0066545,walkout
F0066546,
F0066547,positive
F0066548,
F0066549,
F0066550,walkout
F0066551,
F0066552,walkout
F0066553,
F0066554,
F0066555,positive
F0066556,
F0066557,
F0066558,
F0066559,
F0066560,positive
F0066561,
F0066562,
F0066563,
F0066564,
F0066565,
F0066566,
F0066567,
F0066568,
F0066569,
F0066570,
F0066571,
F0066572,
F0066573,
F0066574,
F0066575,
F0066576,positive
F0066577,
F0066578,
F0066579,
F0066580,positive
F0066581,positive
F0066582,
F0066583,
F0066584,
F0066585,
F0066586,
F0066587,
F0066588,
F0066589,
F0066590,positive
F0066591,
F0066592,
F0066593,
F0066594,positive
F0066595,
F0066596,
F0066597,
F0066598,
F0066599,
F0066600,
F0066601,
F0066602,
F0066603,
F0066604,
F0066605,
F0066606,positive
F0066607,positive
F0066608,
F0066609,
F0066610,
F0066611,
F0066612,
F0066613,
F0066614,positive
F0066615,
F0066616,
F0066617,
F0066618,
F0066619,
F0066620,
F0066621,
F0066622,positive
F0066623,walkout
F0066624,
F0066625,walkout
F0066626,
F0066627,positive
F0066628,
F0066629,walkout
F0066630,
F0066631,
F0066632,
F0066633,
F0066634,
F0066635,
F0066636,
F0066637,
F0066638,
F0066639,
F0066640,positive
F0066641,positive
F0066642,
F0066643,
F0066644,
F0066645,positive
F0066646,
F0066647,
F0066648,
F0066649,
F0066650,
F0066651,positive
F0066652,
F0066653,long_wait
F0066654,
F0066655,
F0066656,positive
F0066657,
F0066658,positive
F0066659,positive
F0066660,
F0066661,
F0066662,
F0066663,
F0066664,walkout
F0066665,
F0066666,
F0066667,
F0066668,
F0066669,
F0066670,
F0066671,
F0066672,
F0066673,
F0066674,
F0066675,
F0066676,
F0066677,
F0066678,
F0066679,
F0066680,
F0066681,
F0066682,
F0066683,
F0066684,
F0066685,
F0066686,
F0066687,
F0066688,
F0066689,
F0066690,
F0066691,
F0066692,
F0066693,
F0066694,
F0066695,
F0066696,
F0066697,
F0066698,
F0066699,
F0066700,
F0066701,
F0066702,
F0066703,walkout
F0066704,walkout
F0066705,
F0066706,
F0066707,walkout
F0066708,
F0066709,
F0066710,
F0066711,
F0066712,
F0066713,
F0066714,positive
F0066715,walkout
F0066716,walkout
F0066717,
F0066718,walkout
F0066719,
F0066720,walkout
F0066721,walkout
F0066722,
F0066723,
F0066724,
F0066725,
F0066726,seating
F0066727,
F0066728,positive
F0066729,
F0066730,
F0066731,long_wait
F0066732,
F0066733,walkout
F0066734,
F0066735,
F0066736,
F0066737,
F0066738,walkout
F0066739,
F0066740,
F0066741,
F0066742,
F0066743,
F0066744,long_wait
F0066745,
F0066746,positive
F0066747,
F0066748,
F0066749,
F0066750,
F0066751,
F0066752,
F0066753,
F0066754,
F0066755,
F0066756,
F0066757,
F0066758,
F0066759,
F0066760,
F0066761,walkout
F0066762,
F0066763,
F0066764,
F0066765,
F0066766,
F0066767,
F0066768,
F0066769,
F0066770,
F0066771,
F0066772,
F0066773,
F0066774,
F0066775,
F0066776,walkout
F0066777,positive
F0066778,
F0066779,walkout
F0066780,positive
F0066781,
F0066782,
F0066783,
F0066784,
F0066785,
F0066786,
F0066787,
F0066788,
F0066789,
F0066790,
F0066791,
F0066792,
F0066793,
F0066794,
F0066795,long_wait
F0066796,
F0066797,positive
F0066798,
F0066799,
F0066800,
F0066801,
F0066802,walkout
F0066803,
F0066804,positive
F0066805,
F0066806,
F0066807,
F0066808,
F0066809,
F0066810,
F0066811,positive
F0066812,
F0066813,
F0066814,
F0066815,
F0066816,
F0066817,walkout
F0066818,
F0066819,
F0066820,
F0066821,positive
F0066822,
F0066823,
F0066824,
F0066825,positive
F0066826,
F0066827,
F0066828,
F0066829,
F0066830,
F0066831,positive
F0066832,
F0066833,positive
F0066834,
F0066835,walkout
F0066836,
F0066837,
F0066838,positive
F0066839,
F0066840,
F0066841,positive
F0066842,
F0066843,
F0066844,
F0066845,
F0066846,
F0066847,
F0066848,walkout
F0066849,walkout
F0066850,
F0066851,walkout
F0066852,
F0066853,positive
F0066854,positive
F0066855,
F0066856,
F0066857,positive
F0066858,
F0066859,positive
F0066860,positive
F0066861,
F0066862,
F0066863,
F0066864,
F0066865,
F0066866,
F0066867,positive
F0066868,
F0066869,
F0066870,
F0066871,positive
F0066872,
F0066873,
F0066874,
F0066875,
F0066876,
F0066877,
F0066878,
F0066879,
F0066880,
F0066881,walkout
F0066882,walkout
F0066883,walkout
F0066884,
F0066885,
F0066886,
F0066887,
F0066888,
F0066889,
F0066890,
F0066891,positive
F0066892,
F0066893,
F0066894,
F0066895,
F0066896,documents
F0066897,
F0066898,
F0066899,
F0066900,
F0066901,positive
F0066902,
F0066903,
F0066904,
F0066905,
F0066906,
F0066907,
F0066908,
F0066909,
F0066910,documents
F0066911,
F0066912,
F0066913,
F0066914,
F0066915,
F0066916,
F0066917,
F0066918,
F0066919,
F0066920,long_wait
F0066921,
F0066922,seating
F0066923,walkout
F0066924,long_wait
F0066925,
F0066926,
F0066927,
F0066928,long_wait
F0066929,walkout
F0066930,
F0066931,walkout
F0066932,walkout
F0066933,
F0066934,
F0066935,walkout
F0066936,
F0066937,walkout
F0066938,
F0066939,walkout
F0066940,
F0066941,walkout
F0066942,walkout
F0066943,
F0066944,
F0066945,long_wait
F0066946,
F0066947,
F0066948,
F0066949,walkout
F0066950,
F0066951,positive
F0066952,
F0066953,
F0066954,
F0066955,
F0066956,
F0066957,
F0066958,
F0066959,
F0066960,
F0066961,positive
F0066962,
F0066963,
F0066964,
F0066965,
F0066966,walkout
F0066967,
F0066968,
F0066969,
F0066970,
F0066971,walkout
F0066972,
F0066973,
F0066974,walkout
F0066975,
F0066976,
F0066977,
F0066978,
F0066979,walkout
F0066980,positive
F0066981,walkout
F0066982,
F0066983,
F0066984,
F0066985,
F0066986,walkout
F0066987,
F0066988,
F0066989,walkout
F0066990,
F0066991,
F0066992,
F0066993,
F0066994,
F0066995,
F0066996,
F0066997,
F0066998,positive
F0066999,positive
F0067000,
F0067001,
F0067002,
F0067003,
F0067004,
F0067005,
F0067006,walkout
F0067007,
F0067008,
F0067009,positive
F0067010,positive
F0067011,
F0067012,
F0067013,
F0067014,
F0067015,
F0067016,
F0067017,positive
F0067018,
F0067019,
F0067020,
F0067021,positive
F0067022,
F0067023,
F0067024,
F0067025,positive
F0067026,
F0067027,
F0067028,
F0067029,
F0067030,
F0067031,
F0067032,
F0067033,
F0067034,positive
F0067035,
F0067036,
F0067037,
F0067038,
F0067039,
F0067040,
F0067041,
F0067042,
F0067043,
F0067044,
F0067045,
F0067046,
F0067047,
F0067048,walkout
F0067049,
F0067050,
F0067051,walkout
F0067052,
F0067053,
F0067054,
F0067055,positive
F0067056,
F0067057,
F0067058,
F0067059,
F0067060,
F0067061,walkout
F0067062,positive
F0067063,
F0067064,
F0067065,
F0067066,
F0067067,walkout
F0067068,
F0067069,
F0067070,
F0067071,positive
F0067072,
F0067073,
F0067074,walkout
F0067075,
F0067076,
F0067077,
F0067078,
F0067079,
F0067080,
F0067081,
F0067082,
F0067083,
F0067084,positive
F0067085,
F0067086,
F0067087,
F0067088,
F0067089,positive
F0067090,
F0067091,
F0067092,
F0067093,
F0067094,
F0067095,slow_dd
F0067096,
F0067097,
F0067098,
F0067099,
F0067100,positive
F0067101,
F0067102,
F0067103,positive
F0067104,
F0067105,long_wait
F0067106,walkout
F0067107,
F0067108,
F0067109,
F0067110,
F0067111,positive
F0067112,
F0067113,
F0067114,
F0067115,
F0067116,
F0067117,positive
F0067118,
F0067119,
F0067120,
F0067121,
F0067122,
F0067123,
F0067124,
F0067125,
F0067126,
F0067127,
F0067128,positive
F0067129,
F0067130,
F0067131,
F0067132,
F0067133,
F0067134,
F0067135,positive
F0067136,
F0067137,positive
F0067138,
F0067139,positive
F0067140,
F0067141,
F0067142,positive
F0067143,
F0067144,positive
F0067145,positive
F0067146,
F0067147,
F0067148,
F0067149,
F0067150,
F0067151,
F0067152,positive
F0067153,
F0067154,
F0067155,seating
F0067156,
F0067157,
F0067158,
F0067159,
F0067160,
F0067161,
F0067162,positive
F0067163,positive
F0067164,
F0067165,positive
F0067166,positive
F0067167,
F0067168,
F0067169,
F0067170,
F0067171,walkout
F0067172,
F0067173,
F0067174,
F0067175,
F0067176,
F0067177,positive
F0067178,
F0067179,
F0067180,
F0067181,
F0067182,
F0067183,walkout
F0067184,
F0067185,
F0067186,
F0067187,positive
F0067188,
F0067189,
F0067190,positive
F0067191,positive
F0067192,
F0067193,
F0067194,walkout
F0067195,walkout
F0067196,
F0067197,
F0067198,
F0067199,
F0067200,
F0067201,
F0067202,walkout
F0067203,
F0067204,
F0067205,
F0067206,
F0067207,
F0067208,
F0067209,
F0067210,
F0067211,
F0067212,
F0067213,positive
F0067214,
F0067215,
F0067216,
F0067217,
F0067218,
F0067219,
F0067220,
F0067221,
F0067222,
F0067223,
F0067224,
F0067225,
F0067226,
F0067227,
F0067228,
F0067229,
F0067230,
F0067231,positive
F0067232,
F0067233,positive
F0067234,
F0067235,
F0067236,
F0067237,positive
F0067238,
F0067239,positive
F0067240,
F0067241,
F0067242,
F0067243,
F0067244,positive
F0067245,
F0067246,
F0067247,
F0067248,positive
F0067249,
F0067250,
F0067251,
F0067252,
F0067253,positive
F0067254,
F0067255,
F0067256,
F0067257,
F0067258,
F0067259,positive
F0067260,
F0067261,
F0067262,
F0067263,positive
F0067264,slow_dd
F0067265,
F0067266,walkout
F0067267,positive
F0067268,
F0067269,
F0067270,
F0067271,
F0067272,
F0067273,
F0067274,
F0067275,
F0067276,
F0067277,
F0067278,
F0067279,
F0067280,positive
F0067281,
F0067282,
F0067283,
F0067284,
F0067285,
F0067286,
F0067287,
F0067288,walkout
F0067289,walkout
F0067290,
F0067291,
F0067292,
F0067293,
F0067294,
F0067295,
F0067296,
F0067297,
F0067298,
F0067299,
F0067300,
F0067301,
F0067302,
F0067303,
F0067304,
F0067305,
F0067306,positive
F0067307,
F0067308,
F0067309,
F0067310,positive
F0067311,
F0067312,
F0067313,
F0067314,
F0067315,
F0067316,long_wait
F0067317,
F0067318,
F0067319,
F0067320,
F0067321,
F0067322,positive
F0067323,
F0067324,
F0067325,
F0067326,walkout
F0067327,
F0067328,
F0067329,
F0067330,
F0067331,
F0067332,
F0067333,
F0067334,walkout
F0067335,
F0067336,
F0067337,
F0067338,
F0067339,
F0067340,positive
F0067341,
F0067342,
F0067343,
F0067344,
F0067345,
F0067346,
F0067347,
F0067348,
F0067349,
F0067350,
F0067351,
F0067352,
F0067353,
F0067354,
F0067355,
F0067356,
F0067357,
F0067358,positive
F0067359,
F0067360,
F0067361,walkout
F0067362,walkout
F0067363,
F0067364,
F0067365,walkout
F0067366,walkout
F0067367,
F0067368,positive
F0067369,positive
F0067370,positive
F0067371,
F0067372,
F0067373,
F0067374,
F0067375,
F0067376,
F0067377,
F0067378,
F0067379,
F0067380,
F0067381,
F0067382,
F0067383,
F0067384,
F0067385,
F0067386,
F0067387,
F0067388,
F0067389,positive
F0067390,
F0067391,positive
F0067392,positive
F0067393,positive
F0067394,positive
F0067395,
F0067396,
F0067397,
F0067398,
F0067399,
F0067400,
F0067401,
F0067402,walkout
F0067403,
F0067404,
F0067405,
F0067406,
F0067407,
F0067408,
F0067409,
F0067410,
F0067411,
F0067412,positive
F0067413,
F0067414,
F0067415,
F0067416,
F0067417,
F0067418,positive
F0067419,
F0067420,positive
F0067421,
F0067422,
F0067423,slow_dd
F0067424,walkout
F0067425,
F0067426,
F0067427,
F0067428,
F0067429,
F0067430,
F0067431,
F0067432,
F0067433,
F0067434,
F0067435,
F0067436,
F0067437,walkout
F0067438,
F0067439,positive
F0067440,
F0067441,
F0067442,
F0067443,
F0067444,positive
F0067445,positive
F0067446,
F0067447,positive
F0067448,
F0067449,
F0067450,
F0067451,
F0067452,
F0067453,
F0067454,
F0067455,
F0067456,positive
F0067457,positive
F0067458,positive
F0067459,positive
F0067460,
F0067461,
F0067462,
F0067463,
F0067464,
F0067465,
F0067466,
F0067467,
F0067468,positive
F0067469,positive
F0067470,
F0067471,
F0067472,
F0067473,
F0067474,
F0067475,positive
F0067476,
F0067477,
F0067478,
F0067479,
F0067480,
F0067481,
F0067482,
F0067483,
F0067484,positive
F0067485,
F0067486,
F0067487,
F0067488,
F0067489,
F0067490,
F0067491,
F0067492,
F0067493,
F0067494,
F0067495,
F0067496,
F0067497,
F0067498,
F0067499,
F0067500,walkout
F0067501,long_wait
F0067502,
F0067503,walkout
F0067504,
F0067505,
F0067506,walkout
F0067507,walkout
F0067508,walkout
F0067509,walkout
F0067510,
F0067511,
F0067512,
F0067513,positive
F0067514,
F0067515,positive
F0067516,positive
F0067517,
F0067518,walkout
F0067519,
F0067520,
F0067521,
F0067522,
F0067523,lunch
F0067524,
F0067525,
F0067526,
F0067527,
F0067528,
F0067529,positive
F0067530,
F0067531,
F0067532,
F0067533,
F0067534,
F0067535,
F0067536,
F0067537,
F0067538,walkout
F0067539,
F0067540,
F0067541,
F0067542,
F0067543,
F0067544,long_wait
F0067545,
F0067546,walkout
F0067547,documents
F0067548,
F0067549,walkout
F0067550,
F0067551,walkout
F0067552,walkout
F0067553,
F0067554,
F0067555,walkout
F0067556,walkout
F0067557,
F0067558,
F0067559,
F0067560,
F0067561,long_wait
F0067562,
F0067563,
F0067564,walkout
F0067565,walkout
F0067566,
F0067567,walkout
F0067568,
F0067569,walkout
F0067570,walkout
F0067571,
F0067572,walkout
F0067573,
F0067574,walkout
F0067575,walkout
F0067576,
F0067577,
F0067578,
F0067579,walkout
F0067580,walkout
F0067581,
F0067582,
F0067583,walkout
F0067584,
F0067585,walkout
F0067586,
F0067587,
F0067588,
F0067589,
F0067590,
F0067591,positive
F0067592,walkout
F0067593,walkout
F0067594,
F0067595,
F0067596,
F0067597,walkout
F0067598,
F0067599,
F0067600,
F0067601,
F0067602,
F0067603,walkout
F0067604,
F0067605,positive
F0067606,
F0067607,
F0067608,positive
F0067609,positive
F0067610,positive
F0067611,
F0067612,
F0067613,
F0067614,
F0067615,
F0067616,
F0067617,walkout
F0067618,
F0067619,
F0067620,documents
F0067621,walkout
F0067622,
F0067623,positive
F0067624,
F0067625,
F0067626,
F0067627,
F0067628,
F0067629,
F0067630,
F0067631,
F0067632,walkout
F0067633,walkout
F0067634,
F0067635,
F0067636,
F0067637,
F0067638,
F0067639,
F0067640,walkout
F0067641,walkout
F0067642,
F0067643,
F0067644,walkout
F0067645,
F0067646,
F0067647,
F0067648,
F0067649,
F0067650,walkout
F0067651,
F0067652,
F0067653,long_wait
F0067654,
F0067655,
F0067656,
F0067657,
F0067658,
F0067659,
F0067660,positive
F0067661,
F0067662,
F0067663,
F0067664,
F0067665,
F0067666,walkout
F0067667,
F0067668,
F0067669,positive
F0067670,walkout
F0067671,
F0067672,
F0067673,
F0067674,
F0067675,positive
F0067676,
F0067677,
F0067678,
F0067679,walkout
F0067680,
F0067681,
F0067682,
F0067683,
F0067684,walkout
F0067685,
F0067686,positive
F0067687,
F0067688,walkout
F0067689,walkout
F0067690,walkout
F0067691,lunch
F0067692,
F0067693,
F0067694,
F0067695,
F0067696,walkout
F0067697,walkout
F0067698,walkout
F0067699,
F0067700,
F0067701,walkout
F0067702,long_wait
F0067703,
F0067704,
F0067705,walkout
F0067706,
F0067707,walkout
F0067708,positive
F0067709,positive
F0067710,walkout
F0067711,
F0067712,
F0067713,
F0067714,
F0067715,
F0067716,walkout
F0067717,slow_dd
F0067718,
F0067719,
F0067720,
F0067721,
F0067722,positive
F0067723,walkout
F0067724,
F0067725,positive
F0067726,
F0067727,
F0067728,
F0067729,positive
F0067730,
F0067731,
F0067732,
F0067733,
F0067734,
F0067735,
F0067736,
F0067737,
F0067738,
F0067739,walkout
F0067740,
F0067741,
F0067742,
F0067743,
F0067744,
F0067745,walkout
F0067746,positive
F0067747,positive
F0067748,
F0067749,
F0067750,walkout
F0067751,walkout
F0067752,walkout
F0067753,
F0067754,walkout
F0067755,
F0067756,
F0067757,
F0067758,
F0067759,walkout
F0067760,
F0067761,
F0067762,
F0067763,positive
F0067764,walkout
F0067765,
F0067766,
F0067767,
F0067768,
F0067769,
F0067770,
F0067771,
F0067772,
F0067773,
F0067774,
F0067775,
F0067776,
F0067777,
F0067778,
F0067779,
F0067780,
F0067781,
F0067782,positive
F0067783,walkout
F0067784,
F0067785,walkout
F0067786,
F0067787,
F0067788,
F0067789,
F0067790,positive
F0067791,
F0067792,
F0067793,walkout
F0067794,
F0067795,
F0067796,
F0067797,
F0067798,positive
F0067799,
F0067800,
F0067801,long_wait
F0067802,
F0067803,
F0067804,
F0067805,
F0067806,
F0067807,
F0067808,positive
F0067809,
F0067810,positive
F0067811,
F0067812,
F0067813,walkout
F0067814,
F0067815,positive
F0067816,walkout
F0067817,
F0067818,
F0067819,
F0067820,
F0067821,
F0067822,
F0067823,
F0067824,
F0067825,
F0067826,
F0067827,
F0067828,positive
F0067829,
F0067830,
F0067831,
F0067832,
F0067833,positive
F0067834,
F0067835,
F0067836,
F0067837,
F0067838,walkout
F0067839,
F0067840,
F0067841,walkout
F0067842,walkout
F0067843,
F0067844,walkout
F0067845,positive
F0067846,
F0067847,
F0067848,
F0067849,
F0067850,
F0067851,
F0067852,long_wait
F0067853,
F0067854,
F0067855,walkout
F0067856,positive
F0067857,
F0067858,
F0067859,
F0067860,walkout
F0067861,
F0067862,
F0067863,
F0067864,
F0067865,
F0067866,walkout
F0067867,
F0067868,
F0067869,
F0067870,
F0067871,walkout
F0067872,walkout
F0067873,
F0067874,walkout
F0067875,
F0067876,walkout
F0067877,walkout
F0067878,
F0067879,
F0067880,
F0067881,
F0067882,
F0067883,
F0067884,walkout
F0067885,walkout
F0067886,walkout
F0067887,walkout
F0067888,
F0067889,walkout
F0067890,walkout
F0067891,
F0067892,
F0067893,
F0067894,walkout
F0067895,
F0067896,
F0067897,walkout
F0067898,
F0067899,walkout
F0067900,
F0067901,
F0067902,long_wait
F0067903,walkout
F0067904,
F0067905,walkout
F0067906,
F0067907,
F0067908,
F0067909,
F0067910,
F0067911,
F0067912,
F0067913,long_wait
F0067914,
F0067915,
F0067916,
F0067917,
F0067918,
F0067919,
F0067920,walkout
F0067921,
F0067922,walkout
F0067923,
F0067924,
F0067925,
F0067926,
F0067927,
F0067928,
F0067929,
F0067930,positive
F0067931,
F0067932,positive
F0067933,
F0067934,
F0067935,positive
F0067936,
F0067937,
F0067938,
F0067939,
F0067940,
F0067941,walkout
F0067942,
F0067943,
F0067944,
F0067945,
F0067946,walkout
F0067947,
F0067948,
F0067949,
F0067950,
F0067951,
F0067952,
F0067953,
F0067954,
F0067955,
F0067956,
F0067957,
F0067958,
F0067959,
F0067960,
F0067961,
F0067962,
F0067963,
F0067964,
F0067965,
F0067966,
F0067967,positive
F0067968,walkout
F0067969,
F0067970,positive
F0067971,
F0067972,
F0067973,
F0067974,
F0067975,
F0067976,
F0067977,
F0067978,
F0067979,
F0067980,
F0067981,positive
F0067982,
F0067983,
F0067984,
F0067985,
F0067986,
F0067987,positive
F0067988,
F0067989,positive
F0067990,
F0067991,
F0067992,
F0067993,
F0067994,
F0067995,positive
F0067996,
F0067997,
F0067998,
F0067999,
F0068000,
F0068001,
F0068002,
F0068003,
F0068004,
F0068005,
F0068006,positive
F0068007,
F0068008,
F0068009,positive
F0068010,
F0068011,documents
F0068012,walkout
F0068013,
F0068014,
F0068015,
F0068016,positive
F0068017,
F0068018,long_wait
F0068019,
F0068020,
F0068021,
F0068022,
F0068023,
F0068024,
F0068025,
F0068026,
F0068027,positive
F0068028,
F0068029,
F0068030,
F0068031,
F0068032,
F0068033,
F0068034,
F0068035,
F0068036,
F0068037,
F0068038,positive
F0068039,
F0068040,
F0068041,
F0068042,
F0068043,
F0068044,
F0068045,
F0068046,
F0068047,
F0068048,
F0068049,positive
F0068050,
F0068051,
F0068052,
F0068053,walkout
F0068054,
F0068055,
F0068056,
F0068057,walkout
F0068058,
F0068059,walkout
F0068060,
F0068061,
F0068062,
F0068063,
F0068064,
F0068065,
F0068066,
F0068067,positive
F0068068,
F0068069,
F0068070,
F0068071,
F0068072,
F0068073,
F0068074,
F0068075,
F0068076,positive
F0068077,
F0068078,walkout
F0068079,
F0068080,
F0068081,long_wait
F0068082,
F0068083,
F0068084,
F0068085,
F0068086,
F0068087,
F0068088,
F0068089,
F0068090,
F0068091,
F0068092,
F0068093,
F0068094,
F0068095,walkout
F0068096,
F0068097,
F0068098,
F0068099,walkout
F0068100,
F0068101,positive
F0068102,
F0068103,
F0068104,
F0068105,
F0068106,walkout
F0068107,
F0068108,
F0068109,
F0068110,
F0068111,
F0068112,positive
F0068113,
F0068114,
F0068115,
F0068116,
F0068117,
F0068118,
F0068119,
F0068120,
F0068121,
F0068122,walkout
F0068123,walkout
F0068124,
F0068125,positive
F0068126,
F0068127,
F0068128,
F0068129,
F0068130,
F0068131,
F0068132,
F0068133,positive
F0068134,
F0068135,
F0068136,
F0068137,walkout
F0068138,walkout
F0068139,
F0068140,
F0068141,
F0068142,walkout
F0068143,positive
F0068144,
F0068145,
F0068146,
F0068147,
F0068148,
F0068149,
F0068150,
F0068151,
F0068152,
F0068153,positive
F0068154,
F0068155,
F0068156,
F0068157,
F0068158,positive
F0068159,
F0068160,
F0068161,positive
F0068162,
F0068163,
F0068164,
F0068165,
F0068166,documents
F0068167,
F0068168,walkout
F0068169,
F0068170,positive
F0068171,
F0068172,
F0068173,
F0068174,
F0068175,
F0068176,
F0068177,
F0068178,
F0068179,walkout
F0068180,walkout
F0068181,
F0068182,walkout
F0068183,
F0068184,
F0068185,
F0068186,
F0068187,
F0068188,
F0068189,
F0068190,
F0068191,
F0068192,
F0068193,
F0068194,
F0068195,positive
F0068196,positive
F0068197,
F0068198,
F0068199,
F0068200,
F0068201,
F0068202,
F0068203,positive
F0068204,
F0068205,
F0068206,positive
F0068207,positive
F0068208,
F0068209,
F0068210,long_wait
F0068211,
F0068212,
F0068213,walkout
F0068214,
F0068215,
F0068216,positive
F0068217,
F0068218,
F0068219,
F0068220,positive
F0068221,positive
F0068222,
F0068223,
F0068224,
F0068225,
F0068226,
F0068227,
F0068228,
F0068229,
F0068230,
F0068231,
F0068232,
F0068233,
F0068234,positive
F0068235,
F0068236,
F0068237,
F0068238,
F0068239,
F0068240,
F0068241,positive
F0068242,
F0068243,
F0068244,
F0068245,
F0068246,
F0068247,
F0068248,
F0068249,positive
F0068250,
F0068251,
F0068252,
F0068253,walkout
F0068254,walkout
F0068255,
F0068256,
F0068257,
F0068258,
F0068259,
F0068260,
F0068261,
F0068262,
F0068263,
F0068264,
F0068265,
F0068266,
F0068267,walkout
F0068268,
F0068269,
F0068270,
F0068271,
F0068272,
F0068273,walkout
F0068274,walkout
F0068275,
F0068276,
F0068277,
F0068278,walkout
F0068279,
F0068280,long_wait
F0068281,
F0068282,
F0068283,
F0068284,
F0068285,
F0068286,walkout
F0068287,
F0068288,
F0068289,
F0068290,
F0068291,
F0068292,
F0068293,
F0068294,
F0068295,
F0068296,
F0068297,
F0068298,walkout
F0068299,walkout
F0068300,
F0068301,long_wait
F0068302,
F0068303,
F0068304,
F0068305,long_wait
F0068306,
F0068307,long_wait
F0068308,
F0068309,
F0068310,
F0068311,
F0068312,positive
F0068313,
F0068314,
F0068315,
F0068316,
F0068317,
F0068318,walkout
F0068319,
F0068320,
F0068321,
F0068322,
F0068323,
F0068324,walkout
F0068325,walkout
F0068326,walkout
F0068327,long_wait
F0068328,
F0068329,
F0068330,
F0068331,
F0068332,
F0068333,walkout
F0068334,walkout
F0068335,long_wait
F0068336,
F0068337,
F0068338,
F0068339,walkout
F0068340,walkout
F0068341,
F0068342,
F0068343,walkout
F0068344,
F0068345,
F0068346,walkout
F0068347,
F0068348,
F0068349,walkout
F0068350,
F0068351,positive
F0068352,
F0068353,
F0068354,walkout
F0068355,
F0068356,
F0068357,walkout
F0068358,long_wait
F0068359,
F0068360,
F0068361,
F0068362,
F0068363,long_wait
F0068364,
F0068365,long_wait
F0068366,walkout
F0068367,
F0068368,walkout
F0068369,walkout
F0068370,walkout
F0068371,
F0068372,walkout
F0068373,seating
F0068374,
F0068375,
F0068376,
F0068377,
F0068378,
F0068379,
F0068380,
F0068381,lunch
F0068382,walkout
F0068383,
F0068384,
F0068385,
F0068386,
F0068387,
F0068388,
F0068389,
F0068390,
F0068391,
F0068392,
F0068393,
F0068394,
F0068395,
F0068396,
F0068397,
F0068398,positive
F0068399,
F0068400,
F0068401,
F0068402,
F0068403,
F0068404,
F0068405,
F0068406,
F0068407,
F0068408,
F0068409,
F0068410,
F0068411,
F0068412,
F0068413,
F0068414,
F0068415,
F0068416,walkout
F0068417,
F0068418,
F0068419,
F0068420,
F0068421,
F0068422,
F0068423,
F0068424,
F0068425,
F0068426,
F0068427,
F0068428,walkout
F0068429,
F0068430,
F0068431,
F0068432,
F0068433,
F0068434,positive
F0068435,
F0068436,
F0068437,
F0068438,
F0068439,
F0068440,
F0068441,
F0068442,
F0068443,
F0068444,positive
F0068445,
F0068446,
F0068447,
F0068448,
F0068449,
F0068450,positive
F0068451,
F0068452,
F0068453,
F0068454,
F0068455,
F0068456,
F0068457,
F0068458,
F0068459,
F0068460,
F0068461,
F0068462,
F0068463,
F0068464,
F0068465,
F0068466,
F0068467,
F0068468,
F0068469,
F0068470,
F0068471,
F0068472,walkout
F0068473,
F0068474,
F0068475,walkout
F0068476,
F0068477,
F0068478,
F0068479,walkout
F0068480,
F0068481,
F0068482,
F0068483,
F0068484,positive
F0068485,
F0068486,
F0068487,
F0068488,
F0068489,
F0068490,
F0068491,
F0068492,walkout
F0068493,
F0068494,
F0068495,walkout
F0068496,walkout
F0068497,positive
F0068498,positive
F0068499,positive
F0068500,
F0068501,
F0068502,
F0068503,
F0068504,
F0068505,
F0068506,
F0068507,
F0068508,
F0068509,
F0068510,
F0068511,
F0068512,
F0068513,
F0068514,
F0068515,long_wait
F0068516,
F0068517,
F0068518,
F0068519,
F0068520,
F0068521,
F0068522,
F0068523,
F0068524,
F0068525,
F0068526,
F0068527,positive
F0068528,
F0068529,
F0068530,
F0068531,positive
F0068532,walkout
F0068533,
F0068534,
F0068535,
F0068536,walkout
F0068537,walkout
F0068538,
F0068539,walkout
F0068540,
F0068541,long_wait
F0068542,
F0068543,walkout
F0068544,
F0068545,
F0068546,long_wait
F0068547,
F0068548,walkout
F0068549,
F0068550,
F0068551,walkout
F0068552,
F0068553,walkout
F0068554,long_wait
F0068555,walkout
F0068556,
F0068557,
F0068558,
F0068559,
F0068560,
F0068561,
F0068562,seating
F0068563,
F0068564,walkout
F0068565,
F0068566,
F0068567,
F0068568,walkout
F0068569,
F0068570,
F0068571,
F0068572,
F0068573,walkout
F0068574,walkout
F0068575,
F0068576,
F0068577,
F0068578,
F0068579,
F0068580,
F0068581,
F0068582,walkout
F0068583,
F0068584,
F0068585,
F0068586,walkout
F0068587,
F0068588,
F0068589,
F0068590,
F0068591,
F0068592,walkout
F0068593,
F0068594,
F0068595,
F0068596,walkout
F0068597,
F0068598,
F0068599,
F0068600,
F0068601,
F0068602,
F0068603,
F0068604,walkout
F0068605,
F0068606,walkout
F0068607,
F0068608,
F0068609,walkout
F0068610,walkout
F0068611,walkout
F0068612,
F0068613,
F0068614,walkout
F0068615,walkout
F0068616,walkout
F0068617,walkout
F0068618,
F0068619,walkout
F0068620,
F0068621,
F0068622,
F0068623,
F0068624,walkout
F0068625,walkout
F0068626,
F0068627,
F0068628,walkout
F0068629,
F0068630,
F0068631,
F0068632,long_wait
F0068633,walkout
F0068634,walkout
F0068635,
F0068636,walkout
F0068637,walkout
F0068638,
F0068639,long_wait
F0068640,
F0068641,
F0068642,positive
F0068643,
F0068644,
F0068645,
F0068646,
F0068647,positive
F0068648,
F0068649,
F0068650,
F0068651,
F0068652,
F0068653,
F0068654,walkout
F0068655,documents
F0068656,
F0068657,
F0068658,
F0068659,positive
F0068660,
F0068661,
F0068662,
F0068663,
F0068664,
F0068665,
F0068666,
F0068667,
F0068668,
F0068669,
F0068670,
F0068671,walkout
F0068672,positive
F0068673,
F0068674,
F0068675,
F0068676,
F0068677,
F0068678,
F0068679,
F0068680,
F0068681,
F0068682,
F0068683,
F0068684,
F0068685,
F0068686,walkout
F0068687,positive
F0068688,
F0068689,
F0068690,
F0068691,
F0068692,
F0068693,
F0068694,
F0068695,
F0068696,
F0068697,
F0068698,
F0068699,walkout
F0068700,long_wait
F0068701,walkout
F0068702,
F0068703,
F0068704,
F0068705,
F0068706,positive
F0068707,walkout
F0068708,
F0068709,
F0068710,
F0068711,
F0068712,
F0068713,
F0068714,
F0068715,
F0068716,
F0068717,
F0068718,
F0068719,
F0068720,
F0068721,positive
F0068722,
F0068723,
F0068724,
F0068725,
F0068726,
F0068727,
F0068728,positive
F0068729,
F0068730,
F0068731,
F0068732,
F0068733,
F0068734,
F0068735,
F0068736,positive
F0068737,
F0068738,
F0068739,positive
F0068740,
F0068741,
F0068742,
F0068743,
F0068744,positive
F0068745,walkout
F0068746,
F0068747,
F0068748,positive
F0068749,
F0068750,
F0068751,
F0068752,
F0068753,
F0068754,
F0068755,
F0068756,
F0068757,
F0068758,
F0068759,
F0068760,
F0068761,
F0068762,
F0068763,
F0068764,
F0068765,
F0068766,
F0068767,
F0068768,
F0068769,positive
F0068770,
F0068771,
F0068772,
F0068773,
F0068774,
F0068775,long_wait
F0068776,positive
F0068777,walkout
F0068778,
F0068779,
F0068780,
F0068781,walkout
F0068782,
F0068783,
F0068784,
F0068785,
F0068786,
F0068787,
F0068788,
F0068789,
F0068790,
F0068791,
F0068792,walkout
F0068793,
F0068794,
F0068795,
F0068796,
F0068797,
F0068798,
F0068799,
F0068800,
F0068801,
F0068802,walkout
F0068803,walkout
F0068804,walkout
F0068805,
F0068806,
F0068807,
F0068808,
F0068809,
F0068810,
F0068811,
F0068812,walkout
F0068813,
F0068814,
F0068815,
F0068816,
F0068817,walkout
F0068818,
F0068819,
F0068820,
F0068821,
F0068822,
F0068823,
F0068824,
F0068825,
F0068826,
F0068827,
F0068828,
F0068829,
F0068830,
F0068831,positive
F0068832,
F0068833,
F0068834,
F0068835,
F0068836,
F0068837,walkout
F0068838,walkout
F0068839,
F0068840,walkout
F0068841,
F0068842,
F0068843,walkout
F0068844,walkout
F0068845,
F0068846,
F0068847,walkout
F0068848,
F0068849,
F0068850,
F0068851,
F0068852,
F0068853,
F0068854,
F0068855,
F0068856,
F0068857,
F0068858,
F0068859,
F0068860,positive
F0068861,
F0068862,
F0068863,
F0068864,seating
F0068865,walkout
F0068866,walkout
F0068867,walkout
F0068868,positive
F0068869,walkout
F0068870,
F0068871,
F0068872,
F0068873,
F0068874,walkout
F0068875,walkout
F0068876,
F0068877,
F0068878,
F0068879,
F0068880,
F0068881,
F0068882,
F0068883,
F0068884,
F0068885,walkout
F0068886,
F0068887,
F0068888,
F0068889,
F0068890,positive
F0068891,
F0068892,
F0068893,
F0068894,
F0068895,
F0068896,
F0068897,
F0068898,
F0068899,
F0068900,
F0068901,walkout
F0068902,walkout
F0068903,
F0068904,
F0068905,
F0068906,
F0068907,
F0068908,walkout
F0068909,
F0068910,
F0068911,positive
F0068912,
F0068913,
F0068914,
F0068915,
F0068916,
F0068917,positive
F0068918,positive
F0068919,long_wait
F0068920,
F0068921,
F0068922,long_wait
F0068923,
F0068924,
F0068925,
F0068926,
F0068927,
F0068928,
F0068929,staff
F0068930,
F0068931,
F0068932,walkout
F0068933,
F0068934,
F0068935,
F0068936,
F0068937,
F0068938,
F0068939,slow_dd
F0068940,
F0068941,
F0068942,
F0068943,walkout
F0068944,
F0068945,
F0068946,positive
F0068947,
F0068948,walkout
F0068949,
F0068950,
F0068951,
F0068952,
F0068953,walkout
F0068954,
F0068955,
F0068956,
F0068957,
F0068958,
F0068959,
F0068960,
F0068961,
F0068962,walkout
F0068963,
F0068964,
F0068965,walkout
F0068966,
F0068967,
F0068968,
F0068969,
F0068970,
F0068971,
F0068972,
F0068973,
F0068974,walkout
F0068975,walkout
F0068976,walkout
F0068977,
F0068978,positive
F0068979,walkout
F0068980,
F0068981,
F0068982,
F0068983,
F0068984,
F0068985,
F0068986,positive
F0068987,walkout
F0068988,
F0068989,
F0068990,
F0068991,
F0068992,
F0068993,
F0068994,
F0068995,long_wait
F0068996,
F0068997,
F0068998,
F0068999,
F0069000,walkout
F0069001,
F0069002,
F0069003,
F0069004,
F0069005,walkout
F0069006,walkout
F0069007,
F0069008,
F0069009,walkout
F0069010,long_wait
F0069011,
F0069012,
F0069013,
F0069014,
F0069015,
F0069016,
F0069017,
F0069018,
F0069019,
F0069020,
F0069021,positive
F0069022,
F0069023,
F0069024,
F0069025,
F0069026,
F0069027,
F0069028,
F0069029,positive
F0069030,
F0069031,
F0069032,
F0069033,
F0069034,
F0069035,
F0069036,walkout
F0069037,
F0069038,
F0069039,
F0069040,
F0069041,
F0069042,
F0069043,
F0069044,
F0069045,
F0069046,
F0069047,walkout
F0069048,
F0069049,
F0069050,
F0069051,
F0069052,positive
F0069053,
F0069054,positive
F0069055,positive
F0069056,
F0069057,walkout
F0069058,
F0069059,
F0069060,
F0069061,
F0069062,
F0069063,walkout
F0069064,
F0069065,walkout
F0069066,
F0069067,
F0069068,
F0069069,
F0069070,walkout
F0069071,
F0069072,
F0069073,walkout
F0069074,positive
F0069075,
F0069076,
F0069077,
F0069078,
F0069079,walkout
F0069080,walkout
F0069081,
F0069082,walkout
F0069083,
F0069084,
F0069085,
F0069086,
F0069087,
F0069088,
F0069089,
F0069090,
F0069091,
F0069092,walkout
F0069093,
F0069094,
F0069095,walkout
F0069096,
F0069097,
F0069098,
F0069099,positive
F0069100,walkout
F0069101,walkout
F0069102,
F0069103,
F0069104,positive
F0069105,
F0069106,
F0069107,
F0069108,
F0069109,
F0069110,
F0069111,
F0069112,
F0069113,
F0069114,
F0069115,long_wait
F0069116,walkout
F0069117,positive
F0069118,
F0069119,
F0069120,
F0069121,
F0069122,
F0069123,
F0069124,
F0069125,
F0069126,
F0069127,positive
F0069128,
F0069129,
F0069130,
F0069131,
F0069132,
F0069133,
F0069134,positive
F0069135,
F0069136,long_wait
F0069137,
F0069138,
F0069139,
F0069140,
F0069141,positive
F0069142,
F0069143,
F0069144,
F0069145,
F0069146,
F0069147,
F0069148,
F0069149,
F0069150,
F0069151,
F0069152,
F0069153,
F0069154,
F0069155,
F0069156,
F0069157,positive
F0069158,
F0069159,
F0069160,
F0069161,
F0069162,
F0069163,
F0069164,
F0069165,
F0069166,positive
F0069167,positive
F0069168,
F0069169,
F0069170,
F0069171,
F0069172,
F0069173,
F0069174,
F0069175,
F0069176,
F0069177,
F0069178,positive
F0069179,
F0069180,
F0069181,
F0069182,
F0069183,
F0069184,
F0069185,
F0069186,
F0069187,
F0069188,
F0069189,
F0069190,
F0069191,
F0069192,positive
F0069193,
F0069194,walkout
F0069195,
F0069196,
F0069197,
F0069198,
F0069199,
F0069200,
F0069201,positive
F0069202,
F0069203,
F0069204,
F0069205,
F0069206,
F0069207,positive
F0069208,
F0069209,positive
F0069210,
F0069211,
F0069212,
F0069213,
F0069214,
F0069215,positive
F0069216,
F0069217,
F0069218,
F0069219,
F0069220,
F0069221,
F0069222,
F0069223,
F0069224,
F0069225,
F0069226,
F0069227,
F0069228,walkout
F0069229,documents
F0069230,walkout
F0069231,
F0069232,
F0069233,
F0069234,
F0069235,
F0069236,
F0069237,
F0069238,
F0069239,
F0069240,
F0069241,documents
F0069242,walkout
F0069243,
F0069244,long_wait
F0069245,
F0069246,
F0069247,
F0069248,
F0069249,
F0069250,
F0069251,
F0069252,positive
F0069253,
F0069254,
F0069255,
F0069256,
F0069257,
F0069258,
F0069259,positive
F0069260,
F0069261,
F0069262,
F0069263,
F0069264,
F0069265,positive
F0069266,
F0069267,
F0069268,walkout
F0069269,
F0069270,
F0069271,
F0069272,
F0069273,documents
F0069274,
F0069275,
F0069276,
F0069277,positive
F0069278,
F0069279,positive
F0069280,
F0069281,
F0069282,
F0069283,
F0069284,
F0069285,
F0069286,long_wait
F0069287,
F0069288,positive
F0069289,
F0069290,positive
F0069291,positive
F0069292,
F0069293,
F0069294,
F0069295,
F0069296,walkout
F0069297,
F0069298,
F0069299,long_wait
F0069300,walkout
F0069301,walkout
F0069302,
F0069303,walkout
F0069304,
F0069305,
F0069306,walkout
F0069307,walkout
F0069308,walkout
F0069309,
F0069310,
F0069311,walkout
F0069312,
F0069313,
F0069314,
F0069315,walkout
F0069316,
F0069317,
F0069318,
F0069319,walkout
F0069320,walkout
F0069321,walkout
F0069322,walkout
F0069323,long_wait
F0069324,
F0069325,walkout
F0069326,
F0069327,
F0069328,
F0069329,
F0069330,walkout
F0069331,long_wait
F0069332,walkout
F0069333,
F0069334,
F0069335,
F0069336,walkout
F0069337,walkout
F0069338,walkout
F0069339,
F0069340,
F0069341,walkout
F0069342,walkout
F0069343,walkout
F0069344,
F0069345,walkout
F0069346,
F0069347,
F0069348,walkout
F0069349,long_wait
F0069350,walkout
F0069351,
F0069352,walkout
F0069353,walkout
F0069354,
F0069355,
F0069356,walkout
F0069357,
F0069358,positive
F0069359,long_wait
F0069360,walkout
F0069361,
F0069362,walkout
F0069363,
F0069364,
F0069365,walkout
F0069366,
F0069367,walkout
F0069368,long_wait
F0069369,
F0069370,walkout
F0069371,
F0069372,
F0069373,
F0069374,
F0069375,
F0069376,
F0069377,
F0069378,
F0069379,positive
F0069380,
F0069381,
F0069382,
F0069383,walkout
F0069384,
F0069385,walkout
F0069386,
F0069387,
F0069388,
F0069389,
F0069390,
F0069391,
F0069392,
F0069393,
F0069394,
F0069395,
F0069396,
F0069397,
F0069398,positive
F0069399,
F0069400,
F0069401,
F0069402,
F0069403,
F0069404,
F0069405,
F0069406,
F0069407,
F0069408,
F0069409,
F0069410,
F0069411,
F0069412,
F0069413,
F0069414,
F0069415,
F0069416,
F0069417,
F0069418,
F0069419,
F0069420,
F0069421,
F0069422,
F0069423,
F0069424,
F0069425,
F0069426,slow_dd
F0069427,
F0069428,positive
F0069429,walkout
F0069430,positive
F0069431,
F0069432,
F0069433,
F0069434,walkout
F0069435,
F0069436,
F0069437,
F0069438,walkout
F0069439,
F0069440,
F0069441,
F0069442,
F0069443,lunch
F0069444,walkout
F0069445,
F0069446,
F0069447,documents
F0069448,
F0069449,
F0069450,
F0069451,
F0069452,
F0069453,
F0069454,
F0069455,positive
F0069456,positive
F0069457,
F0069458,
F0069459,positive
F0069460,
F0069461,
F0069462,walkout
F0069463,
F0069464,
F0069465,
F0069466,walkout
F0069467,
F0069468,
F0069469,
F0069470,walkout
F0069471,
F0069472,
F0069473,
F0069474,long_wait
F0069475,
F0069476,
F0069477,
F0069478,
F0069479,
F0069480,positive
F0069481,
F0069482,positive
F0069483,
F0069484,positive
F0069485,
F0069486,
F0069487,walkout
F0069488,
F0069489,
F0069490,positive
F0069491,
F0069492,positive
F0069493,
F0069494,
F0069495,
F0069496,
F0069497,
F0069498,
F0069499,
F0069500,
F0069501,walkout
F0069502,
F0069503,walkout
F0069504,walkout
F0069505,
F0069506,
F0069507,documents
F0069508,
F0069509,
F0069510,
F0069511,
F0069512,
F0069513,
F0069514,
F0069515,
F0069516,
F0069517,
F0069518,
F0069519,
F0069520,
F0069521,
F0069522,
F0069523,
F0069524,
F0069525,positive
F0069526,
F0069527,
F0069528,
F0069529,
F0069530,positive
F0069531,
F0069532,
F0069533,
F0069534,positive
F0069535,
F0069536,positive
F0069537,
F0069538,
F0069539,walkout
F0069540,walkout
F0069541,
F0069542,walkout
F0069543,
F0069544,
F0069545,
F0069546,walkout
F0069547,seating
F0069548,
F0069549,
F0069550,
F0069551,walkout
F0069552,walkout
F0069553,documents
F0069554,
F0069555,
F0069556,
F0069557,
F0069558,
F0069559,positive
F0069560,walkout
F0069561,
F0069562,
F0069563,walkout
F0069564,
F0069565,
F0069566,walkout
F0069567,
F0069568,
F0069569,
F0069570,
F0069571,
F0069572,
F0069573,
F0069574,
F0069575,
F0069576,
F0069577,walkout
F0069578,positive
F0069579,
F0069580,
F0069581,
F0069582,
F0069583,
F0069584,slow_dd
F0069585,
F0069586,
F0069587,walkout
F0069588,
F0069589,
F0069590,
F0069591,
F0069592,
F0069593,walkout
F0069594,walkout
F0069595,
F0069596,
F0069597,walkout
F0069598,
F0069599,
F0069600,
F0069601,
F0069602,positive
F0069603,
F0069604,
F0069605,
F0069606,positive
F0069607,
F0069608,
F0069609,
F0069610,
F0069611,positive
F0069612,
F0069613,walkout
F0069614,
F0069615,
F0069616,
F0069617,long_wait
F0069618,
F0069619,
F0069620,
F0069621,
F0069622,
F0069623,
F0069624,
F0069625,
F0069626,
F0069627,
F0069628,
F0069629,
F0069630,
F0069631,walkout
F0069632,walkout
F0069633,
F0069634,
F0069635,positive
F0069636,
F0069637,
F0069638,positive
F0069639,
F0069640,
F0069641,
F0069642,
F0069643,documents
F0069644,
F0069645,
F0069646,positive
F0069647,positive
F0069648,
F0069649,
F0069650,
F0069651,
F0069652,
F0069653,positive
F0069654,
F0069655,
F0069656,positive
F0069657,
F0069658,
F0069659,
F0069660,positive
F0069661,
F0069662,
F0069663,positive
F0069664,positive
F0069665,
F0069666,
F0069667,
F0069668,
F0069669,
F0069670,positive
F0069671,
F0069672,
F0069673,
F0069674,
F0069675,
F0069676,
F0069677,positive
F0069678,
F0069679,
F0069680,
F0069681,positive
F0069682,
F0069683,
F0069684,
F0069685,
F0069686,positive
F0069687,
F0069688,
F0069689,
F0069690,positive
F0069691,
F0069692,
F0069693,positive
F0069694,
F0069695,
F0069696,
F0069697,
F0069698,
F0069699,
F0069700,positive
F0069701,positive
F0069702,
F0069703,
F0069704,
F0069705,
F0069706,
F0069707,
F0069708,
F0069709,
F0069710,
F0069711,
F0069712,positive
F0069713,
F0069714,
F0069715,
F0069716,
F0069717,
F0069718,
F0069719,
F0069720,walkout
F0069721,walkout
F0069722,
F0069723,long_wait
F0069724,
F0069725,walkout
F0069726,documents
F0069727,
F0069728,
F0069729,
F0069730,
F0069731,
F0069732,
F0069733,
F0069734,walkout
F0069735,walkout
F0069736,
F0069737,walkout
F0069738,
F0069739,
F0069740,
F0069741,
F0069742,
F0069743,
F0069744,
F0069745,
F0069746,
F0069747,positive
F0069748,
F0069749,
F0069750,
F0069751,walkout
F0069752,
F0069753,
F0069754,
F0069755,
F0069756,
F0069757,
F0069758,
F0069759,
F0069760,seating
F0069761,positive
F0069762,positive
F0069763,
F0069764,
F0069765,
F0069766,
F0069767,
F0069768,
F0069769,
F0069770,
F0069771,
F0069772,
F0069773,walkout
F0069774,
F0069775,
F0069776,
F0069777,
F0069778,
F0069779,
F0069780,
F0069781,
F0069782,positive
F0069783,
F0069784,positive
F0069785,
F0069786,
F0069787,
F0069788,
F0069789,positive
F0069790,
F0069791,
F0069792,positive
F0069793,
F0069794,
F0069795,
F0069796,
F0069797,
F0069798,positive
F0069799,
F0069800,
F0069801,
F0069802,
F0069803,
F0069804,
F0069805,positive
F0069806,
F0069807,
F0069808,
F0069809,
F0069810,
F0069811,positive
F0069812,
F0069813,
F0069814,
F0069815,
F0069816,
F0069817,
F0069818,
F0069819,
F0069820,
F0069821,
F0069822,
F0069823,
F0069824,
F0069825,positive
F0069826,
F0069827,positive
F0069828,
F0069829,positive
F0069830,
F0069831,positive
F0069832,
F0069833,
F0069834,
F0069835,
F0069836,walkout
F0069837,
F0069838,
F0069839,
F0069840,
F0069841,
F0069842,
F0069843,
F0069844,positive
F0069845,
F0069846,
F0069847,
F0069848,
F0069849,
F0069850,
F0069851,
F0069852,positive
F0069853,
F0069854,
F0069855,
F0069856,
F0069857,
F0069858,
F0069859,
F0069860,
F0069861,
F0069862,
F0069863,walkout
F0069864,
F0069865,
F0069866,
F0069867,
F0069868,
F0069869,walkout
F0069870,walkout
F0069871,
F0069872,
F0069873,positive
F0069874,
F0069875,
F0069876,
F0069877,
F0069878,
F0069879,
F0069880,
F0069881,
F0069882,
F0069883,walkout
F0069884,long_wait
F0069885,
F0069886,
F0069887,walkout
F0069888,
F0069889,walkout
F0069890,
F0069891,
F0069892,
F0069893,
F0069894,
F0069895,
F0069896,
F0069897,positive
F0069898,
F0069899,positive
F0069900,
F0069901,walkout
F0069902,
F0069903,
F0069904,
F0069905,
F0069906,
F0069907,
F0069908,positive
F0069909,
F0069910,positive
F0069911,
F0069912,
F0069913,
F0069914,
F0069915,
F0069916,positive
F0069917,positive
F0069918,
F0069919,
F0069920,positive
F0069921,
F0069922,
F0069923,
F0069924,
F0069925,
F0069926,positive
F0069927,
F0069928,
F0069929,
F0069930,positive
F0069931,
F0069932,positive
F0069933,
F0069934,
F0069935,
F0069936,
F0069937,
F0069938,
F0069939,
F0069940,
F0069941,long_wait
F0069942,walkout
F0069943,positive
F0069944,
F0069945,
F0069946,
F0069947,
F0069948,
F0069949,positive
F0069950,
F0069951,walkout
F0069952,
F0069953,
F0069954,
F0069955,
F0069956,
F0069957,
F0069958,
F0069959,positive
F0069960,
F0069961,
F0069962,
F0069963,
F0069964,positive
F0069965,
F0069966,walkout
F0069967,
F0069968,documents
F0069969,
F0069970,
F0069971,walkout
F0069972,positive
F0069973,
F0069974,positive
F0069975,positive
F0069976,positive
F0069977,
F0069978,
F0069979,
F0069980,
F0069981,
F0069982,
F0069983,
F0069984,
F0069985,
F0069986,positive
F0069987,
F0069988,
F0069989,
F0069990,
F0069991,
F0069992,
F0069993,
F0069994,
F0069995,walkout
F0069996,
F0069997,
F0069998,walkout
F0069999,
F0070000,walkout
F0070001,
F0070002,
F0070003,
F0070004,
F0070005,walkout
F0070006,
F0070007,walkout
F0070008,
F0070009,
F0070010,
F0070011,
F0070012,positive
F0070013,
F0070014,
F0070015,
F0070016,positive
F0070017,
F0070018,
F0070019,walkout
F0070020,
F0070021,walkout
F0070022,positive
F0070023,walkout
F0070024,
F0070025,walkout
F0070026,
F0070027,
F0070028,positive
F0070029,positive
F0070030,walkout
F0070031,
F0070032,positive
F0070033,long_wait
F0070034,walkout
F0070035,
F0070036,
F0070037,
F0070038,
F0070039,
F0070040,
F0070041,walkout
F0070042,
F0070043,
F0070044,
F0070045,
F0070046,
F0070047,positive
F0070048,
F0070049,
F0070050,positive
F0070051,
F0070052,
F0070053,
F0070054,
F0070055,
F0070056,walkout
F0070057,walkout
F0070058,
F0070059,walkout
F0070060,
F0070061,walkout
F0070062,
F0070063,walkout
F0070064,positive
F0070065,
F0070066,walkout
F0070067,
F0070068,
F0070069,
F0070070,
F0070071,
F0070072,long_wait
F0070073,long_wait
F0070074,
F0070075,
F0070076,
F0070077,
F0070078,
F0070079,
F0070080,
F0070081,
F0070082,
F0070083,
F0070084,
F0070085,
F0070086,
F0070087,
F0070088,slow_dd
F0070089,
F0070090,walkout
F0070091,
F0070092,
F0070093,
F0070094,
F0070095,
F0070096,walkout
F0070097,
F0070098,
F0070099,walkout
F0070100,
F0070101,
F0070102,
F0070103,
F0070104,
F0070105,
F0070106,
F0070107,
F0070108,
F0070109,
F0070110,
F0070111,long_wait
F0070112,
F0070113,walkout
F0070114,walkout
F0070115,
F0070116,
F0070117,
F0070118,
F0070119,walkout
F0070120,
F0070121,long_wait
F0070122,walkout
F0070123,walkout
F0070124,
F0070125,
F0070126,
F0070127,walkout
F0070128,walkout
F0070129,long_wait
F0070130,
F0070131,walkout
F0070132,
F0070133,walkout
F0070134,long_wait
F0070135,
F0070136,
F0070137,
F0070138,
F0070139,walkout
F0070140,
F0070141,
F0070142,
F0070143,positive
F0070144,
F0070145,walkout
F0070146,
F0070147,walkout
F0070148,
F0070149,walkout
F0070150,positive
F0070151,walkout
F0070152,walkout
F0070153,
F0070154,
F0070155,
F0070156,walkout
F0070157,walkout
F0070158,positive
F0070159,
F0070160,long_wait
F0070161,long_wait
F0070162,walkout
F0070163,
F0070164,
F0070165,long_wait
F0070166,
F0070167,walkout
F0070168,walkout
F0070169,seating
F0070170,
F0070171,walkout
F0070172,
F0070173,
F0070174,
F0070175,
F0070176,
F0070177,
F0070178,
F0070179,
F0070180,
F0070181,
F0070182,
F0070183,
F0070184,
F0070185,positive
F0070186,
F0070187,
F0070188,
F0070189,
F0070190,
F0070191,positive
F0070192,
F0070193,
F0070194,
F0070195,positive
F0070196,
F0070197,
F0070198,
F0070199,
F0070200,
F0070201,
F0070202,
F0070203,positive
F0070204,
F0070205,
F0070206,
F0070207,
F0070208,
F0070209,
F0070210,
F0070211,walkout
F0070212,walkout
F0070213,
F0070214,
F0070215,
F0070216,
F0070217,
F0070218,
F0070219,
F0070220,
F0070221,walkout
F0070222,
F0070223,
F0070224,walkout
F0070225,seating
F0070226,
F0070227,
F0070228,
F0070229,
F0070230,walkout
F0070231,
F0070232,
F0070233,walkout
F0070234,
F0070235,
F0070236,walkout
F0070237,
F0070238,
F0070239,
F0070240,
F0070241,
F0070242,
F0070243,walkout
F0070244,walkout
F0070245,walkout
F0070246,walkout
F0070247,walkout
F0070248,
F0070249,
F0070250,
F0070251,
F0070252,
F0070253,walkout
F0070254,
F0070255,
F0070256,walkout
F0070257,walkout
F0070258,walkout
F0070259,walkout
F0070260,lunch
F0070261,walkout
F0070262,walkout
F0070263,
F0070264,
F0070265,
F0070266,
F0070267,
F0070268,
F0070269,walkout
F0070270,
F0070271,
F0070272,
F0070273,
F0070274,
F0070275,
F0070276,
F0070277,
F0070278,
F0070279,
F0070280,
F0070281,
F0070282,
F0070283,
F0070284,
F0070285,walkout
F0070286,positive
F0070287,positive
F0070288,
F0070289,
F0070290,
F0070291,
F0070292,
F0070293,
F0070294,
F0070295,walkout
F0070296,walkout
F0070297,
F0070298,
F0070299,
F0070300,
F0070301,
F0070302,
F0070303,
F0070304,
F0070305,
F0070306,walkout
F0070307,
F0070308,
F0070309,
F0070310,
F0070311,walkout
F0070312,
F0070313,
F0070314,
F0070315,walkout
F0070316,walkout
F0070317,
F0070318,
F0070319,
F0070320,positive
F0070321,walkout
F0070322,
F0070323,
F0070324,walkout
F0070325,
F0070326,
F0070327,positive
F0070328,
F0070329,walkout
F0070330,walkout
F0070331,walkout
F0070332,
F0070333,
F0070334,walkout
F0070335,walkout
F0070336,walkout
F0070337,walkout
F0070338,positive
F0070339,walkout
F0070340,
F0070341,
F0070342,
F0070343,
F0070344,
F0070345,
F0070346,
F0070347,
F0070348,
F0070349,
F0070350,
F0070351,
F0070352,positive
F0070353,
F0070354,
F0070355,
F0070356,
F0070357,
F0070358,
F0070359,walkout
F0070360,walkout
F0070361,walkout
F0070362,
F0070363,
F0070364,
F0070365,positive
F0070366,
F0070367,
F0070368,
F0070369,positive
F0070370,
F0070371,
F0070372,
F0070373,
F0070374,
F0070375,
F0070376,
F0070377,positive
F0070378,
F0070379,
F0070380,
F0070381,
F0070382,
F0070383,
F0070384,
F0070385,positive
F0070386,
F0070387,
F0070388,positive
F0070389,
F0070390,
F0070391,
F0070392,
F0070393,
F0070394,
F0070395,
F0070396,positive
F0070397,
F0070398,walkout
F0070399,
F0070400,
F0070401,
F0070402,walkout
F0070403,
F0070404,positive
F0070405,
F0070406,walkout
F0070407,
F0070408,
F0070409,
F0070410,
F0070411,positive
F0070412,positive
F0070413,
F0070414,
F0070415,
F0070416,positive
F0070417,
F0070418,
F0070419,
F0070420,positive
F0070421,
F0070422,
F0070423,
F0070424,
F0070425,walkout
F0070426,walkout
F0070427,
F0070428,
F0070429,
F0070430,walkout
F0070431,long_wait
F0070432,positive
F0070433,
F0070434,walkout
F0070435,walkout
F0070436,walkout
F0070437,
F0070438,walkout
F0070439,walkout
F0070440,
F0070441,
F0070442,
F0070443,
F0070444,long_wait
F0070445,
F0070446,
F0070447,walkout
F0070448,walkout
F0070449,
F0070450,
F0070451,
F0070452,
F0070453,positive
F0070454,
F0070455,
F0070456,positive
F0070457,
F0070458,walkout
F0070459,
F0070460,
F0070461,
F0070462,
F0070463,
F0070464,
F0070465,walkout
F0070466,
F0070467,
F0070468,
F0070469,walkout
F0070470,
F0070471,
F0070472,
F0070473,
F0070474,walkout
F0070475,
F0070476,
F0070477,
F0070478,walkout
F0070479,walkout
F0070480,positive
F0070481,walkout
F0070482,
F0070483,walkout
F0070484,
F0070485,
F0070486,
F0070487,
F0070488,
F0070489,
F0070490,walkout
F0070491,
F0070492,
F0070493,long_wait
F0070494,
F0070495,positive
F0070496,
F0070497,
F0070498,
F0070499,walkout
F0070500,long_wait
F0070501,
F0070502,
F0070503,walkout
F0070504,
F0070505,
F0070506,walkout
F0070507,
F0070508,
F0070509,
F0070510,
F0070511,
F0070512,
F0070513,walkout
F0070514,
F0070515,
F0070516,walkout
F0070517,
F0070518,
F0070519,
F0070520,
F0070521,
F0070522,walkout
F0070523,
F0070524,
F0070525,
F0070526,positive
F0070527,
F0070528,
F0070529,
F0070530,
F0070531,
F0070532,
F0070533,
F0070534,
F0070535,
F0070536,
F0070537,positive
F0070538,
F0070539,positive
F0070540,
F0070541,
F0070542,positive
F0070543,
F0070544,
F0070545,
F0070546,
F0070547,
F0070548,
F0070549,
F0070550,
F0070551,
F0070552,
F0070553,
F0070554,
F0070555,
F0070556,
F0070557,
F0070558,
F0070559,
F0070560,
F0070561,positive
F0070562,
F0070563,
F0070564,positive
F0070565,
F0070566,
F0070567,
F0070568,
F0070569,
F0070570,
F0070571,
F0070572,
F0070573,
F0070574,
F0070575,positive
F0070576,positive
F0070577,
F0070578,
F0070579,
F0070580,
F0070581,positive
F0070582,positive
F0070583,
F0070584,
F0070585,
F0070586,walkout
F0070587,
F0070588,
F0070589,
F0070590,
F0070591,
F0070592,
F0070593,positive
F0070594,
F0070595,
F0070596,
F0070597,
F0070598,
F0070599,
F0070600,
F0070601,
F0070602,
F0070603,positive
F0070604,lunch
F0070605,
F0070606,
F0070607,positive
F0070608,
F0070609,
F0070610,
F0070611,
F0070612,
F0070613,
F0070614,
F0070615,
F0070616,
F0070617,
F0070618,
F0070619,
F0070620,positive
F0070621,positive
F0070622,
F0070623,
F0070624,
F0070625,positive
F0070626,
F0070627,
F0070628,
F0070629,
F0070630,
F0070631,
F0070632,positive
F0070633,walkout
F0070634,
F0070635,
F0070636,
F0070637,
F0070638,
F0070639,
F0070640,
F0070641,walkout
F0070642,
F0070643,
F0070644,long_wait
F0070645,
F0070646,lunch
F0070647,
F0070648,
F0070649,long_wait
F0070650,positive
F0070651,
F0070652,
F0070653,
F0070654,
F0070655,
F0070656,walkout
F0070657,
F0070658,
F0070659,
F0070660,
F0070661,
F0070662,walkout
F0070663,
F0070664,
F0070665,
F0070666,
F0070667,positive
F0070668,long_wait
F0070669,
F0070670,
F0070671,
F0070672,
F0070673,
F0070674,
F0070675,walkout
F0070676,
F0070677,
F0070678,walkout
F0070679,
F0070680,walkout
F0070681,
F0070682,
F0070683,walkout
F0070684,
F0070685,long_wait
F0070686,
F0070687,walkout
F0070688,
F0070689,
F0070690,walkout
F0070691,
F0070692,
F0070693,
F0070694,
F0070695,
F0070696,walkout
F0070697,
F0070698,
F0070699,positive
F0070700,
F0070701,
F0070702,
F0070703,walkout
F0070704,
F0070705,
F0070706,
F0070707,long_wait
F0070708,
F0070709,
F0070710,
F0070711,
F0070712,
F0070713,
F0070714,
F0070715,positive
F0070716,
F0070717,
F0070718,
F0070719,
F0070720,walkout
F0070721,positive
F0070722,
F0070723,
F0070724,
F0070725,
F0070726,
F0070727,walkout
F0070728,
F0070729,
F0070730,
F0070731,
F0070732,
F0070733,
F0070734,positive
F0070735,
F0070736,
F0070737,
F0070738,
F0070739,
F0070740,
F0070741,
F0070742,positive
F0070743,positive
F0070744,
F0070745,
F0070746,
F0070747,
F0070748,positive
F0070749,positive
F0070750,
F0070751,
F0070752,
F0070753,
F0070754,
F0070755,
F0070756,
F0070757,
F0070758,
F0070759,
F0070760,
F0070761,positive
F0070762,positive
F0070763,
F0070764,
F0070765,
F0070766,
F0070767,
F0070768,
F0070769,
F0070770,
F0070771,
F0070772,
F0070773,positive
F0070774,
F0070775,
F0070776,
F0070777,
F0070778,
F0070779,
F0070780,
F0070781,
F0070782,positive
F0070783,
F0070784,
F0070785,
F0070786,
F0070787,
F0070788,
F0070789,
F0070790,
F0070791,
F0070792,
F0070793,
F0070794,
F0070795,
F0070796,
F0070797,
F0070798,positive
F0070799,
F0070800,
F0070801,
F0070802,
F0070803,
F0070804,
F0070805,positive
F0070806,
F0070807,
F0070808,
F0070809,
F0070810,
F0070811,
F0070812,
F0070813,
F0070814,
F0070815,
F0070816,
F0070817,
F0070818,
F0070819,
F0070820,
F0070821,
F0070822,
F0070823,
F0070824,walkout
F0070825,
F0070826,
F0070827,walkout
F0070828,
F0070829,walkout
F0070830,walkout
F0070831,
F0070832,
F0070833,positive
F0070834,walkout
F0070835,
F0070836,
F0070837,
F0070838,
F0070839,
F0070840,
F0070841,
F0070842,walkout
F0070843,
F0070844,
F0070845,
F0070846,
F0070847,
F0070848,
F0070849,
F0070850,walkout
F0070851,
F0070852,walkout
F0070853,long_wait
F0070854,walkout
F0070855,
F0070856,
F0070857,
F0070858,long_wait
F0070859,
F0070860,
F0070861,walkout
F0070862,
F0070863,
F0070864,
F0070865,documents
F0070866,
F0070867,
F0070868,long_wait
F0070869,
F0070870,
F0070871,
F0070872,
F0070873,
F0070874,positive
F0070875,
F0070876,
F0070877,
F0070878,
F0070879,
F0070880,
F0070881,positive
F0070882,
F0070883,
F0070884,
F0070885,positive
F0070886,
F0070887,
F0070888,
F0070889,
F0070890,
F0070891,positive
F0070892,positive
F0070893,
F0070894,
F0070895,positive
F0070896,
F0070897,
F0070898,
F0070899,
F0070900,
F0070901,positive
F0070902,
F0070903,
F0070904,positive
F0070905,
F0070906,
F0070907,
F0070908,
F0070909,
F0070910,
F0070911,
F0070912,
F0070913,
F0070914,
F0070915,
F0070916,positive
F0070917,
F0070918,positive
F0070919,
F0070920,
F0070921,
F0070922,
F0070923,
F0070924,
F0070925,
F0070926,
F0070927,
F0070928,
F0070929,
F0070930,
F0070931,
F0070932,
F0070933,walkout
F0070934,
F0070935,positive
F0070936,
F0070937,positive
F0070938,
F0070939,
F0070940,
F0070941,
F0070942,
F0070943,
F0070944,
F0070945,positive
F0070946,
F0070947,
F0070948,
F0070949,positive
F0070950,
F0070951,
F0070952,
F0070953,
F0070954,
F0070955,
F0070956,
F0070957,
F0070958,
F0070959,
F0070960,positive
F0070961,
F0070962,
F0070963,positive
F0070964,
F0070965,
F0070966,
F0070967,
F0070968,
F0070969,walkout
F0070970,
F0070971,
F0070972,
F0070973,
F0070974,
F0070975,
F0070976,
F0070977,positive
F0070978,
F0070979,
F0070980,
F0070981,
F0070982,
F0070983,
F0070984,
F0070985,positive
F0070986,
F0070987,
F0070988,
F0070989,
F0070990,
F0070991,
F0070992,
F0070993,
F0070994,
F0070995,
F0070996,
F0070997,positive
F0070998,
F0070999,
F0071000,
F0071001,walkout
F0071002,documents
F0071003,
F0071004,positive
F0071005,positive
F0071006,
F0071007,
F0071008,
F0071009,positive
F0071010,
F0071011,
F0071012,
F0071013,
F0071014,
F0071015,
F0071016,positive
F0071017,
F0071018,
F0071019,
F0071020,
F0071021,
F0071022,
F0071023,
F0071024,
F0071025,
F0071026,
F0071027,
F0071028,
F0071029,
F0071030,
F0071031,
F0071032,long_wait
F0071033,walkout
F0071034,
F0071035,
F0071036,
F0071037,walkout
F0071038,
F0071039,
F0071040,positive
F0071041,
F0071042,walkout
F0071043,
F0071044,positive
F0071045,positive
F0071046,
F0071047,walkout
F0071048,positive
F0071049,
F0071050,
F0071051,
F0071052,
F0071053,
F0071054,positive
F0071055,long_wait
F0071056,walkout
F0071057,
F0071058,
F0071059,
F0071060,
F0071061,
F0071062,
F0071063,
F0071064,
F0071065,
F0071066,
F0071067,positive
F0071068,
F0071069,
F0071070,
F0071071,
F0071072,
F0071073,
F0071074,
F0071075,
F0071076,
F0071077,positive
F0071078,
F0071079,
F0071080,
F0071081,
F0071082,positive
F0071083,
F0071084,
F0071085,
F0071086,positive
F0071087,
F0071088,
F0071089,
F0071090,
F0071091,
F0071092,documents
F0071093,
F0071094,
F0071095,
F0071096,positive
F0071097,
F0071098,
F0071099,
F0071100,
F0071101,
F0071102,positive
F0071103,
F0071104,
F0071105,
F0071106,
F0071107,
F0071108,
F0071109,positive
F0071110,
F0071111,
F0071112,positive
F0071113,
F0071114,
F0071115,
F0071116,
F0071117,
F0071118,
F0071119,
F0071120,positive
F0071121,
F0071122,
F0071123,
F0071124,
F0071125,
F0071126,
F0071127,
F0071128,positive
F0071129,
F0071130,
F0071131,positive
F0071132,
F0071133,
F0071134,walkout
F0071135,
F0071136,
F0071137,
F0071138,positive
F0071139,
F0071140,
F0071141,
F0071142,
F0071143,
F0071144,
F0071145,positive
F0071146,lunch
F0071147,
F0071148,
F0071149,
F0071150,positive
F0071151,
F0071152,positive
F0071153,
F0071154,
F0071155,
F0071156,
F0071157,
F0071158,
F0071159,
F0071160,
F0071161,
F0071162,
F0071163,
F0071164,
F0071165,
F0071166,
F0071167,
F0071168,
F0071169,
F0071170,
F0071171,
F0071172,
F0071173,
F0071174,
F0071175,
F0071176,
F0071177,
F0071178,
F0071179,
F0071180,
F0071181,
F0071182,
F0071183,
F0071184,
F0071185,
F0071186,
F0071187,
F0071188,
F0071189,
F0071190,
F0071191,
F0071192,
F0071193,positive
F0071194,
F0071195,positive
F0071196,
F0071197,
F0071198,
F0071199,
F0071200,
F0071201,
F0071202,
F0071203,
F0071204,
F0071205,walkout
F0071206,walkout
F0071207,walkout
F0071208,
F0071209,walkout
F0071210,
F0071211,walkout
F0071212,
F0071213,
F0071214,
F0071215,
F0071216,
F0071217,positive
F0071218,positive
F0071219,walkout
F0071220,positive
F0071221,
F0071222,positive
F0071223,
F0071224,walkout
F0071225,
F0071226,
F0071227,walkout
F0071228,
F0071229,
F0071230,
F0071231,walkout
F0071232,
F0071233,
F0071234,walkout
F0071235,
F0071236,
F0071237,
F0071238,
F0071239,
F0071240,
F0071241,positive
F0071242,
F0071243,
F0071244,
F0071245,
F0071246,
F0071247,positive
F0071248,
F0071249,
F0071250,
F0071251,
F0071252,positive
F0071253,
F0071254,
F0071255,
F0071256,positive
F0071257,
F0071258,
F0071259,
F0071260,
F0071261,
F0071262,positive
F0071263,
F0071264,
F0071265,
F0071266,positive
F0071267,positive
F0071268,
F0071269,
F0071270,
F0071271,
F0071272,documents
F0071273,
F0071274,positive
F0071275,
F0071276,
F0071277,
F0071278,
F0071279,
F0071280,
F0071281,
F0071282,
F0071283,
F0071284,
F0071285,
F0071286,
F0071287,positive
F0071288,positive
F0071289,positive
F0071290,
F0071291,
F0071292,
F0071293,
F0071294,walkout
F0071295,walkout
F0071296,
F0071297,positive
F0071298,
F0071299,
F0071300,
F0071301,
F0071302,
F0071303,walkout
F0071304,
F0071305,
F0071306,
F0071307,
F0071308,
F0071309,positive
F0071310,
F0071311,
F0071312,positive
F0071313,positive
F0071314,
F0071315,
F0071316,positive
F0071317,
F0071318,positive
F0071319,
F0071320,positive
F0071321,positive
F0071322,
F0071323,
F0071324,positive
F0071325,
F0071326,
F0071327,
F0071328,positive
F0071329,
F0071330,positive
F0071331,
F0071332,
F0071333,
F0071334,
F0071335,
F0071336,
F0071337,
F0071338,
F0071339,
F0071340,
F0071341,positive
F0071342,
F0071343,
F0071344,
F0071345,
F0071346,positive
F0071347,
F0071348,
F0071349,
F0071350,
F0071351,
F0071352,
F0071353,
F0071354,positive
F0071355,
F0071356,
F0071357,
F0071358,
F0071359,
F0071360,
F0071361,
F0071362,
F0071363,
F0071364,
F0071365,
F0071366,
F0071367,
F0071368,
F0071369,
F0071370,
F0071371,
F0071372,
F0071373,
F0071374,
F0071375,
F0071376,positive
F0071377,
F0071378,positive
F0071379,
F0071380,
F0071381,
F0071382,
F0071383,long_wait
F0071384,
F0071385,positive
F0071386,
F0071387,positive
F0071388,
F0071389,walkout
F0071390,long_wait
F0071391,
F0071392,
F0071393,
F0071394,walkout
F0071395,
F0071396,
F0071397,
F0071398,
F0071399,
F0071400,
F0071401,
F0071402,
F0071403,
F0071404,
F0071405,
F0071406,
F0071407,
F0071408,walkout
F0071409,
F0071410,
F0071411,
F0071412,walkout
F0071413,
F0071414,walkout
F0071415,walkout
F0071416,
F0071417,
F0071418,
F0071419,
F0071420,
F0071421,
F0071422,
F0071423,
F0071424,walkout
F0071425,
F0071426,
F0071427,
F0071428,
F0071429,
F0071430,documents
F0071431,
F0071432,documents
F0071433,
F0071434,
F0071435,
F0071436,
F0071437,
F0071438,
F0071439,walkout
F0071440,
F0071441,
F0071442,
F0071443,
F0071444,positive
F0071445,
F0071446,
F0071447,
F0071448,
F0071449,
F0071450,
F0071451,
F0071452,
F0071453,
F0071454,
F0071455,
F0071456,
F0071457,
F0071458,
F0071459,
F0071460,
F0071461,positive
F0071462,
F0071463,
F0071464,walkout
F0071465,
F0071466,
F0071467,
F0071468,
F0071469,walkout
F0071470,
F0071471,
F0071472,
F0071473,
F0071474,
F0071475,
F0071476,
F0071477,
F0071478,
F0071479,
F0071480,lunch
F0071481,walkout
F0071482,lunch
F0071483,
F0071484,positive
F0071485,walkout
F0071486,
F0071487,
F0071488,positive
F0071489,
F0071490,
F0071491,
F0071492,positive
F0071493,
F0071494,
F0071495,positive
F0071496,
F0071497,
F0071498,positive
F0071499,positive
F0071500,
F0071501,
F0071502,
F0071503,positive
F0071504,
F0071505,
F0071506,positive
F0071507,
F0071508,
F0071509,
F0071510,
F0071511,
F0071512,
F0071513,positive
F0071514,
F0071515,
F0071516,positive
F0071517,
F0071518,positive
F0071519,
F0071520,
F0071521,
F0071522,
F0071523,
F0071524,positive
F0071525,
F0071526,
F0071527,positive
F0071528,
F0071529,
F0071530,
F0071531,
F0071532,
F0071533,
F0071534,lunch
F0071535,walkout
F0071536,documents
F0071537,
F0071538,
F0071539,
F0071540,
F0071541,
F0071542,walkout
F0071543,
F0071544,
F0071545,
F0071546,
F0071547,
F0071548,
F0071549,
F0071550,
F0071551,
F0071552,
F0071553,
F0071554,
F0071555,
F0071556,
F0071557,
F0071558,
F0071559,
F0071560,positive
F0071561,
F0071562,
F0071563,
F0071564,
F0071565,
F0071566,
F0071567,
F0071568,
F0071569,
F0071570,
F0071571,
F0071572,
F0071573,walkout
F0071574,
F0071575,walkout
F0071576,
F0071577,
F0071578,
F0071579,long_wait
F0071580,
F0071581,positive
F0071582,
F0071583,
F0071584,
F0071585,
F0071586,
F0071587,
F0071588,
F0071589,
F0071590,
F0071591,
F0071592,
F0071593,
F0071594,
F0071595,
F0071596,
F0071597,
F0071598,
F0071599,positive
F0071600,walkout
F0071601,
F0071602,
F0071603,walkout
F0071604,
F0071605,long_wait
F0071606,
F0071607,
F0071608,seating
F0071609,walkout
F0071610,walkout
F0071611,
F0071612,
F0071613,walkout
F0071614,
F0071615,walkout
F0071616,
F0071617,long_wait
F0071618,
F0071619,walkout
F0071620,
F0071621,
F0071622,
F0071623,
F0071624,
F0071625,
F0071626,
F0071627,positive
F0071628,
F0071629,walkout
F0071630,
F0071631,walkout
F0071632,
F0071633,
F0071634,positive
F0071635,
F0071636,
F0071637,
F0071638,walkout
F0071639,walkout
F0071640,walkout
F0071641,
F0071642,
F0071643,
F0071644,
F0071645,
F0071646,walkout
F0071647,walkout
F0071648,
F0071649,
F0071650,
F0071651,walkout
F0071652,
F0071653,walkout
F0071654,
F0071655,walkout
F0071656,
F0071657,lunch
F0071658,walkout
F0071659,
F0071660,
F0071661,
F0071662,walkout
F0071663,
F0071664,walkout
F0071665,
F0071666,
F0071667,
F0071668,
F0071669,walkout
F0071670,
F0071671,
F0071672,
F0071673,
F0071674,walkout
F0071675,
F0071676,walkout
F0071677,
F0071678,
F0071679,
F0071680,
F0071681,
F0071682,walkout
F0071683,
F0071684,
F0071685,
F0071686,
F0071687,
F0071688,positive
F0071689,
F0071690,walkout
F0071691,positive
F0071692,
F0071693,
F0071694,positive
F0071695,
F0071696,positive
F0071697,
F0071698,walkout
F0071699,
F0071700,
F0071701,
F0071702,walkout
F0071703,
F0071704,positive
F0071705,
F0071706,
F0071707,positive
F0071708,
F0071709,
F0071710,
F0071711,
F0071712,
F0071713,
F0071714,
F0071715,
F0071716,
F0071717,
F0071718,
F0071719,
F0071720,
F0071721,
F0071722,
F0071723,
F0071724,
F0071725,walkout
F0071726,
F0071727,
F0071728,
F0071729,system_down
F0071730,walkout
F0071731,
F0071732,walkout
F0071733,
F0071734,
F0071735,positive
F0071736,
F0071737,
F0071738,
F0071739,
F0071740,
F0071741,
F0071742,
F0071743,
F0071744,
F0071745,
F0071746,
F0071747,positive
F0071748,
F0071749,
F0071750,positive
F0071751,positive
F0071752,
F0071753,
F0071754,
F0071755,
F0071756,
F0071757,
F0071758,
F0071759,
F0071760,
F0071761,
F0071762,
F0071763,
F0071764,positive
F0071765,
F0071766,
F0071767,
F0071768,
F0071769,
F0071770,
F0071771,
F0071772,
F0071773,
F0071774,
F0071775,
F0071776,
F0071777,
F0071778,positive
F0071779,
F0071780,positive
F0071781,
F0071782,
F0071783,positive
F0071784,
F0071785,
F0071786,
F0071787,positive
F0071788,positive
F0071789,
F0071790,positive
F0071791,
F0071792,
F0071793,
F0071794,
F0071795,
F0071796,positive
F0071797,
F0071798,positive
F0071799,
F0071800,
F0071801,
F0071802,positive
F0071803,
F0071804,
F0071805,positive
F0071806,
F0071807,
F0071808,
F0071809,positive
F0071810,
F0071811,
F0071812,positive
F0071813,
F0071814,
F0071815,positive
F0071816,
F0071817,
F0071818,
F0071819,
F0071820,
F0071821,
F0071822,
F0071823,walkout
F0071824,
F0071825,
F0071826,positive
F0071827,
F0071828,
F0071829,
F0071830,
F0071831,
F0071832,
F0071833,
F0071834,
F0071835,
F0071836,
F0071837,
F0071838,
F0071839,
F0071840,
F0071841,
F0071842,
F0071843,
F0071844,
F0071845,
F0071846,
F0071847,positive
F0071848,long_wait
F0071849,
F0071850,
F0071851,positive
F0071852,
F0071853,walkout
F0071854,positive
F0071855,positive
F0071856,
F0071857,positive
F0071858,
F0071859,walkout
F0071860,
F0071861,walkout
F0071862,
F0071863,
F0071864,
F0071865,
F0071866,walkout
F0071867,
F0071868,
F0071869,walkout
F0071870,
F0071871,
F0071872,
F0071873,
F0071874,
F0071875,
F0071876,
F0071877,
F0071878,positive
F0071879,
F0071880,
F0071881,
F0071882,
F0071883,
F0071884,
F0071885,
F0071886,
F0071887,walkout
F0071888,
F0071889,
F0071890,
F0071891,
F0071892,
F0071893,
F0071894,
F0071895,positive
F0071896,
F0071897,positive
F0071898,
F0071899,
F0071900,
F0071901,
F0071902,
F0071903,walkout
F0071904,
F0071905,
F0071906,
F0071907,
F0071908,
F0071909,
F0071910,
F0071911,
F0071912,
F0071913,
F0071914,
F0071915,positive
F0071916,
F0071917,
F0071918,positive
F0071919,
F0071920,walkout
F0071921,
F0071922,
F0071923,
F0071924,
F0071925,
F0071926,
F0071927,
F0071928,
F0071929,
F0071930,
F0071931,
F0071932,
F0071933,
F0071934,
F0071935,
F0071936,
F0071937,
F0071938,positive
F0071939,
F0071940,
F0071941,
F0071942,
F0071943,
F0071944,
F0071945,
F0071946,
F0071947,
F0071948,
F0071949,
F0071950,
F0071951,
F0071952,
F0071953,
F0071954,
F0071955,positive
F0071956,
F0071957,positive
F0071958,positive
F0071959,
F0071960,
F0071961,walkout
F0071962,
F0071963,
F0071964,
F0071965,
F0071966,
F0071967,
F0071968,
F0071969,documents
F0071970,
F0071971,
F0071972,
F0071973,
F0071974,
F0071975,
F0071976,
F0071977,
F0071978,
F0071979,
F0071980,
F0071981,
F0071982,
F0071983,
F0071984,
F0071985,
F0071986,
F0071987,positive
F0071988,
F0071989,
F0071990,
F0071991,
F0071992,
F0071993,
F0071994,positive
F0071995,
F0071996,
F0071997,
F0071998,
F0071999,
F0072000,
F0072001,
F0072002,
F0072003,
F0072004,
F0072005,
F0072006,
F0072007,
F0072008,
F0072009,
F0072010,
F0072011,
F0072012,
F0072013,positive
F0072014,
F0072015,walkout
F0072016,
F0072017,
F0072018,
F0072019,
F0072020,
F0072021,
F0072022,long_wait
F0072023,walkout
F0072024,
F0072025,
F0072026,
F0072027,
F0072028,
F0072029,
F0072030,
F0072031,long_wait
F0072032,
F0072033,
F0072034,
F0072035,
F0072036,
F0072037,
F0072038,
F0072039,
F0072040,positive
F0072041,walkout
F0072042,
F0072043,
F0072044,
F0072045,positive
F0072046,
F0072047,
F0072048,
F0072049,walkout
F0072050,
F0072051,walkout
F0072052,
F0072053,walkout
F0072054,walkout
F0072055,
F0072056,
F0072057,positive
F0072058,walkout
F0072059,
F0072060,
F0072061,
F0072062,walkout
F0072063,walkout
F0072064,
F0072065,
F0072066,
F0072067,positive
F0072068,
F0072069,
F0072070,
F0072071,
F0072072,documents
F0072073,
F0072074,
F0072075,walkout
F0072076,
F0072077,walkout
F0072078,walkout
F0072079,
F0072080,
F0072081,
F0072082,positive
F0072083,
F0072084,
F0072085,
F0072086,
F0072087,
F0072088,
F0072089,
F0072090,walkout
F0072091,
F0072092,
F0072093,
F0072094,
F0072095,
F0072096,positive
F0072097,
F0072098,
F0072099,
F0072100,
F0072101,walkout
F0072102,
F0072103,
F0072104,walkout
F0072105,
F0072106,
F0072107,
F0072108,
F0072109,
F0072110,
F0072111,
F0072112,
F0072113,
F0072114,positive
F0072115,
F0072116,
F0072117,
F0072118,
F0072119,
F0072120,positive
F0072121,
F0072122,positive
F0072123,
F0072124,
F0072125,
F0072126,
F0072127,
F0072128,
F0072129,
F0072130,
F0072131,
F0072132,
F0072133,
F0072134,
F0072135,
F0072136,
F0072137,
F0072138,
F0072139,
F0072140,
F0072141,
F0072142,
F0072143,
F0072144,
F0072145,
F0072146,
F0072147,
F0072148,
F0072149,
F0072150,
F0072151,
F0072152,
F0072153,
F0072154,
F0072155,
F0072156,
F0072157,
F0072158,
F0072159,
F0072160,
F0072161,
F0072162,
F0072163,positive
F0072164,
F0072165,positive
F0072166,
F0072167,
F0072168,
F0072169,
F0072170,
F0072171,positive
F0072172,positive
F0072173,
F0072174,positive
F0072175,
F0072176,
F0072177,walkout
F0072178,
F0072179,
F0072180,
F0072181,
F0072182,
F0072183,
F0072184,
F0072185,
F0072186,
F0072187,
F0072188,
F0072189,
F0072190,
F0072191,slow_dd
F0072192,
F0072193,
F0072194,positive
F0072195,
F0072196,
F0072197,
F0072198,walkout
F0072199,
F0072200,
F0072201,
F0072202,
F0072203,
F0072204,
F0072205,
F0072206,
F0072207,
F0072208,
F0072209,
F0072210,
F0072211,
F0072212,
F0072213,
F0072214,
F0072215,
F0072216,positive
F0072217,
F0072218,positive
F0072219,
F0072220,
F0072221,
F0072222,
F0072223,
F0072224,
F0072225,
F0072226,
F0072227,positive
F0072228,
F0072229,documents
F0072230,
F0072231,
F0072232,
F0072233,
F0072234,
F0072235,
F0072236,
F0072237,
F0072238,
F0072239,long_wait
F0072240,
F0072241,
F0072242,
F0072243,
F0072244,walkout
F0072245,
F0072246,
F0072247,documents
F0072248,
F0072249,
F0072250,
F0072251,
F0072252,walkout
F0072253,
F0072254,
F0072255,positive
F0072256,
F0072257,
F0072258,walkout
F0072259,walkout
F0072260,
F0072261,
F0072262,positive
F0072263,
F0072264,
F0072265,
F0072266,
F0072267,walkout
F0072268,walkout
F0072269,
F0072270,
F0072271,
F0072272,
F0072273,
F0072274,walkout
F0072275,long_wait
F0072276,
F0072277,walkout
F0072278,
F0072279,positive
F0072280,long_wait
F0072281,
F0072282,
F0072283,
F0072284,walkout
F0072285,
F0072286,
F0072287,
F0072288,
F0072289,positive
F0072290,
F0072291,walkout
F0072292,positive
F0072293,
F0072294,walkout
F0072295,
F0072296,
F0072297,positive
F0072298,
F0072299,
F0072300,positive
F0072301,
F0072302,
F0072303,
F0072304,
F0072305,
F0072306,
F0072307,
F0072308,positive
F0072309,positive
F0072310,
F0072311,positive
F0072312,walkout
F0072313,
F0072314,
F0072315,positive
F0072316,
F0072317,
F0072318,
F0072319,
F0072320,positive
F0072321,
F0072322,
F0072323,
F0072324,positive
F0072325,positive
F0072326,positive
F0072327,
F0072328,
F0072329,
F0072330,positive
F0072331,
F0072332,
F0072333,
F0072334,
F0072335,
F0072336,
F0072337,
F0072338,positive
F0072339,
F0072340,
F0072341,
F0072342,
F0072343,
F0072344,positive
F0072345,
F0072346,long_wait
F0072347,
F0072348,positive
F0072349,positive
F0072350,
F0072351,
F0072352,
F0072353,
F0072354,positive
F0072355,
F0072356,
F0072357,positive
F0072358,
F0072359,
F0072360,positive
F0072361,
F0072362,
F0072363,positive
F0072364,
F0072365,
F0072366,walkout
F0072367,walkout
F0072368,positive
F0072369,walkout
F0072370,
F0072371,lunch
F0072372,
F0072373,walkout
F0072374,walkout
F0072375,
F0072376,
F0072377,
F0072378,
F0072379,
F0072380,
F0072381,
F0072382,
F0072383,
F0072384,positive
F0072385,
F0072386,
F0072387,
F0072388,
F0072389,slow_dd
F0072390,
F0072391,
F0072392,
F0072393,
F0072394,positive
F0072395,
F0072396,
F0072397,positive
F0072398,positive
F0072399,
F0072400,walkout
F0072401,
F0072402,
F0072403,walkout
F0072404,
F0072405,
F0072406,
F0072407,
F0072408,positive
F0072409,
F0072410,
F0072411,
F0072412,walkout
F0072413,
F0072414,
F0072415,walkout
F0072416,
F0072417,walkout
F0072418,
F0072419,
F0072420,
F0072421,
F0072422,walkout
F0072423,
F0072424,
F0072425,lunch
F0072426,
F0072427,
F0072428,lunch
F0072429,
F0072430,
F0072431,
F0072432,
F0072433,
F0072434,
F0072435,
F0072436,
F0072437,
F0072438,
F0072439,
F0072440,
F0072441,
F0072442,
F0072443,
F0072444,walkout
F0072445,walkout
F0072446,
F0072447,
F0072448,
F0072449,long_wait
F0072450,long_wait
F0072451,
F0072452,
F0072453,walkout
F0072454,
F0072455,
F0072456,
F0072457,
F0072458,
F0072459,
F0072460,walkout
F0072461,walkout
F0072462,
F0072463,
F0072464,
F0072465,
F0072466,
F0072467,
F0072468,
F0072469,
F0072470,walkout
F0072471,
F0072472,walkout
F0072473,long_wait
F0072474,
F0072475,
F0072476,walkout
F0072477,walkout
F0072478,
F0072479,
F0072480,walkout
F0072481,
F0072482,
F0072483,walkout
F0072484,
F0072485,
F0072486,positive
F0072487,
F0072488,positive
F0072489,
F0072490,
F0072491,
F0072492,
F0072493,
F0072494,walkout
F0072495,
F0072496,
F0072497,
F0072498,
F0072499,long_wait
F0072500,positive
F0072501,positive
F0072502,
F0072503,
F0072504,
F0072505,
F0072506,
F0072507,
F0072508,
F0072509,
F0072510,
F0072511,
F0072512,positive
F0072513,positive
F0072514,
F0072515,
F0072516,
F0072517,
F0072518,walkout
F0072519,
F0072520,long_wait
F0072521,
F0072522,
F0072523,long_wait
F0072524,walkout
F0072525,
F0072526,
F0072527,
F0072528,
F0072529,walkout
F0072530,
F0072531,
F0072532,
F0072533,
F0072534,
F0072535,long_wait
F0072536,
F0072537,
F0072538,
F0072539,
F0072540,
F0072541,
F0072542,
F0072543,
F0072544,
F0072545,
F0072546,
F0072547,
F0072548,walkout
F0072549,
F0072550,
F0072551,
F0072552,
F0072553,
F0072554,long_wait
F0072555,positive
F0072556,
F0072557,
F0072558,
F0072559,
F0072560,
F0072561,
F0072562,
F0072563,
F0072564,
F0072565,walkout
F0072566,
F0072567,positive
F0072568,
F0072569,
F0072570,
F0072571,
F0072572,walkout
F0072573,
F0072574,
F0072575,
F0072576,walkout
F0072577,lunch
F0072578,
F0072579,
F0072580,long_wait
F0072581,
F0072582,
F0072583,
F0072584,walkout
F0072585,long_wait
F0072586,
F0072587,
F0072588,
F0072589,
F0072590,
F0072591,
F0072592,positive
F0072593,
F0072594,
F0072595,
F0072596,positive
F0072597,
F0072598,
F0072599,
F0072600,
F0072601,
F0072602,positive
F0072603,
F0072604,
F0072605,positive
F0072606,
F0072607,
F0072608,
F0072609,
F0072610,
F0072611,
F0072612,
F0072613,
F0072614,
F0072615,walkout
F0072616,
F0072617,
F0072618,
F0072619,
F0072620,walkout
F0072621,
F0072622,walkout
F0072623,
F0072624,
F0072625,
F0072626,lunch
F0072627,
F0072628,
F0072629,
F0072630,
F0072631,walkout
F0072632,
F0072633,walkout
F0072634,
F0072635,
F0072636,
F0072637,
F0072638,
F0072639,
F0072640,positive
F0072641,
F0072642,
F0072643,
F0072644,walkout
F0072645,
F0072646,positive
F0072647,
F0072648,positive
F0072649,
F0072650,
F0072651,
F0072652,
F0072653,
F0072654,
F0072655,positive
F0072656,walkout
F0072657,
F0072658,
F0072659,
F0072660,
F0072661,
F0072662,
F0072663,
F0072664,
F0072665,
F0072666,
F0072667,
F0072668,
F0072669,
F0072670,
F0072671,
F0072672,
F0072673,
F0072674,
F0072675,
F0072676,
F0072677,positive
F0072678,
F0072679,
F0072680,
F0072681,
F0072682,
F0072683,
F0072684,
F0072685,
F0072686,
F0072687,walkout
F0072688,
F0072689,walkout
F0072690,
F0072691,positive
F0072692,
F0072693,walkout
F0072694,
F0072695,
F0072696,positive
F0072697,
F0072698,
F0072699,walkout
F0072700,
F0072701,
F0072702,walkout
F0072703,
F0072704,
F0072705,
F0072706,
F0072707,walkout
F0072708,walkout
F0072709,
F0072710,
F0072711,
F0072712,
F0072713,walkout
F0072714,
F0072715,
F0072716,
F0072717,
F0072718,
F0072719,
F0072720,
F0072721,long_wait
F0072722,walkout
F0072723,walkout
F0072724,
F0072725,
F0072726,
F0072727,
F0072728,
F0072729,
F0072730,
F0072731,
F0072732,long_wait
F0072733,
F0072734,walkout
F0072735,
F0072736,
F0072737,
F0072738,
F0072739,long_wait
F0072740,
F0072741,
F0072742,walkout
F0072743,walkout
F0072744,seating
F0072745,
F0072746,
F0072747,positive
F0072748,walkout
F0072749,
F0072750,
F0072751,
F0072752,
F0072753,
F0072754,
F0072755,
F0072756,
F0072757,
F0072758,
F0072759,
F0072760,
F0072761,
F0072762,
F0072763,
F0072764,positive
F0072765,long_wait
F0072766,
F0072767,
F0072768,
F0072769,walkout
F0072770,
F0072771,
F0072772,
F0072773,
F0072774,
F0072775,walkout
F0072776,
F0072777,
F0072778,
F0072779,
F0072780,walkout
F0072781,
F0072782,
F0072783,positive
F0072784,
F0072785,
F0072786,positive
F0072787,
F0072788,
F0072789,positive
F0072790,
F0072791,
F0072792,
F0072793,positive
F0072794,
F0072795,positive
F0072796,
F0072797,positive
F0072798,
F0072799,positive
F0072800,
F0072801,
F0072802,
F0072803,
F0072804,
F0072805,
F0072806,
F0072807,
F0072808,
F0072809,positive
F0072810,positive
F0072811,
F0072812,
F0072813,
F0072814,
F0072815,
F0072816,
F0072817,
F0072818,
F0072819,
F0072820,positive
F0072821,
F0072822,
F0072823,positive
F0072824,positive
F0072825,
F0072826,
F0072827,
F0072828,
F0072829,
F0072830,
F0072831,
F0072832,
F0072833,
F0072834,
F0072835,
F0072836,
F0072837,
F0072838,
F0072839,
F0072840,
F0072841,positive
F0072842,positive
F0072843,
F0072844,
F0072845,
F0072846,positive
F0072847,positive
F0072848,
F0072849,
F0072850,positive
F0072851,positive
F0072852,
F0072853,
F0072854,
F0072855,documents
F0072856,
F0072857,
F0072858,
F0072859,
F0072860,
F0072861,
F0072862,
F0072863,
F0072864,
F0072865,
F0072866,
F0072867,positive
F0072868,
F0072869,
F0072870,positive
F0072871,positive
F0072872,
F0072873,
F0072874,
F0072875,
F0072876,
F0072877,
F0072878,
F0072879,
F0072880,walkout
F0072881,
F0072882,
F0072883,
F0072884,
F0072885,positive
F0072886,positive
F0072887,
F0072888,documents
F0072889,
F0072890,
F0072891,
F0072892,
F0072893,
F0072894,
F0072895,
F0072896,positive
F0072897,
F0072898,
F0072899,
F0072900,
F0072901,walkout
F0072902,
F0072903,
F0072904,
F0072905,
F0072906,
F0072907,
F0072908,
F0072909,walkout
F0072910,
F0072911,
F0072912,positive
F0072913,
F0072914,documents
F0072915,
F0072916,
F0072917,
F0072918,
F0072919,
F0072920,
F0072921,
F0072922,
F0072923,
F0072924,
F0072925,
F0072926,positive
F0072927,walkout
F0072928,
F0072929,
F0072930,walkout
F0072931,
F0072932,
F0072933,
F0072934,
F0072935,
F0072936,
F0072937,walkout
F0072938,
F0072939,positive
F0072940,
F0072941,
F0072942,
F0072943,walkout
F0072944,
F0072945,
F0072946,
F0072947,
F0072948,
F0072949,
F0072950,
F0072951,walkout
F0072952,walkout
F0072953,
F0072954,walkout
F0072955,
F0072956,walkout
F0072957,
F0072958,
F0072959,
F0072960,
F0072961,
F0072962,
F0072963,walkout
F0072964,
F0072965,
F0072966,
F0072967,
F0072968,
F0072969,
F0072970,long_wait
F0072971,positive
F0072972,
F0072973,
F0072974,
F0072975,
F0072976,positive
F0072977,walkout
F0072978,
F0072979,
F0072980,
F0072981,
F0072982,
F0072983,walkout
F0072984,
F0072985,walkout
F0072986,walkout
F0072987,
F0072988,positive
F0072989,positive
F0072990,
F0072991,
F0072992,
F0072993,walkout
F0072994,
F0072995,
F0072996,
F0072997,
F0072998,
F0072999,
F0073000,walkout
F0073001,
F0073002,
F0073003,walkout
F0073004,walkout
F0073005,
F0073006,
F0073007,
F0073008,
F0073009,
F0073010,
F0073011,
F0073012,
F0073013,
F0073014,
F0073015,
F0073016,
F0073017,
F0073018,
F0073019,
F0073020,
F0073021,
F0073022,
F0073023,
F0073024,positive
F0073025,
F0073026,positive
F0073027,
F0073028,
F0073029,
F0073030,walkout
F0073031,
F0073032,
F0073033,
F0073034,
F0073035,
F0073036,
F0073037,
F0073038,
F0073039,
F0073040,
F0073041,
F0073042,
F0073043,
F0073044,positive
F0073045,positive
F0073046,
F0073047,
F0073048,
F0073049,
F0073050,positive
F0073051,
F0073052,positive
F0073053,
F0073054,positive
F0073055,
F0073056,positive
F0073057,positive
F0073058,
F0073059,
F0073060,positive
F0073061,positive
F0073062,
F0073063,
F0073064,
F0073065,
F0073066,
F0073067,
F0073068,positive
F0073069,
F0073070,
F0073071,
F0073072,
F0073073,
F0073074,
F0073075,
F0073076,
F0073077,positive
F0073078,
F0073079,
F0073080,
F0073081,positive
F0073082,
F0073083,
F0073084,
F0073085,
F0073086,positive
F0073087,
F0073088,
F0073089,
F0073090,walkout
F0073091,
F0073092,
F0073093,
F0073094,
F0073095,
F0073096,
F0073097,
F0073098,walkout
F0073099,
F0073100,
F0073101,
F0073102,walkout
F0073103,
F0073104,
F0073105,
F0073106,walkout
F0073107,positive
F0073108,
F0073109,
F0073110,walkout
F0073111,
F0073112,positive
F0073113,
F0073114,
F0073115,
F0073116,
F0073117,positive
F0073118,positive
F0073119,
F0073120,positive
F0073121,
F0073122,
F0073123,
F0073124,
F0073125,
F0073126,
F0073127,
F0073128,
F0073129,
F0073130,
F0073131,
F0073132,walkout
F0073133,
F0073134,
F0073135,
F0073136,
F0073137,
F0073138,
F0073139,
F0073140,
F0073141,positive
F0073142,
F0073143,
F0073144,
F0073145,
F0073146,positive
F0073147,
F0073148,
F0073149,
F0073150,
F0073151,
F0073152,
F0073153,
F0073154,
F0073155,positive
F0073156,positive
F0073157,
F0073158,
F0073159,
F0073160,
F0073161,positive
F0073162,
F0073163,
F0073164,
F0073165,
F0073166,
F0073167,
F0073168,
F0073169,
F0073170,
F0073171,
F0073172,
F0073173,
F0073174,positive
F0073175,
F0073176,
F0073177,positive
F0073178,
F0073179,
F0073180,
F0073181,walkout
F0073182,
F0073183,
F0073184,positive
F0073185,
F0073186,
F0073187,positive
F0073188,
F0073189,
F0073190,
F0073191,
F0073192,
F0073193,
F0073194,
F0073195,
F0073196,
F0073197,positive
F0073198,
F0073199,
F0073200,
F0073201,positive
F0073202,
F0073203,
F0073204,
F0073205,
F0073206,positive
F0073207,
F0073208,
F0073209,
F0073210,
F0073211,
F0073212,
F0073213,
F0073214,
F0073215,
F0073216,
F0073217,
F0073218,
F0073219,
F0073220,
F0073221,
F0073222,
F0073223,
F0073224,positive
F0073225,
F0073226,
F0073227,
F0073228,
F0073229,
F0073230,
F0073231,
F0073232,
F0073233,positive
F0073234,
F0073235,
F0073236,
F0073237,
F0073238,
F0073239,
F0073240,positive
F0073241,
F0073242,
F0073243,walkout
F0073244,
F0073245,
F0073246,
F0073247,
F0073248,
F0073249,
F0073250,
F0073251,
F0073252,
F0073253,positive
F0073254,
F0073255,
F0073256,
F0073257,
F0073258,
F0073259,
F0073260,
F0073261,positive
F0073262,
F0073263,
F0073264,
F0073265,
F0073266,
F0073267,
F0073268,
F0073269,
F0073270,walkout
F0073271,positive
F0073272,
F0073273,
F0073274,positive
F0073275,
F0073276,
F0073277,positive
F0073278,
F0073279,positive
F0073280,
F0073281,
F0073282,
F0073283,
F0073284,
F0073285,
F0073286,walkout
F0073287,
F0073288,
F0073289,
F0073290,
F0073291,
F0073292,
F0073293,walkout
F0073294,
F0073295,walkout
F0073296,
F0073297,positive
F0073298,
F0073299,
F0073300,
F0073301,
F0073302,
F0073303,
F0073304,
F0073305,
F0073306,
F0073307,
F0073308,
F0073309,
F0073310,
F0073311,
F0073312,
F0073313,positive
F0073314,
F0073315,
F0073316,
F0073317,
F0073318,
F0073319,
F0073320,walkout
F0073321,
F0073322,
F0073323,
F0073324,
F0073325,walkout
F0073326,
F0073327,
F0073328,walkout
F0073329,positive
F0073330,
F0073331,
F0073332,
F0073333,positive
F0073334,positive
F0073335,
F0073336,positive
F0073337,
F0073338,
F0073339,
F0073340,
F0073341,positive
F0073342,
F0073343,positive
F0073344,
F0073345,
F0073346,
F0073347,
F0073348,positive
F0073349,
F0073350,
F0073351,
F0073352,
F0073353,
F0073354,positive
F0073355,
F0073356,
F0073357,positive
F0073358,
F0073359,
F0073360,
F0073361,
F0073362,
F0073363,
F0073364,
F0073365,
F0073366,positive
F0073367,positive
F0073368,
F0073369,
F0073370,positive
F0073371,
F0073372,
F0073373,
F0073374,
F0073375,positive
F0073376,
F0073377,
F0073378,
F0073379,
F0073380,
F0073381,positive
F0073382,
F0073383,
F0073384,
F0073385,
F0073386,
F0073387,
F0073388,positive
F0073389,
F0073390,
F0073391,
F0073392,
F0073393,
F0073394,
F0073395,
F0073396,
F0073397,
F0073398,
F0073399,
F0073400,positive
F0073401,
F0073402,
F0073403,
F0073404,documents
F0073405,
F0073406,
F0073407,positive
F0073408,
F0073409,
F0073410,
F0073411,
F0073412,walkout
F0073413,walkout
F0073414,
F0073415,
F0073416,
F0073417,
F0073418,
F0073419,
F0073420,positive
F0073421,
F0073422,positive
F0073423,
F0073424,
F0073425,
F0073426,
F0073427,positive
F0073428,positive
F0073429,
F0073430,
F0073431,positive
F0073432,
F0073433,
F0073434,positive
F0073435,
F0073436,
F0073437,
F0073438,
F0073439,
F0073440,documents
F0073441,
F0073442,
F0073443,
F0073444,
F0073445,
F0073446,
F0073447,
F0073448,
F0073449,walkout
F0073450,positive
F0073451,
F0073452,
F0073453,
F0073454,
F0073455,
F0073456,
F0073457,positive
F0073458,positive
F0073459,
F0073460,
F0073461,
F0073462,positive
F0073463,
F0073464,
F0073465,
F0073466,
F0073467,
F0073468,
F0073469,
F0073470,
F0073471,
F0073472,walkout
F0073473,
F0073474,
F0073475,
F0073476,
F0073477,walkout
F0073478,
F0073479,
F0073480,
F0073481,positive
F0073482,
F0073483,
F0073484,
F0073485,
F0073486,walkout
F0073487,
F0073488,walkout
F0073489,
F0073490,
F0073491,
F0073492,walkout
F0073493,walkout
F0073494,
F0073495,walkout
F0073496,
F0073497,
F0073498,
F0073499,
F0073500,
F0073501,
F0073502,
F0073503,
F0073504,
F0073505,
F0073506,
F0073507,walkout
F0073508,positive
F0073509,
F0073510,
F0073511,
F0073512,walkout
F0073513,
F0073514,
F0073515,
F0073516,
F0073517,
F0073518,
F0073519,
F0073520,
F0073521,positive
F0073522,
F0073523,
F0073524,
F0073525,positive
F0073526,
F0073527,
F0073528,long_wait
F0073529,
F0073530,
F0073531,
F0073532,
F0073533,
F0073534,walkout
F0073535,
F0073536,
F0073537,
F0073538,
F0073539,
F0073540,
F0073541,
F0073542,
F0073543,
F0073544,
F0073545,
F0073546,
F0073547,
F0073548,walkout
F0073549,
F0073550,
F0073551,
F0073552,
F0073553,positive
F0073554,
F0073555,
F0073556,walkout
F0073557,walkout
F0073558,
F0073559,
F0073560,
F0073561,
F0073562,walkout
F0073563,
F0073564,
F0073565,walkout
F0073566,
F0073567,
F0073568,
F0073569,
F0073570,
F0073571,long_wait
F0073572,
F0073573,
F0073574,walkout
F0073575,
F0073576,
F0073577,positive
F0073578,
F0073579,
F0073580,
F0073581,
F0073582,
F0073583,positive
F0073584,walkout
F0073585,
F0073586,
F0073587,
F0073588,
F0073589,
F0073590,
F0073591,
F0073592,positive
F0073593,
F0073594,
F0073595,
F0073596,
F0073597,
F0073598,
F0073599,
F0073600,
F0073601,
F0073602,
F0073603,
F0073604,
F0073605,
F0073606,
F0073607,positive
F0073608,
F0073609,
F0073610,
F0073611,
F0073612,
F0073613,
F0073614,
F0073615,positive
F0073616,positive
F0073617,
F0073618,
F0073619,
F0073620,
F0073621,
F0073622,
F0073623,
F0073624,
F0073625,long_wait
F0073626,walkout
F0073627,
F0073628,
F0073629,
F0073630,
F0073631,
F0073632,
F0073633,
F0073634,
F0073635,documents
F0073636,
F0073637,
F0073638,
F0073639,
F0073640,
F0073641,
F0073642,positive
F0073643,
F0073644,
F0073645,
F0073646,walkout
F0073647,
F0073648,
F0073649,
F0073650,
F0073651,
F0073652,
F0073653,
F0073654,walkout
F0073655,
F0073656,
F0073657,
F0073658,
F0073659,
F0073660,
F0073661,
F0073662,
F0073663,
F0073664,
F0073665,
F0073666,positive
F0073667,
F0073668,walkout
F0073669,
F0073670,
F0073671,
F0073672,walkout
F0073673,walkout
F0073674,
F0073675,
F0073676,
F0073677,
F0073678,
F0073679,walkout
F0073680,
F0073681,
F0073682,positive
F0073683,
F0073684,
F0073685,
F0073686,
F0073687,
F0073688,positive
F0073689,
F0073690,
F0073691,
F0073692,
F0073693,
F0073694,
F0073695,positive
F0073696,
F0073697,
F0073698,
F0073699,
F0073700,
F0073701,
F0073702,
F0073703,
F0073704,
F0073705,walkout
F0073706,
F0073707,walkout
F0073708,
F0073709,
F0073710,
F0073711,walkout
F0073712,positive
F0073713,
F0073714,
F0073715,
F0073716,
F0073717,
F0073718,
F0073719,
F0073720,
F0073721,
F0073722,long_wait
F0073723,
F0073724,walkout
F0073725,
F0073726,positive
F0073727,walkout
F0073728,
F0073729,
F0073730,
F0073731,positive
F0073732,
F0073733,
F0073734,
F0073735,
F0073736,walkout
F0073737,
F0073738,
F0073739,walkout
F0073740,
F0073741,long_wait
F0073742,
F0073743,
F0073744,
F0073745,
F0073746,walkout
F0073747,positive
F0073748,
F0073749,
F0073750,
F0073751,walkout
F0073752,
F0073753,
F0073754,
F0073755,
F0073756,
F0073757,
F0073758,positive
F0073759,
F0073760,
F0073761,
F0073762,
F0073763,
F0073764,
F0073765,
F0073766,
F0073767,
F0073768,positive
F0073769,
F0073770,
F0073771,
F0073772,walkout
F0073773,
F0073774,
F0073775,
F0073776,
F0073777,lunch
F0073778,walkout
F0073779,
F0073780,positive
F0073781,
F0073782,positive
F0073783,
F0073784,positive
F0073785,positive
F0073786,positive
F0073787,positive
F0073788,
F0073789,
F0073790,
F0073791,walkout
F0073792,
F0073793,
F0073794,
F0073795,
F0073796,long_wait
F0073797,long_wait
F0073798,
F0073799,
F0073800,
F0073801,
F0073802,
F0073803,
F0073804,
F0073805,
F0073806,walkout
F0073807,positive
F0073808,walkout
F0073809,
F0073810,
F0073811,
F0073812,
F0073813,
F0073814,
F0073815,walkout
F0073816,
F0073817,
F0073818,
F0073819,
F0073820,
F0073821,positive
F0073822,
F0073823,walkout
F0073824,
F0073825,
F0073826,walkout
F0073827,positive
F0073828,
F0073829,
F0073830,
F0073831,
F0073832,
F0073833,positive
F0073834,
F0073835,
F0073836,
F0073837,
F0073838,walkout
F0073839,walkout
F0073840,
F0073841,
F0073842,
F0073843,
F0073844,
F0073845,
F0073846,walkout
F0073847,
F0073848,walkout
F0073849,walkout
F0073850,
F0073851,
F0073852,walkout
F0073853,
F0073854,
F0073855,
F0073856,seating
F0073857,
F0073858,
F0073859,
F0073860,lunch
F0073861,
F0073862,walkout
F0073863,
F0073864,
F0073865,positive
F0073866,
F0073867,
F0073868,
F0073869,
F0073870,
F0073871,
F0073872,
F0073873,
F0073874,
F0073875,
F0073876,
F0073877,
F0073878,
F0073879,
F0073880,walkout
F0073881,
F0073882,
F0073883,
F0073884,
F0073885,positive
F0073886,
F0073887,
F0073888,walkout
F0073889,positive
F0073890,
F0073891,
F0073892,
F0073893,
F0073894,
F0073895,
F0073896,walkout
F0073897,
F0073898,
F0073899,
F0073900,
F0073901,
F0073902,
F0073903,
F0073904,
F0073905,
F0073906,
F0073907,
F0073908,
F0073909,
F0073910,positive
F0073911,
F0073912,
F0073913,
F0073914,positive
F0073915,
F0073916,
F0073917,
F0073918,
F0073919,
F0073920,
F0073921,positive
F0073922,positive
F0073923,
F0073924,
F0073925,
F0073926,
F0073927,
F0073928,
F0073929,
F0073930,
F0073931,
F0073932,walkout
F0073933,
F0073934,
F0073935,
F0073936,
F0073937,
F0073938,
F0073939,
F0073940,
F0073941,
F0073942,positive
F0073943,
F0073944,
F0073945,walkout
F0073946,
F0073947,
F0073948,
F0073949,
F0073950,
F0073951,
F0073952,walkout
F0073953,
F0073954,
F0073955,
F0073956,
F0073957,positive
F0073958,
F0073959,walkout
F0073960,
F0073961,
F0073962,positive
F0073963,
F0073964,
F0073965,
F0073966,
F0073967,
F0073968,
F0073969,long_wait
F0073970,
F0073971,
F0073972,
F0073973,
F0073974,
F0073975,
F0073976,positive
F0073977,
F0073978,positive
F0073979,
F0073980,positive
F0073981,
F0073982,
F0073983,
F0073984,
F0073985,
F0073986,
F0073987,
F0073988,long_wait
F0073989,
F0073990,
F0073991,walkout
F0073992,seating
F0073993,walkout
F0073994,
F0073995,
F0073996,
F0073997,walkout
F0073998,
F0073999,walkout
F0074000,
F0074001,
F0074002,
F0074003,
F0074004,
F0074005,
F0074006,walkout
F0074007,walkout
F0074008,
F0074009,walkout
F0074010,walkout
F0074011,
F0074012,
F0074013,
F0074014,walkout
F0074015,
F0074016,walkout
F0074017,seating
F0074018,
F0074019,
F0074020,
F0074021,long_wait
F0074022,
F0074023,walkout
F0074024,
F0074025,walkout
F0074026,
F0074027,
F0074028,
F0074029,seating
F0074030,
F0074031,walkout
F0074032,walkout
F0074033,walkout
F0074034,walkout
F0074035,walkout
F0074036,walkout
F0074037,walkout
F0074038,
F0074039,walkout
F0074040,walkout
F0074041,
F0074042,
F0074043,
F0074044,walkout
F0074045,
F0074046,
F0074047,
F0074048,walkout
F0074049,walkout
F0074050,walkout
F0074051,
F0074052,
F0074053,
F0074054,walkout
F0074055,
F0074056,
F0074057,
F0074058,positive
F0074059,
F0074060,
F0074061,
F0074062,
F0074063,
F0074064,
F0074065,
F0074066,
F0074067,
F0074068,
F0074069,
F0074070,
F0074071,
F0074072,
F0074073,
F0074074,positive
F0074075,
F0074076,
F0074077,
F0074078,
F0074079,
F0074080,
F0074081,
F0074082,
F0074083,
F0074084,
F0074085,
F0074086,
F0074087,
F0074088,
F0074089,positive
F0074090,
F0074091,
F0074092,
F0074093,walkout
F0074094,
F0074095,
F0074096,
F0074097,
F0074098,
F0074099,
F0074100,
F0074101,
F0074102,
F0074103,
F0074104,long_wait
F0074105,positive
F0074106,
F0074107,
F0074108,
F0074109,
F0074110,
F0074111,
F0074112,
F0074113,
F0074114,
F0074115,
F0074116,positive
F0074117,
F0074118,positive
F0074119,
F0074120,
F0074121,
F0074122,
F0074123,positive
F0074124,
F0074125,
F0074126,
F0074127,
F0074128,
F0074129,long_wait
F0074130,
F0074131,
F0074132,
F0074133,positive
F0074134,
F0074135,
F0074136,
F0074137,
F0074138,
F0074139,
F0074140,
F0074141,
F0074142,
F0074143,
F0074144,
F0074145,positive
F0074146,
F0074147,walkout
F0074148,
F0074149,
F0074150,
F0074151,positive
F0074152,
F0074153,
F0074154,
F0074155,
F0074156,
F0074157,positive
F0074158,walkout
F0074159,
F0074160,
F0074161,
F0074162,positive
F0074163,
F0074164,
F0074165,
F0074166,
F0074167,
F0074168,
F0074169,positive
F0074170,
F0074171,
F0074172,
F0074173,
F0074174,
F0074175,lunch
F0074176,walkout
F0074177,
F0074178,walkout
F0074179,
F0074180,
F0074181,
F0074182,slow_dd
F0074183,
F0074184,
F0074185,
F0074186,
F0074187,
F0074188,
F0074189,
F0074190,
F0074191,
F0074192,
F0074193,
F0074194,
F0074195,
F0074196,
F0074197,
F0074198,
F0074199,
F0074200,
F0074201,
F0074202,positive
F0074203,
F0074204,
F0074205,
F0074206,
F0074207,
F0074208,
F0074209,positive
F0074210,walkout
F0074211,
F0074212,
F0074213,
F0074214,
F0074215,
F0074216,
F0074217,
F0074218,
F0074219,
F0074220,
F0074221,
F0074222,
F0074223,
F0074224,
F0074225,
F0074226,
F0074227,
F0074228,
F0074229,
F0074230,
F0074231,walkout
F0074232,walkout
F0074233,
F0074234,
F0074235,positive
F0074236,walkout
F0074237,
F0074238,walkout
F0074239,walkout
F0074240,
F0074241,
F0074242,
F0074243,walkout
F0074244,
F0074245,
F0074246,
F0074247,
F0074248,
F0074249,
F0074250,walkout
F0074251,positive
F0074252,
F0074253,positive
F0074254,walkout
F0074255,
F0074256,
F0074257,positive
F0074258,walkout
F0074259,walkout
F0074260,
F0074261,
F0074262,
F0074263,walkout
F0074264,
F0074265,
F0074266,
F0074267,walkout
F0074268,
F0074269,
F0074270,walkout
F0074271,
F0074272,
F0074273,
F0074274,positive
F0074275,positive
F0074276,
F0074277,
F0074278,
F0074279,
F0074280,
F0074281,
F0074282,
F0074283,
F0074284,
F0074285,
F0074286,
F0074287,
F0074288,
F0074289,
F0074290,
F0074291,
F0074292,
F0074293,
F0074294,
F0074295,walkout
F0074296,walkout
F0074297,
F0074298,walkout
F0074299,
F0074300,
F0074301,
F0074302,
F0074303,positive
F0074304,
F0074305,
F0074306,
F0074307,
F0074308,
F0074309,
F0074310,
F0074311,positive
F0074312,
F0074313,
F0074314,
F0074315,
F0074316,
F0074317,
F0074318,
F0074319,
F0074320,
F0074321,
F0074322,positive
F0074323,
F0074324,
F0074325,
F0074326,
F0074327,
F0074328,
F0074329,
F0074330,
F0074331,
F0074332,
F0074333,
F0074334,
F0074335,
F0074336,
F0074337,
F0074338,
F0074339,
F0074340,positive
F0074341,
F0074342,positive
F0074343,
F0074344,
F0074345,positive
F0074346,positive
F0074347,positive
F0074348,
F0074349,
F0074350,positive
F0074351,
F0074352,positive
F0074353,positive
F0074354,
F0074355,
F0074356,positive
F0074357,positive
F0074358,
F0074359,documents
F0074360,long_wait
F0074361,positive
F0074362,
F0074363,
F0074364,
F0074365,
F0074366,positive
F0074367,positive
F0074368,
F0074369,
F0074370,
F0074371,
F0074372,
F0074373,
F0074374,
F0074375,
F0074376,positive
F0074377,
F0074378,
F0074379,
F0074380,
F0074381,
F0074382,
F0074383,positive
F0074384,
F0074385,positive
F0074386,
F0074387,
F0074388,
F0074389,
F0074390,
F0074391,
F0074392,
F0074393,walkout
F0074394,
F0074395,
F0074396,
F0074397,
F0074398,
F0074399,
F0074400,
F0074401,
F0074402,
F0074403,positive
F0074404,
F0074405,
F0074406,
F0074407,
F0074408,
F0074409,
F0074410,
F0074411,
F0074412,
F0074413,
F0074414,
F0074415,
F0074416,
F0074417,
F0074418,long_wait
F0074419,
F0074420,
F0074421,
F0074422,
F0074423,long_wait
F0074424,
F0074425,
F0074426,
F0074427,long_wait
F0074428,walkout
F0074429,
F0074430,
F0074431,
F0074432,lunch
F0074433,walkout
F0074434,
F0074435,
F0074436,
F0074437,
F0074438,positive
F0074439,
F0074440,
F0074441,
F0074442,
F0074443,
F0074444,
F0074445,positive
F0074446,
F0074447,
F0074448,
F0074449,
F0074450,walkout
F0074451,
F0074452,
F0074453,walkout
F0074454,
F0074455,
F0074456,
F0074457,walkout
F0074458,
F0074459,
F0074460,
F0074461,
F0074462,
F0074463,
F0074464,
F0074465,
F0074466,positive
F0074467,
F0074468,
F0074469,
F0074470,
F0074471,
F0074472,
F0074473,positive
F0074474,
F0074475,
F0074476,positive
F0074477,
F0074478,
F0074479,
F0074480,
F0074481,
F0074482,
F0074483,
F0074484,
F0074485,
F0074486,positive
F0074487,
F0074488,
F0074489,positive
F0074490,
F0074491,
F0074492,walkout
F0074493,
F0074494,
F0074495,
F0074496,
F0074497,
F0074498,positive
F0074499,
F0074500,
F0074501,
F0074502,positive
F0074503,
F0074504,positive
F0074505,
F0074506,
F0074507,
F0074508,
F0074509,
F0074510,
F0074511,positive
F0074512,
F0074513,
F0074514,positive
F0074515,
F0074516,
F0074517,
F0074518,
F0074519,
F0074520,
F0074521,
F0074522,
F0074523,positive
F0074524,
F0074525,
F0074526,
F0074527,
F0074528,
F0074529,positive
F0074530,
F0074531,
F0074532,
F0074533,
F0074534,positive
F0074535,
F0074536,positive
F0074537,
F0074538,
F0074539,
F0074540,
F0074541,
F0074542,
F0074543,
F0074544,
F0074545,
F0074546,
F0074547,
F0074548,
F0074549,
F0074550,
F0074551,
F0074552,
F0074553,
F0074554,
F0074555,
F0074556,
F0074557,
F0074558,
F0074559,
F0074560,
F0074561,
F0074562,positive
F0074563,positive
F0074564,
F0074565,
F0074566,
F0074567,
F0074568,
F0074569,
F0074570,
F0074571,
F0074572,
F0074573,
F0074574,
F0074575,walkout
F0074576,
F0074577,positive
F0074578,
F0074579,
F0074580,positive
F0074581,positive
F0074582,
F0074583,
F0074584,
F0074585,
F0074586,positive
F0074587,
F0074588,
F0074589,
F0074590,
F0074591,
F0074592,positive
F0074593,
F0074594,
F0074595,
F0074596,
F0074597,
F0074598,
F0074599,
F0074600,positive
F0074601,
F0074602,
F0074603,
F0074604,
F0074605,
F0074606,
F0074607,
F0074608,
F0074609,
F0074610,
F0074611,walkout
F0074612,
F0074613,
F0074614,positive
F0074615,
F0074616,
F0074617,
F0074618,
F0074619,
F0074620,
F0074621,
F0074622,walkout
F0074623,
F0074624,positive
F0074625,staff
F0074626,positive
F0074627,
F0074628,
F0074629,
F0074630,
F0074631,
F0074632,
F0074633,
F0074634,positive
F0074635,
F0074636,
F0074637,positive
F0074638,
F0074639,positive
F0074640,
F0074641,
F0074642,
F0074643,
F0074644,positive
F0074645,
F0074646,
F0074647,
F0074648,
F0074649,
F0074650,positive
F0074651,
F0074652,
F0074653,positive
F0074654,
F0074655,
F0074656,positive
F0074657,
F0074658,
F0074659,
F0074660,
F0074661,slow_dd
F0074662,
F0074663,
F0074664,
F0074665,
F0074666,
F0074667,
F0074668,
F0074669,
F0074670,positive
F0074671,
F0074672,
F0074673,
F0074674,walkout
F0074675,
F0074676,documents
F0074677,
F0074678,positive
F0074679,
F0074680,walkout
F0074681,
F0074682,
F0074683,walkout
F0074684,
F0074685,
F0074686,
F0074687,
F0074688,positive
F0074689,
F0074690,
F0074691,
F0074692,
F0074693,
F0074694,
F0074695,
F0074696,
F0074697,
F0074698,
F0074699,
F0074700,
F0074701,
F0074702,long_wait
F0074703,
F0074704,positive
F0074705,
F0074706,
F0074707,
F0074708,positive
F0074709,positive
F0074710,
F0074711,
F0074712,
F0074713,
F0074714,positive
F0074715,
F0074716,
F0074717,
F0074718,
F0074719,positive
F0074720,positive
F0074721,
F0074722,
F0074723,
F0074724,
F0074725,
F0074726,
F0074727,
F0074728,
F0074729,walkout
F0074730,positive
F0074731,positive
F0074732,walkout
F0074733,positive
F0074734,
F0074735,
F0074736,
F0074737,positive
F0074738,positive
F0074739,
F0074740,
F0074741,positive
F0074742,
F0074743,
F0074744,
F0074745,
F0074746,
F0074747,
F0074748,
F0074749,
F0074750,
F0074751,
F0074752,
F0074753,walkout
F0074754,
F0074755,
F0074756,
F0074757,
F0074758,walkout
F0074759,
F0074760,walkout
F0074761,
F0074762,
F0074763,positive
F0074764,walkout
F0074765,
F0074766,
F0074767,
F0074768,
F0074769,long_wait
F0074770,
F0074771,
F0074772,
F0074773,
F0074774,
F0074775,
F0074776,
F0074777,
F0074778,walkout
F0074779,walkout
F0074780,
F0074781,
F0074782,walkout
F0074783,
F0074784,walkout
F0074785,walkout
F0074786,
F0074787,
F0074788,
F0074789,walkout
F0074790,walkout
F0074791,positive
F0074792,positive
F0074793,
F0074794,
F0074795,
F0074796,walkout
F0074797,
F0074798,
F0074799,
F0074800,
F0074801,
F0074802,
F0074803,
F0074804,
F0074805,
F0074806,
F0074807,positive
F0074808,
F0074809,
F0074810,
F0074811,
F0074812,
F0074813,
F0074814,walkout
F0074815,
F0074816,
F0074817,
F0074818,
F0074819,
F0074820,
F0074821,walkout
F0074822,walkout
F0074823,
F0074824,
F0074825,
F0074826,
F0074827,walkout
F0074828,
F0074829,walkout
F0074830,
F0074831,
F0074832,
F0074833,
F0074834,
F0074835,
F0074836,
F0074837,
F0074838,
F0074839,positive
F0074840,walkout
F0074841,
F0074842,
F0074843,walkout
F0074844,walkout
F0074845,positive
F0074846,
F0074847,
F0074848,walkout
F0074849,
F0074850,
F0074851,positive
F0074852,
F0074853,
F0074854,walkout
F0074855,positive
F0074856,
F0074857,
F0074858,positive
F0074859,
F0074860,
F0074861,walkout
F0074862,walkout
F0074863,walkout
F0074864,
F0074865,positive
F0074866,positive
F0074867,
F0074868,
F0074869,
F0074870,
F0074871,
F0074872,
F0074873,
F0074874,
F0074875,
F0074876,
F0074877,
F0074878,
F0074879,
F0074880,
F0074881,staff
F0074882,
F0074883,
F0074884,
F0074885,
F0074886,
F0074887,
F0074888,
F0074889,
F0074890,
F0074891,
F0074892,
F0074893,positive
F0074894,
F0074895,
F0074896,
F0074897,
F0074898,
F0074899,positive
F0074900,
F0074901,
F0074902,positive
F0074903,
F0074904,
F0074905,
F0074906,
F0074907,
F0074908,
F0074909,
F0074910,
F0074911,walkout
F0074912,
F0074913,
F0074914,walkout
F0074915,
F0074916,walkout
F0074917,
F0074918,walkout
F0074919,
F0074920,
F0074921,
F0074922,
F0074923,
F0074924,
F0074925,
F0074926,positive
F0074927,
F0074928,
F0074929,
F0074930,
F0074931,positive
F0074932,
F0074933,
F0074934,
F0074935,
F0074936,positive
F0074937,
F0074938,
F0074939,
F0074940,
F0074941,
F0074942,
F0074943,
F0074944,positive
F0074945,
F0074946,
F0074947,
F0074948,
F0074949,
F0074950,
F0074951,
F0074952,
F0074953,walkout
F0074954,walkout
F0074955,
F0074956,
F0074957,
F0074958,
F0074959,
F0074960,
F0074961,
F0074962,
F0074963,long_wait
F0074964,
F0074965,
F0074966,
F0074967,
F0074968,positive
F0074969,
F0074970,positive
F0074971,
F0074972,long_wait
F0074973,
F0074974,
F0074975,
F0074976,
F0074977,
F0074978,long_wait
F0074979,
F0074980,
F0074981,long_wait
F0074982,
F0074983,positive
F0074984,
F0074985,
F0074986,
F0074987,walkout
F0074988,walkout
F0074989,
F0074990,documents
F0074991,
F0074992,
F0074993,
F0074994,
F0074995,positive
F0074996,positive
F0074997,positive
F0074998,
F0074999,
F0075000,
F0075001,
F0075002,
F0075003,
F0075004,
F0075005,
F0075006,
F0075007,slow_dd
F0075008,
F0075009,positive
F0075010,
F0075011,
F0075012,
F0075013,
F0075014,
F0075015,
F0075016,positive
F0075017,
F0075018,
F0075019,
F0075020,
F0075021,
F0075022,
F0075023,
F0075024,
F0075025,
F0075026,
F0075027,positive
F0075028,positive
F0075029,
F0075030,
F0075031,positive
F0075032,
F0075033,
F0075034,
F0075035,positive
F0075036,
F0075037,walkout
F0075038,
F0075039,
F0075040,
F0075041,walkout
F0075042,
F0075043,
F0075044,
F0075045,
F0075046,seating
F0075047,positive
F0075048,
F0075049,
F0075050,
F0075051,
F0075052,
F0075053,
F0075054,
F0075055,walkout
F0075056,
F0075057,
F0075058,positive
F0075059,
F0075060,
F0075061,
F0075062,
F0075063,
F0075064,
F0075065,
F0075066,
F0075067,
F0075068,
F0075069,
F0075070,
F0075071,
F0075072,
F0075073,
F0075074,
F0075075,walkout
F0075076,long_wait
F0075077,walkout
F0075078,
F0075079,
F0075080,positive
F0075081,
F0075082,
F0075083,
F0075084,
F0075085,
F0075086,walkout
F0075087,walkout
F0075088,
F0075089,
F0075090,walkout
F0075091,
F0075092,
F0075093,
F0075094,positive
F0075095,long_wait
F0075096,
F0075097,
F0075098,
F0075099,
F0075100,
F0075101,
F0075102,
F0075103,walkout
F0075104,
F0075105,walkout
F0075106,
F0075107,
F0075108,walkout
F0075109,
F0075110,
F0075111,walkout
F0075112,walkout
F0075113,
F0075114,walkout
F0075115,walkout
F0075116,
F0075117,
F0075118,walkout
F0075119,
F0075120,
F0075121,walkout
F0075122,
F0075123,
F0075124,
F0075125,
F0075126,
F0075127,
F0075128,positive
F0075129,
F0075130,
F0075131,
F0075132,positive
F0075133,
F0075134,
F0075135,
F0075136,
F0075137,walkout
F0075138,
F0075139,positive
F0075140,
F0075141,
F0075142,walkout
F0075143,
F0075144,
F0075145,
F0075146,positive
F0075147,
F0075148,
F0075149,
F0075150,
F0075151,
F0075152,
F0075153,positive
F0075154,
F0075155,
F0075156,
F0075157,
F0075158,
F0075159,
F0075160,
F0075161,positive
F0075162,positive
F0075163,
F0075164,
F0075165,
F0075166,walkout
F0075167,
F0075168,
F0075169,
F0075170,
F0075171,
F0075172,
F0075173,
F0075174,positive
F0075175,
F0075176,positive
F0075177,
F0075178,
F0075179,
F0075180,
F0075181,
F0075182,
F0075183,positive
F0075184,positive
F0075185,
F0075186,
F0075187,
F0075188,
F0075189,
F0075190,positive
F0075191,
F0075192,walkout
F0075193,walkout
F0075194,
F0075195,
F0075196,
F0075197,
F0075198,
F0075199,
F0075200,
F0075201,walkout
F0075202,walkout
F0075203,
F0075204,
F0075205,
F0075206,positive
F0075207,positive
F0075208,
F0075209,
F0075210,
F0075211,
F0075212,
F0075213,positive
F0075214,positive
F0075215,
F0075216,
F0075217,
F0075218,
F0075219,
F0075220,
F0075221,
F0075222,positive
F0075223,
F0075224,
F0075225,
F0075226,
F0075227,positive
F0075228,
F0075229,
F0075230,
F0075231,
F0075232,
F0075233,
F0075234,
F0075235,slow_dd
F0075236,
F0075237,
F0075238,
F0075239,
F0075240,
F0075241,positive
F0075242,
F0075243,
F0075244,
F0075245,
F0075246,
F0075247,
F0075248,
F0075249,positive
F0075250,
F0075251,
F0075252,
F0075253,walkout
F0075254,
F0075255,
F0075256,
F0075257,
F0075258,
F0075259,walkout
F0075260,walkout
F0075261,positive
F0075262,walkout
F0075263,
F0075264,
F0075265,
F0075266,walkout
F0075267,
F0075268,
F0075269,walkout
F0075270,
F0075271,
F0075272,
F0075273,walkout
F0075274,
F0075275,
F0075276,
F0075277,
F0075278,
F0075279,positive
F0075280,
F0075281,
F0075282,positive
F0075283,
F0075284,
F0075285,positive
F0075286,
F0075287,
F0075288,
F0075289,
F0075290,
F0075291,
F0075292,
F0075293,positive
F0075294,
F0075295,
F0075296,
F0075297,
F0075298,
F0075299,positive
F0075300,
F0075301,positive
F0075302,
F0075303,
F0075304,
F0075305,
F0075306,
F0075307,
F0075308,positive
F0075309,
F0075310,
F0075311,
F0075312,
F0075313,
F0075314,
F0075315,
F0075316,long_wait
F0075317,
F0075318,
F0075319,
F0075320,
F0075321,
F0075322,
F0075323,
F0075324,
F0075325,
F0075326,positive
F0075327,
F0075328,
F0075329,
F0075330,
F0075331,
F0075332,
F0075333,
F0075334,
F0075335,
F0075336,
F0075337,
F0075338,positive
F0075339,
F0075340,
F0075341,
F0075342,positive
F0075343,slow_dd
F0075344,
F0075345,positive
F0075346,
F0075347,
F0075348,
F0075349,
F0075350,documents
F0075351,
F0075352,positive
F0075353,
F0075354,
F0075355,
F0075356,
F0075357,
F0075358,
F0075359,
F0075360,positive
F0075361,
F0075362,
F0075363,
F0075364,
F0075365,walkout
F0075366,
F0075367,
F0075368,
F0075369,
F0075370,
F0075371,
F0075372,
F0075373,
F0075374,
F0075375,
F0075376,
F0075377,
F0075378,
F0075379,positive
F0075380,positive
F0075381,positive
F0075382,
F0075383,
F0075384,
F0075385,
F0075386,positive
F0075387,
F0075388,
F0075389,
F0075390,
F0075391,
F0075392,walkout
F0075393,
F0075394,positive
F0075395,
F0075396,
F0075397,positive
F0075398,
F0075399,
F0075400,
F0075401,walkout
F0075402,
F0075403,walkout
F0075404,walkout
F0075405,
F0075406,
F0075407,walkout
F0075408,
F0075409,walkout
F0075410,
F0075411,
F0075412,
F0075413,walkout
F0075414,
F0075415,
F0075416,positive
F0075417,
F0075418,
F0075419,
F0075420,
F0075421,
F0075422,
F0075423,
F0075424,long_wait
F0075425,
F0075426,walkout
F0075427,
F0075428,
F0075429,
F0075430,
F0075431,
F0075432,
F0075433,
F0075434,
F0075435,
F0075436,positive
F0075437,
F0075438,
F0075439,walkout
F0075440,walkout
F0075441,lunch
F0075442,
F0075443,
F0075444,
F0075445,
F0075446,
F0075447,positive
F0075448,
F0075449,
F0075450,
F0075451,
F0075452,
F0075453,
F0075454,
F0075455,
F0075456,
F0075457,
F0075458,
F0075459,positive
F0075460,
F0075461,
F0075462,
F0075463,
F0075464,
F0075465,
F0075466,
F0075467,
F0075468,
F0075469,
F0075470,
F0075471,positive
F0075472,
F0075473,positive
F0075474,positive
F0075475,positive
F0075476,
F0075477,
F0075478,
F0075479,
F0075480,
F0075481,
F0075482,positive
F0075483,
F0075484,
F0075485,
F0075486,
F0075487,
F0075488,
F0075489,
F0075490,walkout
F0075491,
F0075492,positive
F0075493,
F0075494,
F0075495,
F0075496,
F0075497,
F0075498,
F0075499,
F0075500,
F0075501,positive
F0075502,
F0075503,documents
F0075504,
F0075505,
F0075506,
F0075507,
F0075508,
F0075509,
F0075510,
F0075511,
F0075512,
F0075513,
F0075514,
F0075515,
F0075516,
F0075517,
F0075518,
F0075519,
F0075520,
F0075521,
F0075522,
F0075523,
F0075524,
F0075525,
F0075526,
F0075527,
F0075528,walkout
F0075529,
F0075530,
F0075531,
F0075532,
F0075533,
F0075534,system_down
F0075535,
F0075536,
F0075537,seating
F0075538,walkout
F0075539,walkout
F0075540,
F0075541,
F0075542,
F0075543,
F0075544,
F0075545,
F0075546,
F0075547,positive
F0075548,
F0075549,
F0075550,
F0075551,
F0075552,
F0075553,
F0075554,positive
F0075555,
F0075556,
F0075557,
F0075558,
F0075559,
F0075560,walkout
F0075561,
F0075562,
F0075563,
F0075564,
F0075565,walkout
F0075566,
F0075567,
F0075568,
F0075569,walkout
F0075570,
F0075571,
F0075572,
F0075573,positive
F0075574,
F0075575,
F0075576,walkout
F0075577,
F0075578,
F0075579,
F0075580,
F0075581,
F0075582,
F0075583,
F0075584,
F0075585,lunch
F0075586,walkout
F0075587,walkout
F0075588,
F0075589,
F0075590,
F0075591,walkout
F0075592,
F0075593,
F0075594,
F0075595,
F0075596,
F0075597,
F0075598,
F0075599,walkout
F0075600,
F0075601,lunch
F0075602,
F0075603,
F0075604,
F0075605,
F0075606,
F0075607,
F0075608,positive
F0075609,
F0075610,
F0075611,
F0075612,
F0075613,
F0075614,
F0075615,
F0075616,
F0075617,
F0075618,
F0075619,
F0075620,
F0075621,
F0075622,positive
F0075623,
F0075624,positive
F0075625,
F0075626,
F0075627,
F0075628,
F0075629,
F0075630,
F0075631,positive
F0075632,
F0075633,positive
F0075634,
F0075635,walkout
F0075636,
F0075637,
F0075638,
F0075639,
F0075640,
F0075641,
F0075642,
F0075643,
F0075644,
F0075645,
F0075646,
F0075647,walkout
F0075648,
F0075649,walkout
F0075650,walkout
F0075651,walkout
F0075652,
F0075653,positive
F0075654,
F0075655,documents
F0075656,
F0075657,
F0075658,
F0075659,
F0075660,
F0075661,positive
F0075662,
F0075663,
F0075664,
F0075665,
F0075666,
F0075667,
F0075668,
F0075669,
F0075670,
F0075671,
F0075672,
F0075673,
F0075674,
F0075675,
F0075676,
F0075677,
F0075678,documents
F0075679,
F0075680,
F0075681,
F0075682,
F0075683,positive
F0075684,
F0075685,positive
F0075686,
F0075687,
F0075688,
F0075689,
F0075690,
F0075691,
F0075692,
F0075693,walkout
F0075694,lunch
F0075695,
F0075696,
F0075697,
F0075698,
F0075699,positive
F0075700,
F0075701,slow_dd
F0075702,
F0075703,
F0075704,positive
F0075705,
F0075706,
F0075707,
F0075708,
F0075709,
F0075710,
F0075711,
F0075712,
F0075713,
F0075714,walkout
F0075715,
F0075716,
F0075717,
F0075718,
F0075719,
F0075720,walkout
F0075721,
F0075722,
F0075723,positive
F0075724,
F0075725,
F0075726,
F0075727,
F0075728,walkout
F0075729,
F0075730,
F0075731,
F0075732,
F0075733,
F0075734,
F0075735,
F0075736,
F0075737,
F0075738,
F0075739,
F0075740,
F0075741,
F0075742,
F0075743,
F0075744,
F0075745,
F0075746,
F0075747,
F0075748,
F0075749,
F0075750,
F0075751,
F0075752,positive
F0075753,
F0075754,
F0075755,
F0075756,
F0075757,
F0075758,long_wait
F0075759,
F0075760,
F0075761,
F0075762,walkout
F0075763,
F0075764,
F0075765,
F0075766,
F0075767,
F0075768,walkout
F0075769,
F0075770,
F0075771,long_wait
F0075772,
F0075773,walkout
F0075774,walkout
F0075775,walkout
F0075776,walkout
F0075777,
F0075778,
F0075779,
F0075780,
F0075781,
F0075782,
F0075783,staff
F0075784,
F0075785,positive
F0075786,
F0075787,long_wait
F0075788,positive
F0075789,
F0075790,walkout
F0075791,walkout
F0075792,
F0075793,
F0075794,walkout
F0075795,
F0075796,
F0075797,
F0075798,
F0075799,
F0075800,
F0075801,
F0075802,
F0075803,
F0075804,
F0075805,
F0075806,
F0075807,
F0075808,
F0075809,positive
F0075810,walkout
F0075811,
F0075812,
F0075813,walkout
F0075814,
F0075815,
F0075816,seating
F0075817,
F0075818,long_wait
F0075819,walkout
F0075820,
F0075821,walkout
F0075822,
F0075823,positive
F0075824,
F0075825,
F0075826,
F0075827,
F0075828,
F0075829,positive
F0075830,
F0075831,
F0075832,
F0075833,
F0075834,
F0075835,
F0075836,
F0075837,
F0075838,positive
F0075839,positive
F0075840,
F0075841,walkout
F0075842,positive
F0075843,
F0075844,
F0075845,
F0075846,
F0075847,
F0075848,
F0075849,
F0075850,positive
F0075851,
F0075852,
F0075853,
F0075854,
F0075855,walkout
F0075856,walkout
F0075857,
F0075858,
F0075859,
F0075860,
F0075861,
F0075862,walkout
F0075863,
F0075864,
F0075865,lunch
F0075866,
F0075867,
F0075868,
F0075869,
F0075870,
F0075871,
F0075872,
F0075873,
F0075874,positive
F0075875,walkout
F0075876,
F0075877,
F0075878,
F0075879,
F0075880,positive
F0075881,
F0075882,
F0075883,
F0075884,
F0075885,
F0075886,
F0075887,
F0075888,positive
F0075889,positive
F0075890,
F0075891,
F0075892,
F0075893,
F0075894,
F0075895,
F0075896,
F0075897,positive
F0075898,
F0075899,
F0075900,
F0075901,
F0075902,walkout
F0075903,positive
F0075904,
F0075905,
F0075906,
F0075907,
F0075908,
F0075909,
F0075910,
F0075911,staff
F0075912,long_wait
F0075913,
F0075914,walkout
F0075915,
F0075916,walkout
F0075917,
F0075918,long_wait
F0075919,positive
F0075920,
F0075921,long_wait
F0075922,
F0075923,long_wait
F0075924,
F0075925,
F0075926,
F0075927,
F0075928,long_wait
F0075929,positive
F0075930,walkout
F0075931,
F0075932,walkout
F0075933,
F0075934,
F0075935,walkout
F0075936,
F0075937,
F0075938,
F0075939,
F0075940,
F0075941,
F0075942,walkout
F0075943,
F0075944,
F0075945,positive
F0075946,
F0075947,
F0075948,
F0075949,
F0075950,
F0075951,
F0075952,
F0075953,
F0075954,
F0075955,
F0075956,
F0075957,positive
F0075958,
F0075959,
F0075960,walkout
F0075961,
F0075962,
F0075963,positive
F0075964,walkout
F0075965,
F0075966,
F0075967,positive
F0075968,
F0075969,
F0075970,
F0075971,
F0075972,
F0075973,walkout
F0075974,
F0075975,positive
F0075976,
F0075977,
F0075978,
F0075979,
F0075980,
F0075981,
F0075982,
F0075983,
F0075984,
F0075985,
F0075986,
F0075987,positive
F0075988,
F0075989,
F0075990,positive
F0075991,walkout
F0075992,
F0075993,
F0075994,
F0075995,
F0075996,
F0075997,
F0075998,
F0075999,
F0076000,
F0076001,
F0076002,
F0076003,
F0076004,
F0076005,
F0076006,positive
F0076007,
F0076008,
F0076009,
F0076010,
F0076011,
F0076012,
F0076013,
F0076014,walkout
F0076015,
F0076016,walkout
F0076017,
F0076018,
F0076019,
F0076020,
F0076021,
F0076022,
F0076023,positive
F0076024,
F0076025,
F0076026,positive
F0076027,
F0076028,
F0076029,
F0076030,positive
F0076031,
F0076032,
F0076033,
F0076034,
F0076035,walkout
F0076036,
F0076037,
F0076038,
F0076039,
F0076040,
F0076041,positive
F0076042,
F0076043,
F0076044,
F0076045,
F0076046,
F0076047,
F0076048,
F0076049,
F0076050,
F0076051,
F0076052,
F0076053,
F0076054,positive
F0076055,positive
F0076056,
F0076057,positive
F0076058,
F0076059,
F0076060,
F0076061,positive
F0076062,
F0076063,positive
F0076064,
F0076065,
F0076066,
F0076067,
F0076068,positive
F0076069,
F0076070,
F0076071,
F0076072,positive
F0076073,
F0076074,
F0076075,walkout
F0076076,walkout
F0076077,positive
F0076078,
F0076079,
F0076080,
F0076081,
F0076082,
F0076083,
F0076084,
F0076085,
F0076086,
F0076087,
F0076088,positive
F0076089,
F0076090,
F0076091,
F0076092,
F0076093,
F0076094,positive
F0076095,
F0076096,
F0076097,
F0076098,
F0076099,
F0076100,
F0076101,
F0076102,
F0076103,
F0076104,
F0076105,positive
F0076106,
F0076107,walkout
F0076108,
F0076109,
F0076110,
F0076111,
F0076112,
F0076113,
F0076114,
F0076115,
F0076116,
F0076117,walkout
F0076118,
F0076119,
F0076120,
F0076121,
F0076122,
F0076123,positive
F0076124,
F0076125,
F0076126,
F0076127,
F0076128,
F0076129,walkout
F0076130,positive
F0076131,
F0076132,
F0076133,
F0076134,
F0076135,
F0076136,
F0076137,
F0076138,
F0076139,
F0076140,
F0076141,positive
F0076142,
F0076143,walkout
F0076144,positive
F0076145,
F0076146,positive
F0076147,positive
F0076148,
F0076149,
F0076150,positive
F0076151,positive
F0076152,
F0076153,
F0076154,
F0076155,positive
F0076156,
F0076157,
F0076158,
F0076159,
F0076160,
F0076161,
F0076162,positive
F0076163,
F0076164,
F0076165,
F0076166,
F0076167,
F0076168,positive
F0076169,
F0076170,
F0076171,
F0076172,
F0076173,
F0076174,
F0076175,
F0076176,
F0076177,
F0076178,
F0076179,
F0076180,
F0076181,
F0076182,positive
F0076183,
F0076184,
F0076185,
F0076186,
F0076187,
F0076188,
F0076189,positive
F0076190,
F0076191,
F0076192,
F0076193,
F0076194,
F0076195,
F0076196,
F0076197,
F0076198,
F0076199,
F0076200,
F0076201,
F0076202,positive
F0076203,
F0076204,
F0076205,
F0076206,
F0076207,
F0076208,
F0076209,
F0076210,
F0076211,
F0076212,
F0076213,
F0076214,positive
F0076215,
F0076216,
F0076217,
F0076218,
F0076219,
F0076220,
F0076221,
F0076222,slow_dd
F0076223,
F0076224,
F0076225,
F0076226,
F0076227,
F0076228,
F0076229,
F0076230,positive
F0076231,
F0076232,
F0076233,
F0076234,
F0076235,walkout
F0076236,positive
F0076237,positive
F0076238,positive
F0076239,
F0076240,
F0076241,
F0076242,positive
F0076243,
F0076244,
F0076245,positive
F0076246,
F0076247,positive
F0076248,
F0076249,
F0076250,
F0076251,
F0076252,
F0076253,
F0076254,
F0076255,positive
F0076256,
F0076257,
F0076258,
F0076259,
F0076260,positive
F0076261,
F0076262,
F0076263,
F0076264,positive
F0076265,
F0076266,
F0076267,
F0076268,positive
F0076269,
F0076270,positive
F0076271,
F0076272,
F0076273,
F0076274,
F0076275,positive
F0076276,
F0076277,
F0076278,
F0076279,
F0076280,positive
F0076281,
F0076282,
F0076283,
F0076284,
F0076285,
F0076286,
F0076287,
F0076288,
F0076289,
F0076290,
F0076291,positive
F0076292,positive
F0076293,
F0076294,
F0076295,
F0076296,
F0076297,
F0076298,
F0076299,
F0076300,
F0076301,
F0076302,
F0076303,
F0076304,
F0076305,
F0076306,
F0076307,
F0076308,
F0076309,
F0076310,positive
F0076311,
F0076312,
F0076313,
F0076314,
F0076315,
F0076316,
F0076317,
F0076318,
F0076319,
F0076320,
F0076321,
F0076322,
F0076323,positive
F0076324,
F0076325,
F0076326,
F0076327,
F0076328,
F0076329,
F0076330,
F0076331,
F0076332,
F0076333,
F0076334,
F0076335,
F0076336,positive
F0076337,
F0076338,
F0076339,
F0076340,
F0076341,positive
F0076342,
F0076343,
F0076344,
F0076345,
F0076346,
F0076347,walkout
F0076348,positive
F0076349,positive
F0076350,
F0076351,positive
F0076352,
F0076353,
F0076354,
F0076355,positive
F0076356,
F0076357,
F0076358,
F0076359,
F0076360,
F0076361,
F0076362,
F0076363,
F0076364,
F0076365,
F0076366,
F0076367,positive
F0076368,
F0076369,
F0076370,positive
F0076371,
F0076372,
F0076373,
F0076374,
F0076375,
F0076376,positive
F0076377,
F0076378,
F0076379,
F0076380,
F0076381,
F0076382,
F0076383,
F0076384,
F0076385,
F0076386,
F0076387,
F0076388,
F0076389,
F0076390,
F0076391,
F0076392,
F0076393,
F0076394,walkout
F0076395,
F0076396,
F0076397,
F0076398,
F0076399,
F0076400,
F0076401,
F0076402,positive
F0076403,walkout
F0076404,
F0076405,
F0076406,
F0076407,
F0076408,
F0076409,positive
F0076410,
F0076411,
F0076412,
F0076413,positive
F0076414,
F0076415,
F0076416,
F0076417,
F0076418,
F0076419,
F0076420,
F0076421,
F0076422,
F0076423,walkout
F0076424,positive
F0076425,
F0076426,
F0076427,walkout
F0076428,
F0076429,
F0076430,
F0076431,positive
F0076432,
F0076433,
F0076434,
F0076435,
F0076436,positive
F0076437,
F0076438,
F0076439,
F0076440,positive
F0076441,walkout
F0076442,
F0076443,
F0076444,
F0076445,seating
F0076446,
F0076447,
F0076448,positive
F0076449,walkout
F0076450,positive
F0076451,
F0076452,
F0076453,
F0076454,
F0076455,
F0076456,
F0076457,
F0076458,positive
F0076459,
F0076460,
F0076461,
F0076462,
F0076463,
F0076464,
F0076465,
F0076466,
F0076467,
F0076468,
F0076469,
F0076470,
F0076471,
F0076472,
F0076473,
F0076474,positive
F0076475,long_wait
F0076476,
F0076477,
F0076478,
F0076479,
F0076480,
F0076481,
F0076482,
F0076483,
F0076484,
F0076485,
F0076486,
F0076487,
F0076488,
F0076489,
F0076490,
F0076491,
F0076492,positive
F0076493,
F0076494,documents
F0076495,
F0076496,
F0076497,
F0076498,
F0076499,
F0076500,
F0076501,
F0076502,
F0076503,
F0076504,
F0076505,
F0076506,
F0076507,
F0076508,
F0076509,
F0076510,
F0076511,
F0076512,positive
F0076513,positive
F0076514,
F0076515,positive
F0076516,
F0076517,
F0076518,
F0076519,
F0076520,walkout
F0076521,positive
F0076522,walkout
F0076523,
F0076524,
F0076525,
F0076526,
F0076527,
F0076528,positive
F0076529,
F0076530,positive
F0076531,positive
F0076532,
F0076533,
F0076534,
F0076535,
F0076536,
F0076537,
F0076538,
F0076539,
F0076540,
F0076541,
F0076542,
F0076543,long_wait
F0076544,positive
F0076545,lunch
F0076546,
F0076547,
F0076548,
F0076549,
F0076550,positive
F0076551,
F0076552,
F0076553,
F0076554,
F0076555,
F0076556,
F0076557,
F0076558,
F0076559,
F0076560,
F0076561,
F0076562,
F0076563,
F0076564,
F0076565,
F0076566,walkout
F0076567,
F0076568,
F0076569,
F0076570,positive
F0076571,
F0076572,
F0076573,
F0076574,positive
F0076575,positive
F0076576,positive
F0076577,
F0076578,positive
F0076579,positive
F0076580,positive
F0076581,walkout
F0076582,walkout
F0076583,
F0076584,
F0076585,
F0076586,positive
F0076587,
F0076588,positive
F0076589,
F0076590,
F0076591,positive
F0076592,positive
F0076593,
F0076594,positive
F0076595,
F0076596,
F0076597,walkout
F0076598,
F0076599,positive
F0076600,
F0076601,
F0076602,documents
F0076603,
F0076604,
F0076605,positive
F0076606,
F0076607,positive
F0076608,positive
F0076609,
F0076610,
F0076611,
F0076612,
F0076613,
F0076614,
F0076615,positive
F0076616,
F0076617,positive
F0076618,
F0076619,
F0076620,
F0076621,
F0076622,
F0076623,positive
F0076624,
F0076625,positive
F0076626,
F0076627,positive
F0076628,
F0076629,positive
F0076630,positive
F0076631,
F0076632,
F0076633,positive
F0076634,
F0076635,
F0076636,
F0076637,
F0076638,
F0076639,
F0076640,
F0076641,positive
F0076642,
F0076643,
F0076644,
F0076645,
F0076646,
F0076647,
F0076648,positive
F0076649,positive
F0076650,
F0076651,positive
F0076652,
F0076653,
F0076654,
F0076655,positive
F0076656,positive
F0076657,
F0076658,
F0076659,
F0076660,
F0076661,
F0076662,
F0076663,positive
F0076664,
F0076665,
F0076666,walkout
F0076667,walkout
F0076668,long_wait
F0076669,
F0076670,walkout
F0076671,walkout
F0076672,
F0076673,
F0076674,
F0076675,
F0076676,
F0076677,
F0076678,
F0076679,
F0076680,long_wait
F0076681,
F0076682,
F0076683,
F0076684,
F0076685,
F0076686,positive
F0076687,
F0076688,
F0076689,walkout
F0076690,walkout
F0076691,
F0076692,
F0076693,
F0076694,
F0076695,
F0076696,
F0076697,
F0076698,
F0076699,
F0076700,
F0076701,
F0076702,
F0076703,
F0076704,
F0076705,
F0076706,
F0076707,
F0076708,
F0076709,long_wait
F0076710,
F0076711,
F0076712,
F0076713,
F0076714,walkout
F0076715,
F0076716,
F0076717,
F0076718,
F0076719,
F0076720,
F0076721,
F0076722,
F0076723,long_wait
F0076724,
F0076725,long_wait
F0076726,
F0076727,
F0076728,positive
F0076729,
F0076730,
F0076731,
F0076732,
F0076733,
F0076734,
F0076735,
F0076736,walkout
F0076737,
F0076738,
F0076739,
F0076740,
F0076741,
F0076742,
F0076743,
F0076744,positive
F0076745,
F0076746,
F0076747,
F0076748,
F0076749,walkout
F0076750,
F0076751,
F0076752,positive
F0076753,
F0076754,
F0076755,positive
F0076756,
F0076757,
F0076758,
F0076759,
F0076760,
F0076761,
F0076762,
F0076763,
F0076764,walkout
F0076765,
F0076766,
F0076767,
F0076768,positive
F0076769,
F0076770,
F0076771,
F0076772,positive
F0076773,positive
F0076774,
F0076775,
F0076776,
F0076777,
F0076778,
F0076779,walkout
F0076780,long_wait
F0076781,
F0076782,
F0076783,
F0076784,
F0076785,
F0076786,
F0076787,
F0076788,
F0076789,
F0076790,positive
F0076791,
F0076792,positive
F0076793,positive
F0076794,positive
F0076795,
F0076796,
F0076797,
F0076798,walkout
F0076799,
F0076800,
F0076801,walkout
F0076802,
F0076803,
F0076804,
F0076805,walkout
F0076806,
F0076807,lunch
F0076808,
F0076809,
F0076810,walkout
F0076811,
F0076812,lunch
F0076813,
F0076814,
F0076815,positive
F0076816,
F0076817,
F0076818,
F0076819,
F0076820,slow_dd
F0076821,positive
F0076822,walkout
F0076823,
F0076824,
F0076825,
F0076826,
F0076827,
F0076828,
F0076829,
F0076830,
F0076831,walkout
F0076832,walkout
F0076833,walkout
F0076834,
F0076835,
F0076836,
F0076837,positive
F0076838,
F0076839,
F0076840,
F0076841,
F0076842,walkout
F0076843,
F0076844,
F0076845,long_wait
F0076846,
F0076847,
F0076848,walkout
F0076849,
F0076850,
F0076851,walkout
F0076852,walkout
F0076853,walkout
F0076854,
F0076855,
F0076856,
F0076857,
F0076858,walkout
F0076859,
F0076860,walkout
F0076861,
F0076862,
F0076863,
F0076864,
F0076865,walkout
F0076866,
F0076867,walkout
F0076868,walkout
F0076869,
F0076870,positive
F0076871,
F0076872,
F0076873,positive
F0076874,walkout
F0076875,
F0076876,long_wait
F0076877,walkout
F0076878,
F0076879,
F0076880,walkout
F0076881,long_wait
F0076882,
F0076883,
F0076884,
F0076885,walkout
F0076886,
F0076887,walkout
F0076888,
F0076889,positive
F0076890,
F0076891,
F0076892,
F0076893,
F0076894,walkout
F0076895,
F0076896,walkout
F0076897,
F0076898,
F0076899,
F0076900,
F0076901,positive
F0076902,
F0076903,
F0076904,
F0076905,
F0076906,
F0076907,
F0076908,
F0076909,
F0076910,
F0076911,
F0076912,
F0076913,positive
F0076914,
F0076915,
F0076916,
F0076917,
F0076918,
F0076919,staff
F0076920,
F0076921,walkout
F0076922,positive
F0076923,
F0076924,walkout
F0076925,
F0076926,
F0076927,
F0076928,
F0076929,walkout
F0076930,
F0076931,
F0076932,
F0076933,walkout
F0076934,walkout
F0076935,
F0076936,positive
F0076937,positive
F0076938,
F0076939,
F0076940,
F0076941,
F0076942,
F0076943,
F0076944,long_wait
F0076945,
F0076946,positive
F0076947,
F0076948,
F0076949,walkout
F0076950,positive
F0076951,
F0076952,
F0076953,
F0076954,
F0076955,
F0076956,
F0076957,
F0076958,
F0076959,
F0076960,
F0076961,positive
F0076962,
F0076963,walkout
F0076964,
F0076965,
F0076966,walkout
F0076967,positive
F0076968,
F0076969,
F0076970,positive
F0076971,
F0076972,positive
F0076973,
F0076974,
F0076975,
F0076976,walkout
F0076977,long_wait
F0076978,
F0076979,
F0076980,
F0076981,
F0076982,
F0076983,positive
F0076984,positive
F0076985,
F0076986,
F0076987,
F0076988,walkout
F0076989,walkout
F0076990,
F0076991,walkout
F0076992,
F0076993,walkout
F0076994,
F0076995,
F0076996,walkout
F0076997,
F0076998,walkout
F0076999,
F0077000,walkout
F0077001,walkout
F0077002,
F0077003,
F0077004,
F0077005,
F0077006,
F0077007,
F0077008,walkout
F0077009,walkout
F0077010,
F0077011,
F0077012,
F0077013,walkout
F0077014,walkout
F0077015,
F0077016,
F0077017,positive
F0077018,
F0077019,
F0077020,
F0077021,
F0077022,
F0077023,positive
F0077024,
F0077025,
F0077026,positive
F0077027,
F0077028,
F0077029,
F0077030,
F0077031,
F0077032,positive
F0077033,
F0077034,
F0077035,
F0077036,
F0077037,
F0077038,
F0077039,positive
F0077040,
F0077041,positive
F0077042,
F0077043,
F0077044,
F0077045,positive
F0077046,
F0077047,positive
F0077048,
F0077049,
F0077050,
F0077051,long_wait
F0077052,
F0077053,
F0077054,
F0077055,
F0077056,
F0077057,
F0077058,
F0077059,
F0077060,
F0077061,
F0077062,
F0077063,positive
F0077064,
F0077065,
F0077066,
F0077067,
F0077068,
F0077069,
F0077070,
F0077071,
F0077072,positive
F0077073,
F0077074,
F0077075,
F0077076,
F0077077,positive
F0077078,
F0077079,
F0077080,walkout
F0077081,
F0077082,
F0077083,
F0077084,
F0077085,
F0077086,positive
F0077087,
F0077088,
F0077089,
F0077090,positive
F0077091,positive
F0077092,
F0077093,
F0077094,positive
F0077095,
F0077096,
F0077097,
F0077098,
F0077099,
F0077100,
F0077101,positive
F0077102,
F0077103,
F0077104,
F0077105,
F0077106,
F0077107,
F0077108,positive
F0077109,
F0077110,
F0077111,
F0077112,
F0077113,
F0077114,walkout
F0077115,
F0077116,
F0077117,
F0077118,
F0077119,
F0077120,
F0077121,
F0077122,
F0077123,
F0077124,positive
F0077125,
F0077126,
F0077127,
F0077128,positive
F0077129,
F0077130,
F0077131,
F0077132,
F0077133,
F0077134,
F0077135,positive
F0077136,
F0077137,
F0077138,
F0077139,
F0077140,
F0077141,
F0077142,
F0077143,positive
F0077144,
F0077145,positive
F0077146,positive
F0077147,
F0077148,
F0077149,
F0077150,
F0077151,positive
F0077152,
F0077153,positive
F0077154,
F0077155,
F0077156,
F0077157,
F0077158,
F0077159,positive
F0077160,
F0077161,
F0077162,
F0077163,positive
F0077164,
F0077165,
F0077166,
F0077167,
F0077168,
F0077169,
F0077170,
F0077171,positive
F0077172,
F0077173,
F0077174,
F0077175,positive
F0077176,
F0077177,
F0077178,
F0077179,
F0077180,
F0077181,
F0077182,
F0077183,
F0077184,
F0077185,positive
F0077186,walkout
F0077187,positive
F0077188,
F0077189,
F0077190,
F0077191,positive
F0077192,
F0077193,positive
F0077194,
F0077195,
F0077196,
F0077197,
F0077198,
F0077199,
F0077200,
F0077201,
F0077202,
F0077203,long_wait
F0077204,
F0077205,
F0077206,
F0077207,
F0077208,
F0077209,positive
F0077210,
F0077211,
F0077212,
F0077213,
F0077214,
F0077215,
F0077216,
F0077217,
F0077218,
F0077219,long_wait
F0077220,
F0077221,
F0077222,
F0077223,
F0077224,
F0077225,
F0077226,positive
F0077227,positive
F0077228,
F0077229,
F0077230,
F0077231,
F0077232,
F0077233,
F0077234,
F0077235,
F0077236,
F0077237,
F0077238,
F0077239,
F0077240,
F0077241,
F0077242,
F0077243,
F0077244,
F0077245,
F0077246,positive
F0077247,
F0077248,
F0077249,
F0077250,
F0077251,
F0077252,
F0077253,positive
F0077254,
F0077255,
F0077256,
F0077257,
F0077258,
F0077259,
F0077260,
F0077261,
F0077262,
F0077263,
F0077264,positive
F0077265,
F0077266,
F0077267,
F0077268,
F0077269,
F0077270,
F0077271,walkout
F0077272,
F0077273,
F0077274,
F0077275,positive
F0077276,walkout
F0077277,
F0077278,
F0077279,
F0077280,
F0077281,positive
F0077282,
F0077283,
F0077284,
F0077285,
F0077286,
F0077287,
F0077288,
F0077289,
F0077290,
F0077291,
F0077292,
F0077293,
F0077294,walkout
F0077295,
F0077296,walkout
F0077297,
F0077298,positive
F0077299,
F0077300,positive
F0077301,
F0077302,
F0077303,
F0077304,
F0077305,
F0077306,
F0077307,positive
F0077308,
F0077309,
F0077310,
F0077311,
F0077312,
F0077313,
F0077314,
F0077315,positive
F0077316,
F0077317,
F0077318,
F0077319,
F0077320,
F0077321,long_wait
F0077322,
F0077323,
F0077324,
F0077325,
F0077326,
F0077327,positive
F0077328,positive
F0077329,walkout
F0077330,positive
F0077331,
F0077332,
F0077333,
F0077334,positive
F0077335,
F0077336,
F0077337,
F0077338,
F0077339,
F0077340,
F0077341,
F0077342,
F0077343,
F0077344,
F0077345,
F0077346,
F0077347,
F0077348,
F0077349,
F0077350,
F0077351,
F0077352,
F0077353,
F0077354,
F0077355,
F0077356,
F0077357,
F0077358,
F0077359,
F0077360,
F0077361,
F0077362,
F0077363,documents
F0077364,
F0077365,
F0077366,
F0077367,walkout
F0077368,
F0077369,
F0077370,
F0077371,
F0077372,
F0077373,
F0077374,
F0077375,
F0077376,
F0077377,
F0077378,
F0077379,
F0077380,positive
F0077381,
F0077382,positive
F0077383,
F0077384,
F0077385,
F0077386,
F0077387,
F0077388,
F0077389,
F0077390,
F0077391,
F0077392,
F0077393,
F0077394,
F0077395,
F0077396,
F0077397,
F0077398,
F0077399,
F0077400,
F0077401,
F0077402,
F0077403,
F0077404,
F0077405,
F0077406,
F0077407,
F0077408,
F0077409,positive
F0077410,
F0077411,
F0077412,
F0077413,
F0077414,
F0077415,
F0077416,positive
F0077417,
F0077418,
F0077419,
F0077420,positive
F0077421,
F0077422,walkout
F0077423,
F0077424,
F0077425,
F0077426,
F0077427,
F0077428,
F0077429,
F0077430,
F0077431,
F0077432,positive
F0077433,
F0077434,
F0077435,walkout
F0077436,
F0077437,
F0077438,
F0077439,
F0077440,walkout
F0077441,
F0077442,
F0077443,positive
F0077444,
F0077445,
F0077446,
F0077447,
F0077448,
F0077449,
F0077450,
F0077451,
F0077452,positive
F0077453,
F0077454,
F0077455,
F0077456,
F0077457,
F0077458,
F0077459,
F0077460,
F0077461,
F0077462,documents
F0077463,
F0077464,
F0077465,
F0077466,
F0077467,
F0077468,walkout
F0077469,walkout
F0077470,
F0077471,
F0077472,
F0077473,
F0077474,
F0077475,
F0077476,
F0077477,
F0077478,positive
F0077479,
F0077480,
F0077481,lunch
F0077482,
F0077483,long_wait
F0077484,
F0077485,walkout
F0077486,
F0077487,positive
F0077488,
F0077489,
F0077490,
F0077491,
F0077492,walkout
F0077493,
F0077494,
F0077495,
F0077496,
F0077497,positive
F0077498,
F0077499,
F0077500,
F0077501,
F0077502,
F0077503,
F0077504,
F0077505,
F0077506,positive
F0077507,
F0077508,
F0077509,
F0077510,
F0077511,
F0077512,positive
F0077513,
F0077514,
F0077515,
F0077516,
F0077517,
F0077518,
F0077519,
F0077520,
F0077521,
F0077522,
F0077523,
F0077524,
F0077525,
F0077526,
F0077527,
F0077528,
F0077529,
F0077530,
F0077531,
F0077532,walkout
F0077533,
F0077534,documents
F0077535,
F0077536,
F0077537,
F0077538,
F0077539,
F0077540,
F0077541,
F0077542,
F0077543,
F0077544,
F0077545,
F0077546,
F0077547,
F0077548,
F0077549,
F0077550,positive
F0077551,
F0077552,
F0077553,
F0077554,
F0077555,
F0077556,
F0077557,slow_dd
F0077558,
F0077559,
F0077560,positive
F0077561,
F0077562,
F0077563,
F0077564,
F0077565,
F0077566,
F0077567,positive
F0077568,
F0077569,
F0077570,
F0077571,
F0077572,
F0077573,positive
F0077574,
F0077575,
F0077576,
F0077577,positive
F0077578,positive
F0077579,
F0077580,
F0077581,
F0077582,
F0077583,
F0077584,
F0077585,
F0077586,
F0077587,
F0077588,
F0077589,
F0077590,walkout
F0077591,
F0077592,
F0077593,
F0077594,
F0077595,documents
F0077596,
F0077597,
F0077598,
F0077599,
F0077600,walkout
F0077601,walkout
F0077602,
F0077603,
F0077604,lunch
F0077605,walkout
F0077606,
F0077607,
F0077608,
F0077609,positive
F0077610,
F0077611,
F0077612,walkout
F0077613,
F0077614,
F0077615,positive
F0077616,positive
F0077617,
F0077618,
F0077619,positive
F0077620,
F0077621,positive
F0077622,
F0077623,
F0077624,
F0077625,
F0077626,
F0077627,
F0077628,
F0077629,
F0077630,
F0077631,
F0077632,
F0077633,
F0077634,walkout
F0077635,
F0077636,walkout
F0077637,walkout
F0077638,
F0077639,
F0077640,
F0077641,
F0077642,
F0077643,
F0077644,
F0077645,
F0077646,
F0077647,
F0077648,
F0077649,
F0077650,
F0077651,
F0077652,
F0077653,
F0077654,
F0077655,
F0077656,
F0077657,
F0077658,positive
F0077659,positive
F0077660,
F0077661,positive
F0077662,
F0077663,
F0077664,walkout
F0077665,
F0077666,
F0077667,positive
F0077668,walkout
F0077669,
F0077670,
F0077671,
F0077672,
F0077673,
F0077674,
F0077675,positive
F0077676,
F0077677,positive
F0077678,
F0077679,
F0077680,positive
F0077681,
F0077682,
F0077683,
F0077684,
F0077685,
F0077686,
F0077687,
F0077688,walkout
F0077689,
F0077690,
F0077691,
F0077692,walkout
F0077693,walkout
F0077694,
F0077695,
F0077696,
F0077697,
F0077698,
F0077699,
F0077700,
F0077701,
F0077702,
F0077703,
F0077704,
F0077705,
F0077706,
F0077707,positive
F0077708,
F0077709,
F0077710,positive
F0077711,
F0077712,
F0077713,
F0077714,positive
F0077715,
F0077716,
F0077717,positive
F0077718,
F0077719,
F0077720,
F0077721,
F0077722,
F0077723,
F0077724,
F0077725,
F0077726,
F0077727,walkout
F0077728,
F0077729,
F0077730,
F0077731,walkout
F0077732,
F0077733,positive
F0077734,
F0077735,
F0077736,
F0077737,
F0077738,
F0077739,
F0077740,
F0077741,
F0077742,
F0077743,
F0077744,
F0077745,positive
F0077746,positive
F0077747,positive
F0077748,
F0077749,
F0077750,positive
F0077751,
F0077752,
F0077753,
F0077754,
F0077755,
F0077756,positive
F0077757,
F0077758,
F0077759,
F0077760,slow_dd
F0077761,
F0077762,
F0077763,
F0077764,
F0077765,
F0077766,
F0077767,
F0077768,
F0077769,
F0077770,
F0077771,
F0077772,
F0077773,
F0077774,
F0077775,positive
F0077776,positive
F0077777,
F0077778,
F0077779,
F0077780,
F0077781,positive
F0077782,
F0077783,
F0077784,
F0077785,
F0077786,
F0077787,
F0077788,positive
F0077789,walkout
F0077790,
F0077791,
F0077792,
F0077793,walkout
F0077794,
F0077795,
F0077796,positive
F0077797,
F0077798,positive
F0077799,positive
F0077800,
F0077801,
F0077802,
F0077803,
F0077804,
F0077805,
F0077806,
F0077807,
F0077808,
F0077809,
F0077810,walkout
F0077811,positive
F0077812,
F0077813,
F0077814,
F0077815,
F0077816,
F0077817,
F0077818,
F0077819,positive
F0077820,
F0077821,
F0077822,
F0077823,
F0077824,walkout
F0077825,
F0077826,
F0077827,
F0077828,
F0077829,
F0077830,
F0077831,
F0077832,
F0077833,
F0077834,
F0077835,
F0077836,
F0077837,
F0077838,
F0077839,
F0077840,
F0077841,positive
F0077842,
F0077843,
F0077844,
F0077845,
F0077846,
F0077847,long_wait
F0077848,
F0077849,walkout
F0077850,
F0077851,
F0077852,lunch
F0077853,
F0077854,
F0077855,
F0077856,
F0077857,
F0077858,
F0077859,
F0077860,
F0077861,walkout
F0077862,long_wait
F0077863,
F0077864,
F0077865,
F0077866,
F0077867,
F0077868,
F0077869,
F0077870,
F0077871,
F0077872,
F0077873,
F0077874,
F0077875,
F0077876,
F0077877,
F0077878,
F0077879,
F0077880,
F0077881,
F0077882,positive
F0077883,
F0077884,
F0077885,
F0077886,
F0077887,
F0077888,
F0077889,
F0077890,
F0077891,
F0077892,
F0077893,
F0077894,walkout
F0077895,
F0077896,
F0077897,positive
F0077898,positive
F0077899,
F0077900,
F0077901,walkout
F0077902,positive
F0077903,
F0077904,
F0077905,
F0077906,
F0077907,
F0077908,
F0077909,
F0077910,walkout
F0077911,
F0077912,
F0077913,
F0077914,
F0077915,walkout
F0077916,
F0077917,
F0077918,positive
F0077919,
F0077920,
F0077921,long_wait
F0077922,
F0077923,
F0077924,
F0077925,walkout
F0077926,
F0077927,
F0077928,
F0077929,
F0077930,
F0077931,walkout
F0077932,
F0077933,
F0077934,walkout
F0077935,
F0077936,
F0077937,
F0077938,
F0077939,
F0077940,
F0077941,walkout
F0077942,long_wait
F0077943,
F0077944,
F0077945,
F0077946,walkout
F0077947,
F0077948,
F0077949,
F0077950,
F0077951,
F0077952,
F0077953,walkout
F0077954,positive
F0077955,
F0077956,
F0077957,
F0077958,walkout
F0077959,walkout
F0077960,
F0077961,
F0077962,
F0077963,
F0077964,
F0077965,
F0077966,
F0077967,
F0077968,
F0077969,
F0077970,walkout
F0077971,
F0077972,
F0077973,
F0077974,
F0077975,positive
F0077976,
F0077977,positive
F0077978,
F0077979,
F0077980,
F0077981,
F0077982,
F0077983,
F0077984,
F0077985,
F0077986,
F0077987,
F0077988,
F0077989,positive
F0077990,
F0077991,
F0077992,
F0077993,
F0077994,
F0077995,walkout
F0077996,
F0077997,
F0077998,
F0077999,
F0078000,
F0078001,
F0078002,
F0078003,
F0078004,
F0078005,
F0078006,walkout
F0078007,
F0078008,
F0078009,
F0078010,
F0078011,
F0078012,
F0078013,walkout
F0078014,long_wait
F0078015,
F0078016,
F0078017,walkout
F0078018,
F0078019,
F0078020,walkout
F0078021,
F0078022,walkout
F0078023,walkout
F0078024,walkout
F0078025,
F0078026,walkout
F0078027,
F0078028,walkout
F0078029,
F0078030,
F0078031,
F0078032,
F0078033,walkout
F0078034,
F0078035,
F0078036,
F0078037,
F0078038,
F0078039,walkout
F0078040,walkout
F0078041,
F0078042,
F0078043,
F0078044,
F0078045,
F0078046,walkout
F0078047,
F0078048,
F0078049,walkout
F0078050,
F0078051,
F0078052,
F0078053,
F0078054,
F0078055,positive
F0078056,
F0078057,
F0078058,
F0078059,
F0078060,
F0078061,
F0078062,
F0078063,
F0078064,
F0078065,
F0078066,
F0078067,walkout
F0078068,
F0078069,positive
F0078070,
F0078071,
F0078072,
F0078073,positive
F0078074,
F0078075,positive
F0078076,
F0078077,
F0078078,
F0078079,
F0078080,
F0078081,
F0078082,
F0078083,
F0078084,walkout
F0078085,
F0078086,walkout
F0078087,
F0078088,walkout
F0078089,
F0078090,
F0078091,
F0078092,
F0078093,
F0078094,
F0078095,
F0078096,
F0078097,
F0078098,positive
F0078099,
F0078100,
F0078101,
F0078102,
F0078103,
F0078104,
F0078105,walkout
F0078106,positive
F0078107,walkout
F0078108,positive
F0078109,positive
F0078110,
F0078111,
F0078112,
F0078113,positive
F0078114,
F0078115,positive
F0078116,
F0078117,
F0078118,
F0078119,
F0078120,
F0078121,
F0078122,
F0078123,
F0078124,
F0078125,
F0078126,
F0078127,
F0078128,
F0078129,walkout
F0078130,
F0078131,
F0078132,walkout
F0078133,
F0078134,
F0078135,walkout
F0078136,
F0078137,walkout
F0078138,
F0078139,
F0078140,
F0078141,
F0078142,
F0078143,
F0078144,
F0078145,
F0078146,
F0078147,
F0078148,positive
F0078149,positive
F0078150,
F0078151,
F0078152,
F0078153,
F0078154,
F0078155,
F0078156,
F0078157,
F0078158,
F0078159,
F0078160,
F0078161,
F0078162,
F0078163,
F0078164,
F0078165,
F0078166,positive
F0078167,
F0078168,
F0078169,
F0078170,positive
F0078171,positive
F0078172,
F0078173,
F0078174,
F0078175,
F0078176,
F0078177,
F0078178,
F0078179,
F0078180,
F0078181,
F0078182,
F0078183,
F0078184,
F0078185,
F0078186,
F0078187,walkout
F0078188,
F0078189,
F0078190,
F0078191,
F0078192,
F0078193,
F0078194,system_down
F0078195,
F0078196,positive
F0078197,
F0078198,
F0078199,walkout
F0078200,
F0078201,system_down
F0078202,
F0078203,
F0078204,
F0078205,
F0078206,positive
F0078207,
F0078208,positive
F0078209,
F0078210,
F0078211,
F0078212,
F0078213,
F0078214,
F0078215,
F0078216,
F0078217,
F0078218,
F0078219,positive
F0078220,
F0078221,
F0078222,
F0078223,
F0078224,positive
F0078225,
F0078226,
F0078227,positive
F0078228,positive
F0078229,
F0078230,
F0078231,
F0078232,
F0078233,
F0078234,
F0078235,
F0078236,
F0078237,positive
F0078238,walkout
F0078239,
F0078240,
F0078241,positive
F0078242,
F0078243,
F0078244,
F0078245,
F0078246,
F0078247,
F0078248,
F0078249,positive
F0078250,
F0078251,
F0078252,
F0078253,
F0078254,positive
F0078255,
F0078256,
F0078257,
F0078258,
F0078259,
F0078260,positive
F0078261,
F0078262,
F0078263,walkout
F0078264,positive
F0078265,
F0078266,
F0078267,
F0078268,positive
F0078269,
F0078270,
F0078271,
F0078272,
F0078273,
F0078274,
F0078275,
F0078276,positive
F0078277,
F0078278,
F0078279,
F0078280,
F0078281,
F0078282,
F0078283,
F0078284,
F0078285,
F0078286,
F0078287,positive
F0078288,
F0078289,
F0078290,
F0078291,
F0078292,
F0078293,
F0078294,
F0078295,
F0078296,
F0078297,
F0078298,
F0078299,positive
F0078300,
F0078301,
F0078302,
F0078303,positive
F0078304,
F0078305,
F0078306,
F0078307,
F0078308,
F0078309,
F0078310,
F0078311,
F0078312,
F0078313,positive
F0078314,
F0078315,
F0078316,
F0078317,
F0078318,
F0078319,positive
F0078320,
F0078321,
F0078322,
F0078323,
F0078324,
F0078325,
F0078326,positive
F0078327,
F0078328,
F0078329,
F0078330,
F0078331,
F0078332,
F0078333,
F0078334,long_wait
F0078335,walkout
F0078336,
F0078337,
F0078338,positive
F0078339,
F0078340,
F0078341,
F0078342,
F0078343,positive
F0078344,
F0078345,
F0078346,
F0078347,positive
F0078348,
F0078349,
F0078350,
F0078351,walkout
F0078352,
F0078353,
F0078354,
F0078355,
F0078356,
F0078357,
F0078358,
F0078359,
F0078360,
F0078361,
F0078362,
F0078363,
F0078364,
F0078365,positive
F0078366,
F0078367,
F0078368,
F0078369,
F0078370,
F0078371,
F0078372,
F0078373,
F0078374,walkout
F0078375,positive
F0078376,
F0078377,positive
F0078378,
F0078379,
F0078380,positive
F0078381,
F0078382,positive
F0078383,
F0078384,
F0078385,
F0078386,
F0078387,
F0078388,
F0078389,
F0078390,
F0078391,
F0078392,
F0078393,
F0078394,
F0078395,
F0078396,positive
F0078397,
F0078398,
F0078399,
F0078400,
F0078401,
F0078402,
F0078403,
F0078404,
F0078405,positive
F0078406,
F0078407,
F0078408,
F0078409,
F0078410,
F0078411,
F0078412,
F0078413,positive
F0078414,
F0078415,
F0078416,positive
F0078417,
F0078418,
F0078419,positive
F0078420,
F0078421,
F0078422,
F0078423,walkout
F0078424,
F0078425,positive
F0078426,
F0078427,
F0078428,
F0078429,
F0078430,
F0078431,
F0078432,
F0078433,
F0078434,
F0078435,
F0078436,walkout
F0078437,
F0078438,
F0078439,
F0078440,positive
F0078441,
F0078442,
F0078443,
F0078444,
F0078445,
F0078446,
F0078447,
F0078448,positive
F0078449,
F0078450,positive
F0078451,
F0078452,
F0078453,
F0078454,positive
F0078455,
F0078456,
F0078457,
F0078458,
F0078459,
F0078460,
F0078461,
F0078462,
F0078463,
F0078464,
F0078465,
F0078466,
F0078467,
F0078468,
F0078469,
F0078470,
F0078471,
F0078472,
F0078473,positive
F0078474,walkout
F0078475,
F0078476,
F0078477,
F0078478,
F0078479,
F0078480,
F0078481,
F0078482,
F0078483,positive
F0078484,positive
F0078485,
F0078486,
F0078487,
F0078488,
F0078489,
F0078490,positive
F0078491,
F0078492,
F0078493,
F0078494,
F0078495,
F0078496,
F0078497,
F0078498,
F0078499,
F0078500,walkout
F0078501,
F0078502,long_wait
F0078503,
F0078504,
F0078505,walkout
F0078506,
F0078507,
F0078508,walkout
F0078509,
F0078510,walkout
F0078511,positive
F0078512,positive
F0078513,
F0078514,positive
F0078515,walkout
F0078516,walkout
F0078517,
F0078518,
F0078519,
F0078520,long_wait
F0078521,
F0078522,
F0078523,
F0078524,
F0078525,
F0078526,
F0078527,
F0078528,
F0078529,
F0078530,
F0078531,
F0078532,
F0078533,
F0078534,
F0078535,
F0078536,
F0078537,
F0078538,
F0078539,positive
F0078540,
F0078541,
F0078542,
F0078543,walkout
F0078544,
F0078545,
F0078546,walkout
F0078547,
F0078548,positive
F0078549,
F0078550,
F0078551,
F0078552,
F0078553,
F0078554,
F0078555,
F0078556,
F0078557,documents
F0078558,positive
F0078559,
F0078560,
F0078561,
F0078562,
F0078563,
F0078564,
F0078565,
F0078566,
F0078567,
F0078568,
F0078569,
F0078570,
F0078571,
F0078572,
F0078573,
F0078574,
F0078575,
F0078576,
F0078577,
F0078578,positive
F0078579,positive
F0078580,
F0078581,
F0078582,positive
F0078583,
F0078584,documents
F0078585,positive
F0078586,
F0078587,
F0078588,positive
F0078589,
F0078590,
F0078591,
F0078592,
F0078593,
F0078594,
F0078595,positive
F0078596,
F0078597,
F0078598,
F0078599,
F0078600,
F0078601,
F0078602,
F0078603,
F0078604,
F0078605,
F0078606,
F0078607,
F0078608,positive
F0078609,
F0078610,
F0078611,
F0078612,
F0078613,long_wait
F0078614,
F0078615,
F0078616,
F0078617,
F0078618,
F0078619,
F0078620,
F0078621,
F0078622,
F0078623,system_down
F0078624,
F0078625,
F0078626,
F0078627,
F0078628,
F0078629,system_down
F0078630,walkout
F0078631,
F0078632,
F0078633,
F0078634,
F0078635,
F0078636,
F0078637,
F0078638,
F0078639,
F0078640,
F0078641,
F0078642,positive
F0078643,positive
F0078644,
F0078645,
F0078646,
F0078647,
F0078648,
F0078649,
F0078650,positive
F0078651,
F0078652,
F0078653,
F0078654,
F0078655,
F0078656,
F0078657,
F0078658,
F0078659,
F0078660,
F0078661,
F0078662,
F0078663,
F0078664,
F0078665,
F0078666,
F0078667,
F0078668,
F0078669,
F0078670,
F0078671,walkout
F0078672,
F0078673,
F0078674,
F0078675,
F0078676,
F0078677,
F0078678,positive
F0078679,
F0078680,positive
F0078681,
F0078682,
F0078683,
F0078684,
F0078685,
F0078686,
F0078687,
F0078688,
F0078689,long_wait
F0078690,
F0078691,walkout
F0078692,
F0078693,
F0078694,
F0078695,positive
F0078696,
F0078697,
F0078698,
F0078699,
F0078700,
F0078701,
F0078702,positive
F0078703,
F0078704,
F0078705,positive
F0078706,
F0078707,
F0078708,walkout
F0078709,
F0078710,
F0078711,
F0078712,
F0078713,
F0078714,
F0078715,
F0078716,
F0078717,
F0078718,
F0078719,
F0078720,
F0078721,
F0078722,
F0078723,
F0078724,
F0078725,
F0078726,
F0078727,
F0078728,positive
F0078729,positive
F0078730,
F0078731,positive
F0078732,
F0078733,
F0078734,
F0078735,
F0078736,
F0078737,positive
F0078738,walkout
F0078739,walkout
F0078740,positive
F0078741,
F0078742,
F0078743,
F0078744,
F0078745,
F0078746,walkout
F0078747,
F0078748,
F0078749,
F0078750,
F0078751,
F0078752,positive
F0078753,
F0078754,
F0078755,positive
F0078756,
F0078757,
F0078758,positive
F0078759,
F0078760,
F0078761,
F0078762,positive
F0078763,positive
F0078764,
F0078765,
F0078766,
F0078767,
F0078768,positive
F0078769,
F0078770,
F0078771,
F0078772,positive
F0078773,
F0078774,
F0078775,
F0078776,
F0078777,
F0078778,positive
F0078779,
F0078780,
F0078781,walkout
F0078782,long_wait
F0078783,positive
F0078784,positive
F0078785,
F0078786,
F0078787,walkout
F0078788,positive
F0078789,
F0078790,
F0078791,
F0078792,
F0078793,
F0078794,
F0078795,
F0078796,
F0078797,positive
F0078798,
F0078799,
F0078800,
F0078801,documents
F0078802,positive
F0078803,
F0078804,positive
F0078805,
F0078806,
F0078807,
F0078808,
F0078809,
F0078810,
F0078811,long_wait
F0078812,
F0078813,
F0078814,
F0078815,
F0078816,
F0078817,
F0078818,
F0078819,
F0078820,
F0078821,
F0078822,
F0078823,
F0078824,positive
F0078825,
F0078826,
F0078827,
F0078828,
F0078829,
F0078830,
F0078831,
F0078832,
F0078833,
F0078834,
F0078835,
F0078836,
F0078837,positive
F0078838,
F0078839,
F0078840,walkout
F0078841,
F0078842,
F0078843,walkout
F0078844,
F0078845,
F0078846,
F0078847,
F0078848,
F0078849,
F0078850,
F0078851,
F0078852,
F0078853,
F0078854,
F0078855,positive
F0078856,
F0078857,documents
F0078858,
F0078859,
F0078860,
F0078861,positive
F0078862,
F0078863,
F0078864,
F0078865,
F0078866,
F0078867,
F0078868,
F0078869,
F0078870,long_wait
F0078871,
F0078872,
F0078873,walkout
F0078874,positive
F0078875,
F0078876,
F0078877,
F0078878,positive
F0078879,
F0078880,
F0078881,
F0078882,
F0078883,
F0078884,
F0078885,
F0078886,positive
F0078887,
F0078888,
F0078889,
F0078890,
F0078891,
F0078892,
F0078893,
F0078894,
F0078895,
F0078896,walkout
F0078897,
F0078898,
F0078899,
F0078900,positive
F0078901,
F0078902,
F0078903,positive
F0078904,
F0078905,positive
F0078906,
F0078907,
F0078908,
F0078909,
F0078910,
F0078911,walkout
F0078912,
F0078913,
F0078914,positive
F0078915,
F0078916,
F0078917,
F0078918,
F0078919,
F0078920,
F0078921,
F0078922,
F0078923,
F0078924,
F0078925,
F0078926,
F0078927,
F0078928,
F0078929,documents
F0078930,
F0078931,
F0078932,
F0078933,
F0078934,positive
F0078935,
F0078936,
F0078937,
F0078938,positive
F0078939,
F0078940,positive
F0078941,
F0078942,
F0078943,
F0078944,
F0078945,positive
F0078946,
F0078947,long_wait
F0078948,
F0078949,
F0078950,
F0078951,
F0078952,
F0078953,
F0078954,positive
F0078955,
F0078956,
F0078957,positive
F0078958,
F0078959,
F0078960,positive
F0078961,
F0078962,positive
F0078963,
F0078964,
F0078965,
F0078966,
F0078967,positive
F0078968,
F0078969,
F0078970,
F0078971,positive
F0078972,
F0078973,
F0078974,
F0078975,
F0078976,positive
F0078977,
F0078978,
F0078979,positive
F0078980,
F0078981,
F0078982,
F0078983,
F0078984,positive
F0078985,positive
F0078986,
F0078987,
F0078988,
F0078989,
F0078990,
F0078991,positive
F0078992,
F0078993,walkout
F0078994,
F0078995,
F0078996,
F0078997,
F0078998,
F0078999,
F0079000,
F0079001,
F0079002,
F0079003,positive
F0079004,
F0079005,
F0079006,walkout
F0079007,
F0079008,
F0079009,
F0079010,
F0079011,
F0079012,
F0079013,
F0079014,
F0079015,
F0079016,
F0079017,
F0079018,
F0079019,
F0079020,
F0079021,
F0079022,
F0079023,
F0079024,
F0079025,
F0079026,
F0079027,
F0079028,
F0079029,
F0079030,
F0079031,positive
F0079032,
F0079033,
F0079034,
F0079035,
F0079036,positive
F0079037,walkout
F0079038,
F0079039,
F0079040,
F0079041,walkout
F0079042,walkout
F0079043,
F0079044,walkout
F0079045,
F0079046,
F0079047,
F0079048,
F0079049,
F0079050,
F0079051,walkout
F0079052,
F0079053,
F0079054,
F0079055,
F0079056,
F0079057,
F0079058,
F0079059,
F0079060,
F0079061,
F0079062,
F0079063,
F0079064,
F0079065,
F0079066,
F0079067,
F0079068,positive
F0079069,
F0079070,
F0079071,positive
F0079072,
F0079073,
F0079074,walkout
F0079075,
F0079076,
F0079077,walkout
F0079078,
F0079079,walkout
F0079080,
F0079081,
F0079082,
F0079083,
F0079084,
F0079085,positive
F0079086,positive
F0079087,
F0079088,walkout
F0079089,
F0079090,walkout
F0079091,walkout
F0079092,
F0079093,
F0079094,
F0079095,walkout
F0079096,
F0079097,walkout
F0079098,walkout
F0079099,walkout
F0079100,
F0079101,
F0079102,
F0079103,
F0079104,
F0079105,
F0079106,
F0079107,
F0079108,long_wait
F0079109,
F0079110,walkout
F0079111,
F0079112,
F0079113,walkout
F0079114,
F0079115,positive
F0079116,
F0079117,lunch
F0079118,
F0079119,
F0079120,
F0079121,
F0079122,
F0079123,
F0079124,positive
F0079125,
F0079126,
F0079127,
F0079128,
F0079129,
F0079130,
F0079131,
F0079132,
F0079133,
F0079134,
F0079135,
F0079136,
F0079137,
F0079138,
F0079139,
F0079140,positive
F0079141,
F0079142,
F0079143,
F0079144,
F0079145,walkout
F0079146,
F0079147,
F0079148,
F0079149,
F0079150,
F0079151,
F0079152,
F0079153,positive
F0079154,
F0079155,documents
F0079156,positive
F0079157,positive
F0079158,
F0079159,
F0079160,
F0079161,
F0079162,
F0079163,
F0079164,
F0079165,positive
F0079166,
F0079167,positive
F0079168,
F0079169,
F0079170,
F0079171,
F0079172,positive
F0079173,
F0079174,
F0079175,
F0079176,
F0079177,
F0079178,
F0079179,
F0079180,
F0079181,positive
F0079182,
F0079183,
F0079184,positive
F0079185,
F0079186,
F0079187,positive
F0079188,
F0079189,
F0079190,
F0079191,
F0079192,
F0079193,
F0079194,
F0079195,
F0079196,
F0079197,
F0079198,
F0079199,
F0079200,
F0079201,
F0079202,
F0079203,
F0079204,
F0079205,
F0079206,
F0079207,positive
F0079208,positive
F0079209,
F0079210,
F0079211,
F0079212,
F0079213,
F0079214,
F0079215,
F0079216,
F0079217,
F0079218,
F0079219,
F0079220,positive
F0079221,
F0079222,
F0079223,positive
F0079224,
F0079225,positive
F0079226,
F0079227,
F0079228,
F0079229,
F0079230,
F0079231,
F0079232,positive
F0079233,positive
F0079234,
F0079235,
F0079236,positive
F0079237,
F0079238,positive
F0079239,
F0079240,
F0079241,
F0079242,positive
F0079243,
F0079244,
F0079245,positive
F0079246,positive
F0079247,
F0079248,
F0079249,
F0079250,
F0079251,
F0079252,
F0079253,
F0079254,
F0079255,
F0079256,
F0079257,
F0079258,positive
F0079259,
F0079260,
F0079261,
F0079262,
F0079263,
F0079264,
F0079265,
F0079266,
F0079267,
F0079268,
F0079269,positive
F0079270,
F0079271,
F0079272,
F0079273,
F0079274,
F0079275,
F0079276,
F0079277,
F0079278,
F0079279,
F0079280,
F0079281,walkout
F0079282,
F0079283,
F0079284,
F0079285,
F0079286,positive
F0079287,
F0079288,
F0079289,
F0079290,walkout
F0079291,
F0079292,positive
F0079293,
F0079294,
F0079295,walkout
F0079296,
F0079297,
F0079298,
F0079299,
F0079300,
F0079301,walkout
F0079302,
F0079303,
F0079304,
F0079305,
F0079306,
F0079307,
F0079308,
F0079309,
F0079310,positive
F0079311,
F0079312,
F0079313,
F0079314,
F0079315,positive
F0079316,
F0079317,
F0079318,
F0079319,positive
F0079320,
F0079321,
F0079322,
F0079323,
F0079324,
F0079325,
F0079326,positive
F0079327,walkout
F0079328,
F0079329,
F0079330,
F0079331,
F0079332,walkout
F0079333,
F0079334,
F0079335,
F0079336,
F0079337,
F0079338,
F0079339,
F0079340,
F0079341,
F0079342,
F0079343,
F0079344,
F0079345,positive
F0079346,
F0079347,
F0079348,
F0079349,
F0079350,
F0079351,
F0079352,
F0079353,
F0079354,
F0079355,
F0079356,
F0079357,
F0079358,
F0079359,
F0079360,
F0079361,
F0079362,
F0079363,
F0079364,positive
F0079365,
F0079366,
F0079367,
F0079368,
F0079369,
F0079370,positive
F0079371,
F0079372,
F0079373,
F0079374,walkout
F0079375,
F0079376,
F0079377,
F0079378,
F0079379,
F0079380,
F0079381,positive
F0079382,
F0079383,
F0079384,walkout
F0079385,
F0079386,positive
F0079387,
F0079388,
F0079389,
F0079390,
F0079391,
F0079392,
F0079393,positive
F0079394,
F0079395,
F0079396,
F0079397,
F0079398,
F0079399,
F0079400,positive
F0079401,
F0079402,
F0079403,positive
F0079404,
F0079405,
F0079406,positive
F0079407,
F0079408,
F0079409,
F0079410,
F0079411,
F0079412,
F0079413,
F0079414,
F0079415,
F0079416,
F0079417,
F0079418,
F0079419,
F0079420,
F0079421,
F0079422,
F0079423,
F0079424,
F0079425,
F0079426,
F0079427,
F0079428,
F0079429,
F0079430,walkout
F0079431,walkout
F0079432,
F0079433,
F0079434,
F0079435,
F0079436,
F0079437,positive
F0079438,long_wait
F0079439,walkout
F0079440,positive
F0079441,
F0079442,
F0079443,
F0079444,
F0079445,
F0079446,
F0079447,positive
F0079448,
F0079449,
F0079450,
F0079451,
F0079452,
F0079453,
F0079454,
F0079455,
F0079456,
F0079457,
F0079458,
F0079459,
F0079460,
F0079461,walkout
F0079462,
F0079463,
F0079464,
F0079465,
F0079466,positive
F0079467,
F0079468,
F0079469,
F0079470,
F0079471,documents
F0079472,
F0079473,positive
F0079474,
F0079475,
F0079476,positive
F0079477,
F0079478,
F0079479,
F0079480,
F0079481,
F0079482,
F0079483,positive
F0079484,
F0079485,
F0079486,
F0079487,
F0079488,
F0079489,
F0079490,positive
F0079491,long_wait
F0079492,positive
F0079493,
F0079494,
F0079495,
F0079496,
F0079497,positive
F0079498,
F0079499,
F0079500,
F0079501,
F0079502,long_wait
F0079503,
F0079504,
F0079505,
F0079506,walkout
F0079507,
F0079508,walkout
F0079509,
F0079510,
F0079511,
F0079512,positive
F0079513,
F0079514,
F0079515,
F0079516,
F0079517,walkout
F0079518,walkout
F0079519,
F0079520,
F0079521,positive
F0079522,positive
F0079523,
F0079524,
F0079525,
F0079526,
F0079527,positive
F0079528,
F0079529,
F0079530,
F0079531,
F0079532,positive
F0079533,
F0079534,
F0079535,walkout
F0079536,
F0079537,
F0079538,positive
F0079539,
F0079540,
F0079541,
F0079542,
F0079543,
F0079544,
F0079545,
F0079546,
F0079547,
F0079548,
F0079549,
F0079550,
F0079551,
F0079552,
F0079553,positive
F0079554,
F0079555,
F0079556,walkout
F0079557,
F0079558,
F0079559,positive
F0079560,
F0079561,
F0079562,walkout
F0079563,
F0079564,long_wait
F0079565,positive
F0079566,walkout
F0079567,
F0079568,
F0079569,positive
F0079570,
F0079571,
F0079572,
F0079573,
F0079574,walkout
F0079575,
F0079576,walkout
F0079577,
F0079578,
F0079579,
F0079580,walkout
F0079581,
F0079582,
F0079583,walkout
F0079584,
F0079585,
F0079586,
F0079587,
F0079588,
F0079589,
F0079590,
F0079591,
F0079592,
F0079593,
F0079594,
F0079595,
F0079596,
F0079597,
F0079598,
F0079599,positive
F0079600,positive
F0079601,positive
F0079602,
F0079603,
F0079604,
F0079605,
F0079606,long_wait
F0079607,
F0079608,
F0079609,
F0079610,
F0079611,
F0079612,
F0079613,
F0079614,
F0079615,
F0079616,
F0079617,
F0079618,positive
F0079619,
F0079620,
F0079621,positive
F0079622,walkout
F0079623,
F0079624,
F0079625,
F0079626,
F0079627,positive
F0079628,documents
F0079629,
F0079630,
F0079631,walkout
F0079632,walkout
F0079633,walkout
F0079634,
F0079635,
F0079636,
F0079637,
F0079638,
F0079639,
F0079640,
F0079641,
F0079642,
F0079643,
F0079644,
F0079645,positive
F0079646,
F0079647,
F0079648,
F0079649,
F0079650,
F0079651,
F0079652,
F0079653,
F0079654,positive
F0079655,
F0079656,
F0079657,
F0079658,
F0079659,positive
F0079660,
F0079661,
F0079662,
F0079663,
F0079664,
F0079665,positive
F0079666,
F0079667,
F0079668,positive
F0079669,
F0079670,
F0079671,
F0079672,positive
F0079673,
F0079674,
F0079675,
F0079676,positive
F0079677,
F0079678,positive
F0079679,
F0079680,
F0079681,positive
F0079682,
F0079683,
F0079684,
F0079685,
F0079686,
F0079687,
F0079688,
F0079689,positive
F0079690,lunch
F0079691,walkout
F0079692,
F0079693,
F0079694,
F0079695,
F0079696,
F0079697,
F0079698,
F0079699,walkout
F0079700,
F0079701,
F0079702,
F0079703,positive
F0079704,
F0079705,
F0079706,
F0079707,positive
F0079708,
F0079709,
F0079710,
F0079711,positive
F0079712,
F0079713,positive
F0079714,
F0079715,
F0079716,
F0079717,
F0079718,walkout
F0079719,
F0079720,
F0079721,
F0079722,
F0079723,
F0079724,
F0079725,
F0079726,walkout
F0079727,
F0079728,
F0079729,positive
F0079730,
F0079731,
F0079732,
F0079733,
F0079734,
F0079735,
F0079736,
F0079737,
F0079738,
F0079739,positive
F0079740,positive
F0079741,
F0079742,
F0079743,
F0079744,
F0079745,
F0079746,
F0079747,
F0079748,
F0079749,
F0079750,positive
F0079751,
F0079752,walkout
F0079753,
F0079754,walkout
F0079755,positive
F0079756,
F0079757,
F0079758,
F0079759,
F0079760,walkout
F0079761,
F0079762,
F0079763,
F0079764,
F0079765,
F0079766,
F0079767,
F0079768,
F0079769,
F0079770,
F0079771,
F0079772,
F0079773,
F0079774,long_wait
F0079775,
F0079776,long_wait
F0079777,
F0079778,walkout
F0079779,
F0079780,
F0079781,walkout
F0079782,walkout
F0079783,
F0079784,
F0079785,positive
F0079786,positive
F0079787,
F0079788,positive
F0079789,positive
F0079790,walkout
F0079791,
F0079792,
F0079793,
F0079794,
F0079795,positive
F0079796,
F0079797,
F0079798,
F0079799,
F0079800,
F0079801,
F0079802,documents
F0079803,
F0079804,long_wait
F0079805,
F0079806,
F0079807,positive
F0079808,
F0079809,
F0079810,positive
F0079811,
F0079812,positive
F0079813,positive
F0079814,positive
F0079815,
F0079816,
F0079817,
F0079818,
F0079819,walkout
F0079820,
F0079821,
F0079822,
F0079823,
F0079824,
F0079825,
F0079826,
F0079827,
F0079828,positive
F0079829,positive
F0079830,
F0079831,
F0079832,positive
F0079833,
F0079834,lunch
F0079835,
F0079836,walkout
F0079837,
F0079838,walkout
F0079839,positive
F0079840,
F0079841,positive
F0079842,
F0079843,
F0079844,
F0079845,
F0079846,
F0079847,
F0079848,
F0079849,
F0079850,
F0079851,
F0079852,
F0079853,
F0079854,
F0079855,
F0079856,
F0079857,positive
F0079858,positive
F0079859,
F0079860,
F0079861,
F0079862,
F0079863,
F0079864,
F0079865,
F0079866,
F0079867,
F0079868,
F0079869,
F0079870,
F0079871,
F0079872,
F0079873,
F0079874,
F0079875,walkout
F0079876,
F0079877,
F0079878,
F0079879,
F0079880,
F0079881,positive
F0079882,
F0079883,
F0079884,
F0079885,
F0079886,positive
F0079887,
F0079888,positive
F0079889,
F0079890,
F0079891,positive
F0079892,
F0079893,positive
F0079894,
F0079895,
F0079896,
F0079897,
F0079898,walkout
F0079899,
F0079900,
F0079901,
F0079902,
F0079903,
F0079904,
F0079905,
F0079906,
F0079907,
F0079908,
F0079909,
F0079910,
F0079911,
F0079912,
F0079913,
F0079914,
F0079915,walkout
F0079916,positive
F0079917,
F0079918,walkout
F0079919,documents
F0079920,
F0079921,
F0079922,
F0079923,
F0079924,
F0079925,
F0079926,
F0079927,walkout
F0079928,positive
F0079929,positive
F0079930,
F0079931,
F0079932,
F0079933,
F0079934,
F0079935,
F0079936,
F0079937,
F0079938,
F0079939,
F0079940,
F0079941,
F0079942,
F0079943,positive
F0079944,positive
F0079945,positive
F0079946,
F0079947,
F0079948,walkout
F0079949,
F0079950,
F0079951,
F0079952,
F0079953,lunch
F0079954,seating
F0079955,
F0079956,
F0079957,
F0079958,
F0079959,
F0079960,
F0079961,positive
F0079962,
F0079963,positive
F0079964,
F0079965,
F0079966,
F0079967,positive
F0079968,
F0079969,
F0079970,
F0079971,
F0079972,
F0079973,
F0079974,
F0079975,
F0079976,
F0079977,
F0079978,
F0079979,
F0079980,
F0079981,
F0079982,positive
F0079983,
F0079984,
F0079985,
F0079986,positive
F0079987,
F0079988,
F0079989,
F0079990,
F0079991,
F0079992,
F0079993,
F0079994,positive
F0079995,
F0079996,positive
F0079997,
F0079998,
F0079999,
F0080000,
F0080001,
F0080002,documents
F0080003,
F0080004,
F0080005,positive
F0080006,
F0080007,
F0080008,
F0080009,
F0080010,
F0080011,
F0080012,positive
F0080013,
F0080014,
F0080015,
F0080016,
F0080017,positive
F0080018,positive
F0080019,
F0080020,
F0080021,
F0080022,
F0080023,positive
F0080024,
F0080025,
F0080026,
F0080027,
F0080028,
F0080029,
F0080030,
F0080031,positive
F0080032,
F0080033,
F0080034,
F0080035,
F0080036,long_wait
F0080037,
F0080038,
F0080039,
F0080040,
F0080041,
F0080042,positive
F0080043,positive
F0080044,positive
F0080045,
F0080046,
F0080047,
F0080048,
F0080049,
F0080050,positive
F0080051,
F0080052,
F0080053,positive
F0080054,
F0080055,
F0080056,
F0080057,
F0080058,
F0080059,
F0080060,positive
F0080061,positive
F0080062,
F0080063,
F0080064,
F0080065,
F0080066,
F0080067,
F0080068,
F0080069,
F0080070,
F0080071,positive
F0080072,
F0080073,
F0080074,
F0080075,
F0080076,
F0080077,
F0080078,
F0080079,
F0080080,
F0080081,
F0080082,
F0080083,
F0080084,
F0080085,positive
F0080086,positive
F0080087,
F0080088,
F0080089,
F0080090,
F0080091,
F0080092,
F0080093,
F0080094,
F0080095,
F0080096,
F0080097,lunch
F0080098,
F0080099,
F0080100,
F0080101,
F0080102,
F0080103,
F0080104,walkout
F0080105,
F0080106,
F0080107,walkout
F0080108,
F0080109,positive
F0080110,
F0080111,
F0080112,
F0080113,
F0080114,
F0080115,
F0080116,
F0080117,
F0080118,positive
F0080119,
F0080120,
F0080121,
F0080122,
F0080123,positive
F0080124,
F0080125,
F0080126,
F0080127,
F0080128,
F0080129,positive
F0080130,
F0080131,
F0080132,
F0080133,
F0080134,
F0080135,
F0080136,
F0080137,
F0080138,
F0080139,long_wait
F0080140,positive
F0080141,
F0080142,walkout
F0080143,
F0080144,positive
F0080145,
F0080146,
F0080147,
F0080148,
F0080149,
F0080150,
F0080151,
F0080152,positive
F0080153,
F0080154,
F0080155,
F0080156,walkout
F0080157,
F0080158,
F0080159,
F0080160,
F0080161,
F0080162,positive
F0080163,
F0080164,
F0080165,
F0080166,
F0080167,
F0080168,
F0080169,
F0080170,
F0080171,positive
F0080172,positive
F0080173,
F0080174,
F0080175,walkout
F0080176,
F0080177,
F0080178,
F0080179,walkout
F0080180,
F0080181,
F0080182,
F0080183,
F0080184,
F0080185,
F0080186,
F0080187,
F0080188,
F0080189,
F0080190,walkout
F0080191,
F0080192,
F0080193,positive
F0080194,
F0080195,
F0080196,
F0080197,
F0080198,
F0080199,
F0080200,
F0080201,
F0080202,
F0080203,
F0080204,
F0080205,
F0080206,
F0080207,walkout
F0080208,
F0080209,positive
F0080210,
F0080211,
F0080212,
F0080213,
F0080214,positive
F0080215,
F0080216,
F0080217,
F0080218,
F0080219,
F0080220,positive
F0080221,positive
F0080222,
F0080223,
F0080224,
F0080225,
F0080226,positive
F0080227,
F0080228,
F0080229,
F0080230,
F0080231,
F0080232,
F0080233,
F0080234,
F0080235,
F0080236,
F0080237,
F0080238,positive
F0080239,positive
F0080240,
F0080241,
F0080242,
F0080243,
F0080244,positive
F0080245,positive
F0080246,
F0080247,
F0080248,positive
F0080249,
F0080250,
F0080251,
F0080252,
F0080253,
F0080254,
F0080255,
F0080256,positive
F0080257,
F0080258,
F0080259,
F0080260,
F0080261,
F0080262,
F0080263,
F0080264,
F0080265,positive
F0080266,
F0080267,
F0080268,positive
F0080269,
F0080270,
F0080271,
F0080272,positive
F0080273,
F0080274,
F0080275,positive
F0080276,
F0080277,
F0080278,
F0080279,
F0080280,
F0080281,
F0080282,
F0080283,
F0080284,
F0080285,
F0080286,
F0080287,
F0080288,
F0080289,
F0080290,
F0080291,
F0080292,positive
F0080293,
F0080294,
F0080295,positive
F0080296,
F0080297,
F0080298,
F0080299,
F0080300,
F0080301,
F0080302,
F0080303,
F0080304,
F0080305,walkout
F0080306,
F0080307,positive
F0080308,walkout
F0080309,
F0080310,
F0080311,
F0080312,
F0080313,
F0080314,
F0080315,
F0080316,
F0080317,walkout
F0080318,walkout
F0080319,
F0080320,walkout
F0080321,
F0080322,
F0080323,positive
F0080324,
F0080325,
F0080326,
F0080327,positive
F0080328,
F0080329,
F0080330,
F0080331,
F0080332,
F0080333,positive
F0080334,positive
F0080335,
F0080336,positive
F0080337,
F0080338,
F0080339,
F0080340,
F0080341,
F0080342,
F0080343,
F0080344,
F0080345,
F0080346,positive
F0080347,positive
F0080348,
F0080349,
F0080350,
F0080351,
F0080352,
F0080353,
F0080354,
F0080355,
F0080356,
F0080357,
F0080358,positive
F0080359,walkout
F0080360,
F0080361,
F0080362,
F0080363,
F0080364,
F0080365,
F0080366,
F0080367,
F0080368,
F0080369,
F0080370,
F0080371,
F0080372,
F0080373,
F0080374,positive
F0080375,
F0080376,positive
F0080377,
F0080378,positive
F0080379,
F0080380,
F0080381,
F0080382,
F0080383,positive
F0080384,
F0080385,
F0080386,
F0080387,
F0080388,
F0080389,
F0080390,
F0080391,
F0080392,
F0080393,
F0080394,
F0080395,walkout
F0080396,
F0080397,long_wait
F0080398,
F0080399,walkout
F0080400,walkout
F0080401,
F0080402,
F0080403,walkout
F0080404,long_wait
F0080405,
F0080406,walkout
F0080407,
F0080408,
F0080409,
F0080410,
F0080411,positive
F0080412,
F0080413,
F0080414,
F0080415,
F0080416,
F0080417,
F0080418,
F0080419,
F0080420,
F0080421,
F0080422,
F0080423,
F0080424,
F0080425,
F0080426,
F0080427,
F0080428,positive
F0080429,
F0080430,
F0080431,
F0080432,positive
F0080433,
F0080434,
F0080435,
F0080436,
F0080437,
F0080438,
F0080439,
F0080440,
F0080441,
F0080442,
F0080443,
F0080444,
F0080445,
F0080446,
F0080447,
F0080448,positive
F0080449,
F0080450,positive
F0080451,
F0080452,
F0080453,positive
F0080454,
F0080455,positive
F0080456,
F0080457,
F0080458,
F0080459,
F0080460,
F0080461,
F0080462,
F0080463,
F0080464,
F0080465,walkout
F0080466,positive
F0080467,positive
F0080468,
F0080469,
F0080470,
F0080471,
F0080472,
F0080473,
F0080474,
F0080475,
F0080476,
F0080477,
F0080478,positive
F0080479,
F0080480,
F0080481,
F0080482,
F0080483,positive
F0080484,
F0080485,
F0080486,
F0080487,
F0080488,
F0080489,positive
F0080490,
F0080491,
F0080492,
F0080493,
F0080494,
F0080495,
F0080496,
F0080497,positive
F0080498,
F0080499,
F0080500,
F0080501,
F0080502,walkout
F0080503,walkout
F0080504,
F0080505,
F0080506,
F0080507,
F0080508,walkout
F0080509,walkout
F0080510,
F0080511,
F0080512,
F0080513,
F0080514,positive
F0080515,
F0080516,
F0080517,
F0080518,
F0080519,
F0080520,
F0080521,
F0080522,
F0080523,
F0080524,
F0080525,
F0080526,walkout
F0080527,
F0080528,
F0080529,
F0080530,
F0080531,
F0080532,
F0080533,long_wait
F0080534,
F0080535,positive
F0080536,
F0080537,documents
F0080538,
F0080539,
F0080540,
F0080541,
F0080542,
F0080543,walkout
F0080544,
F0080545,
F0080546,
F0080547,
F0080548,long_wait
F0080549,
F0080550,
F0080551,
F0080552,
F0080553,
F0080554,
F0080555,walkout
F0080556,
F0080557,
F0080558,
F0080559,
F0080560,
F0080561,long_wait
F0080562,
F0080563,positive
F0080564,walkout
F0080565,positive
F0080566,
F0080567,walkout
F0080568,long_wait
F0080569,
F0080570,positive
F0080571,walkout
F0080572,
F0080573,
F0080574,
F0080575,
F0080576,
F0080577,
F0080578,positive
F0080579,
F0080580,
F0080581,
F0080582,
F0080583,
F0080584,
F0080585,positive
F0080586,walkout
F0080587,
F0080588,positive
F0080589,
F0080590,
F0080591,
F0080592,
F0080593,
F0080594,
F0080595,
F0080596,
F0080597,
F0080598,positive
F0080599,
F0080600,
F0080601,
F0080602,
F0080603,
F0080604,
F0080605,
F0080606,positive
F0080607,
F0080608,
F0080609,
F0080610,
F0080611,
F0080612,positive
F0080613,
F0080614,
F0080615,
F0080616,
F0080617,
F0080618,positive
F0080619,
F0080620,
F0080621,
F0080622,
F0080623,
F0080624,
F0080625,
F0080626,
F0080627,
F0080628,
F0080629,positive
F0080630,
F0080631,
F0080632,
F0080633,
F0080634,
F0080635,
F0080636,positive
F0080637,
F0080638,
F0080639,
F0080640,
F0080641,
F0080642,
F0080643,
F0080644,
F0080645,
F0080646,
F0080647,
F0080648,
F0080649,
F0080650,
F0080651,
F0080652,
F0080653,walkout
F0080654,
F0080655,
F0080656,
F0080657,positive
F0080658,
F0080659,
F0080660,
F0080661,
F0080662,positive
F0080663,positive
F0080664,long_wait
F0080665,
F0080666,
F0080667,
F0080668,positive
F0080669,
F0080670,positive
F0080671,positive
F0080672,
F0080673,documents
F0080674,
F0080675,walkout
F0080676,
F0080677,positive
F0080678,
F0080679,
F0080680,
F0080681,
F0080682,
F0080683,
F0080684,
F0080685,
F0080686,
F0080687,positive
F0080688,
F0080689,
F0080690,positive
F0080691,
F0080692,
F0080693,walkout
F0080694,
F0080695,walkout
F0080696,
F0080697,
F0080698,walkout
F0080699,
F0080700,
F0080701,
F0080702,
F0080703,
F0080704,walkout
F0080705,positive
F0080706,
F0080707,positive
F0080708,
F0080709,
F0080710,
F0080711,
F0080712,
F0080713,
F0080714,
F0080715,
F0080716,
F0080717,
F0080718,
F0080719,
F0080720,
F0080721,
F0080722,
F0080723,
F0080724,
F0080725,positive
F0080726,
F0080727,positive
F0080728,
F0080729,
F0080730,
F0080731,
F0080732,documents
F0080733,positive
F0080734,positive
F0080735,
F0080736,positive
F0080737,
F0080738,
F0080739,
F0080740,
F0080741,
F0080742,
F0080743,
F0080744,
F0080745,
F0080746,
F0080747,
F0080748,positive
F0080749,
F0080750,
F0080751,
F0080752,
F0080753,
F0080754,
F0080755,
F0080756,positive
F0080757,
F0080758,positive
F0080759,
F0080760,
F0080761,
F0080762,positive
F0080763,
F0080764,
F0080765,
F0080766,positive
F0080767,positive
F0080768,
F0080769,
F0080770,documents
F0080771,
F0080772,
F0080773,
F0080774,
F0080775,
F0080776,
F0080777,
F0080778,
F0080779,positive
F0080780,
F0080781,
F0080782,
F0080783,
F0080784,
F0080785,
F0080786,positive
F0080787,
F0080788,
F0080789,
F0080790,walkout
F0080791,positive
F0080792,
F0080793,positive
F0080794,positive
F0080795,
F0080796,
F0080797,
F0080798,
F0080799,
F0080800,positive
F0080801,
F0080802,walkout
F0080803,
F0080804,
F0080805,
F0080806,
F0080807,documents
F0080808,
F0080809,
F0080810,
F0080811,
F0080812,walkout
F0080813,
F0080814,
F0080815,
F0080816,
F0080817,
F0080818,
F0080819,
F0080820,positive
F0080821,
F0080822,positive
F0080823,
F0080824,positive
F0080825,
F0080826,
F0080827,
F0080828,
F0080829,
F0080830,
F0080831,walkout
F0080832,
F0080833,positive
F0080834,
F0080835,
F0080836,
F0080837,
F0080838,
F0080839,
F0080840,positive
F0080841,
F0080842,
F0080843,
F0080844,positive
F0080845,
F0080846,long_wait
F0080847,
F0080848,
F0080849,walkout
F0080850,
F0080851,
F0080852,
F0080853,
F0080854,
F0080855,
F0080856,
F0080857,positive
F0080858,positive
F0080859,
F0080860,walkout
F0080861,
F0080862,
F0080863,
F0080864,
F0080865,
F0080866,documents
F0080867,positive
F0080868,
F0080869,walkout
F0080870,
F0080871,
F0080872,
F0080873,
F0080874,
F0080875,
F0080876,
F0080877,positive
F0080878,positive
F0080879,
F0080880,
F0080881,
F0080882,
F0080883,
F0080884,
F0080885,
F0080886,positive
F0080887,
F0080888,
F0080889,
F0080890,positive
F0080891,
F0080892,
F0080893,
F0080894,
F0080895,positive
F0080896,
F0080897,
F0080898,
F0080899,
F0080900,
F0080901,
F0080902,
F0080903,
F0080904,
F0080905,
F0080906,
F0080907,
F0080908,walkout
F0080909,
F0080910,walkout
F0080911,
F0080912,
F0080913,
F0080914,
F0080915,
F0080916,
F0080917,positive
F0080918,
F0080919,
F0080920,positive
F0080921,positive
F0080922,
F0080923,
F0080924,
F0080925,
F0080926,
F0080927,
F0080928,
F0080929,
F0080930,
F0080931,
F0080932,
F0080933,
F0080934,documents
F0080935,
F0080936,positive
F0080937,
F0080938,
F0080939,
F0080940,
F0080941,
F0080942,
F0080943,
F0080944,
F0080945,
F0080946,
F0080947,
F0080948,
F0080949,
F0080950,
F0080951,
F0080952,
F0080953,
F0080954,
F0080955,
F0080956,positive
F0080957,
F0080958,
F0080959,
F0080960,
F0080961,
F0080962,
F0080963,positive
F0080964,
F0080965,
F0080966,positive
F0080967,
F0080968,
F0080969,positive
F0080970,
F0080971,
F0080972,positive
F0080973,
F0080974,
F0080975,positive
F0080976,
F0080977,
F0080978,
F0080979,
F0080980,
F0080981,
F0080982,
F0080983,
F0080984,
F0080985,
F0080986,
F0080987,walkout
F0080988,
F0080989,
F0080990,walkout
F0080991,
F0080992,walkout
F0080993,
F0080994,walkout
F0080995,
F0080996,
F0080997,
F0080998,long_wait
F0080999,
F0081000,
F0081001,long_wait
F0081002,
F0081003,
F0081004,
F0081005,
F0081006,walkout
F0081007,
F0081008,
F0081009,long_wait
F0081010,
F0081011,walkout
F0081012,positive
F0081013,walkout
F0081014,
F0081015,
F0081016,
F0081017,
F0081018,
F0081019,
F0081020,
F0081021,
F0081022,
F0081023,walkout
F0081024,
F0081025,
F0081026,
F0081027,
F0081028,
F0081029,
F0081030,
F0081031,
F0081032,
F0081033,
F0081034,
F0081035,
F0081036,
F0081037,positive
F0081038,
F0081039,
F0081040,
F0081041,
F0081042,
F0081043,
F0081044,walkout
F0081045,
F0081046,
F0081047,
F0081048,
F0081049,positive
F0081050,positive
F0081051,
F0081052,
F0081053,
F0081054,
F0081055,
F0081056,
F0081057,
F0081058,
F0081059,
F0081060,positive
F0081061,
F0081062,
F0081063,
F0081064,
F0081065,
F0081066,walkout
F0081067,positive
F0081068,positive
F0081069,
F0081070,
F0081071,positive
F0081072,positive
F0081073,positive
F0081074,
F0081075,
F0081076,
F0081077,
F0081078,walkout
F0081079,
F0081080,walkout
F0081081,walkout
F0081082,
F0081083,walkout
F0081084,
F0081085,walkout
F0081086,walkout
F0081087,walkout
F0081088,
F0081089,positive
F0081090,
F0081091,positive
F0081092,
F0081093,walkout
F0081094,
F0081095,
F0081096,
F0081097,positive
F0081098,
F0081099,positive
F0081100,positive
F0081101,
F0081102,
F0081103,
F0081104,walkout
F0081105,
F0081106,
F0081107,positive
F0081108,
F0081109,
F0081110,walkout
F0081111,
F0081112,
F0081113,
F0081114,
F0081115,walkout
F0081116,
F0081117,
F0081118,
F0081119,
F0081120,walkout
F0081121,
F0081122,
F0081123,
F0081124,
F0081125,
F0081126,
F0081127,
F0081128,
F0081129,positive
F0081130,positive
F0081131,positive
F0081132,positive
F0081133,positive
F0081134,
F0081135,positive
F0081136,walkout
F0081137,
F0081138,
F0081139,
F0081140,walkout
F0081141,
F0081142,long_wait
F0081143,
F0081144,
F0081145,
F0081146,
F0081147,
F0081148,
F0081149,
F0081150,
F0081151,positive
F0081152,
F0081153,
F0081154,
F0081155,
F0081156,
F0081157,
F0081158,positive
F0081159,slow_dd
F0081160,
F0081161,
F0081162,
F0081163,
F0081164,
F0081165,
F0081166,
F0081167,
F0081168,
F0081169,
F0081170,
F0081171,walkout
F0081172,
F0081173,
F0081174,
F0081175,
F0081176,
F0081177,
F0081178,
F0081179,positive
F0081180,
F0081181,documents
F0081182,
F0081183,
F0081184,
F0081185,
F0081186,
F0081187,
F0081188,
F0081189,
F0081190,
F0081191,long_wait
F0081192,lunch
F0081193,walkout
F0081194,
F0081195,
F0081196,
F0081197,positive
F0081198,
F0081199,
F0081200,
F0081201,
F0081202,
F0081203,
F0081204,
F0081205,positive
F0081206,
F0081207,
F0081208,
F0081209,
F0081210,
F0081211,
F0081212,
F0081213,
F0081214,
F0081215,
F0081216,
F0081217,
F0081218,
F0081219,positive
F0081220,
F0081221,
F0081222,
F0081223,
F0081224,
F0081225,
F0081226,
F0081227,
F0081228,
F0081229,
F0081230,positive
F0081231,positive
F0081232,
F0081233,
F0081234,
F0081235,
F0081236,
F0081237,
F0081238,
F0081239,
F0081240,positive
F0081241,
F0081242,
F0081243,positive
F0081244,
F0081245,
F0081246,positive
F0081247,
F0081248,
F0081249,
F0081250,
F0081251,
F0081252,positive
F0081253,
F0081254,walkout
F0081255,
F0081256,
F0081257,
F0081258,
F0081259,
F0081260,
F0081261,walkout
F0081262,
F0081263,
F0081264,
F0081265,positive
F0081266,
F0081267,
F0081268,
F0081269,walkout
F0081270,walkout
F0081271,
F0081272,
F0081273,walkout
F0081274,
F0081275,
F0081276,
F0081277,
F0081278,
F0081279,
F0081280,
F0081281,
F0081282,
F0081283,positive
F0081284,
F0081285,
F0081286,
F0081287,
F0081288,
F0081289,
F0081290,
F0081291,
F0081292,
F0081293,positive
F0081294,
F0081295,
F0081296,
F0081297,positive
F0081298,
F0081299,
F0081300,
F0081301,
F0081302,
F0081303,
F0081304,
F0081305,
F0081306,
F0081307,
F0081308,
F0081309,
F0081310,
F0081311,
F0081312,
F0081313,positive
F0081314,
F0081315,positive
F0081316,
F0081317,
F0081318,walkout
F0081319,
F0081320,
F0081321,
F0081322,positive
F0081323,positive
F0081324,
F0081325,
F0081326,walkout
F0081327,
F0081328,
F0081329,
F0081330,walkout
F0081331,
F0081332,
F0081333,
F0081334,
F0081335,
F0081336,
F0081337,
F0081338,
F0081339,
F0081340,
F0081341,
F0081342,
F0081343,
F0081344,
F0081345,
F0081346,positive
F0081347,
F0081348,
F0081349,
F0081350,
F0081351,
F0081352,
F0081353,
F0081354,positive
F0081355,positive
F0081356,
F0081357,
F0081358,
F0081359,
F0081360,positive
F0081361,
F0081362,
F0081363,
F0081364,
F0081365,
F0081366,
F0081367,
F0081368,
F0081369,
F0081370,
F0081371,
F0081372,positive
F0081373,
F0081374,
F0081375,
F0081376,
F0081377,
F0081378,
F0081379,walkout
F0081380,positive
F0081381,
F0081382,
F0081383,
F0081384,
F0081385,positive
F0081386,
F0081387,
F0081388,
F0081389,
F0081390,
F0081391,
F0081392,
F0081393,
F0081394,positive
F0081395,positive
F0081396,
F0081397,
F0081398,
F0081399,
F0081400,
F0081401,
F0081402,
F0081403,
F0081404,
F0081405,positive
F0081406,
F0081407,
F0081408,
F0081409,
F0081410,walkout
F0081411,
F0081412,
F0081413,
F0081414,
F0081415,
F0081416,
F0081417,
F0081418,
F0081419,
F0081420,positive
F0081421,positive
F0081422,
F0081423,
F0081424,
F0081425,
F0081426,
F0081427,
F0081428,
F0081429,positive
F0081430,
F0081431,
F0081432,
F0081433,positive
F0081434,
F0081435,
F0081436,
F0081437,long_wait
F0081438,
F0081439,
F0081440,
F0081441,
F0081442,
F0081443,
F0081444,
F0081445,
F0081446,
F0081447,
F0081448,positive
F0081449,
F0081450,
F0081451,
F0081452,
F0081453,
F0081454,positive
F0081455,
F0081456,
F0081457,
F0081458,
F0081459,
F0081460,
F0081461,
F0081462,
F0081463,
F0081464,
F0081465,
F0081466,
F0081467,
F0081468,
F0081469,
F0081470,
F0081471,
F0081472,
F0081473,
F0081474,
F0081475,
F0081476,
F0081477,
F0081478,
F0081479,walkout
F0081480,
F0081481,positive
F0081482,
F0081483,
F0081484,
F0081485,
F0081486,
F0081487,
F0081488,positive
F0081489,positive
F0081490,
F0081491,
F0081492,
F0081493,positive
F0081494,
F0081495,
F0081496,
F0081497,positive
F0081498,
F0081499,positive
F0081500,
F0081501,positive
F0081502,
F0081503,
F0081504,
F0081505,
F0081506,positive
F0081507,
F0081508,
F0081509,
F0081510,
F0081511,
F0081512,
F0081513,
F0081514,positive
F0081515,
F0081516,
F0081517,
F0081518,long_wait
F0081519,
F0081520,
F0081521,
F0081522,
F0081523,
F0081524,
F0081525,
F0081526,
F0081527,
F0081528,
F0081529,
F0081530,
F0081531,
F0081532,
F0081533,positive
F0081534,
F0081535,
F0081536,
F0081537,
F0081538,
F0081539,
F0081540,
F0081541,
F0081542,
F0081543,
F0081544,positive
F0081545,
F0081546,
F0081547,
F0081548,
F0081549,
F0081550,
F0081551,
F0081552,positive
F0081553,
F0081554,
F0081555,
F0081556,positive
F0081557,
F0081558,positive
F0081559,positive
F0081560,positive
F0081561,
F0081562,
F0081563,positive
F0081564,
F0081565,walkout
F0081566,
F0081567,walkout
F0081568,walkout
F0081569,
F0081570,
F0081571,
F0081572,
F0081573,
F0081574,
F0081575,positive
F0081576,
F0081577,walkout
F0081578,walkout
F0081579,
F0081580,
F0081581,
F0081582,
F0081583,
F0081584,
F0081585,
F0081586,
F0081587,
F0081588,
F0081589,
F0081590,
F0081591,
F0081592,
F0081593,positive
F0081594,
F0081595,
F0081596,walkout
F0081597,
F0081598,
F0081599,
F0081600,
F0081601,
F0081602,
F0081603,
F0081604,long_wait
F0081605,
F0081606,
F0081607,
F0081608,
F0081609,
F0081610,
F0081611,
F0081612,
F0081613,
F0081614,walkout
F0081615,
F0081616,positive
F0081617,
F0081618,
F0081619,
F0081620,
F0081621,
F0081622,
F0081623,
F0081624,
F0081625,
F0081626,
F0081627,
F0081628,
F0081629,
F0081630,
F0081631,
F0081632,
F0081633,
F0081634,positive
F0081635,
F0081636,
F0081637,
F0081638,positive
F0081639,
F0081640,
F0081641,
F0081642,
F0081643,
F0081644,
F0081645,
F0081646,
F0081647,
F0081648,
F0081649,
F0081650,
F0081651,
F0081652,
F0081653,
F0081654,positive
F0081655,positive
F0081656,
F0081657,
F0081658,positive
F0081659,
F0081660,positive
F0081661,
F0081662,
F0081663,
F0081664,
F0081665,
F0081666,
F0081667,
F0081668,
F0081669,
F0081670,
F0081671,
F0081672,long_wait
F0081673,
F0081674,
F0081675,
F0081676,
F0081677,
F0081678,
F0081679,
F0081680,slow_dd
F0081681,
F0081682,lunch
F0081683,
F0081684,
F0081685,
F0081686,
F0081687,
F0081688,
F0081689,long_wait
F0081690,
F0081691,positive
F0081692,
F0081693,
F0081694,
F0081695,
F0081696,
F0081697,positive
F0081698,
F0081699,
F0081700,
F0081701,
F0081702,documents
F0081703,
F0081704,positive
F0081705,
F0081706,positive
F0081707,
F0081708,
F0081709,
F0081710,
F0081711,
F0081712,
F0081713,
F0081714,long_wait
F0081715,positive
F0081716,
F0081717,walkout
F0081718,
F0081719,
F0081720,
F0081721,
F0081722,walkout
F0081723,
F0081724,
F0081725,
F0081726,
F0081727,walkout
F0081728,positive
F0081729,
F0081730,
F0081731,
F0081732,
F0081733,
F0081734,
F0081735,positive
F0081736,
F0081737,
F0081738,
F0081739,positive
F0081740,positive
F0081741,
F0081742,
F0081743,
F0081744,positive
F0081745,
F0081746,
F0081747,
F0081748,
F0081749,
F0081750,positive
F0081751,
F0081752,
F0081753,
F0081754,
F0081755,
F0081756,
F0081757,
F0081758,
F0081759,positive
F0081760,
F0081761,positive
F0081762,positive
F0081763,
F0081764,
F0081765,
F0081766,walkout
F0081767,positive
F0081768,
F0081769,
F0081770,
F0081771,
F0081772,
F0081773,
F0081774,
F0081775,
F0081776,
F0081777,
F0081778,
F0081779,
F0081780,
F0081781,
F0081782,positive
F0081783,
F0081784,
F0081785,
F0081786,
F0081787,
F0081788,
F0081789,
F0081790,
F0081791,
F0081792,
F0081793,
F0081794,
F0081795,positive
F0081796,
F0081797,
F0081798,positive
F0081799,positive
F0081800,
F0081801,walkout
F0081802,positive
F0081803,
F0081804,
F0081805,
F0081806,positive
F0081807,
F0081808,
F0081809,
F0081810,positive
F0081811,
F0081812,
F0081813,
F0081814,walkout
F0081815,
F0081816,walkout
F0081817,
F0081818,
F0081819,walkout
F0081820,
F0081821,positive
F0081822,
F0081823,
F0081824,
F0081825,
F0081826,
F0081827,
F0081828,
F0081829,
F0081830,
F0081831,
F0081832,positive
F0081833,
F0081834,
F0081835,
F0081836,
F0081837,
F0081838,
F0081839,
F0081840,
F0081841,
F0081842,
F0081843,
F0081844,
F0081845,positive
F0081846,
F0081847,positive
F0081848,
F0081849,
F0081850,
F0081851,
F0081852,
F0081853,
F0081854,
F0081855,
F0081856,
F0081857,
F0081858,
F0081859,
F0081860,
F0081861,positive
F0081862,
F0081863,
F0081864,
F0081865,positive
F0081866,
F0081867,positive
F0081868,
F0081869,
F0081870,
F0081871,positive
F0081872,
F0081873,
F0081874,walkout
F0081875,
F0081876,
F0081877,positive
F0081878,
F0081879,positive
F0081880,
F0081881,
F0081882,
F0081883,positive
F0081884,positive
F0081885,
F0081886,
F0081887,
F0081888,
F0081889,
F0081890,
F0081891,positive
F0081892,walkout
F0081893,
F0081894,walkout
F0081895,
F0081896,
F0081897,
F0081898,
F0081899,
F0081900,
F0081901,
F0081902,
F0081903,
F0081904,
F0081905,
F0081906,positive
F0081907,
F0081908,
F0081909,
F0081910,
F0081911,
F0081912,
F0081913,
F0081914,positive
F0081915,positive
F0081916,
F0081917,
F0081918,positive
F0081919,walkout
F0081920,
F0081921,
F0081922,
F0081923,
F0081924,
F0081925,
F0081926,
F0081927,
F0081928,
F0081929,
F0081930,
F0081931,
F0081932,
F0081933,
F0081934,
F0081935,
F0081936,walkout
F0081937,
F0081938,
F0081939,
F0081940,
F0081941,
F0081942,
F0081943,
F0081944,
F0081945,
F0081946,
F0081947,
F0081948,
F0081949,
F0081950,positive
F0081951,
F0081952,
F0081953,
F0081954,
F0081955,
F0081956,
F0081957,
F0081958,
F0081959,
F0081960,
F0081961,
F0081962,
F0081963,
F0081964,
F0081965,
F0081966,slow_dd
F0081967,
F0081968,positive
F0081969,
F0081970,
F0081971,
F0081972,
F0081973,
F0081974,
F0081975,
F0081976,positive
F0081977,
F0081978,
F0081979,walkout
F0081980,walkout
F0081981,
F0081982,
F0081983,
F0081984,
F0081985,
F0081986,
F0081987,
F0081988,walkout
F0081989,
F0081990,
F0081991,walkout
F0081992,walkout
F0081993,
F0081994,walkout
F0081995,
F0081996,long_wait
F0081997,walkout
F0081998,walkout
F0081999,
F0082000,
F0082001,walkout
F0082002,
F0082003,
F0082004,
F0082005,walkout
F0082006,walkout
F0082007,
F0082008,
F0082009,
F0082010,
F0082011,
F0082012,long_wait
F0082013,
F0082014,
F0082015,
F0082016,
F0082017,
F0082018,
F0082019,
F0082020,walkout
F0082021,
F0082022,
F0082023,walkout
F0082024,walkout
F0082025,walkout
F0082026,
F0082027,
F0082028,
F0082029,
F0082030,
F0082031,
F0082032,
F0082033,
F0082034,
F0082035,walkout
F0082036,
F0082037,
F0082038,walkout
F0082039,long_wait
F0082040,
F0082041,long_wait
F0082042,
F0082043,
F0082044,
F0082045,positive
F0082046,walkout
F0082047,
F0082048,
F0082049,
F0082050,
F0082051,
F0082052,
F0082053,
F0082054,
F0082055,
F0082056,
F0082057,
F0082058,positive
F0082059,
F0082060,
F0082061,
F0082062,
F0082063,
F0082064,
F0082065,
F0082066,
F0082067,
F0082068,
F0082069,
F0082070,
F0082071,positive
F0082072,
F0082073,walkout
F0082074,
F0082075,
F0082076,walkout
F0082077,walkout
F0082078,walkout
F0082079,
F0082080,
F0082081,
F0082082,
F0082083,walkout
F0082084,walkout
F0082085,
F0082086,
F0082087,
F0082088,
F0082089,
F0082090,
F0082091,
F0082092,
F0082093,
F0082094,walkout
F0082095,
F0082096,
F0082097,
F0082098,walkout
F0082099,walkout
F0082100,
F0082101,
F0082102,
F0082103,
F0082104,positive
F0082105,
F0082106,
F0082107,
F0082108,
F0082109,
F0082110,
F0082111,positive
F0082112,
F0082113,
F0082114,walkout
F0082115,
F0082116,
F0082117,positive
F0082118,positive
F0082119,
F0082120,
F0082121,
F0082122,
F0082123,
F0082124,
F0082125,
F0082126,
F0082127,
F0082128,
F0082129,
F0082130,positive
F0082131,
F0082132,
F0082133,
F0082134,positive
F0082135,
F0082136,
F0082137,
F0082138,
F0082139,
F0082140,
F0082141,
F0082142,
F0082143,
F0082144,
F0082145,
F0082146,
F0082147,positive
F0082148,
F0082149,
F0082150,
F0082151,
F0082152,
F0082153,
F0082154,
F0082155,
F0082156,
F0082157,
F0082158,
F0082159,
F0082160,
F0082161,positive
F0082162,
F0082163,
F0082164,
F0082165,positive
F0082166,
F0082167,
F0082168,
F0082169,
F0082170,
F0082171,
F0082172,
F0082173,
F0082174,positive
F0082175,positive
F0082176,
F0082177,
F0082178,
F0082179,
F0082180,
F0082181,
F0082182,positive
F0082183,documents
F0082184,
F0082185,
F0082186,
F0082187,positive
F0082188,
F0082189,
F0082190,
F0082191,positive
F0082192,
F0082193,
F0082194,
F0082195,
F0082196,
F0082197,
F0082198,walkout
F0082199,
F0082200,
F0082201,
F0082202,positive
F0082203,positive
F0082204,
F0082205,positive
F0082206,
F0082207,
F0082208,walkout
F0082209,
F0082210,walkout
F0082211,
F0082212,
F0082213,
F0082214,
F0082215,
F0082216,
F0082217,
F0082218,
F0082219,
F0082220,positive
F0082221,
F0082222,positive
F0082223,
F0082224,
F0082225,
F0082226,
F0082227,
F0082228,walkout
F0082229,walkout
F0082230,
F0082231,
F0082232,
F0082233,
F0082234,positive
F0082235,
F0082236,
F0082237,walkout
F0082238,
F0082239,
F0082240,positive
F0082241,
F0082242,positive
F0082243,
F0082244,
F0082245,walkout
F0082246,
F0082247,positive
F0082248,
F0082249,
F0082250,
F0082251,
F0082252,
F0082253,
F0082254,
F0082255,
F0082256,
F0082257,
F0082258,
F0082259,
F0082260,
F0082261,
F0082262,positive
F0082263,
F0082264,positive
F0082265,walkout
F0082266,
F0082267,walkout
F0082268,
F0082269,
F0082270,
F0082271,
F0082272,positive
F0082273,walkout
F0082274,walkout
F0082275,walkout
F0082276,
F0082277,
F0082278,walkout
F0082279,
F0082280,
F0082281,
F0082282,
F0082283,
F0082284,
F0082285,
F0082286,
F0082287,
F0082288,
F0082289,
F0082290,
F0082291,
F0082292,
F0082293,
F0082294,
F0082295,long_wait
F0082296,
F0082297,walkout
F0082298,
F0082299,
F0082300,positive
F0082301,
F0082302,
F0082303,
F0082304,positive
F0082305,walkout
F0082306,
F0082307,
F0082308,
F0082309,
F0082310,walkout
F0082311,
F0082312,documents
F0082313,
F0082314,
F0082315,positive
F0082316,
F0082317,
F0082318,
F0082319,
F0082320,
F0082321,
F0082322,
F0082323,
F0082324,
F0082325,positive
F0082326,
F0082327,
F0082328,
F0082329,
F0082330,
F0082331,
F0082332,
F0082333,
F0082334,
F0082335,
F0082336,
F0082337,
F0082338,
F0082339,
F0082340,
F0082341,
F0082342,
F0082343,
F0082344,
F0082345,
F0082346,
F0082347,
F0082348,
F0082349,
F0082350,
F0082351,
F0082352,
F0082353,
F0082354,
F0082355,
F0082356,
F0082357,
F0082358,
F0082359,
F0082360,
F0082361,
F0082362,
F0082363,
F0082364,
F0082365,
F0082366,
F0082367,
F0082368,
F0082369,
F0082370,positive
F0082371,
F0082372,
F0082373,positive
F0082374,
F0082375,positive
F0082376,positive
F0082377,positive
F0082378,
F0082379,
F0082380,
F0082381,
F0082382,
F0082383,
F0082384,
F0082385,
F0082386,
F0082387,
F0082388,
F0082389,
F0082390,positive
F0082391,
F0082392,
F0082393,
F0082394,
F0082395,documents
F0082396,
F0082397,walkout
F0082398,
F0082399,
F0082400,
F0082401,
F0082402,positive
F0082403,positive
F0082404,
F0082405,positive
F0082406,walkout
F0082407,walkout
F0082408,
F0082409,walkout
F0082410,
F0082411,
F0082412,
F0082413,
F0082414,
F0082415,walkout
F0082416,positive
F0082417,
F0082418,
F0082419,
F0082420,
F0082421,
F0082422,
F0082423,positive
F0082424,
F0082425,
F0082426,positive
F0082427,
F0082428,
F0082429,
F0082430,walkout
F0082431,
F0082432,
F0082433,walkout
F0082434,walkout
F0082435,
F0082436,
F0082437,
F0082438,walkout
F0082439,positive
F0082440,positive
F0082441,
F0082442,
F0082443,
F0082444,
F0082445,
F0082446,
F0082447,
F0082448,
F0082449,
F0082450,
F0082451,
F0082452,long_wait
F0082453,
F0082454,
F0082455,
F0082456,
F0082457,
F0082458,
F0082459,
F0082460,
F0082461,
F0082462,
F0082463,
F0082464,
F0082465,
F0082466,documents
F0082467,
F0082468,
F0082469,
F0082470,walkout
F0082471,
F0082472,
F0082473,
F0082474,
F0082475,
F0082476,
F0082477,
F0082478,
F0082479,
F0082480,
